design,arm,rep,n_events,lag_set_m,Q_v,p_v,Q_z,p_z,acf_v_lag,acf_z_lag,reject_0.05_v,reject_0.05_z
D10,primary,0,108,1,2.215302267963345,0.13664829575247484,2.4263417452583997,0.11931104516426849,0.14125380799136153,0.14782900496511897,False,False
D10,primary,0,108,2,5.041950876886823,0.08038116162138398,4.185440328394419,0.12335114368301148,0.15881101588519905,0.12528232420665356,False,False
D10,primary,0,108,5,6.258683717755404,0.281855426584009,6.749988713330274,0.23990778294299875,-0.002402105791970329,0.021997974357136588,False,False
D10,primary,0,108,10,11.077428988616877,0.3515174882274914,12.080880627954308,0.2796799409759245,0.06320846022043738,-0.032741825917285514,False,False
D10,primary,1,130,1,0.4143431627673676,0.5197732783179129,0.3412622964044832,0.5591015051966042,-0.055810549919724846,-0.050650107078826986,False,False
D10,primary,1,130,2,0.5184280680134227,0.7716578443471691,0.39116465858167915,0.8223556368206992,-0.02786379194586184,-0.019293316775096297,False,False
D10,primary,1,130,5,3.570927112865858,0.6126836775225033,2.04117484494048,0.8434188850594011,-0.12354799578685657,-0.0890986238832995,False,False
D10,primary,1,130,10,8.61773959249303,0.5687242513015571,8.7132209650351,0.5595190284393743,-0.00986259649358716,-0.02334359407670239,False,False
D10,primary,2,151,1,0.07727333778672348,0.7810270800733139,0.04558272000609998,0.830936130664711,0.02239887862328952,-0.017203291919394778,False,False
D10,primary,2,151,2,0.1379946890611547,0.933329158501953,0.14078839956740186,0.9320263428982544,0.01978926476094621,0.02477937646366726,False,False
D10,primary,2,151,5,8.70883842212559,0.12125654018771581,1.5825349857686886,0.9033532731500298,0.14248794003722498,0.024658745768868708,False,False
D10,primary,2,151,10,11.217557301989029,0.34082147837394516,3.2510141189004464,0.9748844820558356,-0.010620575322928592,0.006923809315919747,False,False
D10,primary,3,94,1,0.16989037009598212,0.6802092576124867,0.04823552910667964,0.8261625307147454,0.041843337001105846,0.0222959229223297,False,False
D10,primary,3,94,2,7.181266811640092,0.02758085501523244,3.363117286939707,0.18608371172675653,0.2673597416439365,0.18383508117360575,True,False
D10,primary,3,94,5,10.39998074995327,0.06466350432331214,5.707840645260581,0.3356930007672241,0.010445713856702125,0.03378293599105874,False,False
D10,primary,3,94,10,13.51412671753368,0.196329039450305,6.446261905759189,0.7764812649462178,0.0721517729805076,-0.04708316899797903,False,False
D10,primary,4,105,1,0.09625945759162521,0.7563654646352638,0.2025305619562685,0.6526859563327803,0.02985051555663315,0.04329875561673162,False,False
D10,primary,4,105,2,3.6328890399394647,0.16260285558980248,1.2213714566963993,0.5429784056994991,-0.18006398679282462,-0.09664630580264788,False,False
D10,primary,4,105,5,4.814461262959324,0.43894082034465454,2.334840643268537,0.8011364240757375,0.09593652917026417,0.09910277749870136,False,False
D10,primary,4,105,10,10.605859452515633,0.3890375987683985,5.640656609806895,0.8444964352924544,-0.08889528001549075,0.07294971858465907,False,False
D10,primary,5,65,1,0.07289660116946887,0.7871650958985413,0.24083487553078295,0.6236037729337595,-0.032730266926790694,-0.059491592733455084,False,False
D10,primary,5,65,2,3.2174797151818306,0.2001396597080337,2.950103912161618,0.22876684090797395,-0.21328373332968714,-0.19797131227524414,False,False
D10,primary,5,65,5,7.256753380783526,0.20223477467529938,3.6899579407400136,0.5948590777309468,-0.0011594803616715537,-0.045202958216647014,False,False
D10,primary,5,65,10,23.863168530437406,0.007971984298110857,6.851216239697917,0.7394124402719605,-0.18725297768644605,-0.15617353946713497,True,False
D10,primary,6,105,1,0.3288311036077759,0.5663481885837666,0.07619223441184118,0.7825254785734965,-0.05517172670983722,-0.02655739580256517,False,False
D10,primary,6,105,2,0.9132521989441238,0.63341713079152,0.37117689790193364,0.8306153652740693,-0.07319729228362278,-0.05200340643003596,False,False
D10,primary,6,105,5,2.226382129308321,0.8170162166989716,0.8703444906438155,0.9723313127196609,-0.02979571556876118,-0.05031416115467811,False,False
D10,primary,6,105,10,4.9923074576191775,0.8916912947002128,2.6778968165091115,0.9880220686081327,0.023835507040784253,0.05482445971697531,False,False
D10,primary,7,131,1,0.008584736160658718,0.9261785605576267,0.02777823259060271,0.8676312611341371,-0.008003384539485504,0.014396685346782073,False,False
D10,primary,7,131,2,0.047190850731456485,0.9766807701021879,0.2361034053952254,0.8886501058191363,-0.01690680074969891,-0.039273921000980684,False,False
D10,primary,7,131,5,1.909746400819034,0.8614871225119445,2.1667346552717848,0.8256261649363108,-0.06469490021070605,-0.03380006745048016,False,False
D10,primary,7,131,10,5.540513068221361,0.8522785176862879,7.6947862519671455,0.6586217846945267,-0.0021528795537798157,-0.04174809685115135,False,False
D10,primary,8,135,1,0.022011051880837112,0.8820577025343722,0.32030099679949736,0.5714268130431096,0.012628321504849932,-0.048173075802632394,False,False
D10,primary,8,135,2,2.8467659476544833,0.2408976862952683,2.6513175950781673,0.26562790642206213,0.14252433970889442,0.12947065217280113,False,False
D10,primary,8,135,5,10.754059517444052,0.056480297551895875,8.80631771984221,0.11704337457920944,-0.11947478791308688,-0.14834447089143504,False,False
D10,primary,8,135,10,17.005797397537727,0.07423579658049784,20.717944228294776,0.023148512794665232,-0.034666842704098394,0.03519051990516557,False,True
D10,primary,9,146,1,0.08652985792877846,0.7686359661417892,0.1717663343800225,0.6785467578601888,0.024096818741052465,0.033950465967993365,False,False
D10,primary,9,146,2,1.1852371107050352,0.5528776468628498,0.9073496906059078,0.6352892669555392,0.08556870435786745,0.07001480885315195,False,False
D10,primary,9,146,5,5.443504372935662,0.3641806077821501,4.824412482837375,0.4376829609267937,-0.12750720451226552,-0.12426658912895534,False,False
D10,primary,9,146,10,10.12257607252315,0.42980593628446295,11.000023102980288,0.3575162024913855,-0.07815458966586501,-0.07520654907268677,False,False
D10,primary,10,121,1,0.7850666395253212,0.3755960465775493,0.47187672566578887,0.49212505164787546,-0.07956070880788754,-0.06168217238693208,False,False
D10,primary,10,121,2,0.8331862381613007,0.6592891175404403,0.5479469066813367,0.7603522598053778,-0.01961504179936423,-0.02466240723249165,False,False
D10,primary,10,121,5,7.518954374394302,0.18481574332820405,7.968102698183469,0.15800233396578023,0.21035894706218947,0.22496800846222015,False,False
D10,primary,10,121,10,8.834823525361431,0.5478480217462651,9.618172975204757,0.4746060065879508,-0.014201241360623385,-0.024417411361532464,False,False
D10,primary,11,135,1,2.3287062577925486,0.12700739548681805,1.7357255967384406,0.1876813345119176,0.1298920546169769,0.11214134622674618,False,False
D10,primary,11,135,2,3.4875217105240393,0.1748615335232192,3.9546095575839217,0.13844186638078537,-0.09128633928528136,-0.12631820571058455,False,False
D10,primary,11,135,5,6.266972215430368,0.28110126470215624,5.045829942003332,0.41031270255087526,0.010318258346770866,0.06231584985498539,False,False
D10,primary,11,135,10,17.90603152914449,0.056569595278860185,11.122309958889241,0.34806870418193747,-0.10873573507764493,0.057966391217451584,False,False
D10,primary,12,104,1,7.62659097731207,0.00575139109044176,2.297601221589641,0.12957397185318997,-0.26694035747817413,-0.14651643291670294,True,False
D10,primary,12,104,2,7.831993142965946,0.019920686362251194,2.7714536048915543,0.2501419299415031,-0.04359462966825324,-0.06621433447020307,True,False
D10,primary,12,104,5,7.929326599145055,0.1601738289087542,5.525013072337756,0.3552109020125296,0.002269606633726398,0.1406220616214439,False,False
D10,primary,12,104,10,16.454944056689655,0.08732877216661672,12.298882050934946,0.2655513397562097,0.052785867792388426,0.12918166226829375,False,False
D10,primary,13,124,1,1.7009746104285417,0.19216056863869557,0.00268872949517006,0.9586458560336406,0.11571918230250011,-0.004600764423018025,False,False
D10,primary,13,124,2,1.8129149192157423,0.40395271109873876,0.06460936340348643,0.9682115407947429,0.029564943302944163,0.021988798376000256,False,False
D10,primary,13,124,5,5.901869991212938,0.31588482677626883,2.701747819888683,0.74585110320551,-0.05414578543228335,0.005772321901878814,False,False
D10,primary,13,124,10,8.07644717035949,0.6213697675128064,4.165007199649602,0.9395963212559149,-0.01589476667940162,-0.010802220597359379,False,False
D10,primary,14,147,1,1.1422128366107769,0.2851852291588487,0.46890262018764145,0.4934924481874995,-0.08725657150151624,-0.05590697009317458,False,False
D10,primary,14,147,2,1.4070542674798703,0.49483686631071055,1.1141429018181879,0.5728843294849824,0.04187214047897524,0.06535712437550423,False,False
D10,primary,14,147,5,2.1370483955292388,0.8298752262980423,1.8452939275646485,0.87011058581701,0.04512782200582902,0.06338268080184419,False,False
D10,primary,14,147,10,3.7412090047514006,0.9582672517808823,2.9774775660013812,0.9819491273634995,-0.0583963304440827,-0.04467462096241707,False,False
D10,primary,15,158,1,0.14133015496387177,0.7069622228463246,0.2003000247449789,0.6544787836143751,-0.02962638818606245,-0.03526970221285702,False,False
D10,primary,15,158,2,0.14251878859362588,0.9312203075592598,0.3231392059464158,0.8508073106859754,-0.002708306244732065,-0.027532282739667055,False,False
D10,primary,15,158,5,5.786299707045986,0.327571383054166,12.0450058368794,0.034176273507482424,0.1356030929002358,0.2547947781906777,False,True
D10,primary,15,158,10,8.445738689625866,0.585383187545274,14.581022172471942,0.14809996425292282,0.06950685390590827,0.1151900501499129,False,False
D10,primary,16,180,1,1.2483789151398326,0.2638623216963585,1.5232971969116502,0.2171212101581298,-0.08259005995862438,-0.09123193588191286,False,False
D10,primary,16,180,2,2.335392111267006,0.3110828338029774,1.6790356440275989,0.4319187349333561,0.07685205108996732,-0.029089481117408462,False,False
D10,primary,16,180,5,4.367234931934503,0.49784094976887894,4.0587770622124015,0.5409849327522138,0.002178196020561899,0.0022020331104002713,False,False
D10,primary,16,180,10,5.928018561576851,0.8212741039446443,6.660880455760956,0.7570249428702387,-0.06193414517613124,-0.08469496288978345,False,False
D10,primary,17,98,1,2.6481305922683993,0.10367174759305309,1.824791423923224,0.17674399740073465,-0.16189838947719543,-0.1343938653090589,False,False
D10,primary,17,98,2,2.833528405264153,0.24249742126204799,1.8526929459122887,0.39599785953530386,-0.042616215711757624,-0.01653242364959277,False,False
D10,primary,17,98,5,3.5750757107702364,0.6120594074672467,2.0686028941479138,0.8395734217124673,-0.01383269622406446,0.03371391486235096,False,False
D10,primary,17,98,10,8.578180960500863,0.5725475385806601,6.881236292975662,0.7366073985834843,0.055636173243624985,-0.0035004528186714156,False,False
D10,primary,18,157,1,0.057801607183014116,0.8100049478592617,1.0241592529571164,0.311534450208651,0.019005699919591747,0.0800014129440256,False,False
D10,primary,18,157,2,1.198564637888031,0.5492056491795068,1.675821589568937,0.4326133981230833,0.08416183188959639,0.06361049444548135,False,False
D10,primary,18,157,5,1.7436676972180147,0.8833530963816191,1.9992811226999299,0.849244497595879,-0.042582386538044206,-0.04027071196403892,False,False
D10,primary,18,157,10,6.284824559618948,0.7907927844570917,12.92727206567661,0.22776659878046823,0.03708553896525414,-0.033738944023667304,False,False
D10,primary,19,92,1,0.19234854334865897,0.6609690913879167,1.3243061309734967,0.2498206946233239,-0.0449891001352716,-0.1180475697081067,False,False
D10,primary,19,92,2,1.6667780480010814,0.4345740061168092,1.5304917128468858,0.4652195397008282,-0.12387264776880394,-0.04632256086231976,False,False
D10,primary,19,92,5,2.827253004998774,0.7265973057137447,7.459817956983253,0.18862655606382184,0.0917411044285115,0.23850546834103004,False,False
D10,primary,19,92,10,3.8228044685495335,0.9549867110666175,10.781781633889887,0.374770140307942,0.00044434065161271576,-0.052088949109710875,False,False
D10,primary,20,197,1,0.0062844234655484495,0.9368144033115667,0.13138334555145637,0.7170020287906156,0.005605328960720176,0.025629406106368064,False,False
D10,primary,20,197,2,0.6302197596177642,0.7297086896124458,0.502912182824999,0.7776676031461199,0.05570926716919719,0.04298866105641736,False,False
D10,primary,20,197,5,4.538045377091526,0.4748092917043756,3.7809205840352558,0.5813691560910171,-0.08060993704245935,-0.008126850186967103,False,False
D10,primary,20,197,10,6.6631588186633754,0.7568159910668921,7.464773674358019,0.6809586659547674,-0.06671119015386748,-0.08257454702410306,False,False
D10,primary,21,115,1,0.554880040056552,0.4563305397127053,1.7175654630523547,0.19000672515835648,-0.06856620708557777,-0.12063330432686559,False,False
D10,primary,21,115,2,5.526778221268635,0.06307762863101274,4.980507324617819,0.08288893810879705,0.20434239714611524,0.1655396522483674,False,False
D10,primary,21,115,5,8.566783349813564,0.12764220089445688,5.890174102319797,0.317052592747483,0.12186836926155044,0.07788975433896458,False,False
D10,primary,21,115,10,12.557491470338569,0.24947545809927885,6.42218860719172,0.7786339688899253,-0.05861302340352112,-0.007961804134250839,False,False
D10,primary,22,89,1,0.02532584797100378,0.8735578110119471,0.019585629081789367,0.8887005498002978,-0.016588519756390356,-0.014587954474658825,False,False
D10,primary,22,89,2,0.08842398080704977,0.9567511139186503,0.03396312085000173,0.9831618135537616,0.02603467621400533,0.012427549184870384,False,False
D10,primary,22,89,5,6.6939197976629625,0.24441701876680755,3.969194517964665,0.5538596828161502,-0.24974313571259574,-0.16192283756421222,False,False
D10,primary,22,89,10,10.589610143442233,0.3903712949218404,11.148271171730059,0.3460836507616407,0.06155297638465054,-0.03643820899382333,False,False
D10,primary,23,160,1,0.1192038733851506,0.729899562074263,0.05831460400164533,0.8091798845933693,-0.02704121787295144,-0.018913405286915676,False,False
D10,primary,23,160,2,2.0504874419749815,0.35870902983246955,2.482682138031847,0.28899639383824205,-0.10850108163489015,-0.12156548151264054,False,False
D10,primary,23,160,5,5.05537493052203,0.4091596354420556,6.3426808361058065,0.27428774708482817,0.0173281532683488,0.016819540830328963,False,False
D10,primary,23,160,10,7.5032391107157705,0.6772337813508511,8.675491260889622,0.5631524443532571,-0.11411463029869734,-0.03983743972058548,False,False
D10,primary,24,117,1,0.00025504214474668656,0.9872582940836364,0.017304023261770038,0.8953443826857204,0.0014577013600493847,0.012007044720347327,False,False
D10,primary,24,117,2,0.023369352493830042,0.9883833244694361,1.1029519066587563,0.5760988875026725,0.01381729337006533,0.09469499023601662,False,False
D10,primary,24,117,5,5.2916382556460295,0.381334461455447,2.861962135528774,0.7212570337170098,-0.008680731955273267,0.0013536632407269917,False,False
D10,primary,24,117,10,10.80446177448234,0.37295388851433287,10.479569006454511,0.3994725763210085,-0.1119694670017747,-0.06874147935582271,False,False
D10,primary,25,77,1,0.08087794957728997,0.7761111477971683,0.13632381938998187,0.7119633347757688,-0.03178798168637401,-0.0412699326872996,False,False
D10,primary,25,77,2,0.2281186559770415,0.8922050215829025,0.4619135345069643,0.7937737823141673,-0.042607462421697155,-0.06335881737561222,False,False
D10,primary,25,77,5,1.6165907442032788,0.8992357846730992,4.657047506394884,0.45914979665320343,0.08169824883452766,0.05104015127413904,False,False
D10,primary,25,77,10,6.25710656518535,0.7932194740440341,7.561892209366144,0.6715449734877801,-0.03817173273680589,-0.0767957840748037,False,False
D10,primary,26,101,1,0.560605519280128,0.45401637250628635,1.8782152832214658,0.17053713114807778,-0.07340901306956407,-0.13436723668424536,False,False
D10,primary,26,101,2,1.8263140380472425,0.40125545122463757,2.3698903144379067,0.30576294792929926,0.10975015685425787,0.06840335056691957,False,False
D10,primary,26,101,5,6.338674964168866,0.27464487903720225,3.8793911513272583,0.566908224808292,0.04749827108030261,0.07514293767124908,False,False
D10,primary,26,101,10,10.203102731638905,0.422858845727488,13.370582302933915,0.20368371110318884,-0.023221597604459753,-0.015462482657038064,False,False
D10,primary,27,137,1,1.1858097590360503,0.2761764099023998,0.010688001878407455,0.9176591682005069,-0.09202573198752212,0.00873675246538508,False,False
D10,primary,27,137,2,1.6989705701523006,0.4276349854204218,1.361982503964853,0.5061150560813439,0.06031508469550604,0.09787554772299814,False,False
D10,primary,27,137,5,3.1673344645625736,0.6742056651516541,3.571293668392738,0.6126285108578485,-0.07558866152834434,-0.12029543972253588,False,False
D10,primary,27,137,10,3.9428367012298766,0.9498888699692157,5.352353506012821,0.8664326969000734,-0.01283767102309628,0.018396377593200425,False,False
D10,primary,28,129,1,3.6214630640000403,0.05703869173128717,4.424200897215348,0.03543270083222716,0.16562142306469696,0.18305934394706444,False,True
D10,primary,28,129,2,3.9516725725719817,0.13864531657005597,4.429787421322047,0.10916511671993911,0.0498156894034645,0.006479510471714198,False,False
D10,primary,28,129,5,7.916127745859148,0.16091897074262973,5.15000405780884,0.3978493137727357,0.00686530304404768,0.002431443066558054,False,False
D10,primary,28,129,10,11.285240908049303,0.3357312504608695,8.668494055677934,0.563826878688378,-0.09281329532595918,-0.04511931750249187,False,False
D10,primary,29,174,1,0.10575825150374105,0.7450259718806231,0.005347496266462973,0.9417053928688023,0.024442702650165543,-0.005496260882563809,False,False
D10,primary,29,174,2,0.42153924897526956,0.8099606404870039,0.413838143022842,0.8130854491015052,-0.042113977572902514,-0.047898765876946366,False,False
D10,primary,29,174,5,1.2034448007457317,0.944546456179771,2.155389884815253,0.8272528971838529,0.036276740366756335,0.03136831270877559,False,False
D10,primary,29,174,10,4.946334425293417,0.8947339527389787,4.543343698436191,0.9195261439885267,-0.07768721264657709,-0.05052086806358043,False,False
D10,primary,30,215,1,0.7565920228822357,0.38439714912099643,0.03871867948071848,0.8440070383026064,-0.05890995198945071,-0.013326559980690931,False,False
D10,primary,30,215,2,2.4708888740155888,0.2907055333555071,0.15186956435951732,0.9268766534632247,0.08846749262856919,-0.022728442818181007,False,False
D10,primary,30,215,5,3.225864065704459,0.6652095518563181,1.4455690729171906,0.9192643622944523,-0.04316821942008919,-0.04843245317169086,False,False
D10,primary,30,215,10,5.383375503734429,0.8641423757513818,8.049846697654795,0.6239678655365022,-0.007403836946697002,0.08064126256685314,False,False
D10,primary,31,125,1,0.7261585453894345,0.3941311944554524,6.166720575333317e-06,0.9980186246748664,-0.07531295739372036,-0.00021947300536624844,False,False
D10,primary,31,125,2,0.7265997827817755,0.6953778643916733,0.6949761010156952,0.7064604557227974,0.001848978424184236,-0.07338016720978098,False,False
D10,primary,31,125,5,2.0534759585764015,0.841697247772726,1.7538638082952718,0.8820451784670822,0.050527920076983,0.06838984690815104,False,False
D10,primary,31,125,10,2.6769404159482844,0.9880388469739384,3.156368526610299,0.9775008375700266,-0.013038790580859525,0.059885435117952454,False,False
D10,primary,32,88,1,1.6291763524433904,0.2018170084319002,0.16808733203590703,0.6818172804207081,0.13377688659364426,0.04296991825262014,False,False
D10,primary,32,88,2,1.854484664363426,0.3956432600588554,1.5094664153367983,0.47013602668704946,0.04946240642787964,0.12068753019651168,False,False
D10,primary,32,88,5,3.5579851968327647,0.6146324679873544,3.6906948246471005,0.5947493185501397,-0.040775622664301285,-0.019075253318646474,False,False
D10,primary,32,88,10,8.682066531793682,0.5625188460651602,7.530992180078955,0.6745432823634226,-0.18059758516614977,-0.09506842758443972,False,False
D10,primary,33,102,1,0.31211347626567354,0.5763861584590766,1.04023668076686,0.3077664326179502,-0.054513013638933856,-0.09951991885739664,False,False
D10,primary,33,102,2,0.3209597693465874,0.8517349563265487,1.0670751951718789,0.5865264008962057,-0.00913195801832409,-0.015906055034932833,False,False
D10,primary,33,102,5,0.7008586501397347,0.9829215172034039,1.8502645415896675,0.8694515126057603,-0.017680368637564836,0.003847091984599764,False,False
D10,primary,33,102,10,11.971819733679977,0.28694693049845643,11.34422199255827,0.33133618646009544,0.01723230373608399,-0.048192332100413945,False,False
D10,primary,34,97,1,0.5011781458654678,0.478982912063153,1.7293092631827314,0.18849913506507976,-0.07078287763455038,-0.1314826613231983,False,False
D10,primary,34,97,2,7.625497413732527,0.022087383697913632,6.786163880885598,0.03360494868914965,0.265478909491338,0.22366527963348298,True,True
D10,primary,34,97,5,10.080307657815123,0.07299148188117555,12.458133979630022,0.0290218999840145,0.13290938212657655,0.200174796643999,False,True
D10,primary,34,97,10,11.141291175087291,0.34661664397890735,14.176316962685735,0.16510010043149326,-0.07337090671107556,-0.0027205904948671045,False,False
D10,primary,35,117,1,0.02098820279495173,0.8848110989717268,0.41909909008326,0.5173869234121081,0.013223615381211988,0.059090945898778724,False,False
D10,primary,35,117,2,0.5085130803140786,0.7754928314728273,1.2846653473953966,0.5260638563553438,-0.06345719916175196,-0.08455370989150701,False,False
D10,primary,35,117,5,2.8689809827877237,0.7201765472029727,4.41079202107826,0.49190713410349507,0.02198663729172721,-0.0047075292864514305,False,False
D10,primary,35,117,10,7.875107686823275,0.6410348443233173,6.77136188268376,0.7468390900805941,0.0399233024703544,0.01956328631620142,False,False
D10,primary,36,145,1,0.20426568530929165,0.6512995174057661,0.0004575388834045587,0.9829344240991243,0.037148072568369245,-0.0017581364647748824,False,False
D10,primary,36,145,2,0.25142644060998337,0.8818677122769029,0.9299793628535349,0.6281415866811635,0.017787533302301345,-0.07896872856036118,False,False
D10,primary,36,145,5,0.5310847814241231,0.9909408305764491,2.2156929981964546,0.8185660048160773,0.014123890835090167,0.07777564708901627,False,False
D10,primary,36,145,10,9.808721348235665,0.4574322004073881,13.15391800349132,0.21519298913962692,-0.03757519266848335,0.034240799404796116,False,False
D10,primary,37,114,1,0.0012820080928001303,0.9714377340974365,0.013785678220265253,0.9065332361678943,0.0033098109225290838,-0.010853551467993728,False,False
D10,primary,37,114,2,0.35635670022315785,0.8367931680244137,2.8535024612484943,0.24008764600371624,-0.05483873784723866,-0.15508332549887172,False,False
D10,primary,37,114,5,5.175180395578021,0.394877371962723,10.60092406562832,0.05989246083025801,-0.07406914735443366,-0.09694672557897334,False,False
D10,primary,37,114,10,6.98575951096647,0.7267886557294148,12.455689651187463,0.25571538791648685,-0.034527143557611314,-0.03364608575616668,False,False
D10,primary,38,112,1,0.05104523165919856,0.8212543724601478,1.251434510770836,0.263278670281445,-0.021065784735226214,0.10430475710136994,False,False
D10,primary,38,112,2,0.06486203601043095,0.9680892282541196,1.4297938211669543,0.48924254492522057,-0.010910350671396191,-0.03919970492084533,False,False
D10,primary,38,112,5,1.011377448176528,0.9616428930112384,5.003300149491649,0.4154775646607145,-0.003702157280496458,-0.10274838537132565,False,False
D10,primary,38,112,10,3.7731055465834853,0.9570026196930446,8.984061521455187,0.5336168654403388,-0.09158856362113688,-0.1119545086377904,False,False
D10,primary,39,132,1,2.8168240030998506,0.09328081048054404,3.16842326753093,0.07507489108145027,0.14443622843479606,0.1531855781411496,False,False
D10,primary,39,132,2,3.106996298197566,0.21150679589965038,3.416221643227467,0.18120780332124498,-0.04618067577154284,-0.04267578701568181,False,False
D10,primary,39,132,5,4.621477701810459,0.46379644459864555,4.507498805753652,0.47888075098995386,0.0003895263538137994,0.04424366808542602,False,False
D10,primary,39,132,10,10.954506702434736,0.3610733340489223,9.534996376317643,0.48219089154290584,0.05551881591047305,0.03127828479972407,False,False
D10,primary,40,134,1,0.6901538814935498,0.40611204484931784,0.06043495410615285,0.8058097939298796,0.07097034796063298,-0.021001391232970186,False,False
D10,primary,40,134,2,1.1122125715883635,0.5734375243739416,1.3617844371136767,0.5061651808710634,-0.055290629635095616,-0.09708722413965275,False,False
D10,primary,40,134,5,7.605855677956277,0.1793372836917676,4.766507155826876,0.44503537595465903,0.0799454975611152,0.09530614585386347,False,False
D10,primary,40,134,10,13.880585288434142,0.1785085000307869,8.138465599963348,0.6153138212682007,0.16469397048027085,0.09286047319970817,False,False
D10,primary,41,116,1,0.0013264977674823817,0.9709465763740738,1.1362433774607779,0.28644752247125704,-0.0033383524327517664,-0.09770450850634081,False,False
D10,primary,41,116,2,0.9484577251524365,0.6223648002557729,2.499198940549192,0.2866195735320035,0.08881524236629779,0.10654259628939626,False,False
D10,primary,41,116,5,4.018293790406675,0.5467851091034326,8.028672837139018,0.15466247480690343,0.08216187912700045,0.12600288595145623,False,False
D10,primary,41,116,10,5.289328374254589,0.8710316832314421,10.717550442631577,0.37994266962473877,0.033593010593186805,0.12322201985847744,False,False
D10,primary,42,95,1,1.1850829428197447,0.27632363346720934,3.7962136753309745,0.05136861973129436,0.10994883465751429,0.19678481448044804,False,False
D10,primary,42,95,2,1.3083595734565823,0.5198682906357215,3.8200315028173977,0.14807805413914266,-0.03527233271492008,0.015504039892327777,False,False
D10,primary,42,95,5,2.5976512323201764,0.761722102271821,4.883614949758512,0.4302486160665303,0.010576944353847165,0.008894174882824808,False,False
D10,primary,42,95,10,9.813485693125283,0.4570065438471236,7.105556046380569,0.7154436600231688,0.030853159463628543,0.030177243571734055,False,False
D10,primary,43,68,1,0.42727111175872934,0.5133310190559558,0.010255673176326311,0.9193358940308612,0.07755069430069553,0.012014785208914795,False,False
D10,primary,43,68,2,0.44439523455897784,0.8007571052571377,0.17191330020884288,0.917634009696448,-0.015408936242904606,-0.047344179147920135,False,False
D10,primary,43,68,5,4.377374269045261,0.4964560128016904,2.28850150976359,0.8079542002035567,-0.178498536978718,-0.14909870507016834,False,False
D10,primary,43,68,10,5.9994999374235505,0.8153052558691994,5.448290781678213,0.85929387440789,-0.05046609654964363,0.07195034587448652,False,False
D10,primary,44,144,1,1.6502707091114088,0.19892209014277984,1.1556761478169848,0.282364077644651,-0.10594682356567098,-0.0886601414287682,False,False
D10,primary,44,144,2,1.6692212003054816,0.4340434649887408,1.1631353437640573,0.5590213172817136,0.011313493558121106,0.0070979429797359385,False,False
D10,primary,44,144,5,2.195320033439674,0.8215116730782717,3.529326353789844,0.6189548982546388,0.009637471659698008,0.0439761171316505,False,False
D10,primary,44,144,10,12.555372252219952,0.2496041896144947,8.902629302185195,0.5413687379292529,-0.013260814327673997,0.002356913675451206,False,False
D10,primary,45,107,1,0.3573937329025599,0.5499572644575155,1.5591461799433974,0.21179027973516718,0.056992966293667825,0.11903953241736365,False,False
D10,primary,45,107,2,0.3917719280534477,0.8221059789884233,3.1530477550790796,0.20669233875581638,0.01759264130566193,0.11978991634552535,False,False
D10,primary,45,107,5,4.642531950903201,0.4610425032119436,11.697305127999819,0.03917923645289556,0.04703723487442893,0.0625437393968116,False,True
D10,primary,45,107,10,11.48333108429859,0.32112117749449487,15.906918146811993,0.10232815851758814,-0.1646251673478065,-0.12546241856760365,False,False
D10,primary,46,63,1,0.14829592755085674,0.700169178832192,0.6366707015221622,0.4249189619328845,-0.04738419469351461,-0.09818074520385793,False,False
D10,primary,46,63,2,0.1535700029370981,0.9260889399661767,0.7659173406982491,0.6818410789574043,-0.008863620046701508,-0.04387807780407589,False,False
D10,primary,46,63,5,2.2811232554182883,0.8090353286265082,2.6857469348694982,0.7482975025909817,-0.15574550940836696,-0.16127884151979718,False,False
D10,primary,46,63,10,5.4862752647359665,0.856422275965524,6.289456037155097,0.7903864012552372,-0.10948162251593713,-0.1750142489393021,False,False
D10,primary,47,142,1,2.269386650107758,0.1319521151116061,0.32481541241156026,0.5687280282362122,-0.12509454907467432,-0.047326289083355254,False,False
D10,primary,47,142,2,3.590895923201058,0.16605305029326367,1.0560150469854137,0.5897789203987526,0.09512040857768753,0.07075490992834411,False,False
D10,primary,47,142,5,4.660247464540352,0.4587332051309183,2.056643407028875,0.8412531440326741,0.003322380711778477,-0.03446716341281585,False,False
D10,primary,47,142,10,6.9270470894499745,0.7323137436547371,3.5038832170808933,0.9669663634996033,-0.044562138036681874,0.034351468795093015,False,False
D10,primary,48,175,1,0.35869285259651307,0.5492330893760311,0.0012247988307655172,0.9720820325621753,0.044888007480331116,0.002623018466847637,False,False
D10,primary,48,175,2,1.8808687197521587,0.390458199144611,0.15355367693447275,0.9260964996622641,-0.092204010217426,-0.02916812522322363,False,False
D10,primary,48,175,5,2.842892941260754,0.7241916079947852,1.2503435076994973,0.9399573852936303,0.04035078568046553,0.03844593891190311,False,False
D10,primary,48,175,10,7.4321030397954155,0.6841183820088903,3.1705072697618677,0.9771217359028785,0.10530753486102047,0.07330603223365928,False,False
D10,primary,49,103,1,0.3281597755466118,0.5667446933270777,1.304748434633805,0.2533476856712702,0.05563261789961637,0.1109303073406851,False,False
D10,primary,49,103,2,0.5482191623700117,0.7602487617359578,1.7505056015356952,0.41675664995918116,-0.04533330416886357,-0.06452033182190539,False,False
D10,primary,49,103,5,1.1416840082043174,0.9503481421360416,2.7531067610094606,0.7379847792440608,0.03556103643176439,0.05813191145618839,False,False
D10,primary,49,103,10,5.559790514973235,0.8507935840616644,9.664122981409983,0.47043837521370746,-0.13210251907254023,-0.14028774611821707,False,False
D10,primary,50,80,1,0.25933232291836084,0.6105792293004713,0.01069289449446829,0.917640390956603,0.055884317456545166,0.011347737129794644,False,False
D10,primary,50,80,2,1.7943395785917782,0.4077219674111414,0.05511343120425238,0.9728195069447134,-0.13509852205694373,-0.022981971537633126,False,False
D10,primary,50,80,5,3.8998694086460173,0.5639206337306102,2.1134719576109084,0.8332317356331044,-0.04873967752128094,0.03839566803600597,False,False
D10,primary,50,80,10,8.463617196149444,0.5836475941632817,5.2092741579897135,0.8767668866127072,-0.15346803261304867,-0.08650046286635488,False,False
D10,primary,51,89,1,1.2524387503410037,0.26308719987560325,0.30568857285854134,0.5803379793828103,0.11665514146884388,0.05763220537705669,False,False
D10,primary,51,89,2,4.3011277376998915,0.11641849449989339,2.3834273374194876,0.30370037604785627,0.18096745874905937,0.14939614739015,False,False
D10,primary,51,89,5,4.712749698455134,0.45193213426634227,2.7730134881226403,0.7349306887672803,0.012282476802006082,-0.013255632990538285,False,False
D10,primary,51,89,10,8.81087909377431,0.5501411102803558,8.006380539817465,0.6282136625736198,0.05896837190963348,0.045951105857635205,False,False
D10,primary,52,111,1,0.016045985651715895,0.8991994142299307,1.3854871552590724,0.23916869190089496,0.011862571175284168,0.11022925783631955,False,False
D10,primary,52,111,2,0.0831014791411778,0.9593006596030558,1.3881417181618592,0.4995383739693534,0.02413958054044617,-0.004802960868300774,False,False
D10,primary,52,111,5,9.739511462476697,0.08296163565254056,11.867120894180191,0.03665459960803363,-0.223310806161015,-0.2383125777476072,False,True
D10,primary,52,111,10,13.688413050746702,0.18768427556487244,14.529788715940455,0.150168319083958,-0.02369543481032629,-0.036354373792935074,False,False
D10,primary,53,134,1,5.065362530287007,0.024408599577230405,2.0704846149107636,0.15017379594977187,-0.19226898509055762,-0.1229249303792033,True,False
D10,primary,53,134,2,6.667412026613069,0.03566070084144701,4.83755311017975,0.08903047473652959,0.10772166987377746,0.14157125013182803,True,False
D10,primary,53,134,5,9.46213045244935,0.09199143619659622,7.29933577950744,0.19931307477736349,-0.06285447071824324,-0.06546405816519581,False,False
D10,primary,53,134,10,14.226543334064457,0.1629067965456995,10.29036915646318,0.41539823964642175,0.09331194508293604,0.0974772644683675,False,False
D10,primary,54,131,1,0.10332405130660129,0.747876529311014,0.6593453250083332,0.4167911633297595,-0.02776584666964269,-0.07014014727717162,False,False
D10,primary,54,131,2,2.208785955673523,0.3314119956221717,4.911528504704719,0.08579759936124187,-0.12485532824459446,-0.17743503211173403,False,False
D10,primary,54,131,5,5.354731691103434,0.3741380661808613,11.325164585643321,0.04530076433571539,-0.004600210473948447,-0.0951778671696298,False,True
D10,primary,54,131,10,6.010671773865425,0.8143658522711196,13.375953359682946,0.20340466209183705,-0.0018326152841521104,-0.004384082997199967,False,False
D10,primary,55,126,1,0.39453096306790264,0.5299272986943162,0.12159206275894514,0.7273141429518386,-0.05529747429728341,-0.030698514620499454,False,False
D10,primary,55,126,2,0.7589745772517618,0.684212122634878,0.7385686110324932,0.6912288623332252,-0.05293412732106731,-0.06887393770332798,False,False
D10,primary,55,126,5,3.3184324364467788,0.6510208890372415,5.510253387762311,0.35682286961402687,0.020470129441217937,0.18087621198819687,False,False
D10,primary,55,126,10,10.670112624445697,0.383790005016476,9.024079286258734,0.5298198990689003,-0.05382555968521516,-0.05258547789644004,False,False
D10,primary,56,169,1,0.3041093783838879,0.5813176050984424,0.002798849724013325,0.9578082730119774,0.04204633441175019,-0.004033694693862119,False,False
D10,primary,56,169,2,1.5817617552830165,0.4534451895771817,0.057530182117532115,0.9716446856843227,0.08592572035020399,-0.017784220668412287,False,False
D10,primary,56,169,5,2.978222698735025,0.7033434229769695,4.571087153814779,0.470428925803843,-0.018165138700067446,-0.06325535203407882,False,False
D10,primary,56,169,10,7.273897166199628,0.699359027291793,7.433986003057392,0.6839363773735873,0.016850120922361298,0.029149269093575413,False,False
D10,primary,57,114,1,0.0034653384752654803,0.9530579426033466,0.03666808231083712,0.8481424053764497,-0.00544165033389664,0.017701167033902423,False,False
D10,primary,57,114,2,0.5339560516358095,0.7656898966897314,1.0822464087987194,0.5820940744297516,-0.06702957778317309,0.09410352182367612,False,False
D10,primary,57,114,5,2.119045489280564,0.8324397222510629,5.223752653875323,0.38918799097098233,0.08491674024807952,0.06352472166150513,False,False
D10,primary,57,114,10,7.7591628460892785,0.6523483049746627,7.109717808668106,0.7150479170442305,0.18938233854943423,0.07539693048307201,False,False
D10,primary,58,104,1,0.02567153064607564,0.8727051148296031,0.19118113054911437,0.6619353856415156,0.015487270794212998,0.04226409003054714,False,False
D10,primary,58,104,2,1.3932383900243386,0.4982670030101082,0.7221298213395996,0.696933758561538,-0.11248763020874918,-0.0700901130920056,False,False
D10,primary,58,104,5,4.638726606769609,0.4615394938507069,5.943829787113175,0.31172295848366716,0.029094381758545312,0.04010073841828067,False,False
D10,primary,58,104,10,8.102200331452947,0.6188547377669666,12.27629160423739,0.2669908489941559,0.10502212793894211,0.10095398492339427,False,False
D10,primary,59,116,1,0.49141614868656375,0.483296272171311,1.0233221791543226,0.31173227302228523,0.0642545126409189,0.09272249632094658,False,False
D10,primary,59,116,2,0.6666740342822728,0.716528671015018,1.438555767207906,0.4871038746843569,0.038205088612292055,0.05880695135460905,False,False
D10,primary,59,116,5,3.8400825522618987,0.5726623491875034,3.1453545616773697,0.6775878580013213,-0.0162492185993067,0.011411230569131183,False,False
D10,primary,59,116,10,5.9843782278742825,0.8165740052556307,8.25372075196535,0.6040689787671161,-0.02701583150241631,0.07269385523558479,False,False
D10,primary,60,137,1,1.7892548856541617,0.1810169740476617,0.4395629472370735,0.5073334775641721,0.11304149079161602,0.05602892743168186,False,False
D10,primary,60,137,2,2.41302008538064,0.2992397933112967,1.0516169391871217,0.5910773031168483,0.06649818185520188,0.06587097138935612,False,False
D10,primary,60,137,5,2.832855406781294,0.7257356840198076,1.2139969971741824,0.9435275144371997,0.010533367761335989,-0.009286017246723819,False,False
D10,primary,60,137,10,5.49133079295644,0.8560381820461898,4.509391736463358,0.9214563947117815,-0.00102913823000501,-0.05288670826458452,False,False
D10,primary,61,98,1,0.220557197859718,0.6386156891659894,0.15887418442777096,0.6901951496533187,0.046723293356535585,-0.039655140811822726,False,False
D10,primary,61,98,2,0.4583825915739008,0.7951764050586223,0.20037659000565394,0.9046670577112748,-0.04826715386788702,0.020163188663737338,False,False
D10,primary,61,98,5,4.218296986529439,0.5184336892238013,1.0157335308915283,0.9612867985043211,0.15078305946006898,0.05019983937892349,False,False
D10,primary,61,98,10,5.302700746315789,0.870062002618313,1.558060207130385,0.9987428688371509,0.05733685189545667,-0.04203393424109204,False,False
D10,primary,62,209,1,0.027757676577279202,0.8676797952680408,0.22689661087937632,0.6338345538950241,0.01144218202594333,0.032713823125978,False,False
D10,primary,62,209,2,1.0513849073946686,0.5911458814579206,0.46293078866319254,0.7933701501324154,-0.06931731265538883,-0.03328574246946886,False,False
D10,primary,62,209,5,5.135616386131769,0.3995547401556958,4.610568074551508,0.46522745876839156,0.018372211731898024,0.11781634627544249,False,False
D10,primary,62,209,10,9.936397831214768,0.44609096886976696,5.871901501754395,0.825908201595821,0.0006020654925159873,0.0440848290208991,False,False
D10,primary,63,99,1,0.8357511686465947,0.36061477294441835,0.0817737870430158,0.7749078670034708,0.09050514112907458,0.028310126445275544,False,False
D10,primary,63,99,2,0.8357841029269274,0.6584333014999445,0.7017842203412451,0.7040597106401175,-0.0005652384175500517,-0.07755451420297951,False,False
D10,primary,63,99,5,3.5297717118424567,0.6188876555590312,2.685301743668049,0.7483655364054504,0.06839358616004489,0.07991163228024142,False,False
D10,primary,63,99,10,13.07105262413536,0.2197262820966932,7.721301769512554,0.6560387259147635,-0.2545920954568996,-0.17917872449224745,False,False
D10,primary,64,116,1,0.7130912419841052,0.39841950063631704,0.0005742565214476409,0.9808816034705913,-0.07740187356440952,0.0021965034505827393,False,False
D10,primary,64,116,2,0.7939174127615151,0.672361789311143,0.2444962446755785,0.8849287706648349,-0.025945284034563688,0.045072111396226286,False,False
D10,primary,64,116,5,8.07063356936511,0.15238559535324936,5.548870278040571,0.35261683173291336,0.16488862521784328,0.2027763597254469,False,False
D10,primary,64,116,10,9.915836594336206,0.4479080587462654,7.958360860330494,0.6329043145730365,0.018963978265417188,-0.03957684632677685,False,False
D10,primary,65,109,1,0.0012690155604386736,0.9715827735205351,0.42454981540558046,0.5146754614960435,0.00336566288110629,-0.0615604048897194,False,False
D10,primary,65,109,2,0.004089513896367462,0.9979573321431676,0.5314515312569816,0.766649340275916,0.004994362653459627,-0.03074747722427787,False,False
D10,primary,65,109,5,4.619205181039618,0.46409430541737373,5.653234218376895,0.34143554269649956,0.05946067464781974,0.08226011179792668,False,False
D10,primary,65,109,10,12.627949009534758,0.2452236785697669,9.842658405833555,0.4544042898300211,-0.10001377931882754,-0.02866761391160568,False,False
D10,primary,66,129,1,2.817103428046326,0.0932645703798467,6.085847969043297,0.01362689470413303,0.1460749942542638,0.21470147663380046,False,True
D10,primary,66,129,2,2.8187337721573757,0.24429790260549544,6.167308202706926,0.0457916233282174,0.003500346174990941,-0.02474253442875335,False,True
D10,primary,66,129,5,3.6839698597584944,0.5957512848819588,6.3409699630805045,0.27444022892528075,0.05788049546101246,0.014281626849675034,False,False
D10,primary,66,129,10,5.171104032184139,0.8794587800871412,12.06311271941036,0.2808548135171651,0.024469829805132355,0.17071836507178906,False,False
D10,primary,67,167,1,0.007758965770764139,0.929809124861533,0.02336784537007647,0.8785043836525038,-0.006755451402839495,-0.011723621568281772,False,False
D10,primary,67,167,2,0.05785035307656708,0.9714891519285744,0.034965032406739274,0.9826694163071109,0.01711283307719837,-0.008234110956834063,False,False
D10,primary,67,167,5,7.285178595324273,0.2002803840309244,4.795664721916603,0.4413231892685968,-0.08235107812297528,-0.09547045329415693,False,False
D10,primary,67,167,10,9.715011962760702,0.46584199845903795,5.837415527265463,0.8287328397845283,0.03672945122235532,0.006493611285233932,False,False
D10,primary,68,69,1,0.684314695063342,0.40810492210514593,0.05901108555379639,0.8080658424021312,-0.09746050776835537,-0.028619862213088546,False,False
D10,primary,68,69,2,1.0551285439044786,0.5900403987598166,0.10598585897083669,0.9483867180407112,0.07121338904598926,-0.025346385074855746,False,False
D10,primary,68,69,5,4.870959081781586,0.4318308063852734,3.3020510725187453,0.653527678846656,-0.11740640091224835,-0.11550904465978555,False,False
D10,primary,68,69,10,14.137793212829692,0.1667987128847288,8.345469590805662,0.5951313151432118,0.028136302832026547,0.07102702935871288,False,False
D10,primary,69,111,1,0.4608493260095366,0.49722730686324357,0.6157465691123463,0.43263229319360197,-0.06357335184196528,-0.0734846502979735,False,False
D10,primary,69,111,2,2.498559636921282,0.28671120664316274,0.6994390071959142,0.7048857799168406,0.1330711038164276,0.026968428973410032,False,False
D10,primary,69,111,5,6.667177444077219,0.24659244558190485,3.5459094923566514,0.6164526096978301,-0.13239388453280218,-0.14079688403191246,False,False
D10,primary,69,111,10,8.879474779373046,0.5435788756546762,9.846014875056,0.45410534108927814,0.013183565411781846,0.016242515334134604,False,False
D10,primary,70,166,1,2.107700308135889,0.14655942057161386,1.3425312691050426,0.2465880666715462,-0.11167030870911718,-0.08912416871112185,False,False
D10,primary,70,166,2,2.651452420241878,0.26561000036263094,1.3426825878933386,0.5110226862626037,-0.05654754014689405,0.0009433213560298635,False,False
D10,primary,70,166,5,6.069189313509386,0.29954460930020477,1.4205828125369315,0.9220485628697492,-0.0036064912767207044,-0.0032846887084451997,False,False
D10,primary,70,166,10,7.729427929307448,0.6552468477045015,3.8481888085158835,0.9539356599577029,0.041114933597471835,-0.04004204532746388,False,False
D10,primary,71,138,1,1.410183526165385,0.2350259292458955,0.7229771425473136,0.39516908541241125,0.0999987430264318,0.07160098651286896,False,False
D10,primary,71,138,2,1.5111075981940045,0.4697503953378017,1.9499568950221344,0.37720048308478804,-0.02665405414326041,0.09293613157207799,False,False
D10,primary,71,138,5,9.437965943727942,0.09281950605482736,6.196669909989692,0.2875497935840876,-0.21496969715057415,-0.15232178980873587,False,False
D10,primary,71,138,10,18.421013119410954,0.048263644567859476,16.79058131981379,0.07912823471066854,0.08923645809697146,0.09736924165489509,True,False
D10,primary,72,113,1,0.2799594494050396,0.5967277962522438,0.6074387422780372,0.4357538019000372,0.04912113971146874,-0.07235559400789608,False,False
D10,primary,72,113,2,0.919329352458769,0.6314953654146404,0.6312294389627074,0.7293403966888437,0.07390085141497837,0.014255318582463383,False,False
D10,primary,72,113,5,1.686055114016613,0.8906518730068739,0.8075323559516489,0.9765504204545499,0.01927731283914714,0.02532400016014973,False,False
D10,primary,72,113,10,10.256457516291599,0.41828893768031405,5.129065141653162,0.88239114788022,-0.06262554021915645,-0.02844471451013034,False,False
D10,primary,73,121,1,2.4921224179740733,0.11441733365417128,2.8175636420458456,0.09323782956991977,0.14175228493399267,0.1507239438607539,False,False
D10,primary,73,121,2,2.6362042683429845,0.26764277032815076,2.8469818491126184,0.2408716826179853,-0.033941644347080524,-0.015336856004939083,False,False
D10,primary,73,121,5,7.111511940824494,0.21247825554296917,7.068853453721873,0.21556975052356064,-0.06905237790894088,-0.08587923750996564,False,False
D10,primary,73,121,10,10.20773177073946,0.42246131154077493,12.36371353208773,0.26145163181590614,-0.04673647857538285,-0.05415333741703146,False,False
D10,primary,74,98,1,1.5560898342928493,0.21223866336713038,0.3144905124358749,0.5749376114870081,-0.12410525237055776,-0.05579260036727848,False,False
D10,primary,74,98,2,1.5736231706862904,0.4552941500236781,0.45287348394440746,0.7973697807574072,0.013105538219294296,0.03681831463183075,False,False
D10,primary,74,98,5,2.7307816768951723,0.7414066408163796,1.0750405681769304,0.9562890307666012,0.02958193302572274,-0.0193142826984626,False,False
D10,primary,74,98,10,5.899377601087165,0.8236450326399749,4.244003160372966,0.9356689316384585,-0.0883195710459529,-0.09983741290663348,False,False
D10,primary,75,192,1,0.919019410237697,0.337732574898019,0.17229350991763145,0.6780814850868571,0.06864794584027671,-0.02972348059002547,False,False
D10,primary,75,192,2,1.093162963317997,0.5789254989288439,1.046885582764405,0.59247725708146,0.02980430655726363,-0.0667925600351921,False,False
D10,primary,75,192,5,2.973176982648906,0.7041213345189287,5.014065310412133,0.41416605061970313,-0.01928997402587384,0.09808262968482638,False,False
D10,primary,75,192,10,9.190338993171713,0.514140138843532,10.330609066734791,0.411982239683764,-0.04396208145378475,0.09609830289609904,False,False
D10,primary,76,96,1,0.036803514002105304,0.8478656419239853,2.0981582370222434,0.14747668842850248,0.01927781427205879,0.145556722306827,False,False
D10,primary,76,96,2,0.17104095476523498,0.9180343439211646,2.251978534769446,0.32433145806921193,0.03662284714211712,-0.03920325218324218,False,False
D10,primary,76,96,5,1.9355141106527343,0.8579940266585709,2.5014971137368405,0.7762695859512568,-0.11214088570530503,-0.04041516694767755,False,False
D10,primary,76,96,10,4.194921265857831,0.9381255793517693,8.24667072491382,0.6047563308904329,-0.05230216699216474,-0.1340902738391383,False,False
D10,primary,77,80,1,0.12438167968078799,0.7243299521408727,0.26095848057935106,0.6094624292718912,0.038702572657410936,-0.05605925649421564,False,False
D10,primary,77,80,2,0.16019553949593252,0.9230260979459616,0.26203432934701204,0.8772027173635772,-0.020635782715705948,-0.0035766051291172365,False,False
D10,primary,77,80,5,1.3051902301907048,0.9343967029214043,2.9423998362960724,0.7088658217753672,-0.06110860421714041,-0.061934859263855696,False,False
D10,primary,77,80,10,4.185489334315132,0.938591475449996,4.941433593683145,0.8950557859445053,0.07134608338585348,0.031213232654291854,False,False
D10,primary,78,125,1,0.0044315265908905785,0.9469242583529834,0.1368065278011425,0.7114766246438633,-0.005883430876892904,-0.03268943285382888,False,False
D10,primary,78,125,2,0.006341828857664188,0.9968341076107704,0.1577210026064645,0.9241688358015824,0.0038472174529083293,0.0127297293575021,False,False
D10,primary,78,125,5,3.7335504743222843,0.588379165507097,4.8868210092213715,0.42984841826935105,-0.012489553057747821,0.0025323630716018158,False,False
D10,primary,78,125,10,7.796884355304197,0.648669330247584,7.859312213938691,0.6425769393874126,-0.07494858716132653,-0.033521943652776484,False,False
D10,primary,79,144,1,0.4778505411999345,0.4893975496365438,0.010024302292859992,0.9202479160000405,-0.05701070163080919,-0.008257287807439131,False,False
D10,primary,79,144,2,0.4780527497577548,0.7873941146744131,1.1714398240390134,0.5567049389380312,-0.001168654845597844,0.08856870835726298,False,False
D10,primary,79,144,5,5.718115137134632,0.33462077654896105,6.684743444068043,0.24516168763894386,-0.1107649928467533,-0.12856134514514753,False,False
D10,primary,79,144,10,13.239649164043369,0.21057974096856058,13.368248490734803,0.2038050563278564,-0.18158442754044765,-0.1330818186856451,False,False
D10,primary,80,79,1,0.023994707708710414,0.8768983781528856,0.3995325199375162,0.5273307818010284,0.01710208175595792,-0.06978584049909904,False,False
D10,primary,80,79,2,0.46037121823105887,0.7943861435094051,0.9010757497838355,0.6372852796680097,0.0724636140219459,0.07768613115562009,False,False
D10,primary,80,79,5,2.1213304025787467,0.8321147643598663,1.2649514707916372,0.9384964856785357,-0.08539625046486543,-0.046631375160752754,False,False
D10,primary,80,79,10,6.4316532551096595,0.7777883653547721,4.1134031416966765,0.9420861684691333,0.14101468945554504,0.04820261232412447,False,False
D10,primary,81,115,1,0.5838722666117514,0.4447985061856017,0.46188847831758867,0.4967427104180532,-0.07033467713306739,-0.06255746464350949,False,False
D10,primary,81,115,2,0.6021746596639173,0.7400131447011966,1.2733649813645853,0.5290446264398148,-0.012397990795417854,-0.08255347234779774,False,False
D10,primary,81,115,5,16.40090884333289,0.0057879685146201565,7.849703451371351,0.1647156021386359,0.09095091800160002,0.1015237889576438,True,False
D10,primary,81,115,10,25.55166531768848,0.004392341830214419,14.837708297746314,0.13809169939676025,0.015912942944566546,-0.0034246285602533536,True,False
D10,primary,82,145,1,0.5001714337463693,0.4794248053756376,0.9876787335538219,0.32031037482991154,0.05812969171073456,0.08168577408353367,False,False
D10,primary,82,145,2,0.5287358873214707,0.767691020639905,1.0103776843479737,0.6033916188824031,-0.01384325792136836,-0.012340371723328964,False,False
D10,primary,82,145,5,4.623386849225607,0.46354630313161393,4.670331800718258,0.4574219137621933,0.025159922306179375,-0.022674637006366332,False,False
D10,primary,82,145,10,9.583068922747579,0.4778008101838268,6.908894092456725,0.7340170127745409,0.11533278202598897,0.055291181266203145,False,False
D10,primary,83,110,1,0.002278065628448839,0.9619321534200547,0.11674988913306145,0.7325865851036368,0.004489427998998518,-0.03213927927571359,False,False
D10,primary,83,110,2,0.7019545965288272,0.703999735690065,0.3350864979404031,0.8457400391121157,-0.07831684384996755,-0.0437491685924646,False,False
D10,primary,83,110,5,3.241296672233151,0.6628404162722338,2.165142951510625,0.8258546157336815,-0.14214323862246342,-0.11000509301568813,False,False
D10,primary,83,110,10,7.09546724742029,0.7164025751556397,3.784795077947108,0.9565334477298733,0.16312706853517828,0.06568600177123732,False,False
D10,primary,84,125,1,0.1632570829596332,0.6861753325107631,0.300052730239474,0.5838493655389163,0.03571001164189423,0.04841197128562625,False,False
D10,primary,84,125,2,0.1816738855608111,0.913166597166806,0.644614412161308,0.7244755928325977,-0.011945457990830707,-0.05166889551622725,False,False
D10,primary,84,125,5,3.867553189330238,0.5686384490664341,5.069588604496031,0.40744671828887935,-0.15500070509776792,-0.1341929351477506,False,False
D10,primary,84,125,10,7.201557626174916,0.7062895167417175,9.17606533280698,0.5154799498679298,-0.0029857477686898097,-0.06755755508326741,False,False
D10,primary,85,185,1,2.3882328365244416,0.12225175553681034,0.22243517025884932,0.637190672324701,-0.11270432353996782,-0.034395685743889536,False,False
D10,primary,85,185,2,5.282462001232847,0.0712734778364904,3.0918027093182987,0.2131196881994798,0.12373294082743451,0.1232003574341991,False,False
D10,primary,85,185,5,9.009704082549401,0.1086777201975202,5.772823551430212,0.3289555273199255,-0.10928846079687808,-0.09827120620118346,False,False
D10,primary,85,185,10,15.104718269261953,0.12829040369814826,8.91316390547558,0.5403640472594369,0.09084472128811469,0.09953880307495827,False,False
D10,primary,86,160,1,0.8477272106726512,0.357196094932827,1.3005401131322187,0.25411458930271325,0.07211226311380566,0.0893188123018852,False,False
D10,primary,86,160,2,1.8041443989970265,0.40572803860018736,1.6421782654661143,0.43995222710183346,0.07635451644739528,0.04563459778499513,False,False
D10,primary,86,160,5,2.967855076313639,0.7049418077970377,4.140623127994055,0.5293525803992806,-0.05495255877552016,-0.02526327922665886,False,False
D10,primary,86,160,10,7.704869157013909,0.657639693038688,6.83644570549426,0.7407900073651801,0.013619059962880702,-0.08703605110171202,False,False
D10,primary,87,120,1,0.4872638970962561,0.4851503625278747,0.7535449762710176,0.385356186027058,-0.06293395996249639,0.07826318748154364,False,False
D10,primary,87,120,2,0.5547930542024503,0.7577539675461947,0.7572077030152576,0.6848168480999022,-0.0233300747215193,-0.005433413094600907,False,False
D10,primary,87,120,5,0.8521564657362792,0.9735880587551283,2.0483190161593834,0.8424196018790997,-0.019053991379804576,-0.011047633159725453,False,False
D10,primary,87,120,10,14.158344031773753,0.1658908031234414,9.15036262527688,0.5178956432665982,-0.039908918977005214,-0.0037683769701687747,False,False
D10,primary,88,61,1,0.004590701799688387,0.9459808907498863,0.0911218519622901,0.7627557685881847,0.00846603334070745,0.037718264513941245,False,False
D10,primary,88,61,2,0.02024286558875685,0.9899296165305861,0.09154932873877362,0.9552571914220235,-0.015501652800289834,-0.002561810943260763,False,False
D10,primary,88,61,5,2.3346595646971378,0.8011631561052672,2.0685455532540464,0.8395814861623532,-0.16424589730684241,-0.15375908761627993,False,False
D10,primary,88,61,10,4.409565106830229,0.9269854402524474,6.295943220338033,0.7898167611947822,0.03190679492674762,-0.03986933004177402,False,False
D10,primary,89,78,1,1.1735369176166726,0.27867568925500386,0.07740263821584828,0.7808486286950409,0.12033762776657926,-0.030905156669288315,False,False
D10,primary,89,78,2,1.264818365870185,0.5313102343127145,0.7454807580838441,0.6888440479825761,-0.033343083671560365,-0.09020448379004313,False,False
D10,primary,89,78,5,4.8556552715063175,0.4337491751194371,2.7111425818524446,0.7444137085739769,0.1170081369661856,0.01257954034156037,False,False
D10,primary,89,78,10,9.830495163659862,0.4554884126419363,4.43224658817141,0.9257484468846469,0.04354563264267349,0.05704063938053404,False,False
D10,primary,90,102,1,0.14397865456142828,0.7043572960183598,0.07482218848450757,0.784440878626407,-0.03702482264079365,-0.026690649042640888,False,False
D10,primary,90,102,2,1.240200707163771,0.5378904556521924,2.78304344349141,0.2486965695620722,-0.10165588174701284,-0.15978106648262333,False,False
D10,primary,90,102,5,4.36968252683388,0.49750642988289295,7.835836282931146,0.1655181024656105,-0.09923806051963496,-0.15903042913717308,False,False
D10,primary,90,102,10,17.265024720544456,0.06870152762036907,22.97850073072244,0.01082621453338195,0.21311222717450362,0.21212535073841246,False,True
D10,primary,91,129,1,0.6001568344647082,0.4385181928855929,0.009513423012144006,0.9223001290385611,0.06742281172751562,0.00848873323655097,False,False
D10,primary,91,129,2,1.123720809868089,0.5701473715830434,0.9712977275078127,0.6152978227535951,0.06272724820750722,0.08501786610305136,False,False
D10,primary,91,129,5,7.586774924279748,0.18052789590434837,4.636371182180018,0.4618472876148435,-0.022156140290467582,0.06278889178675547,False,False
D10,primary,91,129,10,13.755795170780873,0.1844247749319612,9.47459810860421,0.4877306609053078,-0.1735632289501424,-0.14310033317518167,False,False
D10,primary,92,136,1,0.1397014794788089,0.708577962570373,0.09166868920243783,0.7620663855826669,-0.031699936304733625,-0.025678425885630667,False,False
D10,primary,92,136,2,0.1469155908038348,0.9291753604366297,0.4096841109772187,0.8147759956455828,0.007176865738637437,-0.04765050331985799,False,False
D10,primary,92,136,5,3.8882136976394466,0.5656202381987446,7.942889436875878,0.15941131632533412,0.1421457887838848,0.21609964215480218,False,False
D10,primary,92,136,10,20.129009277588874,0.028055821064276287,20.155417434247166,0.02781650017913795,0.06779009984050761,0.11285266845433296,True,True
D10,primary,93,87,1,0.0059839912324751296,0.9383401345380313,0.10714364428582267,0.7434197883780358,0.008152486161127131,0.034496719945786854,False,False
D10,primary,93,87,2,0.13009762498674377,0.9370217238943965,2.8073651549310354,0.2456905215656474,0.036911745149963635,0.1721688305492257,False,False
D10,primary,93,87,5,2.4411502088303956,0.7853307022970614,3.506933997881968,0.6223386862500894,0.07848155127430098,0.03426028035240682,False,False
D10,primary,93,87,10,8.141631629226703,0.6150047400677524,10.966552277993564,0.36012983015237554,-0.10789395162639501,-0.11829155649368127,False,False
D10,primary,94,103,1,0.0034364172518484455,0.9532540136823222,0.07327563535040904,0.7866258325201161,0.005692981458033304,-0.026288549275296592,False,False
D10,primary,94,103,2,0.3900724090124718,0.8228048682727751,0.22817766171319787,0.8921786993641444,-0.060089496489262956,-0.03803434788834796,False,False
D10,primary,94,103,5,1.3872645555592868,0.9257013081155072,1.9434228086382246,0.8569168987154347,0.07641712358214728,0.0870496455316338,False,False
D10,primary,94,103,10,11.414505295618582,0.3261486084737302,16.085665657802608,0.09720624203838357,-0.02422755740437015,-0.0538900884499674,False,False
D10,primary,95,133,1,0.00918597627555003,0.9236448692561479,0.07876938967626383,0.7789720740919868,-0.008217825604432256,-0.02406428714399493,False,False
D10,primary,95,133,2,0.39209538600187777,0.8219730313827751,0.43240261523371337,0.8055731175450602,-0.05285559457335175,-0.05079482568369021,False,False
D10,primary,95,133,5,1.6940024505189613,0.8896544806199832,3.264923321090504,0.6592160357860851,-0.009266266433620756,-0.0675524092030731,False,False
D10,primary,95,133,10,4.098619575750719,0.9427884148048703,6.576836385632715,0.7646985771877857,-0.07462467287907058,-0.040857726251439117,False,False
D10,primary,96,137,1,4.418243919811937,0.03555661154277867,1.6973349423492399,0.19263687764824888,0.1776342123901235,0.11009955064305955,True,False
D10,primary,96,137,2,5.1575889392224905,0.07586540697081867,1.8011443567019905,0.40633709592345946,-0.07239736776600178,-0.02712798714776202,False,False
D10,primary,96,137,5,6.616208497108248,0.25078317186675947,2.362667835050019,0.7970203278962241,0.010284842053148396,0.025074753230575716,False,False
D10,primary,96,137,10,16.355140617527912,0.0899074267853478,13.118034717568037,0.21714705746445062,0.10804829843789292,0.1455761831704932,False,False
D10,primary,97,92,1,0.4737981793432919,0.4912449982712894,0.0002520645201424818,0.9873328860682783,-0.07060891685696062,-0.0016286160695961577,False,False
D10,primary,97,92,2,0.8272757477377319,0.6612403603285928,0.013210830835978255,0.9934163523836049,0.0606518906959463,-0.011613021856731106,False,False
D10,primary,97,92,5,3.155070404271458,0.6760925906623756,2.7227940111452593,0.7426300480137845,0.09399574698109953,0.04790504068766653,False,False
D10,primary,97,92,10,11.48524404498863,0.3209821887279819,9.328991914569905,0.5011915165276513,-0.11409872727427672,-0.03560683978936463,False,False
D10,primary,98,112,1,0.897587878599298,0.34342931394900367,0.937048891613711,0.33303794859199387,0.08833616518690467,0.09025705899656505,False,False
D10,primary,98,112,2,1.0085248094758854,0.6039508824881009,0.9703373908874762,0.6155933402127786,-0.03091526538467988,-0.01693487572062761,False,False
D10,primary,98,112,5,8.495104985658077,0.13097807314558607,2.836512853325285,0.725173109673607,-0.13181277912593575,-0.0408913651468968,False,False
D10,primary,98,112,10,13.411451195788585,0.2015679624381408,5.213198262603338,0.8764885714891536,0.034085115157313356,0.07665648326240761,False,False
D10,primary,99,148,1,0.11235444219954197,0.7374793952711094,0.0028962083240411923,0.9570814178643231,-0.027275787866782582,0.004379223179879244,False,False
D10,primary,99,148,2,0.1321005826367301,0.9360837862201105,0.32472134303353595,0.8501345299287926,0.011395701148986095,-0.04600551752435858,False,False
D10,primary,99,148,5,0.40013654022991757,0.9953258315988774,0.8120816195986497,0.97625634777911,-0.01148727796884005,-0.04600111225121438,False,False
D10,primary,99,148,10,6.129326644664247,0.8042832162619747,4.000043484012518,0.9473450209945804,-0.08256343263454022,-0.0030860064403136047,False,False
D10,primary,100,148,1,0.5320794294167706,0.465733933861996,0.8948540624298073,0.34416528400935054,-0.059356791138387724,-0.07697652244666003,False,False
D10,primary,100,148,2,1.1968621132534738,0.5496733662998253,1.19537587262477,0.5500819915546404,-0.0661210573647622,-0.04445677336108172,False,False
D10,primary,100,148,5,2.455963557740209,0.7831119488492491,3.936678097753341,0.5585683770737715,-0.027231823411841993,0.07135835268848269,False,False
D10,primary,100,148,10,5.819623686579219,0.8301830978216619,6.569496875973688,0.7653654750369867,-0.08556928191528458,-0.09744417720652315,False,False
D10,primary,101,100,1,0.034456233041843115,0.852739708129418,0.12663287642139448,0.7219490570621567,-0.01828737663607478,0.035058291466650134,False,False
D10,primary,101,100,2,0.22226864868900223,0.8948185449415541,0.1295424510283126,0.937281865028417,-0.04247907989548294,-0.005287223885878989,False,False
D10,primary,101,100,5,4.740902068995577,0.4483118680693772,3.289921255835993,0.655385083180154,-0.13653834917802418,-0.15081867645684852,False,False
D10,primary,101,100,10,7.289166297618907,0.6978928743865506,7.698068336678178,0.6583021254379063,-0.06223984767459604,0.05034071329396173,False,False
D10,primary,102,113,1,0.36879668436885243,0.5436609099127998,3.1042954609974487,0.07808600995339277,0.056378611184566586,0.16356952569764874,False,False
D10,primary,102,113,2,1.7264739324168272,0.42179453550211,4.352469586922699,0.11346795763983941,0.10768906780096985,0.10325496297053045,False,False
D10,primary,102,113,5,2.4511795732261414,0.7838289011738346,7.185810731261817,0.20718404714748773,0.014648760898477147,0.03413708105476579,False,False
D10,primary,102,113,10,7.72554943274826,0.6556248137928987,12.34693507534605,0.26250816424268675,-0.029127563448648405,-0.08686678192976718,False,False
D10,primary,103,109,1,1.1546810690796352,0.2825713775567239,0.11426188604260942,0.735343249808229,-0.10152386950399613,-0.031936537839561886,False,False
D10,primary,103,109,2,1.2643797365971523,0.531426771202286,0.11439193517130106,0.9444089776839072,0.03114711502121027,0.0010724347400160052,False,False
D10,primary,103,109,5,4.1544083412091535,0.5274060439981783,0.8551128695945167,0.9733857120442285,0.12867188194220422,0.04869436287216214,False,False
D10,primary,103,109,10,7.734722775361204,0.6547308145977143,5.984516905108105,0.816562384511541,0.06458650471821462,0.13478938037774163,False,False
D10,primary,104,150,1,2.7057171306424896,0.0999891107777241,0.4791316387685728,0.48881591205371566,-0.13297405307937568,-0.055956834153155444,False,False
D10,primary,104,150,2,4.490847313370018,0.10588267296779885,3.7374199913880006,0.15432261029713923,0.10764611999992542,0.14543140243856867,False,False
D10,primary,104,150,5,8.961574698154191,0.1106066644025584,7.244457416199988,0.20308525450710713,-0.15264704353346012,-0.14464663318499213,False,False
D10,primary,104,150,10,12.55500090796839,0.24962675194954043,10.096530097523912,0.4320656078521541,-0.07088707236439387,-0.051767440335434636,False,False
D10,primary,105,138,1,0.00036517220031029513,0.9847537693988815,0.6907336595151811,0.40591494798648386,-0.0016091835217759342,-0.06998613858379808,False,False
D10,primary,105,138,2,2.022472334471562,0.3637690221709241,1.9177670756274316,0.38332061012819263,-0.11930756356603148,-0.09293816389426114,False,False
D10,primary,105,138,5,3.8932478482483606,0.5648858929431608,6.995878253597736,0.2209470279830129,0.006903802222607955,-0.00962271980744291,False,False
D10,primary,105,138,10,6.738851138370552,0.7498475223724197,9.685356992145882,0.4685180064294041,-0.08940115528168002,-0.045224781898790894,False,False
D10,primary,106,183,1,0.006015019726993353,0.9381807997409971,0.03159540246807992,0.8589185650605791,-0.005686470793951894,-0.01303275499189612,False,False
D10,primary,106,183,2,0.5450928708382707,0.7614380706583113,1.273458638149915,0.5290198527103722,0.05368508222492546,0.0814825784690012,False,False
D10,primary,106,183,5,9.073192077119401,0.10618014422625499,10.821168475941374,0.05504326581907115,-0.038952340712255965,-0.043420542838104224,False,False
D10,primary,106,183,10,13.120380362417041,0.21701890359393627,14.589978461191508,0.14774083475004363,0.010023649698933896,-0.03975679414990879,False,False
D10,primary,107,71,1,0.5355235829607979,0.46429384275551,0.4289304200477998,0.5125142420169472,0.08504479055867213,0.07611177311825994,False,False
D10,primary,107,71,2,0.7698017431676473,0.6805180915417559,1.5749605777107336,0.4549897949994416,-0.05584699933223748,-0.12351848721982775,False,False
D10,primary,107,71,5,2.886761528488434,0.7174386439203155,5.742576501808366,0.3320785627208225,-0.10747477329845156,-0.11325880063337672,False,False
D10,primary,107,71,10,5.2796557796283405,0.8717310125990505,7.307702789309716,0.6961115221089836,-0.0677146992032464,-0.11744556469024667,False,False
D10,primary,108,135,1,0.5492014658709938,0.45864415840247663,0.10168893726802232,0.7498121806023383,0.06307991148208673,0.027143264933443313,False,False
D10,primary,108,135,2,0.6804435059646998,0.7116125030699294,0.22724235107467777,0.8925960290542514,-0.030720985192464374,0.030047816301110305,False,False
D10,primary,108,135,5,1.3616117861026351,0.9284660216156764,2.3420417085555574,0.8000727980737932,0.009229013000175264,0.06465407463047307,False,False
D10,primary,108,135,10,6.25451017593055,0.7934463094237373,5.098783238807437,0.8844821926889105,0.007253348026292149,-0.0036707103060696906,False,False
D10,primary,109,124,1,4.679611177428261,0.030522656266356973,2.89220448004288,0.08900905751745058,0.19193815922103932,0.15089364093928415,True,False
D10,primary,109,124,2,4.7780676010292,0.09171825921474652,2.894433554648327,0.23522405881141395,0.02772718807382876,-0.004172017316113845,False,False
D10,primary,109,124,5,14.49713676675472,0.012741623695656124,7.327889735292253,0.19737431913949433,-0.24063000610314497,-0.16264931157520066,True,False
D10,primary,109,124,10,16.986213305178186,0.07466960141331647,8.87919685135542,0.5436054198620097,0.10467914881621403,0.053816777564956494,False,False
D10,primary,110,82,1,0.04757549766899366,0.8273371092192059,1.0608252231350737,0.30302704615612197,0.023653075072666938,0.11169091759607189,False,False
D10,primary,110,82,2,0.10151765475567488,0.9505078793695215,1.271048997734578,0.5296576106338452,0.02503009967036673,0.049412785778260145,False,False
D10,primary,110,82,5,1.8363528208076452,0.8712935403644935,4.12205465128631,0.531980378820754,0.07636422078506601,0.09430464963215383,False,False
D10,primary,110,82,10,12.508187309788598,0.2524832588890531,10.524461174836258,0.3957450947179071,-0.054139322318991955,-0.07031661089224493,False,False
D10,primary,111,116,1,0.116058639762884,0.7333491626648058,0.2371778109583458,0.626251920347493,0.03122609380474013,0.04463915346998402,False,False
D10,primary,111,116,2,0.2437714810968335,0.8852495108479065,0.2934027935976609,0.8635517982526741,0.03261367288835651,-0.0216394935533396,False,False
D10,primary,111,116,5,4.458865571598406,0.4854058766372582,3.2431347578247816,0.6625583317899976,-0.15704425580057432,-0.12719562115729963,False,False
D10,primary,111,116,10,10.24254290634091,0.41947817844780566,6.2972130919601765,0.7897051950527926,0.005540965315992785,-0.005882309186743852,False,False
D10,primary,112,97,1,0.07143594703642066,0.7892574030806813,0.6728206829222727,0.41206991379189584,0.026723328811538265,-0.08201283388247707,False,False
D10,primary,112,97,2,0.26346573900179704,0.8765751237568349,4.883370056120587,0.08701410665079234,-0.04358556136740271,0.2040928171251159,False,False
D10,primary,112,97,5,4.629210193156139,0.4627838313990542,7.6086485832108,0.17916358644769048,-0.0672770282218359,-0.12853452720149425,False,False
D10,primary,112,97,10,8.330651765688447,0.5965737504753421,12.047061573499823,0.281919195047573,0.036606169718192035,0.04528435198356844,False,False
D10,primary,113,95,1,0.09638283938279116,0.756214322879649,0.07894929062867137,0.7787263810003109,0.0313556721678971,-0.028378561216945226,False,False
D10,primary,113,95,2,0.22222590399868106,0.8948376695167205,0.17126722749414977,0.9179304867281697,-0.035637599879231846,0.03052367702791294,False,False
D10,primary,113,95,5,8.124698072180966,0.1494958535603823,5.622388347615647,0.3447120912809385,-0.09800806932365119,-0.04790325996857297,False,False
D10,primary,113,95,10,13.577575038098159,0.19314600460971676,8.854735704045817,0.5459430620816758,-0.07192059920630575,-0.05870619182174507,False,False
D10,primary,114,148,1,0.13009482273995032,0.7183337437169361,0.1883902413175642,0.6642597962150538,-0.02935027582691323,-0.03531924256281409,False,False
D10,primary,114,148,2,1.169105320167905,0.557355133252002,4.129930359871072,0.1268227064659283,0.08266276126649692,0.16100260997672014,False,False
D10,primary,114,148,5,3.121575116459675,0.6812488852808781,12.583144640902646,0.027614584356731142,0.023990624635891192,0.038668213999468216,False,True
D10,primary,114,148,10,5.442237747798892,0.8597491386763907,14.328234547010858,0.15853935476015057,-0.03145119587363467,-0.05654579047534591,False,False
D10,primary,115,161,1,1.1319398809517032,0.28736193676694277,0.41080512608703956,0.5215611378122152,-0.08307396358753485,-0.05004620818502769,False,False
D10,primary,115,161,2,2.4099789495313506,0.2996951538583664,0.8383946729524923,0.657574419044723,-0.08799619368713797,0.05089854430860563,False,False
D10,primary,115,161,5,3.6179153941788913,0.6056253987356673,2.2810013893874372,0.809053175034381,0.04411815715991169,-0.00147417176235689,False,False
D10,primary,115,161,10,12.999070966771773,0.22372376472383226,7.884839966304798,0.6400845945680751,0.06658000706675428,0.07230148357979932,False,False
D10,primary,116,94,1,1.141608725187297,0.28531265228632274,0.09469263881068728,0.758294113452697,-0.1084677348106287,-0.0312392098559482,False,False
D10,primary,116,94,2,2.7926587418442255,0.24750379322675908,1.8330504605548246,0.3999062116357379,-0.12974017676760857,-0.13312632961430232,False,False
D10,primary,116,94,5,5.935700909270917,0.3125258737324941,2.9871457112241795,0.7019677052455533,-0.09547627517675468,-0.10521957340992145,False,False
D10,primary,116,94,10,9.065355362131534,0.5259125666680476,4.751295364779567,0.9071605321810113,-0.09618928523185094,0.053973182615284374,False,False
D10,primary,117,115,1,0.029514795958301355,0.8635957815466224,0.05879032897470841,0.8084181918041049,-0.015813589730340197,0.022318423787656295,False,False
D10,primary,117,115,2,1.1283762077906454,0.5688217835219339,2.1288033397027117,0.3449341775542215,0.09606580626418938,0.1318511458177631,False,False
D10,primary,117,115,5,2.0302480961266034,0.844944006112633,2.565660861464336,0.7665755697434804,0.05520434667760362,0.036835087676037916,False,False
D10,primary,117,115,10,6.193239264929308,0.7987751610867289,6.017314422399781,0.8138064687339432,-0.010431604008515963,-0.09354195566754647,False,False
D10,primary,118,126,1,5.044350154992289,0.024706372853964154,3.7335698243309237,0.05332930258998081,0.1977276304895328,0.17010884194457251,True,False
D10,primary,118,126,2,6.290268366487297,0.0430611455749641,4.201422111220254,0.12236938587233037,-0.09787355250954975,-0.05997565001427854,True,False
D10,primary,118,126,5,6.4346373491925615,0.2661928502088544,4.489286355936993,0.48131816551280215,-0.0009200667565586857,0.008037424778741167,False,False
D10,primary,118,126,10,9.921749725002233,0.4473851173726191,5.531393113956123,0.8529788174577391,-0.0550716024464959,-0.02597402828187015,False,False
D10,primary,119,58,1,0.18827221953255227,0.6643585412963555,0.003117326143797779,0.9554748296527207,0.05553169467100013,0.007145603708246662,False,False
D10,primary,119,58,2,0.21986755736342417,0.8958934605782124,0.015331647373870706,0.992363483802965,0.022548408451932473,-0.014019710969073005,False,False
D10,primary,119,58,5,4.074796125524803,0.5386982223142989,0.804237655383626,0.976762265630913,-0.13366409029466753,-0.10265331160147043,False,False
D10,primary,119,58,10,7.4881337335033935,0.6786971309038058,3.983724200167125,0.948078225121117,0.06511728450472788,0.15590755599053346,False,False
D10,primary,120,126,1,0.07499174233914072,0.7842028161955934,2.0926822621664742,0.14800601241526223,0.024108571119276875,0.12735511598921564,False,False
D10,primary,120,126,2,3.7271053129311755,0.15512056022963527,3.9764527392786193,0.13693808773525062,-0.16756863132003114,-0.12034680869353115,False,False
D10,primary,120,126,5,7.194750515542864,0.20655470749956506,7.401787536839277,0.19243215986262463,-0.15844564478202094,-0.15300696420425833,False,False
D10,primary,120,126,10,10.362475770153223,0.40928801817504334,17.859084134259138,0.05738772709668316,0.07342525304496732,0.16912641595352668,False,False
D10,primary,121,129,1,0.05091849937138279,0.8214726549980985,0.007614838645336606,0.9304624294656865,-0.01963867937639381,-0.007594598767925208,False,False
D10,primary,121,129,2,0.05997874892329236,0.970455845109528,0.8014681368520591,0.6698281658134679,-0.00825166213495069,0.07723986112143885,False,False
D10,primary,121,129,5,2.6213045796523535,0.7581256959262042,3.0216249133735746,0.6966517427569263,0.09638123555345965,0.003732134773002612,False,False
D10,primary,121,129,10,4.021458652276546,0.9463737519159472,5.0024436075848735,0.8910147238023549,-0.07237643194915724,0.05901927867760672,False,False
D10,primary,122,110,1,2.5577170184298264,0.10975697798132134,2.732518463171111,0.09832412521273837,0.15042989128586404,0.15548533997940334,False,False
D10,primary,122,110,2,2.627242808001394,0.2688446961057873,2.8133572570660474,0.2449555218144286,0.024687635046037514,0.02662051398195398,False,False
D10,primary,122,110,5,3.837913367406928,0.5729806108844028,3.8180358155683614,0.5759005278820127,0.05981205885417233,-0.08949111253305878,False,False
D10,primary,122,110,10,9.737485955390579,0.46381864339490353,9.467436364210371,0.4883892868083094,0.002371742921471811,-0.009566455583502047,False,False
D10,primary,123,137,1,0.026907636979926368,0.8697032172229354,0.0004933748072912707,0.9822788118794721,-0.013862435881379268,-0.0018771122995379242,False,False
D10,primary,123,137,2,0.2897654175796549,0.8651237585727135,0.7594334374746585,0.6840551617777894,0.043167770479601554,0.0733504765837661,False,False
D10,primary,123,137,5,1.4398210231480832,0.919908225543248,1.273511526869024,0.9376335747944418,0.07740262315069533,0.014023456536585894,False,False
D10,primary,123,137,10,5.43435679258394,0.8603409156684176,6.681712481663652,0.7551126385739434,-0.03358956290628862,-0.06479112230131896,False,False
D10,primary,124,108,1,0.09210944108674701,0.7615123735437863,0.001138691588429876,0.9730808896522299,0.028802868526889243,0.0032024822017761986,False,False
D10,primary,124,108,2,0.5493692987188771,0.7598116925527653,0.42442325257155783,0.8087935174859688,0.06387431426358786,0.061455524050987025,False,False
D10,primary,124,108,5,2.9207706253917,0.7121992887224655,1.4865348296800949,0.9146184413545332,-0.0770747356180721,-0.09507023116840038,False,False
D10,primary,124,108,10,4.528339860285604,0.9203822489475132,4.232272128283493,0.9362610046596056,-0.01000240393695436,-0.05257528093088304,False,False
D10,primary,125,118,1,0.6004717326944728,0.43839809527640305,1.7834844264304683,0.18172204040826256,-0.07043809274799764,-0.12139364864049416,False,False
D10,primary,125,118,2,0.602546087407295,0.7398757267555979,1.7836082044303296,0.4099155556954749,-0.004122293211275626,0.0010069759499788586,False,False
D10,primary,125,118,5,2.6496145915769334,0.7538132112570791,4.775229368554678,0.4439227973625407,0.08673136415296423,-0.03062908279162714,False,False
D10,primary,125,118,10,9.193338944873023,0.5138587024908858,8.934831322955745,0.5382993240052144,0.07823662195081228,0.04242876521055522,False,False
D10,primary,126,118,1,0.31016126801765737,0.5775812417102908,0.022514592995676902,0.880726244052382,0.05062384012625819,-0.013639339964516953,False,False
D10,primary,126,118,2,9.5352065379029,0.008500729726864331,8.675395348924953,0.013066577113153843,0.2749043556462814,0.26624271132536925,True,True
D10,primary,126,118,5,11.941075231602674,0.03560416759207663,10.991255026834889,0.0515536464873817,-0.1141237306149715,-0.09518937991755867,True,False
D10,primary,126,118,10,18.028775803398027,0.054480170281580365,13.007108186587862,0.22327466185021594,0.0005909465235564248,-0.012095628794269895,False,False
D10,primary,127,113,1,0.5134141677323897,0.47366461236380897,0.02496230475157331,0.8744610261123614,0.06652039108896829,0.014667740230738689,False,False
D10,primary,127,113,2,0.7505155919746451,0.6871121212090081,0.025850762665583758,0.9871577926709487,-0.045002892550265634,-0.002754810804169446,False,False
D10,primary,127,113,5,3.19920265079104,0.6693054473106312,3.545870921699102,0.6164584260876415,0.08259026985746293,0.0842017546353412,False,False
D10,primary,127,113,10,8.272685221230901,0.6022203868528551,11.720298739891657,0.30421194996865286,-0.01539667168747644,-0.05913428505847148,False,False
D10,primary,128,123,1,0.017056185821433867,0.8960922702716314,0.47243282618096494,0.4918700787094563,0.011633578174929271,0.061226916231013354,False,False
D10,primary,128,123,2,0.5308292846986772,0.7668878998414155,0.7209691912038694,0.6973383170972889,0.06358736130704956,0.04422624771017455,False,False
D10,primary,128,123,5,0.6229556812772596,0.9869280967131393,1.2464885670128958,0.9403404351425372,0.022197081960048774,0.024292189888425533,False,False
D10,primary,128,123,10,1.5581564576573153,0.9987425299199812,2.0952250624055875,0.9955568357154088,0.05583984560043919,0.03366677288182945,False,False
D10,primary,129,190,1,1.3913335793415946,0.23818001908320918,0.960919423830774,0.3269553382890248,-0.08490223455506997,-0.07055811557012746,False,False
D10,primary,129,190,2,1.823052802108624,0.4019102793158197,0.9624888240078255,0.6180138492388664,0.04716851493889344,0.0028439264370062577,False,False
D10,primary,129,190,5,1.9934081978267675,0.8500563846374686,3.2140013489205845,0.6670315305647918,0.028696730244601988,0.0023579201129885854,False,False
D10,primary,129,190,10,3.903782763502554,0.9515831234466288,4.328454337975101,0.9313158256095836,0.01679506598535017,0.006454522672648283,False,False
D10,primary,130,123,1,0.3162669607154018,0.5738597490383144,0.07102889290512097,0.7898445623546453,-0.0500955634452413,-0.02374050079186968,False,False
D10,primary,130,123,2,1.2252232570208714,0.5419336898320131,0.4989890753965873,0.7791945370132902,-0.08457784670372123,-0.05803457454567121,False,False
D10,primary,130,123,5,4.003880286416988,0.5488574191784634,5.097734208277829,0.4040694852606376,-0.05637588373742469,-0.12731408601501687,False,False
D10,primary,130,123,10,7.127512238173266,0.7133546836149302,9.03953753221104,0.5283554799722369,-0.09689374077676385,-0.01526749603749747,False,False
D10,primary,131,156,1,0.26001499325458677,0.6101098544201426,0.09493305166708796,0.7579970522672662,-0.0404365599769294,0.02443339000714187,False,False
D10,primary,131,156,2,0.5421670796827638,0.7625527902049605,0.12279092954266319,0.9404512508877266,-0.04198664284187988,0.01319299910124927,False,False
D10,primary,131,156,5,6.175143937040876,0.2895478340470715,10.506622281436183,0.06208888427247161,0.060860719881652384,0.20548582224879136,False,False
D10,primary,131,156,10,10.253970161392743,0.41850139124594343,12.43731874443654,0.256853630747083,-0.07409477419687617,-0.016395470090431546,False,False
D10,primary,132,105,1,1.3491997597316225,0.24541806460605886,0.9198318510715544,0.3375191265553692,0.11175533348665614,0.09227506359761597,False,False
D10,primary,132,105,2,1.4093822548071189,0.49426121442636506,1.1369986546255086,0.566374744384871,-0.023489142816259728,-0.04461992063922924,False,False
D10,primary,132,105,5,1.8905336845343623,0.8640749994040494,2.198656477047062,0.8210300090550764,0.039208656931110156,0.01305369745948935,False,False
D10,primary,132,105,10,7.329242432573388,0.6940396051299591,4.360760343432944,0.9296085485227115,-0.019211445137731577,-0.014568100528125176,False,False
D10,primary,133,95,1,0.4892100659411227,0.48427988766313257,7.291792956589542,0.006927031027115005,0.07064215661875589,0.2727303196006154,False,True
D10,primary,133,95,2,3.075383589350847,0.2148765085575155,7.40134604461946,0.024706892583565954,0.16155583009393923,0.03325110760565696,False,True
D10,primary,133,95,5,10.516168063128795,0.06186316399141423,15.825916148284552,0.007359072179679016,-0.10076210293078654,-0.06626222187390361,False,True
D10,primary,133,95,10,13.23703063402362,0.21071949407350632,20.426166877493863,0.025469994515725958,-0.06943490444274554,-0.13641842579992425,False,True
D10,primary,134,88,1,0.561517500822259,0.45364946383947713,2.206107124076995,0.13746517105632994,-0.07853779133718557,-0.1556719387022935,False,False
D10,primary,134,88,2,0.5618798283035458,0.755073703361151,2.7250859086767716,0.2560089294777621,-0.0019835231444268776,-0.07506913940735704,False,False
D10,primary,134,88,5,6.540511340535095,0.2571156863783288,10.361306294785004,0.06562163418309497,0.05022143777797028,0.03184906847366555,False,False
D10,primary,134,88,10,8.791902299329063,0.5519602615071239,13.515874177059645,0.19624081984596453,-0.057996931820293446,-0.050588982370946736,False,False
D10,primary,135,77,1,1.9973203012292697,0.1575775774917254,2.504108181155879,0.11354974841090959,0.15796895531164634,0.1768782494691473,False,False
D10,primary,135,77,2,2.2005034589610903,0.33278730077884955,2.5566295191194617,0.27850625519558203,-0.0500513246850341,-0.02544717719968118,False,False
D10,primary,135,77,5,3.1062406749081477,0.6836106588317861,5.3841102209145575,0.3708209930110832,-0.07281518314476057,-0.13942341345864206,False,False
D10,primary,135,77,10,7.166250108177968,0.7096622456717782,10.097310667511158,0.4319977987565443,-0.11936028160791355,-0.16200676340230763,False,False
D10,primary,136,160,1,1.5024691621108397,0.22029183154118692,0.056670672993596446,0.8118376381003253,-0.09600278834195348,-0.018644908166559112,False,False
D10,primary,136,160,2,2.235187591048399,0.3270658358339116,0.7318099105397022,0.6935687181288326,-0.06683125278814979,-0.06415163350001979,False,False
D10,primary,136,160,5,4.939682808090498,0.4232856967623675,6.384639320254969,0.27056966582057496,0.03529241205358565,0.11341912624904067,False,False
D10,primary,136,160,10,6.875601994509413,0.7371343898174588,10.174219143546656,0.4253437996668934,-0.07308865974670826,-0.04618905200747857,False,False
D10,primary,137,104,1,0.0616748970241773,0.8038680170349983,0.12826197649833646,0.7202409312486915,0.02400508381065089,-0.03461768119813368,False,False
D10,primary,137,104,2,2.300825148182677,0.3165061601964775,0.13163805013702393,0.936300295841617,-0.14393688571684032,-0.005589029977635085,False,False
D10,primary,137,104,5,3.456359587225757,0.6300010225022872,1.0841774043101082,0.9554946119515046,-0.03023977914205961,0.041826992984037366,False,False
D10,primary,137,104,10,4.84950721335358,0.9010015629612658,4.830159148823636,0.9022308152375836,-0.04169122398664709,-0.09849947284972685,False,False
D10,primary,138,127,1,3.566375293193278,0.058960880495559254,2.303230782077245,0.12910520949848836,0.16561591874700043,0.13309363454070372,False,False
D10,primary,138,127,2,4.296354615667067,0.11669666614522733,2.4298951639128563,0.2967255676601377,-0.07463002207333613,-0.031087481859747235,False,False
D10,primary,138,127,5,7.4910336340104,0.18660656944619414,4.763323393914635,0.44544193530819154,-0.0065345677798332195,-0.026298806631617218,False,False
D10,primary,138,127,10,12.4646819091381,0.25515959801390165,16.38469386717881,0.0891369698105029,-0.00994289498231134,-0.030942080788154053,False,False
D10,primary,139,94,1,0.16481774199072313,0.6847591222294606,0.2258702206187543,0.6346030507167335,0.04121391878520068,-0.0482471227479034,False,False
D10,primary,139,94,2,0.2540384356582788,0.880716746970557,0.2265083485558438,0.8929236730402651,0.030159710472667266,-0.002550634616576422,False,False
D10,primary,139,94,5,1.3841473919645415,0.9260394918640772,0.7687470355658599,0.9789837812306161,-0.004642993319175341,0.002024550723354244,False,False
D10,primary,139,94,10,5.764727042016569,0.8346272811709633,6.196653407253689,0.7984794585339606,-0.029991277651757058,-0.02907928802084923,False,False
D10,primary,140,74,1,0.0036824791756539083,0.9516113250276407,0.12107723010080522,0.727869070802009,-0.006913674420601915,0.039643319493569154,False,False
D10,primary,140,74,2,0.7721981872928397,0.6797031680776131,0.13568103530978326,0.9344094835103927,0.09919047421523,0.013673402808149668,False,False
D10,primary,140,74,5,2.9795408722753662,0.7031401941370264,0.4595724708014312,0.993528902887415,-0.0962469969725314,-0.0440046890212962,False,False
D10,primary,140,74,10,3.4045823573428065,0.9702393070461,5.769857139276899,0.8342139477112134,0.022459834948464544,0.10894055149313416,False,False
D10,primary,141,102,1,1.0015157440264189,0.3169440199336272,3.901683637249788,0.04823774365520794,0.09765012910219509,0.1927391580529687,False,True
D10,primary,141,102,2,1.3301815113790008,0.5142268565759007,5.1669181183791055,0.07551235005707113,-0.055662214477989656,-0.10921159604407893,False,False
D10,primary,141,102,5,2.77850997162649,0.7340869696125556,5.84295452080274,0.3218013404287763,0.009310596201638273,0.05611377258662725,False,False
D10,primary,141,102,10,6.33282395393915,0.7865688124298147,8.867665842738104,0.5447070383089143,-0.054160058788941624,-0.10238833931280021,False,False
D10,primary,142,119,1,0.8221600805902853,0.3645493651213352,0.07065902580356108,0.7903796453812524,0.08208296409504444,0.024063492543012318,False,False
D10,primary,142,119,2,2.123011536396651,0.34593452075786224,0.07888292586269967,0.9613262255628567,0.10281124508908626,-0.008174584302834523,False,False
D10,primary,142,119,5,17.488787276967916,0.003660291633173496,10.306757283718506,0.06699561261424913,0.194920079160233,0.19303468813624167,True,False
D10,primary,142,119,10,22.919785972782375,0.011046565496314664,24.82969778995008,0.005677827024682225,-0.05838284512878271,-0.13342932077559483,True,True
D10,primary,143,138,1,0.2549083116880246,0.6136399938078039,0.9132097682866467,0.3392642047069464,-0.04251563998015704,0.08047148147003974,False,False
D10,primary,143,138,2,1.0382950868655592,0.5950275669908025,2.283033074783521,0.3193343718988706,-0.07425984031249531,-0.09819698841790682,False,False
D10,primary,143,138,5,2.986240317896186,0.7021072970206758,3.726156020498459,0.5894764142457813,-0.10168084849788213,-0.0813884184216948,False,False
D10,primary,143,138,10,7.677814156863831,0.6602744479614572,7.986879230784451,0.6301186143243509,-0.11577528029865505,-0.1265230220328141,False,False
D10,primary,144,80,1,0.8770259280195463,0.34901754961994347,0.0643818296471305,0.7996997149609366,-0.1027703516085626,-0.027844747452428598,False,False
D10,primary,144,80,2,2.4366683866102115,0.29572237315901273,0.17015118603157256,0.9184428539121058,-0.13617829942117307,-0.035462986969726794,False,False
D10,primary,144,80,5,3.5298377227410156,0.6188776890487542,1.9217127709723714,0.8598680872492775,-0.08033564571198407,-0.11414134809288087,False,False
D10,primary,144,80,10,8.556321492783384,0.5746624342303357,4.964024282856406,0.8935682261109564,-0.17779482161966975,-0.1437452003015862,False,False
D10,primary,145,78,1,0.05081898046230886,0.8216442656455494,0.9255584101766913,0.3360197352441464,-0.025041828775013226,0.10686979675713383,False,False
D10,primary,145,78,2,1.0421522322537542,0.5938811189324198,2.6031815950320376,0.2720985947913178,0.10988143897307336,0.14294261111353795,False,False
D10,primary,145,78,5,1.2957357930424371,0.9353698507046406,3.9757690559129184,0.5529098801217266,-0.0446069437280452,0.06783547981438436,False,False
D10,primary,145,78,10,5.596387190169651,0.8479572750475045,8.94190912623063,0.5376253732756486,-0.12205709554976932,-0.1474370083456707,False,False
D10,primary,146,164,1,0.026177069156142315,0.8714686360915936,0.020945684922461447,0.8849270197177443,-0.012519250930476667,-0.011198635709578571,False,False
D10,primary,146,164,2,0.40949320449525,0.8148537723670044,2.064880763666861,0.35613678947488747,-0.047759534992159756,-0.1102846547234123,False,False
D10,primary,146,164,5,0.8577810799107892,0.9732024449769033,2.4779620038568853,0.7798103181458114,0.030887741857655887,-0.018805246803584776,False,False
D10,primary,146,164,10,5.251169283224223,0.873780458679001,7.616858396343637,0.6662049539587455,-0.01597284867711227,0.08907099915295345,False,False
D10,primary,147,114,1,0.01654744383277182,0.8976449921369927,0.46827646119320787,0.49378114733508893,-0.011891133619828303,0.06325705446124696,False,False
D10,primary,147,114,2,3.050305309875908,0.21758783847184004,1.5932365498701992,0.4508510433136981,-0.1602942887271735,-0.09761041258273741,False,False
D10,primary,147,114,5,9.816944798436078,0.08059133683007291,6.472277564357719,0.26293613324581555,0.2337781427154043,0.1988824878327133,False,False
D10,primary,147,114,10,11.037438700131963,0.3546086310455281,7.857967843737023,0.6427081790906649,0.04850921266152811,0.04850018813998861,False,False
D10,primary,148,95,1,0.03434519902715465,0.8529744618541736,0.4295362312507711,0.5122166002640682,-0.018717561800515266,0.06619362392111768,False,False
D10,primary,148,95,2,0.08249246491559611,0.9595928179571008,0.43406996753287436,0.8049018103155137,-0.022043452691875503,0.006764285534219691,False,False
D10,primary,148,95,5,3.085939137669552,0.6867383908380705,3.4617227123658645,0.6291872199836794,0.027818174030840356,0.007342527235695512,False,False
D10,primary,148,95,10,8.353125430941635,0.5943862325735914,6.489608064945296,0.7725894249763385,-0.08244218059611023,-0.02186056358929633,False,False
D10,primary,149,134,1,0.2261330868707999,0.6344060292825269,0.5685483790425847,0.4508363291197851,-0.040624312349023375,-0.06441509920107794,False,False
D10,primary,149,134,2,0.407187090688639,0.8157938870331094,1.0630384568965145,0.5877114231861226,0.03621338975367295,0.059847209191574866,False,False
D10,primary,149,134,5,3.1027189990477564,0.6841531493985973,3.8292101947389536,0.5742582924342855,-0.061748976664450415,-0.042462421633056746,False,False
D10,primary,149,134,10,6.564517666779086,0.7658176032364115,5.076376193463726,0.8860179186408467,-0.0505367336171038,0.047667091338101895,False,False
D10,primary,150,116,1,3.7768080861834403,0.05196770668608197,1.350090226891354,0.24526234384145407,0.17813176887609444,0.1065026266103585,False,False
D10,primary,150,116,2,8.408793514008101,0.01492978964415681,5.288202960947639,0.07106918210765867,0.1964110962488909,0.1811033565431611,True,False
D10,primary,150,116,5,10.931286854637145,0.0527595124030279,7.886326998944832,0.16261264246056628,-0.08286862241936292,-0.1108842437323572,False,False
D10,primary,150,116,10,11.638655375420205,0.30996749560725445,8.30487313918726,0.5990841610087726,0.023122159407033195,-0.00012428987983059282,False,False
D10,primary,151,128,1,2.1358488588026443,0.14389079073018007,3.6807980680381216,0.05504249809304451,-0.12767634982471676,-0.16760856029936982,False,False
D10,primary,151,128,2,8.86436486536419,0.011888515454937854,7.991406133190217,0.01839450929840325,0.22571907223120413,0.18066660357461015,True,True
D10,primary,151,128,5,14.768383562523397,0.011399228728343647,10.83704765039359,0.054708303956826576,0.1687865096374288,0.13238566696608942,True,False
D10,primary,151,128,10,18.25233727142027,0.05085335018799042,15.092302153815552,0.12873274875705343,-0.05539136901069529,-0.056363854928593755,False,False
D10,primary,152,119,1,0.3791028206237392,0.5380837830496992,0.6671870251312578,0.41403406049161295,-0.05573825211694481,-0.07394326680910453,False,False
D10,primary,152,119,2,0.5090776337050105,0.7752739588117805,0.7889013725052302,0.6740502026143707,-0.03249797990431974,0.0314483346588182,False,False
D10,primary,152,119,5,4.260532838082213,0.5125472902504749,5.00073186550132,0.41579087555333705,-0.09474962834746588,-0.10287991963336619,False,False
D10,primary,152,119,10,9.672669807242352,0.4696649901565184,16.913599869548264,0.07629779062936248,-0.0242694179679061,-0.04601919571622135,False,False
D10,primary,153,107,1,0.09743763631538224,0.7549265122062357,0.3689141391158533,0.5435967510545894,0.02975850879789134,0.057904250562805834,False,False
D10,primary,153,107,2,0.10256316120836044,0.950011128159378,1.4749597234632288,0.478317824929826,-0.006792954181208058,-0.09978747301954306,False,False
D10,primary,153,107,5,1.352813666637973,0.9294045230145055,2.2223847356641766,0.8175961277731318,0.022040249987426857,0.07981098998575077,False,False
D10,primary,153,107,10,7.579469800316595,0.669838164013351,3.9818422207446624,0.9481623936886383,-0.1357008697343201,-0.026789194592826606,False,False
D10,primary,154,120,1,1.3128230776066803,0.2518841572490612,0.007606501803459362,0.9305004088183827,-0.10330136103134661,0.00786312950693763,False,False
D10,primary,154,120,2,2.1461139323736025,0.34196155306181875,0.4202690699923152,0.810475201357093,0.08195373914264172,0.05767239720469756,False,False
D10,primary,154,120,5,14.49687245521857,0.012743003564447575,7.733137413978676,0.17156918272911692,-0.23450034331819528,-0.20812673337121812,True,False
D10,primary,154,120,10,17.679108532051103,0.06062396472844256,12.602986868166456,0.2467237782306687,-0.012470674906133846,-0.07309015204270455,False,False
D10,primary,155,96,1,0.2808361126867095,0.5961537218888816,2.049058438805024,0.1523003531490238,0.05325245385865576,0.1438435260993295,False,False
D10,primary,155,96,2,1.181572079269113,0.5538917327211881,2.348044454490974,0.3091210821421413,0.09486675047865982,0.05465636064326763,False,False
D10,primary,155,96,5,3.1319754161122226,0.6796474523912601,4.583025646781998,0.46885232247967146,-0.11312528555644757,-0.10489657594484246,False,False
D10,primary,155,96,10,8.642354133763236,0.5663480036386556,12.342899806995899,0.2627627295400221,-0.004386829655017527,-0.038143795527455726,False,False
D10,primary,156,152,1,0.019658268682981057,0.8884956923404386,0.6484126575557775,0.4206807681673256,-0.011261051705158055,-0.06467434831466509,False,False
D10,primary,156,152,2,0.7868488797999384,0.6747422992463841,1.2971222655028924,0.5227974719965823,0.07011567426763513,0.0644745975957676,False,False
D10,primary,156,152,5,2.912295656586391,0.7135051887751718,1.8935633519008037,0.8636678732593551,-0.07317946906232299,-0.03968218163916558,False,False
D10,primary,156,152,10,11.354712584376136,0.33055844517630373,10.543481964200158,0.394171789873603,0.1826336813223842,0.112155523106072,False,False
D10,primary,157,150,1,1.7214663945345043,0.1895043971828323,3.1745702587962508,0.07479288460420974,-0.10606570555135655,-0.144035048208097,False,False
D10,primary,157,150,2,5.102213530927314,0.07799529571451991,11.92972151759591,0.002567402070648761,0.14813912619533787,0.23839396722600215,False,True
D10,primary,157,150,5,7.960852840827888,0.1584063419296038,12.763293776737473,0.025700871056099084,-0.04881854895535963,0.044538952677734736,False,True
D10,primary,157,150,10,16.261922425640485,0.09237604596338389,19.17589351554738,0.038084613638093456,-0.01663053441822129,-0.0825379463414064,False,True
D10,primary,158,100,1,0.0015265951947460372,0.9688332498399891,0.001459582463062813,0.9695246471976392,0.0038492795898415018,-0.003763845861735543,False,False
D10,primary,158,100,2,4.32384961785513,0.11510335571192376,0.22492770972118564,0.8936296468929373,0.20378469420019363,0.046336235419724814,False,False
D10,primary,158,100,5,5.144779428268823,0.39846801819963307,0.5069420387634148,0.9918668977210628,-0.058649932166047275,-0.04141230146123473,False,False
D10,primary,158,100,10,9.11153981421134,0.5215518250497773,6.17217975453466,0.8005958822483812,0.01991037496988913,-0.019184292924567917,False,False
D10,primary,159,100,1,0.4309379690213756,0.5115290597289729,0.9946771633032001,0.31860191549497574,-0.06467328063997435,-0.09825588799750434,False,False
D10,primary,159,100,2,0.6551588764692119,0.7206660405636205,1.709708815090835,0.42534511361357397,0.04641421449137926,0.08288493197528646,False,False
D10,primary,159,100,5,1.8991485705267304,0.8629163885850111,2.7446557141071954,0.7392805287691545,-0.07993661963625201,-0.07976667052958741,False,False
D10,primary,159,100,10,7.783588219406489,0.6499663250063084,8.515703280471056,0.5785961826711992,0.09982909487210491,0.15199766036228957,False,False
D10,primary,160,134,1,0.007319003478621882,0.9318232130952506,0.08919806270263908,0.7651991389093389,-0.007308528483940235,-0.025514183702157394,False,False
D10,primary,160,134,2,0.8270664036889912,0.6613095773181819,0.2752112234841344,0.8714423105964896,0.07705576496671354,0.03670599055020292,False,False
D10,primary,160,134,5,6.118565723237037,0.29485235790711384,3.2438264836410626,0.6624521801061342,-0.08300780869891167,-0.07264393804176172,False,False
D10,primary,160,134,10,8.111557549303567,0.617941016400256,4.400422514229734,0.9274808414424989,-0.016034967589450996,-0.05113767734716905,False,False
D10,primary,161,131,1,0.9060144129226151,0.3411741285218348,0.9442717005135938,0.3311816854832881,-0.08222005464733151,-0.08393801506400143,False,False
D10,primary,161,131,2,2.326399182756059,0.312484756130454,1.7886873448650502,0.40887586709847845,-0.10255017133281621,-0.07906996057327875,False,False
D10,primary,161,131,5,4.856389169130419,0.4336570509758799,4.009573739604816,0.5480383898857653,-0.03573407796851597,0.04674211723488246,False,False
D10,primary,161,131,10,9.830806455361552,0.4554606515398375,12.716112020905326,0.2399802561276012,-0.03924499121494268,-0.10681330291227467,False,False
D10,primary,162,133,1,0.14128670042915245,0.7070051939396929,1.2065726347335677,0.2720119666276072,0.032228856912066096,0.09418266963474925,False,False
D10,primary,162,133,2,0.48314220247830164,0.7853929593910725,1.2277597362894643,0.541246823694902,0.049941804488958914,0.012433079689096141,False,False
D10,primary,162,133,5,1.368142519544589,0.9277661611480633,1.8110454606561863,0.8746235860263004,0.03552671787458249,0.053022555483890454,False,False
D10,primary,162,133,10,3.7955417240046336,0.9560994162762823,6.096943018951074,0.8070537804015119,-0.10621358197872431,-0.05210258858662653,False,False
D10,primary,163,91,1,0.00023598008249381625,0.9877436640880016,0.6251205871150165,0.4291507840545393,-0.0015841516666491736,-0.08153441981228769,False,False
D10,primary,163,91,2,0.24803158685913837,0.8833658893956222,0.8212409284328445,0.6632386066221314,-0.05104810607893011,0.045414459843317476,False,False
D10,primary,163,91,5,2.1093755245518477,0.8338132599041944,7.903281401339304,0.16164715026496312,-0.03765220925808436,-0.06060059086093142,False,False
D10,primary,163,91,10,9.52814950867099,0.4828175547796898,12.284034349398844,0.26649682645537487,-0.13638885817287272,-0.1080911364250756,False,False
D10,primary,164,93,1,1.6252430593358649,0.20236226480584596,0.631293427364555,0.42688127286351396,0.1300917622504268,0.08107860552347973,False,False
D10,primary,164,93,2,2.940184890647625,0.22990423063325016,2.747560846306124,0.25314814123096485,-0.11637794656154707,-0.1476395429719752,False,False
D10,primary,164,93,5,2.988712883187593,0.701726081101198,3.3171531686171765,0.6512165817364841,0.01342399504694183,-0.001059328645570638,False,False
D10,primary,164,93,10,5.982360217665809,0.8167430778540062,4.83305917065352,0.9020470613133413,0.11325234831884956,0.054096556865727514,False,False
D10,primary,165,134,1,0.0011441965583508104,0.9730159230502626,0.6471812315774045,0.421122269163029,-0.0028897101651740734,-0.06872534428978827,False,False
D10,primary,165,134,2,0.46786531700052053,0.7914151091815078,1.4021601915100999,0.4960492336684117,0.05814251845869632,0.0739490393509936,False,False
D10,primary,165,134,5,7.676203630971643,0.1750067087895456,5.04212149388797,0.4107612982278359,0.011544614779027369,0.009393340155235673,False,False
D10,primary,165,134,10,9.133594944902503,0.519473679277683,7.1374283448518305,0.7124103107984397,0.026569170091862746,-0.03354836365027672,False,False
D10,primary,166,93,1,1.2106539148190973,0.271202654398765,1.1842547975812994,0.27649150247561005,0.11227954450195349,0.11104863206942793,False,False
D10,primary,166,93,2,1.2119175765263874,0.5455511078046851,1.2788782151585012,0.5275882613259018,-0.0036077200654374077,0.03121883799908412,False,False
D10,primary,166,93,5,7.581895523496921,0.18083346831684843,3.8377875832051225,0.5729990681917024,-0.08538972407123276,-0.061933138225460795,False,False
D10,primary,166,93,10,9.475274242496337,0.487668499559317,4.3706520785313465,0.9290811630525415,-0.1072014381686791,-0.0561338338211735,False,False
D10,primary,167,102,1,0.8286986081342783,0.36264911013760415,0.2994329546981816,0.5842381257672716,-0.08882643577267904,-0.05339415639800301,False,False
D10,primary,167,102,2,1.7420695877381864,0.4185182449819944,1.0134824454587161,0.6024556521422244,-0.09279121231963319,-0.08204410870153611,False,False
D10,primary,167,102,5,4.6406884693416695,0.4612832263057398,5.127388852948196,0.40053227812099657,0.051462860292359885,-0.022789993954060096,False,False
D10,primary,167,102,10,5.538916381158167,0.8524012261213514,6.973421132189661,0.7279517572211613,0.019650146123576233,-0.03459210732877151,False,False
D10,primary,168,167,1,0.21808664560276053,0.6405016815748625,0.06474561263170009,0.7991466975723504,0.035815167983191905,-0.019514508993495307,False,False
D10,primary,168,167,2,0.2218402733069428,0.8950102245865632,0.142301373226079,0.9313215438644599,-0.004684529542590096,-0.021293517791626988,False,False
D10,primary,168,167,5,2.4881860314653226,0.7782732178316327,0.6995601004064612,0.9829928091930731,0.027994378665695752,-0.02602882265312158,False,False
D10,primary,168,167,10,3.599265231172353,0.9636198955655031,1.8928235765277874,0.9970975126441017,0.022991928805545143,0.035412829919008314,False,False
D10,primary,169,142,1,0.010393346096525402,0.9187981391456806,0.4628881357984875,0.4962772833822624,0.008465679699027936,0.05649658053776554,False,False
D10,primary,169,142,2,0.6855993229686078,0.7097803936679945,0.5550107011569761,0.7576715106112432,0.06799183128712431,0.025114330852172965,False,False
D10,primary,169,142,5,1.8311425879766519,0.8719813399233818,0.965889812106185,0.9652698087601285,-0.05637768425745618,-0.04766465182480148,False,False
D10,primary,169,142,10,5.133758063065479,0.8820654930173053,9.546049279276703,0.4811799977146417,-0.10487179280439564,-0.13655775175288035,False,False
D10,primary,170,110,1,0.40286043286699313,0.5256156954467983,0.8246554677456787,0.3638225231217388,0.05970149445481386,0.08541697095598375,False,False
D10,primary,170,110,2,1.3931607057399478,0.4982863571437658,1.483143582660053,0.4763645810581604,-0.09317297725611974,-0.0759767118769035,False,False
D10,primary,170,110,5,4.023533536632031,0.5460326968831949,5.4709936973531965,0.36113701202432746,-0.11872433674285572,-0.07479146921515098,False,False
D10,primary,170,110,10,9.267177585586406,0.5069491714021394,8.31073348229841,0.5985133530175782,-0.061361202658025533,-0.04518575599500356,False,False
D10,primary,171,109,1,1.4173022261941,0.23384795423779292,1.7469486402936523,0.18626079105997773,-0.11247820423405694,-0.12487549073022963,False,False
D10,primary,171,109,2,3.7765566887474167,0.15133212649040428,5.490421311892053,0.06423476808332595,0.14444567512277728,0.18195101557521204,False,False
D10,primary,171,109,5,5.321145361264071,0.37795656792047994,5.792074603840782,0.326979612416075,0.04165203374618557,0.011997529530740281,False,False
D10,primary,171,109,10,8.1916807453094,0.6101199859403553,9.398877139635577,0.49471261302003333,-0.015517307236434122,-0.05669274220470768,False,False
D10,primary,172,138,1,0.9083166132949719,0.3405614656027792,1.0085516308762732,0.3152500736072468,-0.08025560099950325,-0.08456794756394731,False,False
D10,primary,172,138,2,1.076078737495057,0.5838919276062544,1.0681382524213314,0.586214728163799,-0.03436472330195088,0.020480486761753014,False,False
D10,primary,172,138,5,13.015351352641439,0.023235333242125566,7.774483128911533,0.16911008550324225,0.07507658584203493,0.012225008617724083,True,False
D10,primary,172,138,10,24.284470611772626,0.006880079901331548,12.177748910294662,0.27333659335376637,-0.043167219463267015,-0.0830081006131532,True,False
D10,primary,173,130,1,0.3460788468782403,0.5563412370481112,2.132434766175859,0.1442115290565097,-0.051006290602999944,-0.12661177304816065,False,False
D10,primary,173,130,2,1.245660613824919,0.5364240423419723,2.9493895417941944,0.22884856762898886,0.08191560917295124,0.07806302041381338,False,False
D10,primary,173,130,5,1.9156534750625984,0.8606885878285305,9.502624929430299,0.09061900273472467,0.015229242284592643,-0.04319016684085818,False,False
D10,primary,173,130,10,8.01935558371894,0.6269462231794303,12.080268790554586,0.27972033914804095,-0.11832764260848946,-0.07269396960225638,False,False
D10,primary,174,144,1,0.008935150506915445,0.9246913894291966,0.7761060978054826,0.37833468537635817,0.007795810628818102,0.07265590097211923,False,False
D10,primary,174,144,2,0.06821362010143543,0.9664682705993886,3.544226797315269,0.1699733874398629,0.020009442551232767,0.136734784249868,False,False
D10,primary,174,144,5,5.8213695857590775,0.3239903424270074,6.891321226005267,0.22884917906084912,-0.1655059530779063,-0.14385364360388067,False,False
D10,primary,174,144,10,13.48352147989309,0.19787923401750018,10.923814369684038,0.36348432660918717,0.07443635934938594,0.03780667511856211,False,False
D10,primary,175,85,1,0.8225787426666266,0.36442727937227426,1.2448634770176394,0.2645357977690498,0.09666278305877378,0.1189135697111897,False,False
D10,primary,175,85,2,1.4789093965570164,0.47737415750926915,1.31207736306967,0.5189028078136919,-0.08582845626237057,-0.027466255754683446,False,False
D10,primary,175,85,5,2.581909876389376,0.764111897676546,1.3971188584365346,0.9246281791456846,-0.10101146429461841,0.01282483944289181,False,False
D10,primary,175,85,10,7.3370158003861095,0.6932913727634672,11.543939035987258,0.31673724678534687,-0.10348759267712501,-0.07300622085856971,False,False
D10,primary,176,117,1,0.09539422238536113,0.757428366848663,0.7878077806867284,0.374763828673216,0.02819185279999567,0.08101635797330571,False,False
D10,primary,176,117,2,3.0126957133081316,0.22171824792592099,5.1798154128072955,0.07502696427414912,-0.15522910932311695,-0.19046450470125087,False,False
D10,primary,176,117,5,10.665727087726706,0.058425565219645925,14.463962916996723,0.012915946339931428,0.21003031014680518,0.16682572283396094,False,True
D10,primary,176,117,10,15.588955721276005,0.11201917605188638,15.836758982297454,0.10440168816233308,0.04555235080386276,-0.011924640845574831,False,False
D10,primary,177,122,1,0.20711181220620364,0.6490406158503801,3.803981022665403,0.051130878093995524,0.04070093269927119,0.17442996677538491,False,False
D10,primary,177,122,2,1.7524012479766118,0.4163618254705369,3.927739310883887,0.14031440063038048,0.1107145713400459,0.03133192021511939,False,False
D10,primary,177,122,5,3.9497691790182405,0.5566704432984436,5.670392894578808,0.33962312293683583,0.016580925503570734,-0.010811226194879587,False,False
D10,primary,177,122,10,18.20128572679765,0.05166168594587883,16.60542388649587,0.08356376976478885,-0.0790291649961441,-0.06930640785297519,False,False
D10,primary,178,135,1,5.2097400601223024e-05,0.9942410366071246,0.14718325806578858,0.7012418025625654,-0.0006143746089103484,-0.032655357114052805,False,False
D10,primary,178,135,2,2.0668044300896873,0.35579440996535117,1.0599624734885826,0.5886160139275256,-0.12191099360653626,-0.08101800108074989,False,False
D10,primary,178,135,5,5.795345066904861,0.32664484354488654,3.876883211265335,0.5672745897565771,-0.09387920782690938,-0.08184307415069517,False,False
D10,primary,178,135,10,19.600502007111896,0.033265910317702874,14.738819441217682,0.14187813248662762,-0.055523275891274204,-0.023397278089151444,True,False
D10,primary,179,164,1,1.562319042423099,0.21132599068432456,1.8785995676210978,0.17049340140416858,-0.09671697334243609,-0.10605592671613935,False,False
D10,primary,179,164,2,2.2555430019917693,0.32375393843380396,2.341925670565203,0.3100682528408333,0.06422710125168436,0.05250793311350698,False,False
D10,primary,179,164,5,5.827942878336666,0.32332250738476687,4.790915954471364,0.4419264020461514,-0.10069671021351029,-0.04608541574841105,False,False
D10,primary,179,164,10,15.739695574489016,0.10733032442682688,11.251165573558966,0.3382877053274005,0.09554789129265864,0.09529315600011536,False,False
D10,primary,180,103,1,0.39445631058618513,0.5299662275027122,0.0024871155131222246,0.960225196195561,0.06099388241516503,0.004843226748639736,False,False
D10,primary,180,103,2,4.061980346512569,0.13120554059010792,1.5111461422560841,0.46974134238083654,-0.18506909847216158,-0.11869788286751241,False,False
D10,primary,180,103,5,4.3663278901201,0.49796495036208044,2.2002631831971478,0.8207979531242466,0.03754894279502111,0.06515815545443046,False,False
D10,primary,180,103,10,9.035423288862143,0.5287451116702522,8.619874406956727,0.568518075650476,0.09505968857327483,0.033430345197396724,False,False
D10,primary,181,122,1,1.9840786785596338,0.15896138508787572,0.35999185415704876,0.5485107595270898,0.12597413132335109,0.05365970294169832,False,False
D10,primary,181,122,2,2.0764048834842717,0.3540906087275886,0.3750254779096357,0.8290185572831887,-0.027062153757244387,0.010920227939908003,False,False
D10,primary,181,122,5,2.9853872607522187,0.7022388194390814,2.7144727023681416,0.7439040274766755,-0.011235402157566843,0.05504153268067674,False,False
D10,primary,181,122,10,7.642396451751603,0.663721325778521,8.373878018280369,0.5923671602893519,-0.0036210392733086413,-0.12018113773186787,False,False
D10,primary,182,96,1,0.3092364738617318,0.5781490937968752,0.8639426150276389,0.3526377256988883,-0.055880271115321414,-0.09340187543389618,False,False
D10,primary,182,96,2,0.3222507385300213,0.8511853519356789,1.2341076578982741,0.5395316508765258,0.011403156631696675,0.06081531687640194,False,False
D10,primary,182,96,5,5.775982804320591,0.3286306359747545,6.803713971689633,0.23565241575321172,-0.1809237412494924,-0.1568152669736562,False,False
D10,primary,182,96,10,12.831424893308837,0.23325038644449658,11.883251949785622,0.2929460268385049,0.23117732328033805,0.1748671067887663,False,False
D10,primary,183,128,1,0.3063090169389118,0.5799540015722235,0.10760577260441732,0.7428865691546729,-0.048350958764185575,-0.02865780904529344,False,False
D10,primary,183,128,2,0.42897102409239773,0.8069565027957426,1.4731002833439482,0.4787627333946616,-0.03047639859751662,-0.10168422686129182,False,False
D10,primary,183,128,5,1.948451708786029,0.8562307788094752,1.7088793051779334,0.8877792247176008,-0.028712384249724762,-0.031558584501729256,False,False
D10,primary,183,128,10,9.971598104679034,0.44298861650019106,4.581355458044144,0.9173353171476066,0.16531367187093818,0.0621561182536745,False,False
D10,primary,184,113,1,0.5114100860660961,0.4745290769335013,0.0023261203571394175,0.9615330450885528,0.06639043495093576,-0.004477514082453546,False,False
D10,primary,184,113,2,2.448181819362115,0.294024874029126,0.009923940480991862,0.9950503199975034,0.12862120278162154,-0.00805597020384093,False,False
D10,primary,184,113,5,8.647737393841874,0.12396690668854016,10.843673401824491,0.054569105232939896,-0.061407388795129435,-0.06889829265705896,False,False
D10,primary,184,113,10,10.011833126676327,0.43945573621986433,11.56828635667533,0.314987565387965,-0.07317520684559432,-0.07025491675633035,False,False
D10,primary,185,92,1,4.421176011619788,0.03549556473167703,2.311829834786265,0.12839282584930267,0.21569086799990475,0.15596989786035517,True,False
D10,primary,185,92,2,5.809152613927265,0.054771992197647945,3.6380508041970643,0.16218373786508522,0.12018616755424699,0.11748200762069791,False,False
D10,primary,185,92,5,7.290883051476606,0.1998901343042896,3.8301952466090827,0.5741136198881234,-0.03498308770315064,0.03284975908444364,False,False
D10,primary,185,92,10,8.4100383383629,0.5888512936462824,4.86838995522917,0.8997944015267897,-0.0796411791071696,-0.025660740124540875,False,False
D10,primary,186,101,1,1.973773459473973,0.1600478995421154,2.1308489402301087,0.14436078387065387,-0.13774294153128006,-0.14311891402994478,False,False
D10,primary,186,101,2,2.015540955486028,0.36503191979030547,2.774916751502598,0.24970916564270984,0.01993689483254879,-0.07828960384476216,False,False
D10,primary,186,101,5,2.568168993483268,0.7661955047259549,6.224032363685252,0.2850259766593539,0.010589632194738567,0.13329012757812436,False,False
D10,primary,186,101,10,9.158310454844976,0.5171482385221263,10.297586701483965,0.41478440374845604,-0.0497666778176786,-0.09948712089316707,False,False
D10,primary,187,155,1,0.10503457778900466,0.745869605915271,0.59509879124345,0.44045419330060753,-0.02578165735058616,0.061367611335616586,False,False
D10,primary,187,155,2,0.10506117521689289,0.9488252983152264,1.0928353886906002,0.5790203273467789,0.0004089308358063968,-0.055940948718761686,False,False
D10,primary,187,155,5,5.656236036734945,0.3411179419672261,1.4593430355109345,0.9177133904261816,0.1793785451855017,0.04644120897052006,False,False
D10,primary,187,155,10,8.46174352514331,0.5838294453637053,3.46511539135461,0.968269604699928,0.031899119883305654,0.0604138347529456,False,False
D10,primary,188,108,1,0.8661077076259385,0.3520351182451932,0.7457491315716498,0.38782542721336044,0.08832214752693106,0.08195586656133123,False,False
D10,primary,188,108,2,1.9392623819269308,0.37922287313807557,1.5094049823701527,0.47015046783426195,-0.09785338938672555,-0.08254552880263417,False,False
D10,primary,188,108,5,3.526665368994659,0.6193567156391988,3.4704451965050302,0.6278642899289435,0.03569846747959787,-0.012820207029762297,False,False
D10,primary,188,108,10,10.197180497989788,0.42336772703337555,7.714260087903726,0.6567248300816405,0.08911689204625131,0.04766166032966641,False,False
D10,primary,189,112,1,0.7159400895302365,0.3974788710236399,2.3979642934923424,0.12149325848098969,-0.07889298588562797,-0.14438477765219257,False,False
D10,primary,189,112,2,0.7468262672879937,0.6883807808292115,3.25320184179226,0.19659668739122838,-0.01631236719223368,-0.08583774213969939,False,False
D10,primary,189,112,5,2.906464828381242,0.71440355989777,7.232567029617036,0.20391060030066943,-0.0748361647877163,-0.08217203133473912,False,False
D10,primary,189,112,10,9.410995021484942,0.4935925747548119,23.049534074097828,0.010565209172053613,-0.10683423008254764,-0.035060223439250734,False,True
D10,primary,190,120,1,0.35404885979199946,0.5518300688402197,0.003038487554781885,0.956040888701238,-0.05364565377618501,0.004969717168090055,False,False
D10,primary,190,120,2,0.35447387569209177,0.8375813062998181,0.05618326170286825,0.9722992701093375,0.0018508578023634314,0.020696683014570574,False,False
D10,primary,190,120,5,3.2261098291701398,0.6651718132482823,3.041329262995282,0.6936139767438864,-0.022318295452834525,-0.08856117377305237,False,False
D10,primary,190,120,10,9.239144483452845,0.5095683881121047,8.377253382422033,0.5920388496051092,-0.1759257897628927,-0.13523471406380788,False,False
D10,primary,191,127,1,0.12032536393197314,0.7286818737290763,0.05701601530677912,0.811275973316508,0.030420556101095276,0.020940497151788407,False,False
D10,primary,191,127,2,2.3021255255181456,0.3163004383640988,2.416038175535753,0.29878856751984917,-0.12902259593951781,-0.1341603866299436,False,False
D10,primary,191,127,5,9.562120379164613,0.0886367815099981,7.316921799253289,0.19811708909169545,-0.14775909020230052,-0.002390755945780504,False,False
D10,primary,191,127,10,10.967300933040793,0.3600712402963697,8.841411567314303,0.5472175562109794,0.023000134321050806,0.08286064473780154,False,False
D10,primary,192,122,1,0.20228338974868537,0.6528840382683354,0.384276451100262,0.5353233915201852,-0.04022370200565979,0.055440075475617634,False,False
D10,primary,192,122,2,2.0364827892051744,0.36122964231287247,1.3158879110718649,0.5179150970135105,-0.12062105941557581,-0.0859641307866287,False,False
D10,primary,192,122,5,7.256835237214886,0.20222912314609864,5.622076197544632,0.34474536973927083,0.018686163623931613,-0.0021483548922729217,False,False
D10,primary,192,122,10,10.338221085387751,0.4113377848576538,11.483125909437161,0.32113608714866126,-0.020199427201745824,-0.0530753347625656,False,False
D10,primary,193,118,1,0.12914301189753408,0.719322253399461,0.04299015281924197,0.8357438152806673,0.03266606031664946,0.018847154845021336,False,False
D10,primary,193,118,2,0.16411422745416085,0.9212193429236886,0.05851824329812709,0.9711647820399957,-0.016925937465313724,0.011278631161281173,False,False
D10,primary,193,118,5,2.4291775028297686,0.7871212408609255,2.840428419966542,0.724570766599427,-0.055880381378419205,-0.08141433257656096,False,False
D10,primary,193,118,10,4.152915775077038,0.940185095476411,8.049679721482896,0.6239841750809456,-0.02277235085222323,-0.14400781953531586,False,False
D10,primary,194,102,1,0.0007530704252421517,0.9781070970795653,0.2755230959328915,0.5996506658426689,0.002677698821637399,-0.05121803779225297,False,False
D10,primary,194,102,2,0.0018792881023110843,0.9990607972760749,0.2848476862661931,0.8672535990942581,0.003258325102892591,-0.009375579586559678,False,False
D10,primary,194,102,5,3.3443306892097646,0.647061812316804,6.774132769151082,0.23798754398669764,-0.06556661642204784,-0.10290843743634309,False,False
D10,primary,194,102,10,10.079060912174747,0.43358461351518707,10.604879888593864,0.3891179232706089,-0.15459543050829982,-0.060885641472897184,False,False
D10,primary,195,92,1,0.004031546046140952,0.949372773160667,0.03509324599126246,0.8514004021527538,0.006513263793954076,-0.019216514856954636,False,False
D10,primary,195,92,2,0.019302974217315663,0.9903949390126243,0.3731834798419231,0.8297824342844896,0.012606752919476322,-0.05931707498404053,False,False
D10,primary,195,92,5,1.4326890691864804,0.9207043216066251,0.577624672251599,0.98900477144352,-0.042776498951693866,-0.03229569441058345,False,False
D10,primary,195,92,10,5.640225331670954,0.8445303074032314,6.683995952640122,0.754902783795433,-0.03860319629485181,-0.11822440858478099,False,False
D10,primary,196,84,1,0.07723594288576041,0.7810787198715862,0.10063894840652618,0.7510642141871072,-0.02978927295911634,-0.03400425173268793,False,False
D10,primary,196,84,2,3.294606547243726,0.19256851362886418,0.5202653117665319,0.7709493080584302,0.19110348293558072,0.0690159451975935,False,False
D10,primary,196,84,5,6.490924610423856,0.2613348773604254,2.3846875355620014,0.7937522447584249,0.16673671147695382,0.05283669028190792,False,False
D10,primary,196,84,10,12.934626611009264,0.2273499248872446,15.78222980460561,0.1060383312661769,0.034021976419890965,0.26076856826367534,False,False
D10,primary,197,75,1,2.0836111770792,0.1488875777155667,3.6282451725418343,0.05680668379821174,-0.16339855245500642,-0.2156195714992567,False,False
D10,primary,197,75,2,3.734089015991691,0.15457984685883952,4.745141863369152,0.09324070239168725,0.14444093281326942,0.11882065384500635,False,False
D10,primary,197,75,5,6.097227106058103,0.2968729559383466,6.285168959352121,0.27945126832122535,-0.10532622214001193,-0.004513878910646353,False,False
D10,primary,197,75,10,8.417418354340768,0.5881341071993331,9.318772753035827,0.5021416525406415,-0.0650457782069877,-0.09899452484253261,False,False
D10,primary,198,95,1,0.006352703568253121,0.9364727980221728,0.4748726701418175,0.49075401188040346,-0.008049993919685718,0.06959929571098471,False,False
D10,primary,198,95,2,0.22350892717495296,0.8942638048723153,0.5429539703587088,0.7622528263782504,0.04681445208568406,-0.02621245664490305,False,False
D10,primary,198,95,5,1.3430902873321606,0.9304358890997102,1.3839055788924748,0.9260657006952951,0.015337070391342463,0.053030459418217823,False,False
D10,primary,198,95,10,4.816798864257193,0.9030751033917385,3.118843031778654,0.9784872106710346,0.05492126381182835,0.002871073059407153,False,False
D10,primary,199,150,1,0.781578591886159,0.37665878470238934,3.6844844993356034,0.054920946343013144,0.07146806739727647,0.15517225719680966,False,False
D10,primary,199,150,2,0.7853244186050855,0.675256804533173,4.974535357688704,0.08313681299837239,-0.004931025810509302,-0.09150964071449284,False,False
D10,primary,199,150,5,3.701337171322099,0.5931649832697831,8.16793083913448,0.14722025054612187,0.017405191647783425,0.009093563747483588,False,False
D10,primary,199,150,10,6.582858010009528,0.7641510320130065,11.286061835503846,0.33566981741855273,0.04591671165990735,0.031290562181206745,False,False
D10,primary,200,131,1,0.5551256322968642,0.45623089373454573,0.10020257658063174,0.7515866695531777,0.06435849033790227,0.027343219722285057,False,False
D10,primary,200,131,2,1.1759553681593955,0.5554494439252349,0.5494174332527693,0.7597934061819842,0.0677984307537073,-0.05767139311088232,False,False
D10,primary,200,131,5,3.354053789512686,0.6455767809974718,1.6356763816592863,0.8969016988436387,-0.02232185030713377,0.08695241156482536,False,False
D10,primary,200,131,10,11.445341166948324,0.3238897354171477,5.156643076949607,0.8804713312617901,0.053685298330483494,0.06517333919066662,False,False
D10,primary,201,155,1,1.0674612198086575,0.30151960099898045,1.2227875726909125,0.2688142827192891,-0.0821903326730076,-0.087967083472057,False,False
D10,primary,201,155,2,1.338136875521638,0.5121854882764865,2.939930712766409,0.22993345077510174,-0.04125291470937722,-0.10390424469781581,False,False
D10,primary,201,155,5,7.609525357821263,0.17910908809723547,16.651540709382903,0.005210344058859784,-0.02290582875617153,-0.01845606067057002,False,True
D10,primary,201,155,10,31.448702346556527,0.0004945155069387974,39.84692751109502,1.8029283702647447e-05,-0.22032999284429766,-0.2037176886919223,True,True
D10,primary,202,166,1,11.330694205831142,0.0007623639616722855,5.61554024969939,0.017801892297272914,0.2589175844676222,0.18227581948497312,True,True
D10,primary,202,166,2,12.797478701653771,0.001663653234835083,6.704598806313225,0.03500377370519003,-0.09287447985701046,-0.08002742718774726,True,True
D10,primary,202,166,5,14.309491792661333,0.013758515339704958,12.66266515109933,0.026753603469188425,-0.06991529545807387,-0.14331882479276759,True,True
D10,primary,202,166,10,28.28555571943847,0.0016245928326442671,20.532843740071403,0.02459715190378342,0.01669023545410784,-0.04301670956018826,True,True
D10,primary,203,148,1,3.152940652840611,0.07579026434032321,0.4488865121750076,0.5028642067839518,-0.14449076094525623,-0.05451932349793372,False,False
D10,primary,203,148,2,3.6331881219908384,0.16257854161001206,0.580146719506776,0.7482086771611769,-0.056199504059854195,-0.029380993941231684,False,False
D10,primary,203,148,5,10.805007757866672,0.05538614600070846,5.961522377709127,0.3099809850133195,0.21238522218560635,0.14380596260484918,False,False
D10,primary,203,148,10,17.74611106327303,0.059400416945140866,14.138958304426932,0.16674713213593506,0.01710849269429733,-0.016073447366532982,False,False
D10,primary,204,90,1,1.1287981056812169,0.28803185035238177,2.7937157202135975e-06,0.9986663834847966,-0.1101508799480819,0.0001732889781246747,False,False
D10,primary,204,90,2,2.18481730005464,0.33540764035336035,0.5213418544839105,0.7705344397927704,0.10594051351569307,0.07443656099007447,False,False
D10,primary,204,90,5,3.453145440870681,0.6304888765048338,1.380286871118465,0.926457470769414,-0.008469015023310876,-0.03596558914254335,False,False
D10,primary,204,90,10,7.126359017311797,0.7134644749850626,4.0946459446294385,0.9429763300257107,-0.054776096943998265,-0.09966247678347893,False,False
D10,primary,205,78,1,0.06489148341201456,0.7989254117316984,0.1740452158481948,0.6765414378206303,0.028297425085374094,-0.04634299662935384,False,False
D10,primary,205,78,2,3.592066313249945,0.16595590530159354,0.8263698834087925,0.661539925192391,-0.20726596589845847,-0.08913461687480087,False,False
D10,primary,205,78,5,7.052131987548925,0.21679197065330458,4.344240763037435,0.5009898735438848,0.042810675193722884,0.08348171346853582,False,False
D10,primary,205,78,10,12.407303048393196,0.2587214133773559,10.997812248373293,0.3576884742712392,0.07598325055791819,0.05794525836263792,False,False
D10,primary,206,106,1,3.8637818402471944,0.049338997800658424,0.17596523119613436,0.674863834798727,0.18825049968379384,0.040173833137221185,True,False
D10,primary,206,106,2,5.980982165151327,0.05026274750236148,0.7947524256418146,0.6720811325260794,-0.13868606798578184,-0.07497604335668874,False,False
D10,primary,206,106,5,8.652788256050231,0.123740797807662,5.2880753905991575,0.38174379397071756,0.11240136960440934,0.06937525509821288,False,False
D10,primary,206,106,10,13.359522149471227,0.20425928143145822,7.783053603632969,0.6500184701219278,-0.028867142891191175,0.021617046711828528,False,False
D10,primary,207,149,1,0.9740695344063471,0.3236673415905983,0.28075959100387077,0.5962037856196246,-0.08004684700289352,-0.042975065806867836,False,False
D10,primary,207,149,2,1.0352488016549477,0.5959345694010736,0.9125221722563706,0.6336483786982172,-0.019993056581229778,-0.06424717102050369,False,False
D10,primary,207,149,5,5.213249944737456,0.39041324366049923,4.597852212899893,0.46689884054834996,0.058472548064500016,0.050100134460877396,False,False
D10,primary,207,149,10,9.47179108692138,0.4879887634619686,10.48142450690536,0.39931811620385016,-0.0947287250645474,-0.09238656760740677,False,False
D10,primary,208,123,1,0.8219334324963117,0.36461548144447953,0.9685528472778896,0.325041359955922,0.08075895228970026,0.08766656986036976,False,False
D10,primary,208,123,2,0.9781629101041268,0.6131893775869633,1.0030049106722336,0.6056200587263822,0.035064416253375155,0.01646617557093097,False,False
D10,primary,208,123,5,3.226395399989567,0.6651279623656785,4.904946306183626,0.42759058016636553,0.09276235742539359,0.0944271413173522,False,False
D10,primary,208,123,10,8.28539188062706,0.6009821057666718,9.135738464742653,0.5192718568454305,0.12304294034780752,0.09050902804199018,False,False
D10,primary,209,135,1,0.06021550506501422,0.8061556496728376,0.5709639757435976,0.44987611220195345,0.020887160217394698,0.06431756369538809,False,False
D10,primary,209,135,2,1.5450700873775371,0.4618407964625594,1.073094889220207,0.5847637002142938,-0.10333337504840891,-0.06009068189789263,False,False
D10,primary,209,135,5,3.2736261409297898,0.6578818639979002,2.6786031795585385,0.7493889905730101,-0.07728686235723833,0.036217903688442805,False,False
D10,primary,209,135,10,11.998001042986207,0.28519030541646184,7.103550537174306,0.7156343274010493,0.1230865272813951,0.09084991560874113,False,False
D10,primary,210,119,1,0.9358119092739551,0.3333572439322625,1.1602265302792705,0.2814185650054377,0.08757277699052995,0.09750934379909804,False,False
D10,primary,210,119,2,1.4274314928447096,0.4898207621028613,1.2114735864796966,0.5456722308794608,-0.06320353253813317,-0.020406157136421223,False,False
D10,primary,210,119,5,2.431244166569194,0.7868123458004084,2.126918038940565,0.8313194497969587,-0.006948361106669202,0.06368894311509572,False,False
D10,primary,210,119,10,14.00367573969258,0.17282401203578324,6.343812907164397,0.785597983340214,-0.222558754062708,-0.14720697391117232,False,False
D10,primary,211,135,1,0.04651378935187854,0.8292445528584843,0.6609275973207805,0.41623265745397353,-0.01835760801413501,-0.06919937541069898,False,False
D10,primary,211,135,2,0.054412833987668045,0.973160343957996,1.2903124350620891,0.5245805870212108,0.007536781706001227,0.06727547778980185,False,False
D10,primary,211,135,5,6.591200706154795,0.2528608095679663,3.7172544323611345,0.590798352293521,-0.1580307732477524,-0.07841105764788239,False,False
D10,primary,211,135,10,21.18892422120101,0.019814029886788487,9.54629683756963,0.48115736647565166,0.22111394477530272,0.12905561099668594,True,False
D10,primary,212,173,1,0.961832087722799,0.3267257158727458,2.210671079781867,0.1370590380124994,0.07392167146658407,0.1120686685980391,False,False
D10,primary,212,173,2,1.0045140616572774,0.6051632450441675,2.2310252771066623,0.3277472199658231,0.015526666592819744,0.010722176933867242,False,False
D10,primary,212,173,5,10.901545934520138,0.05336736118782248,8.483530437848774,0.13152404506872717,-0.11682966792977494,-0.13309011349635716,False,False
D10,primary,212,173,10,13.305834895427804,0.2070713516326108,9.672498785818183,0.46968045994582885,0.014939510997923029,0.008647063349799493,False,False
D10,primary,213,126,1,0.05464127365388865,0.8151753963916772,0.004091777556232896,0.9489965002505598,-0.020579042121148715,-0.005631456801962574,False,False
D10,primary,213,126,2,0.9144479489348318,0.6330385397137377,0.4625464214952548,0.7935226375035972,0.08130569967127169,0.05937023573640456,False,False
D10,primary,213,126,5,3.2829179895904477,0.6564579279683571,1.1483699094475412,0.9497336271240139,0.07787324541660005,0.0657497200972389,False,False
D10,primary,213,126,10,5.788875890501613,0.8326780309082025,2.1453903278378013,0.9950994679947277,0.07796709332645042,-0.011905552511643635,False,False
D10,primary,214,89,1,0.014735217068952249,0.9033831648910505,0.03534460248072798,0.8508753950965036,-0.01265330293162096,-0.019596891465699793,False,False
D10,primary,214,89,2,0.068052084008681,0.9665463335059422,0.03796585586056773,0.9811961131482682,-0.023931848084289737,-0.005306380991348402,False,False
D10,primary,214,89,5,1.5183828738539702,0.9109387361570801,1.3765568315652308,0.926860424200729,0.09715762569738538,-0.01978398718448534,False,False
D10,primary,214,89,10,4.365329993609409,0.9293651839615166,5.495258532755691,0.855739465507243,-0.061847553891669294,-0.07305803516115442,False,False
D10,primary,215,104,1,0.05857998642858496,0.8087545716100758,0.06337311695823915,0.8012418997004157,-0.02339503199324997,0.0243333298996226,False,False
D10,primary,215,104,2,5.922176578745203,0.05176255387122097,3.3340911838415748,0.18880404665983697,-0.2329230806589489,-0.1739610573023103,False,False
D10,primary,215,104,5,9.329440527969993,0.09662365424303765,7.296686366638142,0.19949379313375204,-0.1414577311587943,-0.13836742742446848,False,False
D10,primary,215,104,10,12.354556768862926,0.2620278420915807,14.29828518179143,0.15981548855691763,-0.06670045486864022,-0.058809329030901254,False,False
D10,primary,216,118,1,0.012098472849742584,0.9124148802730246,0.2671351031992675,0.6052600759869234,0.00999830961496849,0.04698148982955007,False,False
D10,primary,216,118,2,0.05520020754400496,0.9727772990023564,0.2954106015366833,0.8626853101827084,-0.018790777174385407,0.015219574184495491,False,False
D10,primary,216,118,5,0.45017342697757545,0.9938343486945309,2.055624272537247,0.8413960708050159,-0.048488507031313785,-0.11079370991294205,False,False
D10,primary,216,118,10,5.027975836712536,0.8893013815594848,7.540517639563023,0.6736193008683049,-0.015980887357268304,-0.043502987200948987,False,False
D10,primary,217,80,1,0.5247026197348884,0.46884254285453897,0.30456645484670286,0.5810337251021507,-0.07949105157402266,-0.06056234181293938,False,False
D10,primary,217,80,2,0.7914743467257694,0.673183603270997,0.31153928185109697,0.8557562988962479,0.05632034179758191,0.009105416726968551,False,False
D10,primary,217,80,5,4.035306453846541,0.5443439713041853,3.1174795819325447,0.6818796041084174,-0.1622500885691475,-0.10711108494631057,False,False
D10,primary,217,80,10,9.331376469263061,0.5009699096785503,9.654834501427583,0.4712795165584348,-0.01863540471324018,-0.005351807824579393,False,False
D10,primary,218,140,1,0.236506286174946,0.6267409252777688,0.40804150313693477,0.5229652384931816,0.04066497918490216,0.053413542156610365,False,False
D10,primary,218,140,2,0.8828588428417947,0.6431164792759085,2.801234068226036,0.24644485213660028,-0.0669832304383793,-0.1288902825223334,False,False
D10,primary,218,140,5,2.348289307213901,0.7991491303189965,4.432724589968109,0.48893479910940374,0.043697428004617074,0.04326293689523267,False,False
D10,primary,218,140,10,4.858764143792003,0.9004106940300604,6.621153067969891,0.7606606286119798,-0.046096678858229,0.05498570020865384,False,False
D10,primary,219,89,1,2.174841938578168,0.140283928431142,0.6546486173366398,0.4184555641828541,-0.15372322467836985,-0.08433925571041885,False,False
D10,primary,219,89,2,2.1829694259738317,0.33571767910200356,1.554125934627146,0.4597543438231758,-0.009343768699547896,0.09829672190370191,False,False
D10,primary,219,89,5,5.386361338499015,0.3705677106279762,4.74684858305767,0.44754955791995266,-0.1768797201528232,-0.14399702504134512,False,False
D10,primary,219,89,10,10.197344295355816,0.42335364800520314,8.529777539587046,0.5772325681867818,0.02594892182281605,-0.030732352406601417,False,False
D10,primary,220,103,1,0.49973043394538696,0.47961859111594396,0.040338711254467134,0.8408197802805963,-0.06865224181540645,-0.019505084387489182,False,False
D10,primary,220,103,2,3.370531505156021,0.18539515616797464,0.04833967641012135,0.976119913225029,-0.16373780902900656,0.008644076754767359,False,False
D10,primary,220,103,5,9.100563768119477,0.10511961342875753,3.314703007544743,0.6515914221876203,0.0025212982463793214,-0.046961633503395495,False,False
D10,primary,220,103,10,12.553825442727568,0.249698181523326,5.350688971697197,0.8665550943784235,-0.05005992581700664,-0.021473446429082676,False,False
D10,primary,221,134,1,3.0278328073465235,0.08184727198762654,2.619859007133113,0.10553381753650948,-0.14865171098042643,-0.1382747643098568,False,False
D10,primary,221,134,2,4.613794097246559,0.09956973275038283,5.6217040699000815,0.06015371748179821,0.10717942027931195,0.1474549134759137,False,False
D10,primary,221,134,5,6.25860617024438,0.28186249024201615,7.590716603574213,0.18028137717771286,-0.00701177203233422,0.015754667232891022,False,False
D10,primary,221,134,10,17.026268655277793,0.07378473858108714,24.48146761372749,0.006420008951638856,-0.1834049377764109,-0.2192329074301827,False,True
D10,primary,222,115,1,2.074405872807491,0.14978825691278363,1.053124261364058,0.304788637128244,0.132573719562164,0.09446053121831112,False,False
D10,primary,222,115,2,5.376048518340347,0.06801518709092502,1.5243013437431123,0.46666171077480767,-0.16651846676258664,-0.06290562041510463,False,False
D10,primary,222,115,5,8.943266346730352,0.11134858239409762,6.163993267795653,0.29058719692499735,-0.10866467888965788,-0.11513787912271255,False,False
D10,primary,222,115,10,11.672348808047662,0.30758326771613087,15.425097992152757,0.11731498310383737,0.07014084345730007,0.044929300100026666,False,False
D10,primary,223,88,1,0.20705000048319952,0.6490894747679079,0.065506991154376,0.7979945916211438,-0.047690805026710886,0.026825069851337393,False,False
D10,primary,223,88,2,0.917659955427801,0.6320226937081421,0.0951990707033593,0.9535155599025069,-0.08784201277140559,-0.01795589026204483,False,False
D10,primary,223,88,5,4.8755652783668415,0.43125451052671504,4.78088511043275,0.4432023314311795,-0.17550595532190466,-0.16185222371810834,False,False
D10,primary,223,88,10,7.816774661343771,0.646728680910243,8.418649583701209,0.5880144696283828,-0.1014115870623571,-0.1418451702147361,False,False
D10,primary,224,87,1,0.01580548025822418,0.8999536898504555,0.0729306587659293,0.7871165797060208,0.013249468113703484,-0.028460967817728496,False,False
D10,primary,224,87,2,0.2891291751190528,0.8653990165875413,0.11503115140186296,0.9441071851407372,-0.05477639854374816,-0.021498017995660642,False,False
D10,primary,224,87,5,5.712760745582291,0.335179223126681,1.6744599240400546,0.8921015333188558,0.23949047744123692,0.09431511560220188,False,False
D10,primary,224,87,10,7.155090434946499,0.7107268420928926,5.333195615302596,0.867838370842771,0.07012272265544899,0.13708292338354247,False,False
D10,primary,225,140,1,2.9954626419439863,0.08349806020738959,3.887630174091939,0.0486430154224512,-0.14472086975403683,-0.16487001681508562,False,True
D10,primary,225,140,2,3.0266627717349053,0.22017526606473026,4.208627543988872,0.12192931687878894,0.014716670065755,0.04720435743076637,False,False
D10,primary,225,140,5,3.374008277069131,0.6425314928696149,5.107472613498172,0.40290549834864864,0.011997230471053884,0.034428216598834244,False,False
D10,primary,225,140,10,5.500647184286478,0.855329207004893,5.8739775089334865,0.8257375944866558,-0.03985516015069751,-0.051920092557813186,False,False
D10,primary,226,102,1,0.03266693740059851,0.8565716824936469,0.0970032868074593,0.7554558826559842,0.017635920868749825,0.030390451782353875,False,False
D10,primary,226,102,2,4.609215162249687,0.09979795557202009,3.951505246684666,0.1386569165306013,-0.2077075418324952,-0.1906195236306852,False,False
D10,primary,226,102,5,5.088695791337778,0.40515189474438984,5.746301042304951,0.3316927790050965,0.027607936053037293,0.06535315837911168,False,False
D10,primary,226,102,10,11.6011722313159,0.31263468625436697,12.40673486427439,0.25875686594701186,-0.04439618540462222,-0.055077812874259294,False,False
D10,primary,227,116,1,0.09222437435878603,0.7613681438900096,0.0445660410999221,0.8328040079254486,-0.027835676511523976,-0.019349999143879457,False,False
D10,primary,227,116,2,0.09533113069752189,0.9534526013514689,0.14152478480275713,0.9316832408470154,0.005086698818166485,0.028416848849206408,False,False
D10,primary,227,116,5,0.14939255972462218,0.9995649343202986,3.3408223830967634,0.647597827423628,-0.009697740274814095,0.08485075086803573,False,False
D10,primary,227,116,10,5.088460210451909,0.8851909321476199,7.1835571078862595,0.7080098504745803,-0.1294999196991915,-0.1520637627515449,False,False
D10,primary,228,102,1,2.049491321223687,0.15225705338583206,2.2025852129467984,0.1377794975685156,-0.1396905325881391,-0.1448139137582744,False,False
D10,primary,228,102,2,2.2306720573398042,0.32780510847582645,2.887844966519745,0.23600023380452628,-0.041327511401986795,0.08037312552046846,False,False
D10,primary,228,102,5,5.766713236959247,0.3295845997679352,4.931403363636946,0.4243091142573817,-0.0978862713822853,-0.023510528372281292,False,False
D10,primary,228,102,10,16.75588504817506,0.07994318027502256,15.64309610795365,0.11031518402098528,-0.06417042418742738,-0.06669208791436136,False,False
D10,primary,229,114,1,0.6029063929295061,0.43747124925924574,0.8526242400018554,0.35581101154188555,-0.07177657746137334,0.08535650794340005,False,False
D10,primary,229,114,2,0.768302214469264,0.6810285110690453,2.124447063836807,0.34568631059811983,-0.03742741716563714,-0.10378650760737906,False,False
D10,primary,229,114,5,4.324038014769908,0.503765792292591,3.5169515820194612,0.6208242044443595,0.09337950386818236,0.042540904489469955,False,False
D10,primary,229,114,10,6.179745353598766,0.7999424397088142,4.9672319672721414,0.8933561680806398,-0.0160890413817194,-0.010868628793254124,False,False
D10,primary,230,131,1,3.1033571360641705,0.0781310218496053,1.2467387443235507,0.2641762747605807,-0.152168964926233,-0.09644904590602309,False,False
D10,primary,230,131,2,3.2145498719878534,0.2004330634722391,1.6010800834888421,0.4490863732301196,-0.028692711723182884,-0.051220557119544215,False,False
D10,primary,230,131,5,16.750881399678686,0.004997311926095205,6.001728062646485,0.30605080672601703,0.10270466786349752,0.07434709198551813,True,False
D10,primary,230,131,10,26.85309271531744,0.002747369765631502,16.650598484349207,0.08246180043580931,-0.04544116821435406,0.0016387351673750937,True,False
D10,primary,231,132,1,0.03410640981312731,0.853480655368855,0.006463272261334463,0.9359235177752538,-0.015893307499953768,-0.006918668277051888,False,False
D10,primary,231,132,2,0.04472388929254065,0.9778862303042931,0.33471225585658965,0.8458983096768313,0.008833707736545413,-0.04911724581973966,False,False
D10,primary,231,132,5,2.588871244831957,0.7630554157999333,1.2273200768946078,0.9422296761974136,0.1323964259128098,0.07593255837769723,False,False
D10,primary,231,132,10,10.53642929884446,0.3947547312521038,6.572035645410433,0.7651348521834833,0.0001912452723754344,0.01516026408128932,False,False
D10,primary,232,99,1,1.2071384989577425,0.27189957620497807,0.8639834029493564,0.35262636024236116,0.10877104579724449,0.0920211070207125,False,False
D10,primary,232,99,2,4.59965587434295,0.10027609602723686,3.0241361758167042,0.22045358879424726,-0.18141309107172432,-0.14476041397619285,False,False
D10,primary,232,99,5,14.299554759111874,0.013814499884801656,7.075064237921094,0.21511728184311685,-0.18502007198041248,-0.08434093130873803,True,False
D10,primary,232,99,10,15.500566111379808,0.11484978728559692,9.47680954791337,0.48752736118964557,-0.006158084867533894,0.02689880084763054,False,False
D10,primary,233,94,1,0.012705519729614364,0.9102535246365366,0.17715585216486454,0.6738289361302554,-0.011442953902815328,0.04272870027858256,False,False
D10,primary,233,94,2,1.2157503783627028,0.5445066143145945,0.30810971139639587,0.8572249960460048,0.11074784419991901,0.03653873613877929,False,False
D10,primary,233,94,5,8.581014133453154,0.12698908987908408,9.069974026884841,0.10630546903155469,0.1710214205988203,0.2210623519539768,False,False
D10,primary,233,94,10,11.865458075790011,0.29416183755756475,10.855947988486404,0.3688506524643087,-0.016853395648707734,0.02326300859621152,False,False
D10,primary,234,100,1,0.1901111757286118,0.6628241030413524,0.045300759471825325,0.8314519574689861,0.042955752881322334,0.02096863948692004,False,False
D10,primary,234,100,2,4.469872812549333,0.10699893409758454,1.9238694884759873,0.3821528023373386,0.20277889059617318,0.13434654320385137,False,False
D10,primary,234,100,5,5.3400975261688375,0.3757984029997381,2.416858099808525,0.7889610005057089,-0.07897358112700867,-0.004626080789541248,False,False
D10,primary,234,100,10,7.688518144312606,0.6592322102091643,2.9992530490094067,0.9814416364985953,0.06665442142626525,0.020616850131673532,False,False
D10,primary,235,88,1,0.26890509527577966,0.6040671909445969,0.3998918279611345,0.5271451266889646,-0.05434962491506437,0.0662778329495025,False,False
D10,primary,235,88,2,0.9238032937674848,0.6300843076496663,0.7865709603758559,0.674836067756861,-0.08432833638199787,-0.06479805984015835,False,False
D10,primary,235,88,5,5.513989186264825,0.35641435417564105,2.1146993024043494,0.833057405931258,0.14246646777296562,0.02496015319116788,False,False
D10,primary,235,88,10,14.379031723400237,0.15639411781584844,7.005670832016514,0.7249094837259846,-0.026633183604527447,-0.09970471758940985,False,False
D10,primary,236,132,1,0.06897132765036132,0.7928404552540349,0.00013669352700746218,0.9906716648286849,0.022601151996858585,0.0010061674365300344,False,False
D10,primary,236,132,2,1.3423534215205541,0.5111067989262028,1.5624853907451377,0.45783670608596205,-0.09674124688628842,-0.10715718498069629,False,False
D10,primary,236,132,5,3.905187879117003,0.5631458663259414,6.1582094830075675,0.29112748118933274,0.016237918164477866,0.07446658307623448,False,False
D10,primary,236,132,10,8.220175787463395,0.6073401229250439,10.133274843987376,0.42887952561540643,0.16409953160798005,0.14152374452730163,False,False
D10,primary,237,142,1,0.410110056763564,0.5219136501806313,0.6565373712195322,0.41778504956224705,0.053178287508225,0.067284319444373,False,False
D10,primary,237,142,2,0.4988205323623866,0.7792602036859169,0.7229738999836531,0.6966396871697875,0.0246448428626741,-0.021327603886695235,False,False
D10,primary,237,142,5,5.804983320288354,0.32565979427434777,3.937891201116303,0.5583923776128659,-0.1204291258007952,-0.09127779609647511,False,False
D10,primary,237,142,10,13.8033445224959,0.18215213106103145,8.771703633541394,0.5538982516573006,0.012698885328550144,-0.03881861767581824,False,False
D10,primary,238,81,1,2.3407983500261316,0.12602495176495554,0.6410911695385337,0.42331594490184754,0.1668958121344001,0.08734204081239594,False,False
D10,primary,238,81,2,4.620757278389043,0.09922367447383562,0.7925921573139963,0.6728074625145399,0.1636799568280805,0.04219293360656214,False,False
D10,primary,238,81,5,5.996120081037992,0.3065966345123451,2.2379267507749065,0.8153391588819277,-0.10831730280806759,-0.12265898770961106,False,False
D10,primary,238,81,10,8.140674882815546,0.6150981408200946,7.32727608275724,0.6942288358227187,0.04544307914437039,0.14712130967991377,False,False
D10,primary,239,132,1,0.14316305134654578,0.7051565417449274,1.0598874438981425,0.3032408577894856,-0.03256205130045667,-0.08859845664088131,False,False
D10,primary,239,132,2,0.5740944458129046,0.7504762883287144,1.1369707548205816,0.5663826453124214,0.056277705012256436,0.023801947425824383,False,False
D10,primary,239,132,5,8.49036061134178,0.131201618416395,6.149676534475507,0.2919260391274425,0.056003668466606954,-0.007337960182225037,False,False
D10,primary,239,132,10,13.620382805114643,0.19102175037736413,14.580355934571852,0.1481267081017733,-0.1519603949269572,-0.20392125956923063,False,False
D10,primary,240,143,1,0.0006331517718122705,0.9799253423494693,0.9440734650052878,0.3312324477903521,-0.0020823132644586313,-0.08040722015369933,False,False
D10,primary,240,143,2,1.1393988059577864,0.5656954595143653,1.5646929899623927,0.45733162491445034,0.0879983879875761,0.06496362545095108,False,False
D10,primary,240,143,5,4.537134010782024,0.47493046154368757,5.336302861995869,0.3762298018647483,-0.12014942676084461,-0.030149209346273503,False,False
D10,primary,240,143,10,13.60579276039135,0.19174365132346205,13.583581189529584,0.19284683116999668,0.10897717626839863,0.16781959155887047,False,False
D10,primary,241,103,1,0.3493663685213485,0.5544720327934454,0.21881435625780504,0.6399448081043293,-0.05740204592594488,-0.045428116428149805,False,False
D10,primary,241,103,2,0.6332601293657255,0.7286002402375368,1.6714193257635739,0.43356668604656157,0.05149029133025321,0.11647190741477587,False,False
D10,primary,241,103,5,1.2331482808499117,0.9416579830501786,1.955794492345421,0.855227291510563,-0.03670022043956558,-0.016881960729006946,False,False
D10,primary,241,103,10,7.209263312509937,0.7055525465388712,5.871218304035251,0.8259643330299136,0.10856373999743145,0.0015221254258721147,False,False
D10,primary,242,186,1,0.17200761070314322,0.6783337093317746,0.015598909827279298,0.9006062051857994,-0.030166456519616948,0.009084428084400456,False,False
D10,primary,242,186,2,0.19053674297278186,0.9091289174471944,0.03941192886636662,0.9804869289558839,0.009874180356031033,-0.011193882512176465,False,False
D10,primary,242,186,5,0.8959236616931864,0.9705160505842637,0.9008652022633071,0.9701589688257124,0.05191731700734967,0.026396303541269834,False,False
D10,primary,242,186,10,8.661307658156847,0.5645197379806713,6.617778368916779,0.760968781927685,-0.12555938979014863,-0.04485712858049085,False,False
D10,primary,243,138,1,0.12860104610606046,0.7198869545390552,0.11487077052483702,0.7346655472475111,0.03019805510147144,0.02854049424401555,False,False
D10,primary,243,138,2,9.982731458255575,0.0067963761421284685,4.601590671505071,0.10017913598129302,-0.2633753015852292,-0.17771757238621763,True,False
D10,primary,243,138,5,15.770365067840249,0.007531210065417349,13.801036498950754,0.016923896414372086,-0.0033158857251355807,-0.05609962833364375,True,True
D10,primary,243,138,10,19.467644784956956,0.03470951923700627,15.057895564626506,0.12996530218978097,0.04515577194824878,0.0032505768351540772,True,False
D10,primary,244,135,1,0.007904128303151313,0.929157279003914,0.0568671432113222,0.8115178778473493,-0.007567496382126631,0.020298125675482163,False,False
D10,primary,244,135,2,1.5274932619068158,0.4659175317769165,0.5679710299296931,0.7527775486364789,-0.10453500450970804,-0.06062520839217738,False,False
D10,primary,244,135,5,5.726771928102448,0.3337194021772988,2.300791078377064,0.8061506748550358,0.1570189284839521,0.04626787731423296,False,False
D10,primary,244,135,10,8.332470945273965,0.5963966399477317,6.297919649438181,0.789643111276207,-0.05876889506747776,-0.08240155979264877,False,False
D10,primary,245,103,1,0.6741225242101517,0.41161798912863323,0.5918985309383129,0.44168590622662285,0.07973633009185575,0.07471545663122446,False,False
D10,primary,245,103,2,0.6742787601947113,0.7138093421532754,0.6200117581300582,0.7334426442546135,0.0012079194080715629,-0.01620327400341095,False,False
D10,primary,245,103,5,3.625373401188933,0.6045076604930236,4.208234602319618,0.519841417498854,-0.08940612395734578,-0.08888592635326148,False,False
D10,primary,245,103,10,7.284334302181504,0.6983569653280598,7.860018462129941,0.6425079936053442,-0.14336439658220593,0.019523765939715602,False,False
D10,primary,246,87,1,0.1885418557077516,0.6641329991928564,0.5480835601156347,0.4591018093902006,-0.0457613138145493,-0.07802216258749478,False,False
D10,primary,246,87,2,1.1847487780733073,0.5530126574428551,1.0269434066765495,0.5984144509262701,-0.10457541839574565,-0.07250351205954321,False,False
D10,primary,246,87,5,3.5944028773157934,0.6091538707134275,3.567251840191744,0.6132368958643264,0.00823101935638284,-0.01509639073048053,False,False
D10,primary,246,87,10,5.830871099003503,0.8292668513659902,5.334940342961073,0.8677106321517483,0.02496167587482951,-0.059628972124235714,False,False
D10,primary,247,113,1,0.03848926511676543,0.8444639501510801,0.02594858015618335,0.8720259581244812,0.018213385462615923,0.014954698753663188,False,False
D10,primary,247,113,2,0.048958367691056916,0.9758180014852469,1.887537963088584,0.3891583372515355,-0.009456448788097196,-0.12610006027922324,False,False
D10,primary,247,113,5,1.7097142598820798,0.8876736624150195,3.515875107763602,0.6209868952014328,-0.05747305800416963,0.05580622778589873,False,False
D10,primary,247,113,10,9.507459436634885,0.4847133115845297,10.641262362273176,0.38614105037691704,-0.07715355136119592,-0.0632037448375924,False,False
D10,primary,248,164,1,0.4780812240763548,0.48929273112053595,3.226888987018622,0.07243817752224002,0.05350183504685661,0.13899841454107398,False,False
D10,primary,248,164,2,0.48337175181264863,0.7853028213484388,4.345712630515622,0.11385195495956413,-0.0056108807296565,-0.08159477646591087,False,False
D10,primary,248,164,5,3.9970021727299327,0.549847647082754,5.067390408784792,0.4077113028392443,0.1336530174107771,0.05756347734378175,False,False
D10,primary,248,164,10,5.477105369643587,0.8571178239302524,8.355285820735071,0.5941760005686104,-0.004896435951036126,0.04873761764264706,False,False
D10,primary,249,131,1,0.006600484294918973,0.9352484134955132,0.6523275798742312,0.4192817362497683,-0.007017753490240918,-0.06976588023756511,False,False
D10,primary,249,131,2,1.527133676358518,0.46600130791342576,1.636374985659135,0.4412306639242859,-0.10610389804042233,-0.08535744309812063,False,False
D10,primary,249,131,5,4.427623304367186,0.4896251971412362,3.1349746894069948,0.6791856898210573,-0.14452422524718425,-0.10204384337198408,False,False
D10,primary,249,131,10,7.081690574362996,0.717711016424041,4.398693109553866,0.9275743431801475,0.1251500765373075,0.06182694186431215,False,False
D10,primary,250,137,1,0.10787012634896735,0.7425821189509605,1.2025182994713075,0.27281893172740423,-0.027755711469263842,-0.09267180403750944,False,False
D10,primary,250,137,2,0.4417068636250561,0.8018341950626446,3.40598367569337,0.18213778136540393,0.0486481426785998,0.12498339453637232,False,False
D10,primary,250,137,5,2.7653798399225855,0.7361021503006662,4.983142642332597,0.417940950661128,-0.06315381308180429,-0.05976180312560962,False,False
D10,primary,250,137,10,6.12633599611724,0.8045396585773328,7.829223315956367,0.6455138622208237,0.027396286387121768,0.029675898137539392,False,False
D10,primary,251,149,1,1.1942676614813788,0.2744704055938759,5.019145639791305,0.02506853508836704,0.0886339463124555,0.18170385808674225,False,True
D10,primary,251,149,2,2.1907298510808406,0.3344175471744689,5.996161273062192,0.04988271961350177,-0.08068772517968147,-0.07989651126949812,False,True
D10,primary,251,149,5,5.727309682178513,0.33366347063067403,10.56757494690315,0.060660750533331864,0.09964991455072238,0.11616295732571603,False,False
D10,primary,251,149,10,8.411716841351097,0.5886881661078476,15.69008919520417,0.10885430135909546,0.014718899372709947,0.05113161800186551,False,False
D10,primary,252,98,1,0.0015547574179107229,0.9685472332098568,0.17270487854465805,0.6777190000696186,0.003922872093631641,-0.041345203333111195,False,False
D10,primary,252,98,2,0.39876944947355564,0.819234652860229,0.21001626362556386,0.9003172013455725,-0.062378543568184966,0.019118035527354783,False,False
D10,primary,252,98,5,1.6914579852422584,0.8899741457170587,0.49093677506903227,0.9924513932961707,0.04986223626651016,-0.021602628859368124,False,False
D10,primary,252,98,10,3.9165140786012644,0.9510345849511941,3.1811256358991216,0.9768343280429344,-0.05809640803612129,-0.08675030459224603,False,False
D10,primary,253,156,1,0.23559439524875542,0.6274063412209583,1.2256160692000968,0.26826130539553494,-0.03849084839171346,0.08779145152929306,False,False
D10,primary,253,156,2,0.25499563473613523,0.8802953371928371,1.3275583094011516,0.514901759534458,0.011009922351040305,0.025237515826366717,False,False
D10,primary,253,156,5,0.4269047455105962,0.9945560419419798,2.0893594752868148,0.8366474298126491,-0.006982461082330559,0.024990934942226605,False,False
D10,primary,253,156,10,6.323859071127187,0.7873597842477315,6.018002280975759,0.8137485084990516,-0.05754300733925109,0.003971204384384141,False,False
D10,primary,254,185,1,1.8368530594906787,0.17532023622486714,2.8023410209089064,0.09412678262140006,-0.09884152832745356,-0.12208512046768026,False,False
D10,primary,254,185,2,2.0116371542799056,0.3657451216378025,3.472800405730361,0.17615337706209955,-0.030406738013454088,-0.059553201634315336,False,False
D10,primary,254,185,5,4.476529719359034,0.48302980969373355,10.630161919875738,0.05922640054270312,-0.003581216288148205,0.12546662503441366,False,False
D10,primary,254,185,10,9.036303759742191,0.528661720591161,14.454439245129791,0.1532538264119072,-0.10770795905761445,-0.10501548995440167,False,False
D10,primary,255,180,1,0.3963810588117627,0.5289641720701797,0.027217727156984266,0.8689613300115776,-0.04653835366275179,0.012194963282425765,False,False
D10,primary,255,180,2,0.4699694024585646,0.790582944483418,0.7933671298510927,0.6725468093644587,-0.01999597423549804,0.06452006381666821,False,False
D10,primary,255,180,5,8.810622380046482,0.11686041992118246,11.93939076157727,0.03562777143173246,-0.029661242003447903,-0.09440540831357948,False,True
D10,primary,255,180,10,12.75379938796883,0.23776479521651228,13.280406421661283,0.20841381543874626,-0.0488219766593923,0.006667893553325722,False,False
D10,primary,256,93,1,0.009855697494290988,0.9209192401861737,0.9840498283275443,0.3212010098788377,0.010130580204933914,0.10122765626769384,False,False
D10,primary,256,93,2,6.2588656483581,0.04374259996338192,5.502831870499748,0.0638374075479502,-0.2537014955475813,-0.21573872925951287,True,False
D10,primary,256,93,5,8.928475219491093,0.11195127530136018,9.2034694500629,0.10121851934631187,0.0035873388095968386,-0.0467156164453094,False,False
D10,primary,256,93,10,15.413676563550222,0.1176919909314813,16.481805663928753,0.08664594269488246,0.10195859347038679,0.08846349474844525,False,False
D10,primary,257,102,1,0.0707444838013841,0.7902558811887234,0.017331983177024626,0.8952603522747212,0.025953158698891157,-0.01284600423258304,False,False
D10,primary,257,102,2,4.620653971652311,0.09922879984321398,2.441033503348971,0.2950776456521029,-0.2071021574453154,-0.1511551024913231,False,False
D10,primary,257,102,5,11.698761454570777,0.03915689963955182,6.069474075007693,0.29951737960640257,-0.14350366185947033,-0.15211288427319952,True,False
D10,primary,257,102,10,14.383220159787248,0.1562183090797694,8.002866979318135,0.6285568788950879,-0.015734783621250022,-0.003997449134360556,False,False
D10,primary,258,164,1,1.3671923517509603,0.2422948628325473,1.462126208515744,0.22659212153841513,-0.09047584424414837,-0.09356431989096231,False,False
D10,primary,258,164,2,3.4191816961576826,0.18093980934465392,3.234445780134058,0.1984490493644704,0.11050173318460522,0.1026957700911475,False,False
D10,primary,258,164,5,11.787164087113412,0.03782341926592858,8.434051888492965,0.1338810947927236,0.09866051141207037,0.04319297602053393,True,False
D10,primary,258,164,10,14.840158497298258,0.1379989699782953,11.657192872480286,0.3086541791403472,0.08650541976667153,0.06662158055936546,False,False
D10,primary,259,132,1,4.973301402294478,0.025741468657434763,3.3735020309868986,0.06625278227709286,-0.19191930978034383,-0.15806538410537338,True,False
D10,primary,259,132,2,5.588109033372132,0.06117268475158966,5.161203845266495,0.07572840765893074,0.067220530575832,0.11462513279518823,False,False
D10,primary,259,132,5,11.310099034941524,0.04556672361600378,6.538074452085017,0.25732171674691007,0.1608211971992144,0.04543855777326174,True,False
D10,primary,259,132,10,15.179584068889312,0.12565042707618534,11.372616129264559,0.3292339115589308,0.03828908147705047,0.03839203803446244,False,False
D10,primary,260,154,1,1.2218439688816414,0.268999075740193,1.3710394033334055,0.24163338010515178,-0.08821266251390823,-0.0934432691620898,False,False
D10,primary,260,154,2,1.765294717967092,0.41368628463732504,3.612804518048164,0.16424398241619032,-0.0586380109475072,-0.11909518069368862,False,False
D10,primary,260,154,5,3.4303770628242916,0.6339476482868702,6.737027708640881,0.24094393202459474,0.04957425907986843,0.04696645894254225,False,False
D10,primary,260,154,10,7.879061458390675,0.6406488106518704,13.090177735101712,0.21867350599094437,-0.01405432264319972,-0.05850096836212268,False,False
D10,primary,261,147,1,0.889529195539446,0.3456049233242581,0.21607915511226322,0.6420437837466232,0.07700248302987539,0.03795168501153579,False,False
D10,primary,261,147,2,3.9354367540874757,0.13977540744830974,4.671300737055754,0.09674754050542977,-0.1420007240595991,-0.17173817910778155,False,False
D10,primary,261,147,5,8.113750645769093,0.15007702686492252,8.822021995737797,0.11637717157891181,0.10447712762996855,0.08719402286840776,False,False
D10,primary,261,147,10,13.573769855669171,0.19333573629104928,14.035756551764672,0.17136688030641145,0.17687551554577194,0.17059274668630459,False,False
D10,primary,262,123,1,0.2162409715578165,0.6419191583822512,1.2972370282592562e-05,0.9971262512799746,0.04142298056668396,0.0003208352082615726,False,False
D10,primary,262,123,2,1.2703338812340434,0.5298470279441871,0.11512765013745709,0.9440616336648453,-0.09108032444244675,-0.0300988895992987,False,False
D10,primary,262,123,5,2.928087202216894,0.7110717628601754,3.655777129475222,0.5999585337496851,-0.09703276090036173,-0.11074505875991211,False,False
D10,primary,262,123,10,8.558437452790415,0.5744576492728466,10.594562387806254,0.38996454772808664,0.11777270119929781,0.004561587526578767,False,False
D10,primary,263,128,1,0.02565989169405981,0.8727337285320552,0.08051367510183045,0.7766024975335992,0.013994346053427316,0.02478905807238617,False,False
D10,primary,263,128,2,1.08138487223664,0.582344876108423,0.17560328035042885,0.9159425449076168,-0.08940957089198699,-0.026833364731615673,False,False
D10,primary,263,128,5,6.111930129427137,0.2954795210282981,3.300791959348643,0.6537204359833255,-0.1091401310333331,-0.053239894503008214,False,False
D10,primary,263,128,10,8.957846483594839,0.5361087349536577,7.371930682882612,0.6899274153316102,-0.026846026549513888,0.05614348193874217,False,False
D10,primary,264,92,1,1.9559474818511327,0.16194739190982432,5.058254692197937,0.02450890797731664,0.14346350945098613,0.23070829105850835,False,True
D10,primary,264,92,2,1.9897030980970443,0.36977833441531127,6.1323871183349254,0.04659819096174611,-0.018742884749650295,-0.10572856259856761,False,True
D10,primary,264,92,5,3.2522223484427473,0.6611639796294264,7.771283959581798,0.16929924975949306,-0.08672763767130602,-0.09769385669533745,False,False
D10,primary,264,92,10,8.427590354143137,0.587145812620953,16.786904025565335,0.07921425694438833,-0.15801247272047056,-0.17980290816805536,False,False
D10,primary,265,197,1,1.5128318429549847,0.21870748027740505,1.0660297739689162,0.30184395091291605,-0.08696884711975027,-0.07300507503937079,False,False
D10,primary,265,197,2,4.004852410789792,0.1350073300440806,1.6741203750798106,0.43298153876297285,-0.11133544918135753,-0.054997354548994556,False,False
D10,primary,265,197,5,6.08770297693909,0.29777835850121215,3.3088046069512926,0.652493973403093,0.0854957450166599,0.051181615156574996,False,False
D10,primary,265,197,10,10.705675416494667,0.38090360812858126,9.532968042397913,0.4823764999515713,-0.08096043576919038,-0.07382181555618082,False,False
D10,primary,266,100,1,1.0086885078832466,0.31521723704385185,0.028343978348231387,0.8663026704175019,0.09894550009110353,0.016586238852200515,False,False
D10,primary,266,100,2,1.3164114144425576,0.5177795496046561,0.2111954621044702,0.8997865314650445,-0.0543741980718981,-0.04191429795838474,False,False
D10,primary,266,100,5,3.2778230712081977,0.6572386328955682,2.0241872908056853,0.8457882439140935,-0.01586906308169489,0.025359391727682333,False,False
D10,primary,266,100,10,8.252927238537314,0.6041463397720117,4.948411251042948,0.8945974224422175,0.07566252969825096,0.05479292022072049,False,False
D10,primary,267,78,1,0.22264318064959968,0.6370332855975915,0.14443053796765543,0.7039155898899566,-0.05241526267434918,0.04221653473521476,False,False
D10,primary,267,78,2,1.1107797117283642,0.5738484993792066,1.273460151032791,0.5290194525379854,-0.1040050359064792,-0.11726466517066507,False,False
D10,primary,267,78,5,4.781801738770833,0.4430856366416187,3.6418262319914514,0.6020444110634026,-0.062134298773669924,0.07246221203185282,False,False
D10,primary,267,78,10,9.126348874877445,0.5201561292490533,9.65412702701084,0.47134361114418677,-0.055552464685666186,-0.0920838157827017,False,False
D10,primary,268,144,1,0.08892648070514879,0.765546374847439,0.14481476955571398,0.7035406335823045,0.024593814750345833,0.03138461269364547,False,False
D10,primary,268,144,2,1.0069361312690734,0.604430814879895,0.16033418037747413,0.9229621155876773,0.07874266726149305,0.010238211881427912,False,False
D10,primary,268,144,5,4.748270959446037,0.4473673406647598,3.3649072963048097,0.643920000855357,0.09825555474616907,0.14160384913504823,False,False
D10,primary,268,144,10,6.21992219725235,0.7964602249235233,6.356687790815764,0.7844587678236302,0.03441712089819527,0.07234351361677614,False,False
D10,primary,269,99,1,1.7993266902136575,0.17979391606671413,4.873661238666967,0.027269585922097606,0.13279745886349598,0.21855584367528758,False,True
D10,primary,269,99,2,2.0699324691086884,0.3552383755045122,5.146276175535205,0.07629574661666849,-0.05123610610827791,-0.05142595988950489,False,False
D10,primary,269,99,5,2.9789017715912296,0.7032387273293108,6.835403455147777,0.23317219201149741,0.03575462079964794,-0.08535265180797011,False,False
D10,primary,269,99,10,13.447789063832742,0.19970137376841834,15.712597580948263,0.10816051240211721,0.017776310972272745,0.08018541643951071,False,False
D10,primary,270,110,1,0.20697798402775386,0.64914641109427,0.012846081349807276,0.9097605663335223,-0.04279272781083607,-0.010660884273864432,False,False
D10,primary,270,110,2,0.5300630617215711,0.7671817596932254,0.43621671398971495,0.804038313770756,0.05321878726019413,-0.06092098107778395,False,False
D10,primary,270,110,5,0.9131415785691857,0.969262948743862,1.6064443673059776,0.9004689322162636,0.055745571978877105,0.0323705982965693,False,False
D10,primary,270,110,10,4.846948743760223,0.9011645570435849,7.5380865690160626,0.673855143475937,-0.06908264922018689,-0.079503013505858,False,False
D10,primary,271,135,1,0.30161967661137684,0.582868806266166,1.019059587575563,0.3127421815066317,0.046747142212088956,0.0859260842613086,False,False
D10,primary,271,135,2,2.324914893792046,0.31271675104415175,1.2426713920429215,0.5372263870050256,-0.12062248743943305,-0.040100151718387836,False,False
D10,primary,271,135,5,2.729898634298805,0.7415419133937777,1.4300793055495604,0.9209948597314929,-0.04795543952840097,-0.016082921986060063,False,False
D10,primary,271,135,10,6.291754001987365,0.7901846741322135,6.325577763965128,0.787208216544749,-0.06639217484670604,-0.07120209097105003,False,False
D10,primary,272,198,1,0.14025622517826114,0.7080264225782238,0.20157482243220087,0.6534526863313999,0.02641475538450371,0.03166676236793496,False,False
D10,primary,272,198,2,2.0128300396367376,0.3655270406806954,0.936348885508955,0.6261442877958672,0.09627198261809466,0.06030555956309731,False,False
D10,primary,272,198,5,3.22817088528385,0.6648553372539664,3.802600171004944,0.5781722487994758,0.03698989765786182,-0.00796071838417151,False,False
D10,primary,272,198,10,5.57280909908346,0.8497872040200207,4.740340583039974,0.9078349754223547,0.030912268726115664,0.013789198124538672,False,False
D10,primary,273,132,1,0.00821865934121473,0.9277652804935519,0.03335375045481115,0.8550882715316082,0.007801835208159887,0.01571696263218553,False,False
D10,primary,273,132,2,1.5754563670754413,0.4548770194275459,0.12806811568981497,0.9379730536459401,-0.10732471588940862,-0.026383975673717933,False,False
D10,primary,273,132,5,4.156959097748584,0.5270462728863898,2.284180497092986,0.8085875055130161,-0.022161140239030677,-0.10396866231820608,False,False
D10,primary,273,132,10,10.341339378103294,0.4110739415160055,7.439010445256987,0.6834506579794141,-0.18054758529195608,-0.16391029923739212,False,False
D10,primary,274,128,1,2.725840123711244,0.09873615555568727,0.45369058161812875,0.5005875465142076,-0.14423657110521723,-0.05884439218750763,False,False
D10,primary,274,128,2,2.999609044120172,0.2231737814358291,0.45892685383664666,0.7949600422447366,0.04553031796570262,-0.006296797394221433,False,False
D10,primary,274,128,5,4.757999419188571,0.4461223304931552,1.0905466326800244,0.9549370169847939,0.04718638348895039,-0.06704437578011345,False,False
D10,primary,274,128,10,5.528435563846144,0.8532056152659012,4.382934198272349,0.9284233120601357,0.029439914034599824,0.09394388183041677,False,False
D10,primary,275,133,1,1.5544708683375468,0.21247663141281625,2.2441697149717355,0.13411888052550136,0.10690193212569106,0.12844645111278108,False,False
D10,primary,275,133,2,1.6082510471158216,0.4474790654146068,2.250305095417332,0.32460294614561136,0.01980861284528979,0.006690578829807659,False,False
D10,primary,275,133,5,4.709914376315717,0.45229777454495546,7.523359207136151,0.1845345877053668,0.026636083566367867,0.1487582330752121,False,False
D10,primary,275,133,10,6.768752403830309,0.747080893623518,10.521015817065097,0.3960304622641715,-0.08979483960642332,-0.009927473137023251,False,False
D10,primary,276,129,1,0.299543828734751,0.5841685405716601,0.4428930151332453,0.5057294152227925,0.047632641924665105,0.05791937907878066,False,False
D10,primary,276,129,2,1.76237322125746,0.414291017770953,0.6460300503176901,0.7239629766274739,-0.10484994246804076,0.03907202429280676,False,False
D10,primary,276,129,5,6.8502167429926715,0.2320203448483562,3.8000696178216407,0.578545034361322,0.06764795473850435,0.08772970878671749,False,False
D10,primary,276,129,10,9.531344580348193,0.4825250812323014,5.685532357405604,0.8409553419852034,-0.05437830959342816,-0.060648208404194166,False,False
D10,primary,277,173,1,3.432697705447173,0.06391761379647265,2.1129016632195534,0.14606213180135075,-0.1396496743831034,-0.10956246382270787,False,False
D10,primary,277,173,2,3.8369816213231,0.1468283868384168,2.2410301168040676,0.3261117847445689,-0.04778583851072269,0.02690164092561211,False,False
D10,primary,277,173,5,4.642036765551331,0.4611071571479305,4.224597245799734,0.5175533224908251,0.01609750798271342,-0.012509308506126566,False,False
D10,primary,277,173,10,11.110365851403929,0.34898441280315695,14.487298486237982,0.151901859396248,-0.08148065263169457,-0.06264327252161236,False,False
D7,primary,0,82,1,8.155051371539537,0.004294138363676647,9.701398288471314,0.0018412785136829868,0.30967724222442955,0.3377638043642976,True,True
D7,primary,0,82,2,8.545898898993341,0.013940605345837298,10.730094035682288,0.004677240321645959,0.06737551668947031,0.1093054701194632,True,True
D7,primary,0,82,5,13.002666041012343,0.023353797221427386,15.078852697311007,0.010030672938349805,-0.22192045641670488,-0.19964797350295466,True,True
D7,primary,0,82,10,17.931662979424676,0.05612738915753934,20.058867144204395,0.028700794664952567,-0.02473464211544944,-0.0872364638356243,False,True
D7,primary,1,84,1,0.5257199242055238,0.4684118715909642,0.6861271403647067,0.4074848160246769,0.07771903433906094,0.08878763271059756,False,False
D7,primary,1,84,2,2.907879606104773,0.23364794547395462,3.3673308903717114,0.18569208293053785,-0.16443849469517793,-0.1744548174157713,False,False
D7,primary,1,84,5,10.085621747947037,0.07284522638779223,7.922395624577763,0.16056473640028546,-0.07056706518386409,-0.09904964556381682,False,False
D7,primary,1,84,10,18.888833658375002,0.04169759470251999,13.070123986289198,0.2197775002025557,-0.08724690090472285,-0.05331453315808724,True,False
D7,primary,2,115,1,0.3357474562062499,0.562294216770526,0.8313102285283959,0.361893936214039,0.05333556991374488,0.08392515203871956,False,False
D7,primary,2,115,2,0.3389543843874112,0.8441060064671013,1.075811761037385,0.5839698755079501,-0.005189696825245001,-0.045314601328216214,False,False
D7,primary,2,115,5,3.781280892252974,0.5813159655071479,3.4685871614077217,0.6281460310424924,-0.1614283680512692,-0.13562472604456527,False,False
D7,primary,2,115,10,8.053925426342,0.6235694748113181,7.013232394175908,0.7241951464429986,-0.0961582761887526,-0.13621244982314712,False,False
D7,primary,3,76,1,0.22229515946844192,0.6372966592323364,0.09832522286279044,0.7538487644304873,-0.05303243119504336,-0.03527028783885537,False,False
D7,primary,3,76,2,0.23656406361648633,0.8884454474009018,1.016508567088344,0.6015447893714618,0.013346182912701513,-0.1070598098261369,False,False
D7,primary,3,76,5,3.736766871698531,0.5879021388210058,4.253795504155005,0.5134838294886747,-0.01934893136049713,0.10186962873668981,False,False
D7,primary,3,76,10,9.886699624954026,0.45048920672112236,9.386901464296546,0.495820500131711,-0.12740605133458535,0.05395263782437557,False,False
D7,primary,4,80,1,1.8085610647061943,0.17868094013923186,1.5101357922130054,0.21911836685599284,-0.14758024073725265,-0.13485579899313693,False,False
D7,primary,4,80,2,1.8404777715331972,0.39842385192800056,1.8229844430928075,0.4019240166461563,-0.01948069374369682,-0.060990546509355356,False,False
D7,primary,4,80,5,2.4802888894408315,0.7794606336950152,3.149506491385422,0.6769488340586169,0.0850205040559779,0.06150312399321594,False,False
D7,primary,4,80,10,5.9449849256763505,0.819863988877404,7.3473254983467555,0.6922985987941644,-0.04477699924813018,-0.02908077036951382,False,False
D7,primary,5,71,1,0.22350097813411293,0.6363851990995618,0.08064054195041982,0.7764312377791074,0.05494119858385492,0.03300161051890467,False,False
D7,primary,5,71,2,1.5354843341225481,0.46405965553286443,3.1367199700925212,0.2083866595044157,-0.1321594138243534,-0.201704812246483,False,False
D7,primary,5,71,5,5.46829160679345,0.36143535054421083,6.289593730035209,0.2790512344349978,-0.054932969353418216,0.042754445784123234,False,False
D7,primary,5,71,10,15.548266424003339,0.11331468012571344,20.818847082202577,0.02239277714287846,-0.06988114195847388,-0.13072594632641074,False,True
D7,primary,6,87,1,0.43731584970273085,0.5084208336267891,0.621265681342806,0.4305773394319893,0.06969348870498773,0.08306790889845267,False,False
D7,primary,6,87,2,0.44196221350646137,0.8017318274643642,0.625263253057943,0.7315193352584033,-0.007141861749159189,0.006624497873520728,False,False
D7,primary,6,87,5,6.440973153622075,0.26564236493713733,4.717330069385674,0.45134185218204526,0.009840578921725842,0.05682260220803391,False,False
D7,primary,6,87,10,7.399890685405344,0.6872299178209996,5.813141232527911,0.8307103016858901,-0.04354868746294476,0.010790803825241516,False,False
D7,primary,7,93,1,0.05854517867934248,0.8088102977805224,0.23545376157683445,0.6275091045884562,0.02469085929928576,0.04951576045746117,False,False
D7,primary,7,93,2,0.681777458320823,0.7111380327301673,1.786481468434741,0.40932708070217805,-0.08012026715921035,-0.12639421507006196,False,False
D7,primary,7,93,5,2.9748011267377303,0.7038709376524404,4.929506560543107,0.42454381089153803,0.028181970168012188,0.058434151898989053,False,False
D7,primary,7,93,10,4.984594045962946,0.892204770113974,9.374186551655118,0.49699784825136395,-0.039241976087859946,-0.10532128874282543,False,False
D7,primary,8,79,1,1.2271769589492816,0.26795675562806587,0.004461649990975065,0.9467444393207296,-0.12230517757495593,0.007374608931929818,False,False
D7,primary,8,79,2,1.6490075051235025,0.4384525194264456,0.0184349848310987,0.9908248584448653,0.07124564460075083,0.012966994915256555,False,False
D7,primary,8,79,5,9.43370408962946,0.09296626088015159,3.4043720476722683,0.6379041359178715,0.2820025655672974,0.07851643914464897,False,False
D7,primary,8,79,10,15.847690391417824,0.1040762381298187,6.362117377218334,0.7839777689764935,0.1615715323427601,0.033632580910779024,False,False
D7,primary,9,101,1,1.3136403199335716,0.25173661187027885,1.587345156821654,0.2077058472696982,-0.11237221351480094,-0.12352543341511006,False,False
D7,primary,9,101,2,2.490949562072572,0.2878042316962759,2.0054463927486093,0.3668789960336073,-0.10584822381068047,-0.06307816106408633,False,False
D7,primary,9,101,5,7.981896769585879,0.15723615828724036,9.088177252660833,0.1055983313901322,0.04579960015535853,-0.033276120858471606,False,False
D7,primary,9,101,10,11.34445048289217,0.3313192340418504,14.537970213482321,0.1498364200313297,-0.02480588345499619,0.06887487376255295,False,False
D7,primary,10,75,1,4.4070911919740094,0.03578981924217528,2.5240353556689095,0.11212332885441167,-0.23763799753234355,-0.17984053365273928,True,False
D7,primary,10,75,2,7.393993191365324,0.024797892836711743,2.9116566634490093,0.2332071110250149,0.19431034486659715,0.0699985843616252,True,False
D7,primary,10,75,5,8.81196681687503,0.11680333249196617,4.246371588363487,0.5145168859824483,-0.1215167418446155,-0.07383785376021822,False,False
D7,primary,10,75,10,13.23572188897636,0.21078937001338605,7.713743767420886,0.6567751341222683,-0.15952687283788258,-0.12932076719044827,False,False
D7,primary,11,84,1,0.1578674310519579,0.6911275585773379,0.11582203688258333,0.7336107620674469,0.04258890248409352,-0.0364792395738414,False,False
D7,primary,11,84,2,0.9785574989779551,0.6130684106674329,1.7836722528318854,0.4099024286876095,-0.09651785159700176,-0.13759307617289543,False,False
D7,primary,11,84,5,3.0417078986534216,0.6935556068821143,4.038932175046469,0.543824404667187,-0.08864140999576922,-0.15048635368784427,False,False
D7,primary,11,84,10,12.548096531733583,0.2500465286465112,16.142155351021334,0.09563470960312714,-0.1338669576803073,-0.15470629893772483,False,False
D7,primary,12,66,1,0.2779216567131578,0.5980666833106445,0.2237144215627102,0.6362241739554466,0.06344413041507861,-0.056921619111514464,False,False
D7,primary,12,66,2,9.553252092450586,0.008424374521886824,6.771751927865708,0.03384797974642961,-0.3636874024665045,-0.3055759298950705,True,True
D7,primary,12,66,5,13.276553177957904,0.020920504080420788,8.098429836820696,0.15089374622954588,0.06503792770817161,0.022528195855376527,True,False
D7,primary,12,66,10,23.812170209290624,0.008114864006314892,11.088075951077665,0.35069738997082844,-0.2680347275934844,-0.17371329760643686,True,False
D7,primary,13,62,1,0.037960572596798116,0.8455223314897183,0.29155291839342323,0.589227098046107,0.024157137046083865,0.0669480269462489,False,False
D7,primary,13,62,2,0.27721453168113985,0.870569863852345,1.9421427252284997,0.37867712019014355,0.06014774640370729,0.15798264216147517,False,False
D7,primary,13,62,5,1.6352047781376027,0.8969595999142189,3.643005317373354,0.6018680195018656,0.00819936263825897,0.02913064419652725,False,False
D7,primary,13,62,10,5.247673573127954,0.8740309095526784,11.476344293246662,0.321629154950691,-0.09057273546338193,-0.07282170368882479,False,False
D7,primary,14,94,1,0.4904454707054825,0.48372865745447313,0.04877662696512529,0.8252058729867223,0.07109471130837088,-0.02242063007363007,False,False
D7,primary,14,94,2,1.5160620119430646,0.46858816656405167,0.061733987486719995,0.9696045279686184,0.10225554756245768,0.011493509037649364,False,False
D7,primary,14,94,5,5.736367312015462,0.3327224667854436,5.995577600827055,0.30664947498475703,0.04900918222661781,0.13357214879713733,False,False
D7,primary,14,94,10,11.327154744020163,0.33260407297245176,12.584744088098942,0.2478244121924551,-0.17368930319272796,-0.14245540732835635,False,False
D7,primary,15,70,1,1.1978992393112124,0.2737419572762124,0.7131836798279156,0.39838892908932644,0.12806174688164962,0.09881206499269345,False,False
D7,primary,15,70,2,1.348135643389557,0.509631266462921,0.7425977784321118,0.6898377256854379,-0.045022206772262215,-0.01992126717680456,False,False
D7,primary,15,70,5,2.4682361022011654,0.7812709942191339,0.9104194235986351,0.969462726173449,0.09606383601259476,0.022935979602341318,False,False
D7,primary,15,70,10,6.539269854607083,0.7681063794445215,8.240041999367172,0.6054026737877954,-0.047679232213384846,-0.0057124385558044175,False,False
D7,primary,16,77,1,0.39465244935871574,0.5298639585770113,0.003161226813052833,0.955162734230664,0.07021910491171005,0.006284572147785342,False,False
D7,primary,16,77,2,0.7844558947878576,0.6755501065222456,1.847468273386878,0.39703369148533507,-0.0693257473689487,-0.15079548424567146,False,False
D7,primary,16,77,5,1.639761196661807,0.8963997101126582,5.144530162578489,0.3984975532747864,-0.025502995041883646,-0.06588492782658913,False,False
D7,primary,16,77,10,1.9334379229721443,0.9968252997401895,6.661401492855573,0.7569771620568074,-0.0417790933419267,-0.06952662739505124,False,False
D7,primary,17,86,1,0.3150849207405729,0.5745765087155392,0.29138612421526455,0.5893336355660712,-0.059488457875191934,-0.057207548122104504,False,False
D7,primary,17,86,2,4.333933688213887,0.11452446117286852,3.1513098070852386,0.20687202708449337,-0.21120291751357778,-0.1781666045440964,False,False
D7,primary,17,86,5,5.004095243370219,0.41538060196823534,4.481750071334515,0.4823289232767719,0.06797380992858645,0.07272877885045782,False,False
D7,primary,17,86,10,7.924631012802961,0.6361987969818701,14.399839832151322,0.15552231070573264,-0.08517359633023686,-0.07217653072194308,False,False
D7,primary,18,95,1,0.25080109840914894,0.6165115634999597,0.07843989596061761,0.7794228540227122,0.050580250296648616,-0.028286861334862863,False,False
D7,primary,18,95,2,2.4812435933859724,0.28920433572021387,2.299472788749922,0.3167202476147386,-0.15003387283770592,-0.14971706324438291,False,False
D7,primary,18,95,5,6.339065668069425,0.2746100303711616,3.110332345920348,0.6829804054319487,0.161615237819726,0.08622461961118404,False,False
D7,primary,18,95,10,9.344315155594774,0.49976812080023136,7.075037744073448,0.7183424526942562,-0.06711107531038119,-0.024226738710435566,False,False
D7,primary,19,83,1,4.477942959667114,0.03433502269160338,3.111635705464548,0.07773485660443535,-0.2281380345748168,-0.19017472209869107,True,False
D7,primary,19,83,2,4.540888626388413,0.10326628731450327,3.1878860053429676,0.20312311566415386,0.02688294969542493,0.029587943342406484,False,False
D7,primary,19,83,5,5.899353282696065,0.31613582216468294,4.887077393500538,0.4298164256790715,0.02700575086259619,-0.021984481495924968,False,False
D7,primary,19,83,10,12.76205929028584,0.23728130764191713,13.208479850231866,0.21224797516563088,0.20188668514124927,0.21299052371455107,False,False
D7,primary,20,76,1,1.2487912898518856,0.2637834599826888,0.489026222917115,0.48436200591227097,-0.1256960020941719,-0.07865794720410843,False,False
D7,primary,20,76,2,1.4339468031392744,0.48822769122257514,0.5021042403265263,0.7779818219626642,0.04807619483692288,0.012777112478524743,False,False
D7,primary,20,76,5,3.741416316793391,0.5872128430261904,3.128795125052183,0.6801371159832384,0.12652468889972052,0.15039022102246033,False,False
D7,primary,20,76,10,12.893589988874506,0.229682337962825,8.81665953941645,0.5495872998891567,-0.09204918041399207,-0.12166875017740898,False,False
D7,primary,21,109,1,0.6805000913074231,0.40941457267551395,0.7552518799227063,0.384818531550301,-0.07793835466547346,-0.0821075411923833,False,False
D7,primary,21,109,2,1.4443681903316952,0.48569030283625647,0.8393990145973531,0.6572442872561154,0.08219139225233171,0.027279525793112377,False,False
D7,primary,21,109,5,1.7097506081088787,0.8876690661973801,3.200575311214682,0.6690944838595891,0.02903837511038097,-0.0006556551179059496,False,False
D7,primary,21,109,10,5.997460898243358,0.8154765237222525,5.888677190686591,0.8245277381871872,0.03946624879279169,0.04520293028601513,False,False
D7,primary,22,89,1,0.29136165158390703,0.5893492704400081,0.011365608982004767,0.9150986942215408,-0.056265454547194164,-0.011112761454567412,False,False
D7,primary,22,89,2,0.35140068366016936,0.8388693197228388,0.0430198079183174,0.9787197842203762,-0.025395733903272828,-0.01843994369110645,False,False
D7,primary,22,89,5,5.965799394882919,0.30956102618601156,3.671184793931003,0.5976578797799397,0.09410276218626717,0.03064453322355635,False,False
D7,primary,22,89,10,6.989200817296017,0.7264640677666695,6.152863624251865,0.8022608951611006,0.038096307281204556,0.017761536892363785,False,False
D7,primary,23,90,1,0.2421453214319949,0.622660926285658,0.12800030568974063,0.7205144674007944,0.051017347631502445,-0.03709243449038551,False,False
D7,primary,23,90,2,1.2007901731036008,0.5485948508244265,1.067174092482343,0.5864973986714898,-0.10093808006943676,-0.09990774321501568,False,False
D7,primary,23,90,5,11.952718408771853,0.03544142260424854,4.746297522485439,0.4476201657982247,0.32722280108394963,0.18925729810032232,True,False
D7,primary,23,90,10,12.726037998379796,0.23939524921742905,6.986487138097781,0.7267200318524474,-0.030737054411342404,0.011639084844057068,False,False
D7,primary,24,88,1,0.003807346724755831,0.9507987925666957,0.31625320850023986,0.5738680778976646,0.006467080245421958,0.05894059363649413,False,False
D7,primary,24,88,2,2.1736713805176366,0.33728207185344705,3.7879146792082756,0.15047514775812076,0.1534980615916613,0.19415801335929367,False,False
D7,primary,24,88,5,4.714681872485633,0.45168307095282134,5.8508491238320675,0.32100358599101586,-0.059782526730976324,-0.05652923561883354,False,False
D7,primary,24,88,10,7.706689614411981,0.657462357063463,7.021437063051369,0.7234196253004522,-0.08443920182733665,-0.030587882501808807,False,False
D7,primary,25,72,1,0.4428568723262414,0.5057467781249296,0.5740534594924692,0.4486526604993142,0.07682078850408577,0.0874627715997464,False,False
D7,primary,25,72,2,1.5577801395389186,0.458915092465054,1.8295400972302327,0.4006087360336561,0.1210289878420226,0.1284319153372141,False,False
D7,primary,25,72,5,7.396620311408919,0.19277422359271867,4.082184216392672,0.5376452008839535,0.18203143155021798,0.08420575799078786,False,False
D7,primary,25,72,10,14.38823991201171,0.15600782119094525,9.092726587390905,0.5233267149626994,0.03260776170621294,-0.01692894214993979,False,False
D7,primary,26,104,1,0.47714862621203435,0.4897167184189689,0.17447709785759644,0.6761631392962841,-0.06676915022110244,0.040375528906532725,False,False
D7,primary,26,104,2,1.7758977947807886,0.41149891424823803,0.5556128182248644,0.7574434414698505,-0.10962083980270594,-0.05938411795199642,False,False
D7,primary,26,104,5,3.9507362961968018,0.5565303495523776,4.30035117980908,0.5070313820759684,-0.012064648150971236,0.021753770542899068,False,False
D7,primary,26,104,10,5.89188159192544,0.8242635755952488,9.592852850278248,0.4769094408154819,0.025882446699167505,-0.048055116592104985,False,False
D7,primary,27,97,1,0.2127390833532015,0.6446289572917456,3.2578774424625307,0.07108107855743118,0.0461164420959016,0.18046771660921693,False,False
D7,primary,27,97,2,0.5503860920789728,0.759425504987366,3.772126315205668,0.15166772698666986,-0.05779493657974566,-0.07132553081102982,False,False
D7,primary,27,97,5,5.088593673775684,0.40516413547336916,10.196294219053216,0.06986059921573273,-0.18315275316919694,-0.1707329715220743,False,False
D7,primary,27,97,10,6.458496864190545,0.7753847760054431,11.553030184394437,0.3160831591382225,-0.010025194011940932,-0.027671238580109794,False,False
D7,primary,28,89,1,0.9132747415269683,0.3392470239000186,0.006393926183322499,0.9362674551938688,0.09961537171073764,-0.008335073726309367,False,False
D7,primary,28,89,2,1.7423484701102048,0.4184598903701603,0.39204672993193346,0.8219930286146744,-0.09437142298165459,-0.06436387361294887,False,False
D7,primary,28,89,5,9.137694930410701,0.10369641321858647,8.830295881131596,0.11602756469365261,-0.17769718075859717,-0.12694872360905152,False,False
D7,primary,28,89,10,10.78707149212431,0.37434604588560183,10.440346126879616,0.40274557919338894,-0.07130985601893712,-0.06152881570138968,False,False
D7,primary,29,88,1,0.7866327726784103,0.3751202470579924,0.6054169746718675,0.4365186370196632,0.09295720424522565,0.08155006889589865,False,False
D7,primary,29,88,2,1.262890514360929,0.5318226248448068,2.229653910779495,0.3279720277811241,-0.07191304178572781,-0.13280405199168852,False,False
D7,primary,29,88,5,3.048647696282974,0.6924858071088896,4.54528470512936,0.4738474587694783,0.027815919172184955,-0.028342167211015328,False,False
D7,primary,29,88,10,9.016069543420802,0.5305791992593704,14.190984908133304,0.164457087592209,-0.13151503271600587,-0.13688402896143673,False,False
D7,primary,30,78,1,0.6526438597272135,0.41916901374781346,0.25221198171189274,0.6155218418403787,0.0897410601923913,0.055787374777684744,False,False
D7,primary,30,78,2,0.9979497665079291,0.6071527432485369,2.5989868576202073,0.27266988476238696,0.06485097427669781,0.16906364042652083,False,False
D7,primary,30,78,5,1.656179761688767,0.8943734554187615,3.8225873176403655,0.5752313808123178,-0.018487923664948915,-0.06069606402482043,False,False
D7,primary,30,78,10,5.92352845203066,0.8216465904218778,6.088488699830304,0.8077747958492376,-0.029088984605677035,-0.03959694528493316,False,False
D7,primary,31,69,1,0.4937311946214924,0.482267608292998,1.4888238515449208,0.22239903560855978,0.08278392628749916,0.1437548134785604,False,False
D7,primary,31,69,2,0.5074301853378363,0.7759128338128293,1.513904911749055,0.4690938350219178,0.013687620870476532,0.018520667158548897,False,False
D7,primary,31,69,5,3.238366137366477,0.6632901949335994,4.184264135407698,0.5232030682431962,-0.14760340881341058,-0.13232917441310973,False,False
D7,primary,31,69,10,6.656472052608651,0.7574291076629175,5.460357138740752,0.8583844071677468,-0.08385080041660532,-0.052680043970035915,False,False
D7,primary,32,88,1,0.4340443461809254,0.5100110927723556,1.0298345319792221,0.3101975345143657,-0.06905006429035812,-0.10636059560879023,False,False
D7,primary,32,88,2,2.2859063088513842,0.31887594007500963,2.5414508390812163,0.2806279749059619,0.14180480288024977,0.12811719422429407,False,False
D7,primary,32,88,5,3.988636358269196,0.5510532012576631,5.9616691247211255,0.30996656858109184,-0.019482060436489076,-0.07883798306043999,False,False
D7,primary,32,88,10,10.582076929382657,0.39099049960503285,11.664116879718831,0.30816461565115794,-0.10087912342151537,-0.14000404193283253,False,False
D7,primary,33,58,1,1.9031961573147793,0.16772100324775807,1.2594190438826967,0.2617610862985461,-0.17655888679911322,-0.14362595647702653,False,False
D7,primary,33,58,2,4.8768773835068595,0.08729704270873939,2.6952839726210533,0.259852274013729,-0.2187517807262538,-0.15200615913994836,False,False
D7,primary,33,58,5,6.770330143508741,0.2382891213282372,3.112568119892239,0.6826360411114336,-0.0912323927638775,-0.01451821855012449,False,False
D7,primary,33,58,10,9.612331316472371,0.47513700371942724,5.362874786038647,0.865657875150901,0.017045375803876446,-0.034298645387051394,False,False
D7,primary,34,111,1,0.9343893381142633,0.33372494969142685,0.042480098055173846,0.8367073260155045,-0.09052313135909233,-0.019301381139332045,False,False
D7,primary,34,111,2,1.581887455920105,0.45341669129814666,0.8669664689704094,0.6482471607218842,0.07501218101982035,0.08464557866694873,False,False
D7,primary,34,111,5,2.329197013092301,0.8019692492325539,3.6946166053821976,0.5941652950556645,0.07370549464128211,0.08464695706121793,False,False
D7,primary,34,111,10,9.02260701251054,0.5299594404996085,12.670819271582832,0.24266336080001882,-0.22206015901578757,-0.24366119337341008,False,False
D7,primary,35,95,1,0.08383526729099525,0.77216572258204,0.09345983869416985,0.7598239211709854,-0.029243519115166813,-0.030876550158245614,False,False
D7,primary,35,95,2,0.6153527128632822,0.7351532071185944,1.6216967415617334,0.44448082168217384,-0.07324071346874657,-0.12419072023976492,False,False
D7,primary,35,95,5,4.927319499076574,0.4248145301500903,7.1488140416488255,0.20980600337958222,-0.1717899539098486,-0.17294909575637993,False,False
D7,primary,35,95,10,10.541086004886111,0.39436977345670177,13.7632236145271,0.18406823437698705,0.026059766282556338,0.18283115882450976,False,False
D7,primary,36,80,1,0.0555321340484933,0.8137022765408042,0.26876894045496175,0.6041587753102445,0.025860314820129016,0.05689199531110646,False,False
D7,primary,36,80,2,0.8746775100979286,0.645752642386783,1.0837929431159576,0.5816441341831963,-0.0986906191731662,-0.09844203460911072,False,False
D7,primary,36,80,5,3.739495111242679,0.5874976297732118,4.947323325938548,0.4223427313963761,-0.06349393345917533,-0.0772831646259894,False,False
D7,primary,36,80,10,10.015165107456397,0.4391638046844313,12.248689775874247,0.26875739691416123,-0.09223631990463241,-0.10759760915752058,False,False
D7,primary,37,88,1,0.014870476932450251,0.9029429212086445,0.4833134221253601,0.48692529353543257,0.012780842538753088,0.07286374072706327,False,False
D7,primary,37,88,2,1.116016652442386,0.5723478596419151,0.7083074885147305,0.7017670664045631,-0.10934756645498833,-0.04942790090183221,False,False
D7,primary,37,88,5,3.4084907227892343,0.6372770910756205,4.747978040057836,0.44740486197034435,-0.05173239471891474,0.12863443530534044,False,False
D7,primary,37,88,10,7.800021306024766,0.6483632976086332,11.829318808477435,0.29664200425772436,0.13123598306283132,0.1664499934830495,False,False
D7,primary,38,64,1,0.010887060960569014,0.9168986787422584,0.0037391642116367104,0.9512407801370828,0.012742764217188136,-0.00746785005249258,False,False
D7,primary,38,64,2,0.011412734523497578,0.9943098831269923,0.11713754377902512,0.9431133784802912,-0.0027777423361729165,0.040797853517123416,False,False
D7,primary,38,64,5,1.1449348893044045,0.9500497626235653,2.979046645161883,0.7032163915011505,-0.05321001714809596,-0.1295174077127321,False,False
D7,primary,38,64,10,7.057923977092855,0.7199654952942154,6.566732907476128,0.7656164825927343,-0.01285264769485501,0.004439538721580667,False,False
D7,primary,39,87,1,0.002866258445328748,0.9573036934340388,0.2906654394595231,0.5897944163140605,0.005642249278511796,-0.056818700177418247,False,False
D7,primary,39,87,2,0.19406779959000256,0.9075252406921865,1.3257495941729163,0.5153676254841741,-0.04581424431566937,-0.10659643082089035,False,False
D7,primary,39,87,5,4.101984326108832,0.5348281937762798,9.563514303756,0.08859082283664643,0.003818812128099223,0.049234660390233845,False,False
D7,primary,39,87,10,16.56411854000785,0.08458270668103995,12.903089965915077,0.22914076410024986,0.06470534873817818,0.11948165846823976,False,False
D7,primary,40,72,1,3.5762037282448773,0.0586129543791587,0.945291777674165,0.33092063732898713,-0.21830224002575005,-0.11223543818184696,False,False
D7,primary,40,72,2,4.189533458688134,0.12309895567913709,0.9992650315018746,0.606753591136036,0.08976642313688639,0.02662908305881453,False,False
D7,primary,40,72,5,5.009542694256341,0.4147166937688831,4.3854379729116015,0.49535616311876396,0.08544699818574673,0.1610191534265829,False,False
D7,primary,40,72,10,7.084590277990249,0.717435713143017,7.92917382673358,0.6357551140076014,0.052821853973605205,-0.026621460236063342,False,False
D7,primary,41,98,1,0.04286404686657222,0.8359814765969845,1.2631892213161533,0.26104827672947983,0.020597732553181636,0.11181679370221433,False,False
D7,primary,41,98,2,2.7504192260034674,0.2527866028923085,4.246155721576193,0.11966275582931318,-0.16285880237160177,-0.1709412072294973,False,False
D7,primary,41,98,5,3.4041524358883173,0.6379375748815322,6.020398532037153,0.3042391107358964,-0.008313293318298982,-0.018178497387079516,False,False
D7,primary,41,98,10,7.435585442824709,0.6837817674787241,9.830226721610094,0.45551235304327653,-0.019074980941425665,-0.06751846107758776,False,False
D7,primary,42,92,1,0.011392950211444215,0.9149970225834599,0.43224727070723423,0.5108883020641033,-0.010949163863977861,-0.06744177400497967,False,False
D7,primary,42,92,2,1.7362567019644046,0.41973641376962945,0.43775609700082296,0.8034196904156181,0.13398025869473545,0.007571692241957062,False,False
D7,primary,42,92,5,4.85994951557861,0.4332103139281748,4.61951639040265,0.46405350798407863,0.13073786437294108,0.03669175420912892,False,False
D7,primary,42,92,10,5.5722790115406715,0.8498282374530676,5.954826796102244,0.8190441075172739,-0.03786946736827078,0.023552035912027473,False,False
D7,primary,43,102,1,0.08829867550934227,0.7663512824544016,0.1541107466679333,0.694637531925316,-0.028994860655354313,-0.03830543456556663,False,False
D7,primary,43,102,2,2.30867909270379,0.3152656865320487,1.0804050866539439,0.5826302325566335,0.14467614850034843,0.09344536175408753,False,False
D7,primary,43,102,5,2.683944630422188,0.7485729185593852,1.5333354317769552,0.9091911515625122,-0.057224195976062556,-0.003577588588600211,False,False
D7,primary,43,102,10,7.417059828248852,0.6855719641492184,6.342676887575282,0.7856984107786125,-0.01643891721850826,-0.023960439921757337,False,False
D7,primary,44,70,1,0.07644776131844407,0.7821702932503555,0.6440578124010916,0.42224521293748396,-0.032351294504940065,-0.09390132132173289,False,False
D7,primary,44,70,2,0.21367772373011212,0.8986704714074105,0.7001794562795562,0.7046248622039851,-0.04302923849978886,-0.02751720884259923,False,False
D7,primary,44,70,5,7.397372704213576,0.19272438346083576,4.6751453814879484,0.45679682456259896,-0.16785769845931925,-0.12466036319432214,False,False
D7,primary,44,70,10,8.107369933442342,0.6183499252079392,7.909914744797837,0.637636021812142,0.04269092460991511,0.009108577006280929,False,False
D7,primary,45,66,1,0.2780318668717693,0.5979941119002933,0.1489836323272271,0.6995085337856931,0.0634567085903566,0.04645147761923399,False,False
D7,primary,45,66,2,2.100190814481665,0.3499043641086602,1.2568125562403845,0.5334412809507515,0.16119690232954298,0.12568976457352324,False,False
D7,primary,45,66,5,2.884652108389721,0.7177635119024751,2.881795771556922,0.7182033892971402,0.06747827705840659,0.01615750971534281,False,False
D7,primary,45,66,10,12.91041102429904,0.2287240721978273,16.152892329682025,0.09533853046962426,-0.02659764074589513,-0.11776575203200759,False,False
D7,primary,46,97,1,0.012828751663459908,0.9098211944906676,1.5413552678257247,0.2144161889545818,0.011324638595108225,0.12413193564834478,False,False
D7,primary,46,97,2,0.7634055384578599,0.6826979418871918,1.7533821753318213,0.41615766518909636,0.08616996223446376,0.04579877139761159,False,False
D7,primary,46,97,5,1.6380520593123007,0.896609852189691,2.754045446680663,0.7378408254323436,0.012560372798072612,-0.027695484347345853,False,False
D7,primary,46,97,10,11.97196476763943,0.2869371784396828,10.174250225559549,0.4253411214365259,-0.16620048362433557,-0.14932396796106773,False,False
D7,primary,47,77,1,5.478720577460142,0.019249343163096677,2.917008428357363,0.08765022589119753,0.2616299532402818,0.19090474800359788,True,False
D7,primary,47,77,2,5.923679951077378,0.051723659295643265,5.569070918563606,0.061757771367851766,0.07406821926393646,0.1808271343968831,False,False
D7,primary,47,77,5,9.097914494455084,0.10522183642142635,8.107754590249861,0.15039619438294127,-0.12687765935059434,-0.10437015259809597,False,False
D7,primary,47,77,10,10.329945522443726,0.41203844344777196,9.558018169717121,0.4800863481240125,-0.0656095233637423,-0.09437094374040553,False,False
D7,primary,48,94,1,2.3799947675731863,0.12289795856647667,2.098399464459336,0.1474534198579427,-0.15661376570181643,-0.1470571057553429,False,False
D7,primary,48,94,2,2.600592003437385,0.27245113509290975,2.2014969753326934,0.3326220270170023,0.04742358740365936,0.03242040683418365,False,False
D7,primary,48,94,5,3.446309820764976,0.6315267513840359,3.553375196956349,0.6153271204449979,-0.029638534609343542,-0.011128041971113518,False,False
D7,primary,48,94,10,11.37973706013207,0.32870806930413243,10.405793521013155,0.40564132753717597,-0.09918898055526218,-0.023704034849581654,False,False
D7,primary,49,87,1,0.9971372505374363,0.318004202361604,0.5188335635094778,0.47133967512123354,-0.10523787409558658,-0.07591168429635982,False,False
D7,primary,49,87,2,1.085528603300759,0.5811395848636909,0.7244937732431748,0.6961104862588083,-0.031150119959789696,-0.04751491650119455,False,False
D7,primary,49,87,5,3.014639126152253,0.6977287839837361,3.6506519837575864,0.6007245223155353,-0.029600921165422827,0.05586065455851408,False,False
D7,primary,49,87,10,10.816394578986833,0.3720004379245332,12.161815758675475,0.27437277779096947,-0.18433285119140821,-0.20393034701821258,False,False
D7,primary,50,88,1,0.018791231942576588,0.8909666800132936,0.34709310347274114,0.5557632842468846,0.014367283519609714,0.06174759227519644,False,False
D7,primary,50,88,2,0.2310649414226325,0.890891643882036,0.7124909055616209,0.7003007083817183,-0.048010335344691124,-0.06298970873500419,False,False
D7,primary,50,88,5,1.1072274208177522,0.9534619485351892,2.854179942272373,0.7224548160700285,0.056861026380060124,-0.045164242577975314,False,False
D7,primary,50,88,10,4.049309645949504,0.9450951174264701,8.18531912094857,0.6107407320252126,-0.14045510765184988,-0.10317481020449937,False,False
D7,primary,51,97,1,0.4983298194888931,0.48023490567078997,0.5272328270287189,0.4677725653788328,-0.07058145224278976,-0.07259945717715582,False,False
D7,primary,51,97,2,0.5027781443556133,0.7777197235802445,0.7691558223731165,0.6807379074289489,0.0066337115989536155,-0.04892117885829111,False,False
D7,primary,51,97,5,3.83904006540888,0.5728152929117878,2.3282623714942896,0.8021071082905701,0.023039801131055162,0.052822852446261975,False,False
D7,primary,51,97,10,4.3362507821288245,0.9309059311235717,5.029271672571339,0.8892140776749458,0.04267874470140858,-0.035587542556732424,False,False
D7,primary,52,81,1,4.005206204460206,0.045359948279946716,5.206007890872612,0.022508961279159023,0.21831113020104784,0.24889481468544725,True,True
D7,primary,52,81,2,7.79918409631176,0.020250170855513394,8.668594404930191,0.013111085274218337,-0.2111443127052778,-0.20171226527113678,True,True
D7,primary,52,81,5,9.76648913743696,0.0821285973893835,9.66851240361957,0.08519149977114804,0.14649178922784692,0.06532445024134814,False,False
D7,primary,52,81,10,20.370278285140532,0.02593871958288263,18.359926495181192,0.04918732344736687,-0.20932727204750526,-0.16296588180014093,True,True
D7,primary,53,79,1,2.5936173551718436,0.10729503672062779,1.4041072697422279,0.23603708856402317,-0.17780509358683544,-0.13082519483999125,False,False
D7,primary,53,79,2,4.832571841628534,0.08925249345743014,2.2368668770356326,0.32679133255490667,0.1641390593216428,0.10010347027135265,False,False
D7,primary,53,79,5,6.1505433529911295,0.29184483802893957,2.262556819948361,0.8117502578883209,0.03731798394081039,-0.0055152436320585144,False,False
D7,primary,53,79,10,10.244428788987692,0.4193168912709824,6.287762032372344,0.7905350693198583,-0.046675768054245725,0.0005597312732737112,False,False
D7,primary,54,81,1,0.5207565193332149,0.4705191506939096,0.03549463285120501,0.8505629481460976,0.07871922244249553,-0.02055155946574986,False,False
D7,primary,54,81,2,1.8053234873626622,0.40548891448926505,0.5068626696540212,0.776133036404689,0.12285995873033066,0.07442383669234405,False,False
D7,primary,54,81,5,7.046085136648403,0.21723540050771473,11.314280422711311,0.04549275993331092,0.1263459760379174,0.26997240705824643,False,True
D7,primary,54,81,10,14.635490987759805,0.1459270659989118,18.430596972641016,0.04812017089811316,-0.08165548024370606,-0.0482677474061641,False,True
D7,primary,55,76,1,1.4073046085889822,0.23550435935891556,0.5272107633821184,0.4677818787287963,0.13343525476398443,0.08167114950962277,False,False
D7,primary,55,76,2,3.5046141643372697,0.1733734947957325,1.6256567723222275,0.44360161352909266,-0.16180540698938614,-0.11709844286230855,False,False
D7,primary,55,76,5,5.4262243634115235,0.36610347833391077,3.0160773978015754,0.6975070351336458,-0.024878557629642778,-0.0748645418040175,False,False
D7,primary,55,76,10,12.410647665518335,0.25851279425367146,6.955266276273424,0.7296612367020783,-0.19306295888174793,-0.15333500159690186,False,False
D7,primary,56,75,1,1.0236911058578493,0.31164506565325,0.1692941999303308,0.6807398377038223,0.11453133701006332,-0.04657586241977952,False,False
D7,primary,56,75,2,1.1866165368518033,0.5524964513946871,0.2164526969731548,0.8974244427751012,0.04538160746984347,-0.024415488250603364,False,False
D7,primary,56,75,5,5.217965463547446,0.3898627898999518,8.003889934757538,0.1560213759069966,-0.1713590076949443,-0.15411238909145236,False,False
D7,primary,56,75,10,10.782628052036534,0.3747022624660188,14.271921226219483,0.16094583740242419,-0.018836603928327166,-0.031380819993705907,False,False
D7,primary,57,92,1,1.2043152961478296,0.2724608923964851,0.06636425736929916,0.7967058959414887,-0.11257266742892943,-0.026425911434938856,False,False
D7,primary,57,92,2,1.5535434298911661,0.459888267866409,0.57323381154358,0.7507993006286191,0.060286216076772134,0.07262924289599461,False,False
D7,primary,57,92,5,2.294566666437132,0.8070645488597539,2.647737457809833,0.7540994145258266,-0.03078795949370009,-0.07629032502081995,False,False
D7,primary,57,92,10,7.190007534233226,0.7073935746157058,8.720651836564523,0.5588040790452098,0.04860030645526862,0.055367143666341746,False,False
D7,primary,58,74,1,0.13342162550674952,0.7149104293588762,0.13446392045098482,0.7138478615595911,0.04161519057284332,0.04177742409182929,False,False
D7,primary,58,74,2,2.101465413650621,0.34968144124467604,1.9276605994475695,0.3814290966253212,-0.15873071434828723,-0.1515156715834237,False,False
D7,primary,58,74,5,5.615976785316161,0.34539611695973993,3.071206952552491,0.6890086524645841,0.1412626254399559,0.07787464889554133,False,False
D7,primary,58,74,10,10.78418262580515,0.37457761394836364,5.052248880351881,0.887660502256092,0.023761175196636435,0.005399447541598117,False,False
D7,primary,59,91,1,1.2507874996767985,0.2634021224083778,1.3417748647097065,0.24672120964781052,0.1153322727636891,0.11945350856892467,False,False
D7,primary,59,91,2,1.6859195055741867,0.43043465606153875,2.7929828727895805,0.2474636846577153,-0.06764619096226777,-0.1235371750493698,False,False
D7,primary,59,91,5,3.8848455874902443,0.5661117895194325,4.826155555609201,0.43746287537200446,0.09359355013518218,0.08651851066485415,False,False
D7,primary,59,91,10,5.906329831381866,0.8230706219129982,5.306640413594372,0.8697756920358328,-0.011056284500282563,-0.02574001966805719,False,False
D7,primary,60,80,1,0.9920551063352409,0.31924060677478994,0.6433523949449617,0.422499447171529,0.10930235629453373,0.08802095717804033,False,False
D7,primary,60,80,2,2.793538319544662,0.24739496774998093,1.5622988468861116,0.4578794113905127,0.14635598652330414,0.10452988781617073,False,False
D7,primary,60,80,5,4.212568130944672,0.5192349065211479,2.413793421006456,0.7894182528906852,-0.03618561823481412,-0.020250825500961078,False,False
D7,primary,60,80,10,9.459371756792525,0.48913138165911585,4.225386085873482,0.9366071116882485,0.04066069506825458,-0.035589403361540456,False,False
D7,primary,61,89,1,0.6010910566346223,0.4381620410958571,0.003280723286851327,0.9543240648801697,-0.0808157057237145,0.005970496350828654,False,False
D7,primary,61,89,2,0.6093039265350922,0.7373799650511638,0.0351423038686446,0.982582320545067,0.009392720484036176,-0.018500249480622993,False,False
D7,primary,61,89,5,2.156057925888,0.8271572059439587,2.7806580848139952,0.7337571802335834,-0.07180945068583633,-0.11156271299645193,False,False
D7,primary,61,89,10,4.456616393668724,0.9244067351602517,5.679672794653936,0.8414195702755671,-0.03104598915792228,-0.05581001963837857,False,False
D7,primary,62,102,1,0.3779053898202142,0.538726373473545,0.3247459578568847,0.568769360621697,0.05998400708474584,0.055605251373852256,False,False
D7,primary,62,102,2,1.5582292482335762,0.4588120526554378,1.158325683602616,0.5603672863260314,0.10548333140953678,0.08864552492289124,False,False
D7,primary,62,102,5,2.731062964570942,0.7413635493484438,2.5071535151354825,0.775417354255804,-0.09638010601860654,-0.094785323986958,False,False
D7,primary,62,102,10,9.455019434016723,0.4895320688111229,6.928510569799392,0.7321763224755391,0.016055798460164264,-0.059331710485591986,False,False
D7,primary,63,88,1,0.7333646486684894,0.39179474424801597,1.614372034937343,0.2038783160931451,-0.08975466310876275,-0.1331676845258009,False,False
D7,primary,63,88,2,1.3873884655716795,0.49972654868994615,2.9915627820167354,0.22407344732928136,0.08427202245943387,0.12228795513382167,False,False
D7,primary,63,88,5,1.8360897906382947,0.871328290101192,4.228518111187558,0.5170058458583084,-0.06343012522251598,-0.031352707673084936,False,False
D7,primary,63,88,10,6.999938010848768,0.7254508054533058,8.174075634416354,0.6118379423256392,-0.07538212322049863,-0.02641598779345413,False,False
D7,primary,64,90,1,1.714559757836277,0.19039483240807076,3.845501570287524,0.04987960080271181,0.13575509814513326,0.20330887229784858,False,True
D7,primary,64,90,2,1.7245841691454047,0.42219326976142313,4.749084596368764,0.09305707185558754,-0.010321803965482011,-0.09799641759642533,False,False
D7,primary,64,90,5,7.3290885978654625,0.1972932755463923,9.212491984703924,0.10088287718822964,0.12225834720602988,-0.0009299181484461998,False,False
D7,primary,64,90,10,15.157649517221769,0.1264190768618848,13.361019517937068,0.204181283593992,-0.1229709891041448,-0.04785082925462608,False,False
D7,primary,65,102,1,0.47751297731869363,0.48955100053728684,0.059139139185291234,0.8078617758834836,-0.06742741664054673,-0.02372910897041099,False,False
D7,primary,65,102,2,1.7326385118703895,0.4204964441131066,1.8313446713893626,0.40024743497032456,-0.10877443270862462,-0.12925289775510906,False,False
D7,primary,65,102,5,3.3138607405748894,0.651720287365336,4.507927970052042,0.47882340417340996,-0.004374874007108607,-0.09365102223815691,False,False
D7,primary,65,102,10,9.130585027211726,0.519757122434912,9.519586834770552,0.4836017423229395,-0.02451670774489512,-0.037769954901618545,False,False
D7,primary,66,88,1,2.7103499426297786,0.0996991188426829,1.5373701710124676,0.21500967477726085,-0.1725479164194859,-0.1299529853204518,False,False
D7,primary,66,88,2,2.7411387782391263,0.2539623149982513,1.552482062047511,0.460132387945574,-0.01828450751182516,-0.012809908910277773,False,False
D7,primary,66,88,5,6.532964438889387,0.2577541917412691,5.083903691742258,0.4057265952902056,-0.09450266539149314,-0.1562759185397918,False,False
D7,primary,66,88,10,12.930149206901753,0.2276035239335219,9.018139036951956,0.5303829843959892,0.17470558901999406,0.055458512323876746,False,False
D7,primary,67,89,1,0.6833701496337127,0.40842863533114715,0.7246772061109645,0.3946139731336652,-0.08616951306477719,-0.08873560961140907,False,False
D7,primary,67,89,2,0.6833736966298539,0.7105706862798917,0.7505736058477117,0.687092190480383,-0.00019519751514831505,-0.016678754719909848,False,False
D7,primary,67,89,5,3.0180372420802963,0.69720487300302,3.76267424939828,0.5840653492977304,0.01739272119733172,0.08892507827446838,False,False
D7,primary,67,89,10,7.058295526332811,0.7199302776965982,8.64682703567143,0.5659164280627903,-0.0710730182248898,-0.11339094899125667,False,False
D7,primary,68,99,1,0.1946922182036302,0.6590396840454354,2.186515965993075,0.1392239230699447,0.04368265738083205,0.14638988853974444,False,False
D7,primary,68,99,2,0.7664919088831358,0.6816452249960563,4.053817128557335,0.13174216470239875,-0.07447826327702117,-0.13459061163449454,False,False
D7,primary,68,99,5,3.2995306651425205,0.6539135381014024,8.703981997850342,0.12146998775150464,0.008374032509164877,-0.06173049969778014,False,False
D7,primary,68,99,10,9.481990129552871,0.4870512426083693,16.65019227248598,0.0824716519314217,0.047191034485573255,0.11891597578720757,False,False
D7,primary,69,75,1,0.1449393893654552,0.7034191443853395,0.4872842264005942,0.48514125635861816,0.0430956146522897,0.07901891137955107,False,False
D7,primary,69,75,2,1.0363343433772512,0.5956112012469942,1.9547073253741123,0.3763056139470643,-0.10615012781493702,-0.1361956106780866,False,False
D7,primary,69,75,5,4.807503435966054,0.4398217100063525,8.187636114700565,0.1461933174217852,0.1325277182283916,0.1596574867422295,False,False
D7,primary,69,75,10,10.33848777375003,0.4113152163224727,12.151608822224357,0.2750380543416604,-0.1979184991184715,-0.17057807053533997,False,False
D7,primary,70,82,1,0.29906651805590234,0.584468222707177,1.0597292790185642,0.3032769382431052,-0.05930343335004628,-0.11163320845015987,False,False
D7,primary,70,82,2,0.2995653336752312,0.860895057140149,1.0599694711472194,0.5886139544641615,0.0024069576348752304,0.0016702358831626166,False,False
D7,primary,70,82,5,3.618378357392856,0.6055559932220199,2.700480922693771,0.7460448814900614,-0.12686249275873665,-0.10205848959551764,False,False
D7,primary,70,82,10,9.23097079259104,0.5103330124051638,8.715925452974199,0.5592587951900521,-0.012909769092194356,0.09401214981330247,False,False
D7,primary,71,85,1,1.738948984146677,0.1872720525084205,0.1923957732392056,0.6609300717878553,-0.14054453872548955,-0.04674856855071257,False,False
D7,primary,71,85,2,1.7532934562715248,0.4161761261570487,0.21182545570972225,0.8995031462196533,-0.01268855721881377,-0.014767358175556551,False,False
D7,primary,71,85,5,6.07204602301717,0.2992715315352993,3.7645086572062985,0.5837940585979303,0.099017361264425,0.09255621724430466,False,False
D7,primary,71,85,10,15.852088925706683,0.10394553320801392,7.903225100352638,0.6382893093652467,-0.17328415501605773,-0.12931589906982852,False,False
D7,primary,72,81,1,0.3283670656928249,0.5666222046373308,0.42887219597960513,0.5125428639651894,0.06250909825840541,0.07143768685042097,False,False
D7,primary,72,81,2,0.3389671247968289,0.8441006293561708,0.7092596092318119,0.7014330624326518,-0.011160563772943062,-0.05739991470187812,False,False
D7,primary,72,81,5,3.9449564699989867,0.5573678401864521,5.315750395035867,0.3785725507648098,0.18338185681754923,0.17540069968434405,False,False
D7,primary,72,81,10,4.511956835294916,0.921311441356301,7.293449583065176,0.6974813930579246,-0.015225917291206889,-0.07491175195033108,False,False
D7,primary,73,73,1,0.05069035855865529,0.8218663233523222,0.08522538179488218,0.7703371898811053,0.02581884843423477,0.03347793518351864,False,False
D7,primary,73,73,2,1.0337196699091136,0.5963903748597745,0.9175520390343769,0.6320567974330551,-0.11290686435881246,-0.1038924563946224,False,False
D7,primary,73,73,5,2.2498157919564803,0.8136086198273493,2.3746670877964795,0.7952406192954677,-0.07923906948214632,-0.06829102423579962,False,False
D7,primary,73,73,10,13.676489909163543,0.1882658142573469,12.865212503722992,0.23130590081043845,-0.15884908458752417,-0.19454619665326062,False,False
D7,primary,74,74,1,1.9733760521081667,0.16008996860872826,0.12098293899962369,0.7279708485331391,0.16004558594682522,0.03962788000799764,False,False
D7,primary,74,74,2,2.4376240437679106,0.29558110231202384,0.31282174066309765,0.8552077386882899,0.0770936502131211,0.04955777717739413,False,False
D7,primary,74,74,5,2.6808642103665616,0.7490435797437646,1.2033693599145094,0.9445537121850874,-0.005104261917140441,0.035892191878331856,False,False
D7,primary,74,74,10,4.309362135572951,0.9323138737566529,1.7222206217439975,0.9980599240387021,0.01126284010008526,0.02379379018776295,False,False
D7,primary,75,83,1,1.975157026700308,0.15990153498281667,1.6367293233844091,0.20077480926933056,-0.15151625632407978,-0.13792622465234544,False,False
D7,primary,75,83,2,2.838346415689781,0.24191394678883094,2.1847025598748453,0.33542688327181835,0.09955132549573867,0.07931835052993898,False,False
D7,primary,75,83,5,4.42167531207584,0.4904309040142698,2.64762639560679,0.754116346866044,0.09177313951492891,0.06266051893732918,False,False
D7,primary,75,83,10,10.911805808381562,0.36443034487741666,6.500978918149588,0.7715652086370856,-0.1129458439563267,-0.07179656112861019,False,False
D7,primary,76,72,1,0.016202145328268934,0.8987127362683724,0.25247888109939104,0.6153350044367167,-0.014693773056952712,0.05800422048635662,False,False
D7,primary,76,72,2,1.206826890702294,0.5469414912006914,1.594776313735159,0.45050407482073584,0.1250703497053138,0.132797925783639,False,False
D7,primary,76,72,5,2.7816466432305496,0.7336054022578292,4.023961152124311,0.5459713146531638,-0.12656312920322765,-0.026571674428930672,False,False
D7,primary,76,72,10,7.846932294503367,0.6437854264963745,6.757296639061575,0.7481417446782898,0.015573901096250465,-0.00043600249535830527,False,False
D7,primary,77,79,1,1.2109963761290161,0.27113488189560475,0.04170869545235014,0.8381760596044915,-0.1214961924961889,-0.022547819494934285,False,False
D7,primary,77,79,2,1.432701922557038,0.4885316784059527,0.046926362306352096,0.9768099390222778,-0.0516508635072099,-0.00792369007926767,False,False
D7,primary,77,79,5,2.6722105710606407,0.7503653153332096,2.771538551632293,0.7351570618251866,-0.1031465574757298,-0.17489616053377188,False,False
D7,primary,77,79,10,3.9600315473798164,0.9491320142898653,6.578427164669978,0.7645539625435972,0.0753741230625891,-0.011668409210325898,False,False
D7,primary,78,83,1,0.03254052896070232,0.8568464547435484,0.12930194419965071,0.7191569076917784,-0.01944781082339293,-0.03876688845640391,False,False
D7,primary,78,83,2,0.5999080007085453,0.7408522988412032,0.37774195281857287,0.8278933175725849,-0.08070978994517562,-0.05340780978219449,False,False
D7,primary,78,83,5,6.380142329558539,0.2709661878735561,6.289068873885677,0.27909866134941663,-0.08499118725922936,-0.12113562593346618,False,False
D7,primary,78,83,10,7.980454676247452,0.6307461813959891,9.205141338519123,0.5127520099680553,0.06694504516280661,0.14539349825509928,False,False
D7,primary,79,78,1,0.21929884530727642,0.6395746831218256,0.02877709007222573,0.8652947454978788,0.05202010688780479,-0.018844147970927774,False,False
D7,primary,79,78,2,0.22107653848485662,0.8953520650886029,0.04062479015483708,0.9798925118904717,-0.0046531055506403305,-0.012012448179391833,False,False
D7,primary,79,78,5,4.366746421988936,0.49790773118761433,2.6941234827167175,0.7470170769986981,-0.2150589903601662,-0.15826947103156336,False,False
D7,primary,79,78,10,5.869773519536194,0.8260830134349548,9.289416973774268,0.5048748420131728,0.02314546640234897,0.10025060397305059,False,False
D7,primary,80,81,1,0.006745658528500416,0.9345417801383343,0.024163414892620732,0.8764698337363102,-0.008959331672565988,-0.01695674906630875,False,False
D7,primary,80,81,2,0.06280030223083928,0.9690877139503937,0.27521793115994797,0.8714393879251358,0.0256647943256901,-0.054314527924341154,False,False
D7,primary,80,81,5,2.3215683113466437,0.8030939329116797,3.1761004941225757,0.6728573122339062,-0.04136763678367959,-0.034292610511811525,False,False
D7,primary,80,81,10,6.565236342515977,0.7657523603436388,9.273303885213386,0.5063774376442625,-0.14735901485861788,-0.18842050555734866,False,False
D7,primary,81,66,1,3.6036819021017275,0.05765175362278607,1.6051155141815303,0.20517977172384194,-0.2284564787090296,-0.15246964896373527,False,False
D7,primary,81,66,2,4.028776563439526,0.13340198284310167,1.8338790393747342,0.39974056904163746,0.07785856378656242,-0.05711589059265251,False,False
D7,primary,81,66,5,4.095736662494452,0.5357162589875644,2.5471151877278264,0.7693833143386898,0.02658693709177069,0.03460134495935575,False,False
D7,primary,81,66,10,9.129901403004222,0.5198215065121261,4.189765178459615,0.9383805150178718,-0.060863042702821196,-0.0758015890225496,False,False
D7,primary,82,84,1,0.11106530821957931,0.7389345420317028,0.061368214316779364,0.8043463461489722,-0.03572229812546347,-0.02655350901718617,False,False
D7,primary,82,84,2,0.8704300873801647,0.6471254918604789,0.07214384061797992,0.9645709187499076,0.09284174240190392,-0.011059597415934874,False,False
D7,primary,82,84,5,1.131755084013297,0.9512545728477284,0.8133773405520216,0.9761722591379458,-0.004372302996417197,-0.05982981772712338,False,False
D7,primary,82,84,10,5.422468387546407,0.8612315280919531,5.934335727714543,0.820749555206453,-0.05552388985473056,-0.11641593855182293,False,False
D7,primary,83,84,1,0.07263322805266109,0.7875406910552332,0.15459964627536452,0.6941779621345845,-0.02888802495247611,-0.042145811993090476,False,False
D7,primary,83,84,2,0.527221695730297,0.7682724563574368,0.473480288296866,0.7891963386612875,0.07183353922339936,0.06016336730035459,False,False
D7,primary,83,84,5,5.391138347200677,0.37003064826704335,1.262686722588818,0.9387239436866365,-0.2259684608024578,-0.03555229391854275,False,False
D7,primary,83,84,10,8.649854818170287,0.565624328248308,5.625450688911848,0.8456888426742049,-0.053183213304897184,-0.111516076357677,False,False
D7,primary,84,95,1,0.24099901006975485,0.6234855063827425,0.0031676096402905125,0.9551175393621268,0.04958198234277527,0.00568436667937221,False,False
D7,primary,84,95,2,0.4986673354738984,0.7793198960913241,0.2388141390239253,0.8874464748211539,-0.05099461555160645,-0.048766807815480345,False,False
D7,primary,84,95,5,3.8237075564333844,0.5750667371305924,1.8443746810356632,0.8702323602661876,-0.0451898914967673,0.044452513745870524,False,False
D7,primary,84,95,10,6.188777894690926,0.7991613432469501,4.1091431481996175,0.9422890308028549,-0.04614734732602584,0.0635720391237189,False,False
D7,primary,85,101,1,0.08666606614026598,0.7684591365080232,0.3309706499919489,0.565088092421131,-0.028863250776940123,0.05640471928745209,False,False
D7,primary,85,101,2,1.479678786092246,0.47719054948746775,1.2050745241617562,0.5474209221891315,0.11513724649582262,0.0912052463234288,False,False
D7,primary,85,101,5,4.080066099642811,0.537946989950902,2.913385670572652,0.7133372385240455,0.15236432378629286,0.09017860311378002,False,False
D7,primary,85,101,10,9.5603488434073,0.47987350818738894,4.62383883219285,0.9148497434307297,-0.18841177003085505,-0.10063830718754099,False,False
D7,primary,86,93,1,3.6365827879046355,0.05652283560250182,3.3175245820441472,0.0685449650961274,0.19459755359457762,0.18586504087106745,False,False
D7,primary,86,93,2,3.636737845127201,0.16229024312532925,3.321817950377825,0.18996622701219368,0.0012637565498380215,-0.0066499211169661395,False,False
D7,primary,86,93,5,5.215614943994129,0.3901371027399958,4.423914503187326,0.4901274957137651,-0.10726064557059332,-0.0731543414818957,False,False
D7,primary,86,93,10,8.007248882232915,0.6281288400508785,5.49688848590317,0.8556154240586814,-0.0353185847713424,-0.007154750804234785,False,False
D7,primary,87,77,1,2.099954304561091,0.14730354083909303,0.026847167798099626,0.8698483997086428,0.16197679825786357,0.018314586868603124,False,False
D7,primary,87,77,2,3.9839929160137126,0.13642279101104893,0.8371398114442944,0.6579871309188623,-0.15241110891862875,-0.09995227224787588,False,False
D7,primary,87,77,5,7.567773584026742,0.18172039698931575,6.512575744969746,0.2594857020383816,-0.08945613151460417,-0.15903137487138352,False,False
D7,primary,87,77,10,11.727923563600505,0.30367820978309024,9.539063502733924,0.4818188090072605,-0.12110465778494346,-0.012949094526020803,False,False
D7,primary,88,97,1,0.7920654222882713,0.3734763169909404,0.47451218265606754,0.4909186445299094,0.08898415472261231,0.06887408394480404,False,False
D7,primary,88,97,2,0.8059550632442233,0.6683271153810479,0.4893662370687457,0.7829526021044437,-0.011722057515100361,-0.012122183209011072,False,False
D7,primary,88,97,5,9.392552376989602,0.09439431905791396,4.734802836371345,0.4490946209883029,-0.2741994022243561,-0.19906228230537332,False,False
D7,primary,88,97,10,11.191126657132598,0.34282272158196414,6.370139896721906,0.7832664509147036,0.0628225644012705,0.06357627846265046,False,False
D7,primary,89,82,1,0.13683240313194406,0.7114505623844691,0.2844192168157286,0.593819226647278,0.04011348711689178,0.0578329583267714,False,False
D7,primary,89,82,2,0.35833086575148365,0.8359675914343311,0.28583990945557775,0.8668234512377011,-0.05072052992487288,-0.004062080161240422,False,False
D7,primary,89,82,5,1.81646491665428,0.8739127648019605,2.031170546171235,0.8448154062869992,0.024126184926872463,0.03338505771596038,False,False
D7,primary,89,82,10,13.192260128100951,0.2131201484082823,8.214032272433212,0.6079393747109925,-0.15200084549169718,-0.18066306810793062,False,False
D7,primary,90,100,1,3.068053220746478,0.07984503609674165,4.214841326263541,0.04007181395602766,0.17256350602930962,0.20225912599689658,False,True
D7,primary,90,100,2,7.024170442099202,0.02983463771455619,9.119534140100026,0.01046449615413192,-0.19496090299172733,-0.21707952273708891,True,True
D7,primary,90,100,5,11.23684151388246,0.046881150488936596,11.027876690997758,0.0508300636823833,0.13759295127526036,0.07395684831590826,True,False
D7,primary,90,100,10,14.166573483133957,0.16552837200052817,12.034703314256506,0.2827406522598084,0.007708960775644975,-0.033819490114358544,False,False
D7,primary,91,85,1,1.6704670912623691,0.19619598312420616,0.005046998241936743,0.9433641468264395,0.13774933661719468,-0.0075715907255546906,False,False
D7,primary,91,85,2,2.9803414142547915,0.2253341861044148,0.42405302156373115,0.8089432515641422,-0.1212508443239577,-0.06857725386670449,False,False
D7,primary,91,85,5,4.181939276345983,0.5235297193067909,3.581507111974473,0.6110920393210615,0.02065388272135691,0.122541746509663,False,False
D7,primary,91,85,10,9.37198300350676,0.4972019994822794,6.094879060544271,0.8072298903675743,-0.1199657682297984,-0.07310271336098872,False,False
D7,primary,92,69,1,2.80625885212133,0.0938971160917903,5.285399173584206,0.02150496186747186,0.19736248319853184,0.2708567311526922,False,True
D7,primary,92,69,2,3.9126509632472564,0.14137695988421428,7.112401864272626,0.028547071226968534,-0.12300937640727377,-0.15807139102755063,False,True
D7,primary,92,69,5,9.43512765722211,0.09291721731252678,8.956137520971053,0.11082652646709057,-0.13436407632051764,-0.08186488287836025,False,False
D7,primary,92,69,10,12.64381449977209,0.24427380092233153,12.72812014870048,0.23927267031614796,-0.05535119222962792,-0.06792277473582582,False,False
D7,primary,93,105,1,0.22599482452280323,0.6345096410719024,0.0009076795425894594,0.9759651929987903,0.04573823252581812,0.0028986541761429267,False,False
D7,primary,93,105,2,0.7188226677517695,0.6980871453956325,0.020601580907625757,0.9897520809932155,-0.0672170877122386,0.013436864980613255,False,False
D7,primary,93,105,5,1.3055353259529254,0.9343610685298478,3.0263965556887653,0.6959160846421056,-0.055362557590677645,-0.00716957498382468,False,False
D7,primary,93,105,10,4.500309759885639,0.9219684593718388,8.95708652233896,0.5361810255596422,-0.13203098049613357,-0.18093493568780125,False,False
D7,primary,94,78,1,0.03049715577718365,0.8613669568728684,1.9992613005420672,0.15737588821165227,0.0193991515924515,0.15706804836626195,False,False
D7,primary,94,78,2,1.001465221768672,0.6060864714780791,4.111445363108597,0.12800029868940088,-0.10874692230787404,-0.16039114286875758,False,False
D7,primary,94,78,5,2.40035323208306,0.7914215162001432,5.675139816685727,0.3391230104451879,0.04240789618848022,0.11702685622241746,False,False
D7,primary,94,78,10,4.387331779924766,0.9281869573702195,9.618324462546337,0.47459224010613354,-0.10531777913981887,-0.09487455540043661,False,False
D7,primary,95,99,1,0.3618616311308091,0.5474741467363226,0.08123659916930161,0.7756285522326297,-0.059553326061156514,0.02821698587178164,False,False
D7,primary,95,99,2,0.5153527998978449,0.7728452844197886,0.6926005837130631,0.707300058765076,-0.03858773429943877,-0.07701184150796377,False,False
D7,primary,95,99,5,5.650701401957056,0.3417036958006274,5.231480566439302,0.3882881949450663,-0.09693374424939631,-0.14137572021561276,False,False
D7,primary,95,99,10,5.9242005594760245,0.8215908529689562,6.51745825468448,0.7700784698562484,0.004930549509585995,-0.04823394817116654,False,False
D7,primary,96,80,1,0.7841562005152581,0.37587303233462777,0.2834172404600652,0.5944701338034808,-0.0971768721862996,-0.058421776443869734,False,False
D7,primary,96,80,2,0.7958645797092155,0.6717075075352643,0.30008356900840777,0.8606720129203623,-0.011798961154203216,-0.01407716986464166,False,False
D7,primary,96,80,5,5.047902803164894,0.4100621039599066,3.2027312155926992,0.6687631624005088,-0.09955783839771512,0.04123875128086532,False,False
D7,primary,96,80,10,8.43460847239248,0.586464092241761,4.932003078402098,0.8956737066174172,0.006895870203904139,0.06463088402878109,False,False
D7,primary,97,87,1,1.357631133966879,0.2439484489798418,1.4311221886717442,0.2315813840006028,0.1227963591673813,0.12607615445811268,False,False
D7,primary,97,87,2,1.4055633997985049,0.4952058719740433,1.432428717378629,0.488598417656405,0.022938700594812643,-0.003787165736646505,False,False
D7,primary,97,87,5,1.7686879687282613,0.8801351388674332,2.813180832560588,0.7287608746374763,0.0005206698617387555,0.0970926484177576,False,False
D7,primary,97,87,10,12.599751688378978,0.24691869786385623,7.812790855803835,0.6471174090825546,0.23023301908198798,0.04322717003167637,False,False
D7,primary,98,88,1,0.8746293842543268,0.3496768794586217,0.4355444923712541,0.5092808160146196,0.09801872916147253,-0.06916928694954483,False,False
D7,primary,98,88,2,2.6262971155412314,0.2689718483661825,0.5175701054287725,0.7719889421387716,0.137915316248389,0.02984429865130365,False,False
D7,primary,98,88,5,6.020160337595117,0.30426217068478123,0.9491420983561626,0.9665626312292548,-0.037693546379951016,-0.06620083302350915,False,False
D7,primary,98,88,10,9.24557926416687,0.5089667283131935,2.601343515050854,0.9893151643051484,0.008454932903132747,0.02583911205906112,False,False
D7,primary,99,108,1,0.13131670367117895,0.7170707229695474,0.30696019506268457,0.5795515491908461,-0.03439090898198854,-0.052580498548271536,False,False
D7,primary,99,108,2,1.2491127689782195,0.5354989314671634,3.031261075114632,0.21966963121803385,0.09986791905365101,0.1559093811322546,False,False
D7,primary,99,108,5,2.130877420563124,0.8307553395066638,5.6046522547150905,0.3466067862611487,0.032520652142200346,0.0076971553277164866,False,False
D7,primary,99,108,10,11.425953380388275,0.32530876257304686,13.3659614777027,0.20392402343195704,-0.06644422786770561,-0.06833234235402988,False,False
D7,primary,100,95,1,0.2326347860312612,0.6295770192290493,1.3013474286921825,0.2539672468862745,-0.04871397678410652,-0.11521602456497175,False,False
D7,primary,100,95,2,0.2919155881663134,0.8641941765224929,1.4004006215994176,0.49648584235401616,-0.02445968390182718,-0.03161753763149133,False,False
D7,primary,100,95,5,1.638653300984272,0.8965359452512662,2.5254608318734175,0.7726558326261214,-0.059703670869841595,-0.09920512721663881,False,False
D7,primary,100,95,10,5.336038532423866,0.8676302006276853,7.119363370372698,0.7141303226258165,0.03944270659904496,0.0165359605838488,False,False
D7,primary,101,84,1,4.432992030367234,0.035250661628585034,6.767176860198858,0.009284959671821968,0.2256828994696393,0.27883927251072677,True,True
D7,primary,101,84,2,4.852362172100956,0.08837368045753258,6.774274968808901,0.03380530674914639,-0.06899487159565759,0.008976135041325538,False,True
D7,primary,101,84,5,6.417193678954276,0.2677132561669209,8.838358407932166,0.11568780603036288,-0.04480600143280656,-0.10608370005557113,False,False
D7,primary,101,84,10,17.032305938893213,0.07365218131656603,14.214931155642399,0.16341174510790124,-0.034564562413635064,-0.029665578717474977,False,False
D7,primary,102,79,1,0.048719479666898366,0.8253066453965026,0.06465512219269398,0.7992841049049421,0.024369272645932125,-0.028073251388314582,False,False
D7,primary,102,79,2,0.15655880987938428,0.9247060230150157,0.3203313482074943,0.8520026225018472,0.036022835793467566,-0.05546697495533142,False,False
D7,primary,102,79,5,2.357659047194101,0.7977623749991548,2.016451234304292,0.8468640434757633,0.030064054273073938,0.09614529136446745,False,False
D7,primary,102,79,10,7.515509796398484,0.6760445057173127,8.322424667116929,0.5973747984540119,0.1868833108097038,0.2009798079920834,False,False
D7,primary,103,87,1,0.008694012809314302,0.9257115545675815,0.40246458273447916,0.5258191808346164,0.009826632938948721,-0.06685877729708739,False,False
D7,primary,103,87,2,0.18053749024034757,0.9136856037259109,1.3280268075688368,0.5147811583949231,0.04343315316622449,0.10079932964761881,False,False
D7,primary,103,87,5,1.0119693711461364,0.9615945946478834,1.9710171046891412,0.8531406703301792,0.031897032949529426,0.02188890665459928,False,False
D7,primary,103,87,10,6.743125815956147,0.7494524747906361,5.021475386386455,0.889738829393449,0.049955511072459415,0.044484284756325564,False,False
D7,primary,104,73,1,0.04894479218817022,0.8249096924154364,0.27847162846343637,0.5977047196791972,0.025370406798171454,-0.06051522658212796,False,False
D7,primary,104,73,2,0.07061186499129621,0.9653100513659224,0.6719984090291704,0.7146236742885412,-0.016762439905997628,-0.07143717285688136,False,False
D7,primary,104,73,5,1.8742714553339113,0.8662541012116045,1.5748893585413706,0.9042691623800728,-0.0024644814893072732,0.03081651236841511,False,False
D7,primary,104,73,10,6.234136070200877,0.7952234453587254,6.1000337016086,0.8067899577648465,-0.06600085407162988,-0.08816350610208545,False,False
D7,primary,105,79,1,0.010173125595822518,0.9196600774964524,0.791266255428802,0.37371751212974325,-0.011135723769823757,-0.09820928942503983,False,False
D7,primary,105,79,2,0.010232403294766624,0.9948968638209116,1.2075019609345394,0.546756910393951,0.0008445686875341384,-0.07077159337259091,False,False
D7,primary,105,79,5,4.127977179648222,0.5311415013441991,3.713598798070206,0.5913415650033664,0.14057524474103397,0.0730288257823857,False,False
D7,primary,105,79,10,9.531926719955791,0.4824718008567743,11.577013980685845,0.31436196494825186,-0.15620322917624643,-0.18443921742628358,False,False
D7,primary,106,58,1,0.31613554634780877,0.5739393482734658,3.2627112410492933,0.0708718569711736,0.07195889260308544,0.2311730087676845,False,False
D7,primary,106,58,2,0.3864167569953405,0.8243101877229002,4.113402392089887,0.12787510980188554,0.03362977862579608,0.11700120892669615,False,False
D7,primary,106,58,5,1.6885579961664043,0.8903380923289043,5.390308326675665,0.3701239237505334,0.025112634435549227,0.07771548503680983,False,False
D7,primary,106,58,10,6.248736367090111,0.7939504475964388,15.277758244716981,0.12225865258248114,-0.05137048403992524,-0.056226233724061554,False,False
D7,primary,107,70,1,0.5426916515909569,0.46131935456511297,0.8141346385846708,0.3669006601614301,-0.08619574893738204,0.10557410139511193,False,False
D7,primary,107,70,2,0.6839945895387403,0.7103501263674977,1.3378793557193729,0.5122514414752911,0.043663121858229514,-0.0840618639884593,False,False
D7,primary,107,70,5,2.5164300666549666,0.7740186631465271,2.6793940625811667,0.7492681750779777,-0.07395490455261422,0.06164381165263029,False,False
D7,primary,107,70,10,8.380425167471044,0.5917303631319444,5.111712376344691,0.8835915880591787,0.182798547608474,0.10151633143637721,False,False
D7,primary,108,86,1,0.5212077817872467,0.4703269309374625,1.4898301646913847,0.22224281261851297,-0.0765110825443155,-0.12935621001561778,False,False
D7,primary,108,86,2,1.5911930025943897,0.4513119464536173,3.2940039326394714,0.19262654467032958,0.10897778357719762,0.1415103689768528,False,False
D7,primary,108,86,5,8.374033620318636,0.1367911103266899,5.891480760758482,0.3169219641041954,0.253707198163535,0.1330599346520535,False,False
D7,primary,108,86,10,10.150984924449004,0.4273482960459828,7.8524236422918845,0.6432493964395454,0.036914341649692324,0.0359372618221652,False,False
D7,primary,109,85,1,0.0034523949253035093,0.9531455913408233,0.018366108249062523,0.8921994752651469,-0.006262255583518257,0.014443722093009878,False,False
D7,primary,109,85,2,0.03916358909602621,0.9806086834642284,0.43746089781336917,0.8035382835874523,0.020020372032114125,0.06858451751262191,False,False
D7,primary,109,85,5,1.22606158933294,0.9423528073301985,3.7180497790098284,0.5906801922920895,-0.045012617134042365,-0.11204448079029004,False,False
D7,primary,109,85,10,4.829076490744981,0.9022993708438953,9.378356557205189,0.4966116017049512,-0.03770448305038516,0.06289584362900383,False,False
D7,primary,110,68,1,2.7989458487490916e-05,0.9957788062769681,0.9473724388480161,0.33038902338792264,-0.0006276697130071259,-0.11547668232269097,False,False
D7,primary,110,68,2,2.230190880039067,0.32788398415237463,2.3484674037229416,0.3090557177916967,-0.17584773707415308,-0.13938058326740943,False,False
D7,primary,110,68,5,4.056895097157707,0.5412538967809495,2.4961115834377274,0.7770805602176161,-0.1524630514420641,0.012934560612346836,False,False
D7,primary,110,68,10,7.221658217721477,0.7043664482887634,9.565640015714209,0.47939046226394644,-0.03538781363620785,-0.0827836943580039,False,False
D7,primary,111,85,1,2.0342654355880847,0.15378846617079311,3.2866181024801215,0.0698467487832296,0.15201077173915278,0.19321692910161306,False,False
D7,primary,111,85,2,2.98772670362701,0.2245036414164614,3.5772076687223224,0.16719343652067553,0.10344785377803666,0.057109711383387336,False,False
D7,primary,111,85,5,4.860052181974518,0.43319743630033725,6.259773954212274,0.28175613407514444,0.014412912371646483,0.09189442245738233,False,False
D7,primary,111,85,10,13.576660737157479,0.19319157939310383,14.430780186860881,0.15423342103628657,-0.22079282047195398,-0.2023745572641473,False,False
D7,primary,112,97,1,0.02537832492896623,0.8734279834841475,0.9423691330339179,0.3316693051331898,0.015928087355361827,0.09706053444522808,False,False
D7,primary,112,97,2,0.03221993709529328,0.9840191029535471,1.3917099296196558,0.49864793924558637,0.008226925489488012,0.06667242686427582,False,False
D7,primary,112,97,5,0.8543980806789141,0.9734347036483582,1.6056394172359048,0.9005665312430746,-0.04743563901420189,0.010631839250188832,False,False
D7,primary,112,97,10,6.492224219371553,0.7723538974841435,7.1340073718372965,0.7127361757461677,-0.005976441159329417,-0.03702957584536503,False,False
D7,primary,113,97,1,1.8636452532349412,0.17220467466066713,2.0224538005181736,0.15498850867221303,-0.1364940674913403,-0.14219078666176177,False,False
D7,primary,113,97,2,1.9146966052575856,0.38390954938042376,2.151000523322121,0.3411270598187731,0.022473047117164906,0.03566061615503003,False,False
D7,primary,113,97,5,2.2711386672718192,0.8104963575077759,3.043782115422986,0.6932358516981822,0.009801600300100905,-0.010550659550841281,False,False
D7,primary,113,97,10,7.250758431439995,0.7015786881536453,6.825962058671566,0.7417667112607932,0.055069317963404585,0.03530188437229896,False,False
D7,primary,114,90,1,2.863009465778986,0.09063777792183325,0.3990544538735885,0.5275779806335104,-0.17542489565686906,-0.06549315559138648,False,False
D7,primary,114,90,2,2.9168627655810133,0.23260085041205825,0.6982989769105248,0.7052876900218039,0.023923919221971585,-0.05639482754064791,False,False
D7,primary,114,90,5,4.927990115063095,0.4247315075208742,3.452377764003895,0.6306054123413327,-0.1427273514205913,-0.16318327865431992,False,False
D7,primary,114,90,10,8.43101184087745,0.5868134436892019,6.206518682218594,0.7976241917136104,-0.09933620986122513,-0.09221221586387061,False,False
D7,primary,115,102,1,0.0338902164952985,0.8539405322411374,0.004784106898343202,0.9448565004258225,0.017963092362384747,-0.006749076781263035,False,False
D7,primary,115,102,2,0.03676861915378498,0.981783650987797,0.07339366445993925,0.963968335184587,-0.005209055900242959,-0.025431709484423446,False,False
D7,primary,115,102,5,1.4456622489172832,0.9192539088193697,1.25328203568496,0.9396647006434353,0.025787827373010674,-0.0005490840292965769,False,False
D7,primary,115,102,10,11.111137330608408,0.3489252201641484,10.873348483025374,0.3674701583106532,0.04007775406722515,0.0349408729782841,False,False
D7,primary,116,70,1,0.40342001021917545,0.525328285775855,0.8265624737719092,0.36326841266197385,-0.07431697009880908,-0.10637684836051228,False,False
D7,primary,116,70,2,1.3762390044539101,0.5025201691577905,1.2312348053449733,0.5403072051968806,-0.11456585720231133,-0.07389089789050578,False,False
D7,primary,116,70,5,4.392011036540128,0.4944606650203486,1.698605508993336,0.8890753947710336,0.0824078232273766,0.04096417010776201,False,False
D7,primary,116,70,10,7.463377779892124,0.6810937462683677,3.665619905308625,0.9611734526423181,-0.03860850606162899,0.07663125645272456,False,False
D7,primary,117,90,1,3.3040155864077208,0.06911074247209903,2.426300816217383,0.11931416117187632,-0.18845205543292592,-0.16149242539308595,False,False
D7,primary,117,90,2,6.722535512377018,0.03469125100681392,2.6070209981748804,0.27157674774687246,-0.19060979993577912,-0.04382576395251674,True,False
D7,primary,117,90,5,8.894666738996632,0.11334002731932213,4.897823277745801,0.42847693880236193,-0.12165478243884456,-0.0589207165317366,False,False
D7,primary,117,90,10,11.963530452482456,0.28750469026724135,7.305495512367375,0.6963237238203318,-0.06649209401262159,-0.013714052425827298,False,False
D7,primary,118,93,1,0.33633400743800257,0.5619529847400031,0.36277818598671274,0.5469673360395202,0.05918014538449691,-0.061462641222742455,False,False
D7,primary,118,93,2,1.165330429809281,0.5584081039110245,0.3657913282817847,0.8328550478509602,0.09240463318984796,0.0055709240809932725,False,False
D7,primary,118,93,5,1.2223285623795135,0.9427173892909932,1.252006695670533,0.9397918014186621,0.013170122678378374,0.007260602819027309,False,False
D7,primary,118,93,10,14.25487277807749,0.1616802808470852,9.75075941982611,0.46262552215080954,0.04952250831926149,-0.014411769530975673,False,False
D7,primary,119,66,1,0.10202778761131215,0.7494096475472637,0.09088149224488035,0.7630594976880575,-0.038440540801087275,0.03628005851909715,False,False
D7,primary,119,66,2,0.316922099832355,0.8534562053342859,0.24888630615295018,0.882988455116876,-0.05535744322208326,-0.047467758290448324,False,False
D7,primary,119,66,5,1.7277679925048937,0.8853830613842629,3.9593667762305866,0.5552808867101691,0.0172822833861563,-0.03158319325349364,False,False
D7,primary,119,66,10,10.444221063687962,0.4024215588623933,8.263853753144263,0.6030811787843717,-0.2147832519893262,-0.13578601208550992,False,False
D7,primary,120,92,1,0.027412581498028554,0.8684973624528298,0.3789683264186408,0.5381558883393363,-0.01698391562490275,-0.06314868519034447,False,False
D7,primary,120,92,2,1.033908484978587,0.5963340737724087,0.5594810873489294,0.755979859769151,-0.10234565742186644,-0.043342840395696657,False,False
D7,primary,120,92,5,4.7354472034171815,0.4490118839493705,2.4529292097272846,0.7835667360407013,-0.05438933907731872,-0.0744039517589095,False,False
D7,primary,120,92,10,14.58234821873378,0.14804674661186756,10.451296206691637,0.40183031786149215,0.22927688368229143,0.15483625215398322,False,False
D7,primary,121,77,1,0.01361801437777373,0.9071007633508432,0.010358438501236432,0.9189341471063452,-0.013043819550198087,0.011376142772417485,False,False
D7,primary,121,77,2,0.20277458260396442,0.9035830152684174,0.3977108261653033,0.8196683980925283,0.048292805582319624,0.06910744585044286,False,False
D7,primary,121,77,5,3.0578190648138324,0.6910720932698092,3.317119081787847,0.651221796245237,-0.06400177352800042,-0.05657984136495318,False,False
D7,primary,121,77,10,8.295749827304757,0.5999729098310467,9.243790374019266,0.5091339655890967,-0.1976419648833417,-0.17339709135086306,False,False
D7,primary,122,87,1,0.8985049793057424,0.3431828976554896,0.28720111943764753,0.5920197267413907,-0.09989755065917105,-0.05647908603134008,False,False
D7,primary,122,87,2,1.0820346696232395,0.5821557037517153,0.46716777998001896,0.7916911779893819,-0.044885699654209674,0.04444786062168759,False,False
D7,primary,122,87,5,1.8476757447028496,0.8697948987992932,3.3106508816240092,0.6522114364400713,-0.08312505027412731,-0.09427332944835481,False,False
D7,primary,122,87,10,4.54116150016219,0.9196509629292149,5.902044828645699,0.8234247434830017,0.01686563155385092,0.017868004327714824,False,False
D7,primary,123,94,1,0.021453861327717094,0.8835492920061857,0.9090380002263327,0.34036979445605886,-0.014869441804839546,-0.09679054830764341,False,False
D7,primary,123,94,2,0.36879000065771195,0.8316072538035285,3.2408539347272325,0.19781422083381506,0.059507178200227835,0.1541847792122977,False,False
D7,primary,123,94,5,1.3742092769736611,0.927113575019029,5.127307633766083,0.40054193634160806,-0.05300565370665553,-0.06700779463060584,False,False
D7,primary,123,94,10,3.2295723919806676,0.9754934807842257,8.768736918843995,0.5541830434210693,-0.02914543895835844,-0.0616095353903289,False,False
D7,primary,124,92,1,0.1969783167641777,0.6571709969357284,1.3199830263670393,0.2505950969444217,0.04552731797453293,0.11785473319267192,False,False
D7,primary,124,92,2,0.2337675382782878,0.8896885964254262,1.3235663096488732,0.5159305297537748,-0.01956697604057819,0.006106663450851896,False,False
D7,primary,124,92,5,2.8597188185195255,0.7216023334878222,2.933313687383298,0.7102662692924776,-0.01846749551017282,0.007209714363100843,False,False
D7,primary,124,92,10,14.091499372233578,0.16885880448248414,21.69714160039691,0.016724046570847473,-0.12164153410561797,-0.18846589558536275,False,True
D7,primary,125,91,1,6.339743591903074,0.01180619468141686,1.8077860704108457,0.1787740399118426,0.25965394836627276,0.13865406358478402,True,False
D7,primary,125,91,2,6.892725118810613,0.03186131951224802,1.8791414402491529,0.3907955600248568,-0.07625847999774811,-0.02739341415862836,True,False
D7,primary,125,91,5,14.05287437004429,0.015277016594780979,4.188399666388001,0.5226222769018775,-0.02391480581091309,0.07576782349302323,True,False
D7,primary,125,91,10,21.011824228190147,0.02101126515462981,5.551936889621004,0.8513993079856947,-0.05275426119697517,0.055333757315453085,True,False
D7,primary,126,89,1,0.055853264498275434,0.8131743185442969,0.7045486392570876,0.4012594935145797,-0.024634849729473836,-0.08749457517949719,False,False
D7,primary,126,89,2,0.07635087411432932,0.9625440601803559,0.9124303667886929,0.6336774655586699,-0.014838689100909392,0.04725546983125521,False,False
D7,primary,126,89,5,1.154193741663203,0.9491956396452522,1.3154175955272942,0.9333372518814972,-0.006730336237586481,0.053981272365010546,False,False
D7,primary,126,89,10,1.8083876603954887,0.9976089270800533,7.467291334027251,0.6807150156600463,-0.04912553339711242,-0.07913160383886234,False,False
D7,primary,127,72,1,2.3070428842935975,0.12878885624563208,0.7113551615056687,0.3989942978975134,-0.17533753633722393,-0.09736218456118752,False,False
D7,primary,127,72,2,2.3474847663959375,0.3092075999421222,1.1890001715883636,0.5518383687630535,-0.02305061894238067,-0.07921720850584694,False,False
D7,primary,127,72,5,7.690991884612162,0.17410807892635383,7.733565228398297,0.17154357801461873,-0.015143944358461472,-0.010591562822240663,False,False
D7,primary,127,72,10,11.845417599698633,0.29553537838814203,11.761066591503194,0.3013656999423808,0.00012290554515463587,0.007239727919528712,False,False
D7,primary,128,60,1,0.8680067172564626,0.35150772520649,3.29527634341927,0.0694794159033233,0.1173318933785641,0.22861275438655834,False,False
D7,primary,128,60,2,5.908459812703269,0.05211878146812998,7.045346574400909,0.02952041304818831,-0.2803349952336762,-0.2418033021583038,False,True
D7,primary,128,60,5,13.262917896927311,0.02103565312022948,11.09178822782409,0.04959016072140421,0.11760471963163902,0.021153989236071143,True,True
D7,primary,128,60,10,25.238503025193207,0.004911299028022564,20.164074376415353,0.027738461408302273,-0.0765118768938724,-0.14989055151263322,True,True
D7,primary,129,70,1,0.03753985045914804,0.8463700469626487,0.29345882747364027,0.588012510534054,0.022670210164553017,-0.06338447041991384,False,False
D7,primary,129,70,2,0.30755481382083844,0.8574628650787228,0.3852020768516707,0.8248109763906453,0.060357758651917524,0.03518246360868722,False,False
D7,primary,129,70,5,2.9308480047729697,0.7106462806787333,2.7305200645359515,0.7414467176157612,0.16460866052328268,0.1201066022762846,False,False
D7,primary,129,70,10,4.855922273242926,0.9005922788538501,7.163214195061247,0.7099519307493831,-0.1370067339281754,-0.19106400948825625,False,False
D7,primary,130,89,1,0.6558715181537231,0.4180212474030117,0.00794406203188706,0.9289790186604083,0.084417992929553,-0.00929066819296622,False,False
D7,primary,130,89,2,2.6371908140365936,0.2675107819727165,0.2527265447996585,0.8812946386072176,-0.14588853440182017,-0.051278356166964696,False,False
D7,primary,130,89,5,5.770594898033663,0.32918486598240493,2.568383231273787,0.7661630368866041,0.0733303041208776,-0.006066905803627169,False,False
D7,primary,130,89,10,8.09585028336292,0.6194748435392358,3.9195978441571615,0.9509011690383546,0.09139219517490649,0.080929189536356,False,False
D7,primary,131,102,1,0.6224703767578846,0.4301307572819528,0.5485455443009535,0.45891259362836323,-0.07698449681625193,0.07226870577705437,False,False
D7,primary,131,102,2,2.3271443892814236,0.31236834497971533,1.794095179316465,0.40777179393215324,-0.12676632924271086,-0.10835869445931655,False,False
D7,primary,131,102,5,12.752915847650875,0.02580757777492404,5.0566388244660505,0.4090071202928717,-0.15883088080651375,-0.05061937956290295,True,False
D7,primary,131,102,10,21.863285682809735,0.01581642528089444,15.358000782883405,0.11954466771291306,-0.022821644671098207,-0.01700142160924672,True,False
D7,primary,132,76,1,0.026067683009812832,0.8717351340520605,0.020048708082795186,0.887401132579297,0.018160497840211103,-0.015926477427031526,False,False
D7,primary,132,76,2,0.7398409097537364,0.6907892773700799,0.7095713147485427,0.7013237506735539,-0.09439345647525507,-0.09277607967791257,False,False
D7,primary,132,76,5,1.4518316430048221,0.9185605972821498,1.482996479245237,0.915023635967478,0.005569187171884628,-0.050931146758337834,False,False
D7,primary,132,76,10,2.6592002824150693,0.9883471821980818,3.2772507990990847,0.97412621309357,-0.09470098738974503,-0.11435904620576115,False,False
D7,primary,133,101,1,4.432819020604134,0.03525423471266076,3.3926127807568767,0.06548909670000747,-0.2064242432178508,-0.18058756731294667,True,False
D7,primary,133,101,2,4.536057183739707,0.103516051445662,3.8413710023586844,0.14650649732321597,0.03134428968502961,0.06534983677741263,False,False
D7,primary,133,101,5,6.859129636009683,0.2313296052839311,7.665268842361834,0.17567378539884637,0.026532737348863668,0.0018811685198549754,False,False
D7,primary,133,101,10,10.566656360034417,0.3922597929858638,9.56117269709841,0.4797982825538055,0.03970789664310071,0.03416490472525517,False,False
D7,primary,134,84,1,1.0129328208576585,0.31420124970812946,0.020449492474540823,0.8862888212688405,-0.10787989105028457,0.01532821009877122,False,False
D7,primary,134,84,2,2.3043501737345906,0.315948805362253,1.5841702517270968,0.45289945767812756,-0.12107413261772562,-0.13322865955923235,False,False
D7,primary,134,84,5,3.5693775468790823,0.6129169052997281,2.4858246560740214,0.7786283766069155,0.0009536182422380687,-0.0518189523358996,False,False
D7,primary,134,84,10,6.857632322580266,0.7388135140890021,4.9271108605218155,0.8959935492903552,0.06829397592308212,0.09406201577186965,False,False
D7,primary,135,65,1,4.241752614959095,0.03944143141759482,3.6718136709787697,0.05533993451801256,-0.24967127290449373,-0.23229305442186307,True,False
D7,primary,135,65,2,4.8220921000883905,0.08972139240113852,5.135162919467375,0.0767208737439884,-0.09162568935106323,-0.14549571044432782,False,False
D7,primary,135,65,5,5.9326225384123195,0.31283035597861497,6.503590035091207,0.260251842903905,-0.10180594569687007,-0.12136948602590714,False,False
D7,primary,135,65,10,13.29772243053545,0.20749890069903876,16.934804578024583,0.0758190938078882,0.059816621650884645,0.045384229776840083,False,False
D7,primary,136,90,1,0.2929620472476931,0.58832860352349,0.011418686729574652,0.9149014309336694,-0.05611584614897167,0.011078677342466089,False,False
D7,primary,136,90,2,0.9056193747944133,0.6358391303122997,0.014126549763100384,0.9929616114170814,0.08069283683175033,-0.005364626794677073,False,False
D7,primary,136,90,5,2.7778690365367424,0.7341853638064877,4.009200185078213,0.5480921094471765,0.010412792420295722,-0.07031160722996765,False,False
D7,primary,136,90,10,8.129283812980969,0.6162102326519782,7.1328558013933545,0.7128458534380538,0.02843155632194147,0.020007877398696677,False,False
D7,primary,137,75,1,4.142023978188923,0.04183112524484467,1.9337218960156717,0.1643518253279307,-0.23038074053175964,-0.15741165064400162,True,False
D7,primary,137,75,2,4.342063246044178,0.11405988938827627,2.09271565968655,0.35121460579082475,-0.05028553371524928,-0.04483069593872591,False,False
D7,primary,137,75,5,4.7336577687262205,0.44924167232510714,3.4248889928005113,0.6347820953895499,-0.05826667846526188,-0.11461235200420103,False,False
D7,primary,137,75,10,9.425624736337447,0.4922417270612809,4.781793388609883,0.9052695734318177,-0.07523558785798005,-0.06723819940428481,False,False
D7,primary,138,94,1,0.002787842373053213,0.9578912435971296,0.46927759990515266,0.493319694194679,0.005360138830862519,-0.06954354788342343,False,False
D7,primary,138,94,2,0.015367967560744811,0.9923454625530099,0.5204314790403872,0.7708852574468456,-0.011324964564723632,0.022836716308415727,False,False
D7,primary,138,94,5,3.4631613570355064,0.6289689689144452,2.7002849692032984,0.7460748523458143,0.009570363110050453,-0.036194395420685706,False,False
D7,primary,138,94,10,5.024777895109396,0.8895166922624128,6.028338238115326,0.8128767923855236,-0.031855460992799504,0.08798518916908434,False,False
D7,primary,139,99,1,3.6100281458421457,0.05743214763422955,2.504731992803386,0.11350479299209781,-0.18810054229229137,-0.15668065742877907,False,False
D7,primary,139,99,2,5.1141638190712655,0.07753065212429089,4.176504703044114,0.12390348644946747,0.12079559258450305,0.1273491934448042,False,False
D7,primary,139,99,5,6.980376578422145,0.22210382270550244,5.7595134802308845,0.3303270173066989,-0.12635513363347345,-0.09032994327721346,False,False
D7,primary,139,99,10,10.857180919056622,0.3687527318694076,7.659082339955012,0.6620977803215616,0.07012002420942623,-0.013430641272455258,False,False
D7,primary,140,108,1,0.5946069354524076,0.440643154411162,1.51336548569429,0.2186262604894843,-0.07318105291794517,-0.11674964832760863,False,False
D7,primary,140,108,2,0.9141205573950164,0.6331421739268872,2.7563507498544975,0.25203800863504666,-0.053393624322976445,-0.10531196161567744,False,False
D7,primary,140,108,5,1.9104083883340057,0.8613976999685219,2.955366601456496,0.706867044339033,-0.021254881338491485,-0.040364559711752415,False,False
D7,primary,140,108,10,4.438826136544782,0.9253874903372548,6.062649494339158,0.8099725126115969,-0.0036069043937792724,-0.00037751324694450657,False,False
D7,primary,141,102,1,0.02332897729380783,0.878604684462282,0.12574844558735282,0.7228815791033998,-0.014903620439776166,-0.03460152532340346,False,False
D7,primary,141,102,2,0.4191122492251366,0.8109441242310556,0.30126878178862354,0.8601621242822733,-0.061081818994858615,-0.04067681736538993,False,False
D7,primary,141,102,5,0.8321064819534353,0.9749404511311454,0.5613715544141865,0.9897034841550917,0.025500271323978082,0.026620608643500035,False,False
D7,primary,141,102,10,2.7634326903819293,0.9864561995902056,9.525398198428734,0.48306946692504815,0.12503736668195434,0.11177054394744097,False,False
D7,primary,142,70,1,0.08912189029693672,0.7652964723179505,1.9339465441167194,0.16432731910203502,-0.034930232137225244,-0.16271646848393576,False,False
D7,primary,142,70,2,0.194444964658339,0.9073541134187898,1.956936212631558,0.37588647614925275,0.03769649329133101,-0.017611872906187293,False,False
D7,primary,142,70,5,2.5675743268913807,0.766285623666147,6.9770473274419205,0.2223529321660468,0.16093328244425728,0.2523303758236793,False,False
D7,primary,142,70,10,5.087382678323552,0.8852647909892731,10.224732066474834,0.42100306311409685,0.0039462392007571494,0.10360846054161278,False,False
D7,primary,143,74,1,0.23399000457141186,0.6285809537507091,0.27081030495330194,0.6027887302017463,-0.05511089030340854,0.059288623458037086,False,False
D7,primary,143,74,2,0.7847434274036963,0.6754529921586706,0.3596893179936745,0.835399973202227,0.08396962132287773,0.03373208638685812,False,False
D7,primary,143,74,5,6.051178890808906,0.3012708021784606,3.8521158149473878,0.570898209915994,0.07491022309152623,0.001922055464349492,False,False
D7,primary,143,74,10,11.766201319827847,0.3010085244922376,9.066933278159924,0.5257633817386849,-0.04463260011632295,-0.048801722173784264,False,False
D7,primary,144,82,1,1.505575018345556,0.21981554290507987,2.5808177535011056,0.1081657687864318,0.13305988391331652,0.1742106130337947,False,False
D7,primary,144,82,2,2.102002812289556,0.34958749470163486,2.953905442394218,0.22833242187207758,0.08322951446648913,0.06582697279376153,False,False
D7,primary,144,82,5,6.545895379706821,0.2566609663191177,7.821367150590693,0.1663591075131554,-0.07421476087667427,-0.014154749426655986,False,False
D7,primary,144,82,10,9.497483401249308,0.4856284937108002,11.782606755369029,0.29986931677905315,-0.11919885642964548,-0.16654830734502962,False,False
D7,primary,145,76,1,1.287106505973391,0.25658187024274837,0.021941223947078915,0.8822435649821608,0.12760972624155545,0.016661226149966585,False,False
D7,primary,145,76,2,1.5568773074115887,0.45912230087473493,0.025173792582092104,0.987491987374374,0.058030890295423895,0.0063523678599107895,False,False
D7,primary,145,76,5,4.573722370982039,0.47008063890300955,2.9310940267598946,0.7106083642217619,-0.029039798037742256,-0.03595666729893036,False,False
D7,primary,145,76,10,8.561311466473926,0.5741795216890749,7.154947650343408,0.7107404587559265,-0.06205901471815752,0.0220539309747505,False,False
D7,primary,146,90,1,0.06703801765481421,0.7956992741352709,0.16229871684967406,0.6870489021800573,-0.026843578859753678,0.041767393899918404,False,False
D7,primary,146,90,2,2.873364465088713,0.23771513533327093,2.4933975989813644,0.28745216951468555,-0.17270116302983562,-0.1574006479169785,False,False
D7,primary,146,90,5,5.604176409216032,0.34665772720882293,2.8110497041261002,0.7290884453196381,-0.11268832637437419,-0.025853518641353806,False,False
D7,primary,146,90,10,12.739178950477468,0.23862241848871957,4.773968316158938,0.9057566135049948,0.06720893123011334,-0.006044474227133743,False,False
D7,primary,147,89,1,0.17932318029727762,0.671955534974046,0.04227370206884191,0.8370989281276757,0.04414117127049368,0.021431905109418052,False,False
D7,primary,147,89,2,2.8624969519116568,0.23901033723520348,5.208842116987236,0.07394593517869996,0.16977288422363981,0.23558358106907532,False,False
D7,primary,147,89,5,5.047028691204367,0.4101677668982051,6.4853118962498115,0.2618160078905625,-0.0825464424616584,-0.0996145373141822,False,False
D7,primary,147,89,10,11.660851127582013,0.30839545509483823,14.678434472296862,0.1442327513047763,-0.00023638553429487173,-0.0585839936345355,False,False
D7,primary,148,101,1,0.0256802803705387,0.8726836085093861,0.04276374802739679,0.8361707618357441,-0.015711606052409743,-0.020274893504462387,False,False
D7,primary,148,101,2,0.06521145245534363,0.9679201098794876,0.44058451181164426,0.8022842913738776,-0.019395819937510283,0.06152930668818278,False,False
D7,primary,148,101,5,0.39510809580452644,0.9954632631867882,3.0655687550963338,0.6898776177491253,-0.045621031504564764,-0.10400462892457121,False,False
D7,primary,148,101,10,2.5346490998717743,0.9903611210550226,4.970476238659691,0.8931414799847285,0.04316205349824188,0.057026565099054544,False,False
D7,primary,149,88,1,1.1593045829775208,0.2816098104893032,1.995177795351242,0.15780054665853527,-0.11284850549209113,-0.14804298626502854,False,False
D7,primary,149,88,2,1.1657347298134195,0.5582952331204629,2.631672216711992,0.26824994343019415,-0.008355974000732687,-0.08313500660285428,False,False
D7,primary,149,88,5,2.272507306352435,0.810296224197083,5.712220576951551,0.33523560050022616,0.018080711507610894,-0.03904659412831032,False,False
D7,primary,149,88,10,5.768489540723971,0.8343241756504365,6.303743513348923,0.7891311545670572,0.030766913455659198,0.021450210411227785,False,False
D7,primary,150,89,1,0.2896466538721281,0.5904470517711992,0.07357269039399922,0.786204248759532,0.05609961676300982,-0.02827378527066262,False,False
D7,primary,150,89,2,1.2054947138007441,0.5473059239699851,0.08382686678045041,0.9589527902714865,-0.09918720255150128,-0.010495286988531232,False,False
D7,primary,150,89,5,4.42685962015285,0.48972860157702824,2.4061436362584496,0.7905588619287697,0.12043494680484977,0.13849924112496598,False,False
D7,primary,150,89,10,7.2642970144614925,0.7002802704094304,4.157866242490136,0.9399444371631054,0.08482587336455857,0.09793361739874978,False,False
D7,primary,151,95,1,0.8379674641949134,0.3599787247982186,0.042988414408717535,0.8357470890441504,-0.09245487916211548,-0.020940737386794844,False,False
D7,primary,151,95,2,1.253307145566213,0.53437706616921,0.2051108513100723,0.9025281251540901,-0.06474340216986268,-0.040449705689624124,False,False
D7,primary,151,95,5,3.0683566138465967,0.6894479430241737,1.7314871853368679,0.8849092751233234,-0.09040482145058545,-0.0732400995513855,False,False
D7,primary,151,95,10,6.547213267175301,0.7673869788868167,5.872111017369848,0.8258909864280991,-0.14363955511844062,-0.1629473423292861,False,False
D7,primary,152,69,1,1.421244886358765,0.2331986095493188,0.31955384040110363,0.5718758939499334,-0.14045434997864342,-0.06659977427983012,False,False
D7,primary,152,69,2,1.4217986516418464,0.49120224789759537,0.3210963011990444,0.851676813835452,0.002751988053363511,0.004592939758369514,False,False
D7,primary,152,69,5,2.3125960313210303,0.8044150928863998,1.471079992012878,0.916382853001384,-0.10513632411583891,-0.05641942346340976,False,False
D7,primary,152,69,10,6.25231179776673,0.7936383080499896,3.7591334952951043,0.9575593860725051,-0.1849732947538817,-0.13345149928532296,False,False
D7,primary,153,79,1,0.18441782019948305,0.6676038062995246,0.583569822738603,0.4449164564102853,-0.047412481741007095,-0.08434078893680529,False,False
D7,primary,153,79,2,4.527424063807496,0.10396385046954326,1.7799104516124788,0.410674139944221,-0.22860437328948624,-0.11998217585451183,False,False
D7,primary,153,79,5,11.08278925773271,0.049763001284780506,6.530768470647877,0.2579402264745059,-0.0722359167674101,-0.05418125695692775,True,False
D7,primary,153,79,10,17.14338321757306,0.07125087492434568,9.884948637926163,0.45064455047390095,0.016736699117741012,0.01326497673610902,False,False
D7,primary,154,67,1,0.7315260014624783,0.39238899881401645,1.9315160474844915,0.16459267708501701,0.10219388385604311,0.16605776233382333,False,False
D7,primary,154,67,2,0.7323104588846063,0.69339515751164,2.0096198122670597,0.36611422425800055,0.0033210806314077843,-0.03313833742810276,False,False
D7,primary,154,67,5,2.6475181475863843,0.7541328500407027,5.109078344156814,0.40271379705286203,0.12822748337879067,0.15771817594188858,False,False
D7,primary,154,67,10,4.7847889472216165,0.9050827869751397,5.8204381906092015,0.8301168106438725,0.07780702396288933,0.001144429453604461,False,False
D7,primary,155,98,1,10.930695868138164,0.0009458396328382301,8.425131079027418,0.0037006996640748246,-0.3289248874013333,-0.28877604391173484,True,True
D7,primary,155,98,2,15.808164514469357,0.0003692331549474126,13.022553175916297,0.0014865807601235348,0.2185847311656387,0.212216803202198,True,True
D7,primary,155,98,5,17.218635109333572,0.004103282306158529,14.62478250323431,0.01209186471665391,0.020154449381164105,0.031046585927999092,True,True
D7,primary,155,98,10,21.826643734455338,0.016012513340466383,19.147222809625635,0.03843208743948234,0.1339590852094668,0.11806954152485426,True,True
D7,primary,156,75,1,2.221039810485313,0.13614134109131393,1.4095060358625824,0.23513841139422553,0.1687011476702703,0.1343919747744644,False,False
D7,primary,156,75,2,3.553703973109983,0.16916985890211933,2.5372468796774865,0.28121846959950325,-0.12979136363026814,-0.11939608613777743,False,False
D7,primary,156,75,5,5.931868739445686,0.31290494969835503,4.250442789572117,0.5139502284547026,-0.08508392486334151,-0.01598353123814421,False,False
D7,primary,156,75,10,9.885610989611337,0.4505857850253061,7.545538251375008,0.6731321869354212,-0.1770972427945379,-0.10748071862851899,False,False
D7,primary,157,92,1,0.3872339453052869,0.5337569526904662,0.2793135655124071,0.5971514834845975,-0.06383363355800026,-0.05421367776069139,False,False
D7,primary,157,92,2,3.0202720314669262,0.22087993277005225,0.31319324120873526,0.8550488983702847,0.16553582011818538,-0.018777295311794975,False,False
D7,primary,157,92,5,5.6796446585216405,0.33864891951024534,1.4753918050058328,0.9158920039970603,0.08180450669346183,0.011492738934274603,False,False
D7,primary,157,92,10,8.62338524202954,0.5681790414140923,10.511587255438467,0.3968120008886278,0.06738188124440161,0.08202504806270497,False,False
D7,primary,158,98,1,0.0970749126762136,0.755368498071775,0.0058014406891491645,0.9392860861726584,0.03099747608157523,0.007577758451395829,False,False
D7,primary,158,98,2,0.22750192283469192,0.8924801902104155,0.7879492289344028,0.6743711752947439,-0.03574426309786766,-0.08753202776613521,False,False
D7,primary,158,98,5,1.6925509279441182,0.8898368761222022,1.9686585558976117,0.853464513323179,-0.11495945055602294,-0.09135430444399281,False,False
D7,primary,158,98,10,7.7152888156723805,0.6566246018220062,7.160498042649256,0.7102110609175829,-0.07022739595601109,0.02740853305251391,False,False
D7,primary,159,95,1,0.02412774612575957,0.8765603103253432,0.05672309767280941,0.811752258388104,0.01568825479993049,0.02405449406842984,False,False
D7,primary,159,95,2,0.030672552620068124,0.9847807254878939,0.5605391788473254,0.7555800176145832,0.008127223625573884,0.07130661446408668,False,False
D7,primary,159,95,5,5.985047818357944,0.30767655106656555,6.802540413319678,0.23574468906194446,0.19888903298161997,0.21197589470651657,False,False
D7,primary,159,95,10,10.478110338761553,0.39959402612063166,9.24281948230259,0.5092247393927083,-0.02047504155027626,-0.0334718306777479,False,False
D7,primary,160,73,1,0.14639877909272106,0.7020008462884665,0.6038855827539699,0.43709932883463687,0.04387760497344456,0.08911514480421869,False,False
D7,primary,160,73,2,0.8874753457258236,0.6416337166880272,3.1857778626010886,0.20333733480644955,0.09803217832624235,0.1829810738867743,False,False
D7,primary,160,73,5,7.259832403907164,0.20202228627367214,7.810050140172599,0.16701951754762168,-0.27297284874706584,-0.23765916132625423,False,False
D7,primary,160,73,10,16.074218237796348,0.09752743749081194,13.169998826221866,0.21432173226429097,0.04679211301045857,0.1071471690161059,False,False
D7,primary,161,82,1,1.116154003490637,0.29074810621196934,1.3240165057123583,0.24987248368952775,-0.11456659371932608,-0.12477932725987033,False,False
D7,primary,161,82,2,3.8564428193489815,0.14540658738109313,2.1744390349104212,0.3371526386629926,-0.1784007161285953,-0.09938384679343934,False,False
D7,primary,161,82,5,8.04260447501103,0.15390318934050262,4.768259729098387,0.44481167854355785,0.022066624057715256,-0.05501224262943234,False,False
D7,primary,161,82,10,14.50847770307163,0.15103571259995585,8.70376652408213,0.560428986420636,-0.0823112936317175,-0.10244349970644522,False,False
D7,primary,162,116,1,0.7088913155383053,0.3998121141235569,0.27511148980914435,0.5999233693942765,0.07717359825105524,0.04807654904516969,False,False
D7,primary,162,116,2,8.66829658227735,0.013113037808690997,6.5949502064759695,0.036976411257202635,0.25746768995006747,0.22942219204961906,True,True
D7,primary,162,116,5,10.283961179436904,0.06757772105807835,8.462391680987762,0.13252644638443,0.0997604393519449,0.10264193147437542,False,False
D7,primary,162,116,10,13.035930877686969,0.22166981668212316,12.238102251226463,0.2694372595049813,-0.031743744984745234,-0.07710985022580258,False,False
D7,primary,163,85,1,0.5138317539076253,0.47348480719707087,0.13027322638734093,0.7181489165211827,0.07639783008667682,0.0384678698881345,False,False
D7,primary,163,85,2,6.227694553251991,0.04442969278575393,3.26351929053718,0.1955851107343911,-0.2532414905078068,-0.18752846917496835,True,False
D7,primary,163,85,5,6.8200490878971545,0.234371175392998,8.721184968129087,0.12071541749252657,0.044153980040793996,-0.07149468972676529,False,False
D7,primary,163,85,10,9.963377792731949,0.4437121479459555,14.756888085298373,0.14117986136815408,0.1434631812922533,0.20866960273647925,False,False
D7,primary,164,80,1,0.7062331667194466,0.40069715261362415,0.13796263192973104,0.7103148914577133,0.09222224297431096,0.04076076829600495,False,False
D7,primary,164,80,2,4.061782285383486,0.13121853459225452,2.205064705188214,0.33202920316485107,0.19974558179726962,0.1567748315970416,False,False
D7,primary,164,80,5,5.114717436512343,0.402041073330595,4.28175463346149,0.509603413344801,-0.0041088766127751145,0.08103240376289912,False,False
D7,primary,164,80,10,12.144183659469194,0.27552274751478534,11.947590496340105,0.28857939383466236,-0.03766860771471197,-0.009716479341681974,False,False
D7,primary,165,82,1,0.19233492204306868,0.6609803458712828,0.1641790566478553,0.6853377456824546,-0.047558156655233726,-0.04393947040968195,False,False
D7,primary,165,82,2,0.8402910104842062,0.656951223013553,0.2425025184233373,0.8858113633645242,0.08675034523095762,-0.030160904495621216,False,False
D7,primary,165,82,5,1.6980624328050802,0.8891437695096653,4.144725348118994,0.5287729400017744,0.04712910074076536,0.13658830412061676,False,False
D7,primary,165,82,10,3.0954915897635265,0.9790865879301762,7.4021859034013255,0.6870083440887632,-0.07468405768952224,-0.09125988783412704,False,False
D7,primary,166,74,1,0.6299505608480869,0.4273734490802863,0.06028494149819242,0.8060461444109095,-0.0904257266774652,0.02797326734359526,False,False
D7,primary,166,74,2,0.6916691733985415,0.7076295287621575,0.08528638441029086,0.9582532413017524,0.028109406072519116,-0.017890650395196314,False,False
D7,primary,166,74,5,8.928062373600866,0.11196814000549415,4.923373459272389,0.425303272584563,0.1706143310404968,0.18512665494782962,False,False
D7,primary,166,74,10,14.13633806390685,0.16686315332847457,10.786297241582268,0.3744081004072315,0.12905025030025963,0.11347120581458216,False,False
D7,primary,167,79,1,0.44427990678239093,0.5050639274777681,0.1904197769279544,0.6625674702802908,-0.07359013206241065,0.04817783415392557,False,False
D7,primary,167,79,2,0.8882783325790997,0.6413761566762533,0.293356575956175,0.8635717541469599,0.07309371283368271,0.03519448682205881,False,False
D7,primary,167,79,5,12.28521355265078,0.031081938261389053,3.7001161366144726,0.5933466790105622,-0.29053886409125756,-0.16365509923018695,True,False
D7,primary,167,79,10,13.618575357913857,0.19111106325509475,5.172084895833986,0.879389954837203,0.09060251491164041,0.08503313302178928,False,False
D7,primary,168,82,1,0.24623437558710662,0.6197391398100744,0.1667427521651818,0.6830230010727367,-0.053810903186666134,0.044281204220737225,False,False
D7,primary,168,82,2,0.386781828990611,0.8241597351723441,0.1751290445531794,0.9161597570305497,-0.040402655902670524,-0.009869233500907864,False,False
D7,primary,168,82,5,0.538807333255066,0.9906333252511552,3.060898948081434,0.6905973734793113,0.032578436308748474,0.1541918824750145,False,False
D7,primary,168,82,10,4.291148790972503,0.9332584058366317,7.1358973499228044,0.712556154138799,-0.007612544205358503,-0.009833436011903177,False,False
D7,primary,169,108,1,0.21762347654610084,0.640856706808727,0.05814131567325583,0.8094581566997776,0.04427275422730607,-0.02288369212060349,False,False
D7,primary,169,108,2,0.5703979138415681,0.7518646507617825,0.46512098637957694,0.7925018069344834,-0.05610392769799076,-0.06026026959913785,False,False
D7,primary,169,108,5,4.970224799127425,0.4195248066058166,3.3643885435321828,0.6439991661199658,-0.11152709858292163,0.00012236013242782027,False,False
D7,primary,169,108,10,12.101734474151373,0.2783055067749196,11.17086123307656,0.3443622724795731,0.08497848683424661,0.04046514982194908,False,False
D7,primary,170,84,1,0.1261287425360885,0.7224801522668443,1.8454614409866579,0.17431217964456214,0.03806775017433336,0.14561384349628032,False,False
D7,primary,170,84,2,0.5319551591543094,0.7664563115829794,2.2406072454439503,0.32618074370148664,-0.06787161982582689,-0.06697253611168252,False,False
D7,primary,170,84,5,3.45709385607284,0.6298895871955978,5.160117803294553,0.39665355313248285,0.12547920080560054,0.12350156394534159,False,False
D7,primary,170,84,10,6.336527770606986,0.7862417516670192,7.960693114691684,0.6326765037246668,0.013762299958224632,0.09417448530607152,False,False
D7,primary,171,79,1,2.9099169566795995,0.088036407677194,3.4495764009554257,0.06326798254822164,0.1883352200765176,0.20505677855358515,False,False
D7,primary,171,79,2,6.891857540780245,0.03187514360081389,4.64951431387053,0.09780719296609675,-0.21889543029476485,-0.12016242802945219,True,False
D7,primary,171,79,5,7.098743972535688,0.21339957382258146,5.072569798418467,0.40708807825352944,0.03418983888352731,0.06145927835322517,False,False
D7,primary,171,79,10,9.991238247744255,0.4412623223394836,8.896676591670358,0.5419366887269061,-0.06575542453315704,-0.018175582698710616,False,False
D7,primary,172,93,1,1.5185883878891457,0.21783323727630932,0.41209602891681696,0.5209075565381557,0.12575077609857768,0.06550732291896735,False,False
D7,primary,172,93,2,2.020517259183149,0.36412479394571284,1.228216525120479,0.5411232200586862,-0.07190159225371587,-0.09168421305826005,False,False
D7,primary,172,93,5,5.0456698630917245,0.4103320596754394,3.688515491942123,0.5950739529945738,-0.132581326684489,-0.10443923035138473,False,False
D7,primary,172,93,10,10.838663872898628,0.37022504520401145,8.903009612503519,0.5413324581637156,-0.11584507890615099,-0.033181558875579005,False,False
D7,primary,173,102,1,0.7022501127128417,0.40202865513016695,1.2939127297816808,0.25532813458529735,-0.08176921720059763,-0.11099321318745352,False,False
D7,primary,173,102,2,1.523071049422154,0.4669488647130049,1.5342661334720085,0.4643424005212846,0.0879645037970158,0.047600156739930864,False,False
D7,primary,173,102,5,4.392532252014268,0.4943896957679965,2.174417894199346,0.8245224401973725,0.0030810585552853804,0.0020909998180341526,False,False
D7,primary,173,102,10,6.374517236378188,0.7828780251103743,5.824202107950951,0.8298103586804257,-0.0727569122003811,0.007235665275832058,False,False
D7,primary,174,85,1,0.43973791933713274,0.5072489776550685,3.0822427190461887,0.0791513132586601,0.07067527588395901,0.18711300414942525,False,False
D7,primary,174,85,2,0.6030358405684152,0.7396945706989335,3.095090002533443,0.21276968246862715,-0.042811484279728744,0.012008136352779903,False,False
D7,primary,174,85,5,1.5265548164443625,0.9099852018286277,5.607600538045126,0.3462912876314137,0.035088572233924024,-0.051274588211178196,False,False
D7,primary,174,85,10,12.624444398797786,0.24543387483477375,18.048128243052965,0.054157193042280616,0.014838130939641257,-0.01799264024091731,False,False
D7,primary,175,96,1,0.256854877425419,0.6122891766425185,2.420050427585146,0.11979107416426704,0.05092805106782558,0.15632389090278032,False,False
D7,primary,175,96,2,0.9043921241850926,0.6362294170250075,3.5176032508123756,0.17225116160317255,0.08043547848115057,0.10471960322739003,False,False
D7,primary,175,96,5,2.371998579960956,0.7956366533717957,4.396395045660455,0.4938639164932984,0.047699549618823306,0.08107738324650383,False,False
D7,primary,175,96,10,5.3205699555141255,0.8687610852462103,9.098468847433207,0.5227847607005376,-0.011128494583257296,-0.00950168553659165,False,False
D7,primary,176,94,1,1.2683576983678706,0.2600750007858893,1.0835238092967343,0.2979105911859634,0.11433068501081073,0.10567230007303548,False,False
D7,primary,176,94,2,1.3919856426044706,0.4985792021277736,1.1422255610884264,0.5648964830038272,0.035501989739475034,0.024463573760567053,False,False
D7,primary,176,94,5,2.1900614432351833,0.8222702285217521,1.9995574446931481,0.8492062687050773,-0.03171077357781766,-0.08496956792436855,False,False
D7,primary,176,94,10,10.078680064633774,0.4336177600761367,7.624114000537183,0.6654994889640822,-0.21423740799541643,-0.1653866790817437,False,False
D7,primary,177,88,1,0.558760608771455,0.4547600435513234,3.0000787416348422,0.08326046996602243,0.07834475494030302,0.18153625097889856,False,False
D7,primary,177,88,2,1.267421259297286,0.5306192121162114,3.095749811489032,0.21269950037497187,-0.08772144845096919,0.03223123525703732,False,False
D7,primary,177,88,5,1.471425748942089,0.9163435331211957,3.529850937021296,0.6188756939256523,0.03878174734681987,0.03641427914533857,False,False
D7,primary,177,88,10,10.899361302906973,0.3654123067754377,12.087788458374519,0.2792241229426595,-0.24889499312956326,-0.24805137061191068,False,False
D7,primary,178,90,1,0.0439158500224305,0.8340102517181001,0.2329302388526094,0.6293595614355392,-0.021726535602228838,-0.05003717369068682,False,False
D7,primary,178,90,2,0.8885474282988209,0.6412898666922033,0.43403580749573284,0.8049155581707879,0.09474576895727128,0.04623152463024619,False,False
D7,primary,178,90,5,2.0633133568781425,0.8403169055050053,1.6851769582059672,0.8907618929700052,0.03252672410570564,0.052126158732664386,False,False
D7,primary,178,90,10,4.0298214897801525,0.9459916532078886,2.617375291642175,0.9890526559852933,0.005219101621417441,0.0046762688906735045,False,False
D7,primary,179,76,1,0.3144337212094187,0.5749721356029387,1.9243520758165342,0.16537768301152955,-0.06307265198369905,-0.15603384140522442,False,False
D7,primary,179,76,2,3.713505579558502,0.15617895374874247,2.4405767336086535,0.295145044618051,-0.20598800683655832,-0.08027515169207951,False,False
D7,primary,179,76,5,7.210212620367855,0.20547007678086593,12.859884457335557,0.024727786628593873,0.12550079563938404,0.22845569509948083,False,True
D7,primary,179,76,10,10.020590382579062,0.43868867854085747,16.382712373225885,0.08918844570294904,-0.024820592926527454,4.881777303842077e-05,False,False
D7,primary,180,73,1,0.33366507712774857,0.563508886071922,0.08476139666108667,0.7709456973402634,-0.06624140926908148,0.033386680305840945,False,False
D7,primary,180,73,2,5.389833806631647,0.06754799455538985,6.957656512323456,0.030843530584100054,-0.2560636264377159,-0.2985430537201818,False,True
D7,primary,180,73,5,6.329594286713196,0.2754558367063352,8.041798023502832,0.15394705126299368,0.030140187602271686,0.04961787098210904,False,False
D7,primary,180,73,10,12.53172140092118,0.25104421606314276,12.417129261415962,0.258108860205561,-0.13962157251318347,-0.07615577750715306,False,False
D7,primary,181,67,1,0.13057344414453623,0.7178382118359828,0.030565023081779243,0.8612143514934674,-0.043175507477400676,-0.020889227758332355,False,False
D7,primary,181,67,2,0.18015615700251766,0.9138598296797336,0.08037213090388287,0.9606106860615098,-0.02640340115254867,-0.02646308023855187,False,False
D7,primary,181,67,5,1.3245516097339247,0.9323851748482622,0.9612021350309012,0.9656339950654533,0.12062643844960655,0.09457561931464722,False,False
D7,primary,181,67,10,6.577366933823642,0.7646503488429779,7.799863296023287,0.6483787129436343,0.021515084903453937,0.033371876238022784,False,False
D7,primary,182,90,1,0.9852771181531298,0.3208994341604313,0.8421544309866763,0.3587813286066007,-0.1029103448246862,-0.0951427508451556,False,False
D7,primary,182,90,2,2.669611110732578,0.26320935012622204,4.354970792499853,0.11332614299098187,0.13379512031703972,0.1932208067747142,False,False
D7,primary,182,90,5,6.399794562253585,0.26923682951830974,7.640603310066725,0.17718667839811342,-0.15898556370642872,-0.13781404889441434,False,False
D7,primary,182,90,10,9.782787472882799,0.45975245854387314,10.280979246832434,0.4161975683958261,-0.011199877173221306,-0.02809081885999129,False,False
D7,primary,183,91,1,0.0365860300740754,0.8483103422595994,0.003034313183487933,0.9560710647451489,0.019724987097464224,-0.0056805356049251556,False,False
D7,primary,183,91,2,0.28547317380671194,0.866982413341944,0.0038260259704529774,0.9980888156578558,0.05116041571052252,0.002885470659010258,False,False
D7,primary,183,91,5,3.4369365310956455,0.6329506748730587,1.1824093685980295,0.9465537753244546,0.13110636611517834,0.00465690723937959,False,False
D7,primary,183,91,10,9.60450404498397,0.47584889757224014,4.347814683325704,0.9302954742155878,0.12784849848655505,0.06147668784060778,False,False
D7,primary,184,97,1,0.396265423353776,0.529024277792878,1.1011580004102084,0.29401211203065647,-0.06293978305449455,-0.10491968337907082,False,False
D7,primary,184,97,2,6.66589691893121,0.03568772597754499,5.905474521338121,0.05219663443125944,0.24904587105553694,0.2180088601742122,True,False
D7,primary,184,97,5,10.493228751037856,0.06240688910525827,8.82344321205559,0.11631705121060198,-0.1603576991293081,-0.1658185780762763,False,False
D7,primary,184,97,10,17.74901315289765,0.05934792770528896,15.60942958250851,0.11137214413809748,0.10433698077493586,0.1408864103040026,False,False
D7,primary,185,75,1,0.007193313056330102,0.9324097391580181,0.5836589341623727,0.44488169877631834,0.00960073199020677,-0.08648074742881709,False,False
D7,primary,185,75,2,0.3129834164262643,0.8551386083005954,0.6855263787788554,0.7098062813179392,0.062172330736952185,-0.0358841895197556,False,False
D7,primary,185,75,5,3.375142302697259,0.642358526907451,2.2818166405045006,0.8089337808240742,-0.07505742569740158,-0.09332555532649779,False,False
D7,primary,185,75,10,4.388712167991955,0.9281126779876598,5.887923185277179,0.8245898744130271,-0.07403644589731045,-0.09177189601905363,False,False
D7,primary,186,88,1,5.355079047687785,0.020661997624532247,2.5034017152636316,0.11360068406421697,-0.242538104147033,-0.16582969739730216,True,False
D7,primary,186,88,2,7.595587245574855,0.02242018470906748,3.7292005739814664,0.1549581362906547,0.1559767631207361,0.11537088953780396,True,False
D7,primary,186,88,5,11.003791056107385,0.05130486979779969,5.432248660340147,0.3654322665188463,-0.15972678436738827,-0.06629305804040289,False,False
D7,primary,186,88,10,11.474012157556915,0.3217988335463893,9.523107974667553,0.4832792039589944,-0.014422252859953298,0.03448056920527715,False,False
D7,primary,187,96,1,1.9221820052514114,0.16561631686635858,1.4452232953615909,0.22929596438807742,0.13931901711869346,0.12080380814188223,False,False
D7,primary,187,96,2,2.338550296934711,0.3105919927731551,1.4929346592078894,0.4740382190625335,-0.06449916565456493,0.021833642151201916,False,False
D7,primary,187,96,5,7.204007100931961,0.20590479183735788,4.806080573910499,0.44000199226125725,-0.11974284810965483,-0.08604228619850648,False,False
D7,primary,187,96,10,16.631741196573067,0.08292022686190759,17.971818099721055,0.055440894893224346,0.07122990199557809,0.14310031702184467,False,False
D7,primary,188,88,1,0.022332898429772242,0.8812049067395779,0.43735054270011703,0.5084040154090693,-0.0156628064368605,0.06931254898160248,False,False
D7,primary,188,88,2,0.1152344552771862,0.9440112196936269,0.5146688826479493,0.7731096107222999,0.03176128982620101,-0.02897529694009822,False,False
D7,primary,188,88,5,2.201665406151705,0.8205953752332902,2.3814630645538526,0.7942313993593104,0.0695849697982449,0.11680549701257972,False,False
D7,primary,188,88,10,6.214625869846461,0.7969204281920025,9.361903089703329,0.4981362884142473,-0.1781320016541816,-0.20955693617325163,False,False
D7,primary,189,86,1,1.6146834687679804e-05,0.9967938591894653,0.25270235849762746,0.6151786588165262,-0.0004258558334263032,-0.05327501108956554,False,False
D7,primary,189,86,2,0.15822011382463505,0.9239382330601669,1.7909103374045379,0.408421655571381,-0.04190422046531792,0.1306641992217803,False,False
D7,primary,189,86,5,6.785986278042027,0.2370495179430392,3.4335566902566548,0.63346432522632,-0.11526969435492877,-0.10992459965029772,False,False
D7,primary,189,86,10,12.983801126909666,0.22457892489132447,9.478747936956504,0.48734919204991123,0.10257030203807398,0.044241761672286564,False,False
D7,primary,190,106,1,0.05880091645131882,0.8084012771654,0.043772762005509044,0.8342769598203728,-0.02322319060137062,0.020036959234761047,False,False
D7,primary,190,106,2,3.1738334646737023,0.20455533928898717,3.0797537317209684,0.21440750068472214,0.16822214009610095,0.16607389893228108,False,False
D7,primary,190,106,5,5.4428514850460035,0.3642531240010467,5.938870166545437,0.31221264395603787,-0.10591741904607431,-0.1341117916099911,False,False
D7,primary,190,106,10,10.742600980283115,0.37792030048221026,9.15028954184233,0.517902517684818,-0.005338686965113849,0.09612709482293187,False,False
D7,primary,191,87,1,1.9114626915832547,0.1668008710076213,0.08270849370945153,0.7736599541425209,-0.14570602449305572,-0.03030886349538058,False,False
D7,primary,191,87,2,2.833244726255866,0.24253181941548663,0.45656272005969406,0.7959002937989673,0.10059327624407212,0.06406280944626408,False,False
D7,primary,191,87,5,6.415096241993471,0.26789654702573085,1.682914941735544,0.8910451166186429,-0.10319932971381464,-0.10961166985040222,False,False
D7,primary,191,87,10,11.813930058050438,0.29770252124181773,5.716884061997321,0.8384620999117992,0.05392378833861854,0.03688232374887335,False,False
D7,primary,192,75,1,0.13654821044824395,0.7117369618751324,0.0194872914089108,0.8889784987987491,0.04182951913037965,-0.01580212909244958,False,False
D7,primary,192,75,2,2.924594703497034,0.23170335870011205,0.43353468043223903,0.8051172659250495,0.1877307614286768,0.07234532316138471,False,False
D7,primary,192,75,5,3.6645424387641445,0.598649314504868,3.6767089305670084,0.5968338079891583,0.06384340885131588,0.11669869895750164,False,False
D7,primary,192,75,10,13.1264273813634,0.21668879627439752,6.567320497710672,0.7655631273932516,-0.10444516685007317,-0.0029536590014541215,False,False
D7,primary,193,91,1,0.02767574575563466,0.8678734232153488,0.6881453919203845,0.40679591890139966,-0.017155712137353896,0.08554589754977816,False,False
D7,primary,193,91,2,1.1144257258832577,0.5728033224753604,1.938759237562483,0.3793182870650621,0.10690491027376907,0.11468178634328871,False,False
D7,primary,193,91,5,1.6306487130009446,0.8975183828127343,4.800095887118519,0.4407608034182747,-0.04090110267505077,-0.13906560057534506,False,False
D7,primary,193,91,10,2.1398564432767473,0.9951514901132266,5.740655055785894,0.8365612659521482,-0.04570767514408249,-0.04629560442282276,False,False
D7,primary,194,94,1,0.38746192391155504,0.5336365483872709,0.01462406414936212,0.9037464824362051,-0.0631911772381037,-0.012276539702669424,False,False
D7,primary,194,94,2,0.45553527794411564,0.7963092695805336,1.3358269624489434,0.5127773819939573,0.026344074443993653,0.11605908150304671,False,False
D7,primary,194,94,5,6.100740129261151,0.29653954597805643,2.9303024961077067,0.710730353079654,0.12996829320838393,0.1151950411434471,False,False
D7,primary,194,94,10,20.839893311537345,0.022238081511101848,13.171849949809944,0.2142216149178422,0.2956006925734989,0.1413961422675196,True,False
D7,primary,195,95,1,3.673144259044089,0.05529577692722343,0.8081189247558549,0.36867697619084794,-0.19356875180831715,-0.09079331971420601,False,False
D7,primary,195,95,2,5.448319846990134,0.06560128967830614,1.4459246337639584,0.4853124751312059,-0.1338487941442386,-0.08023022416817964,False,False
D7,primary,195,95,5,13.155733799197892,0.02196227114373195,9.220855004337489,0.10057267980278817,-0.0638359237725667,-0.1372284043261215,True,False
D7,primary,195,95,10,18.813816601012096,0.04269222203294698,11.989481831603994,0.2857610595171268,-0.013880814389273756,-0.048388068395001045,True,False
D7,primary,196,88,1,0.14149965128900466,0.706794684228699,0.05735353681998819,0.8107287629856517,-0.03942527400118624,0.02510019745017455,False,False
D7,primary,196,88,2,0.7990292222332915,0.6706454909115473,0.3790241438233257,0.8273627289873923,0.08449758162608952,0.0591006590854042,False,False
D7,primary,196,88,5,2.1067029512281126,0.8341923841275203,1.5265977895539633,0.9099801775752325,0.010558899174507582,0.056679115811566004,False,False
D7,primary,196,88,10,2.612771038630669,0.9891284923658142,4.004352366873324,0.9471504260827351,-0.06246841459525686,-0.129376871119093,False,False
D7,primary,197,78,1,0.22883305937567333,0.63239045050382,0.02846294697842288,0.866025025714649,0.053138886679647133,0.018741010312205833,False,False
D7,primary,197,78,2,2.8685677375587515,0.2382859469335551,3.142712031400681,0.20776326101144882,-0.17930592480500615,-0.19475614700812546,False,False
D7,primary,197,78,5,5.30959777297719,0.37927592472656846,5.743291513095162,0.3320044760341414,0.05305992294357444,0.13120225144157402,False,False
D7,primary,197,78,10,9.60148546617598,0.47612356315517157,13.83334419908443,0.1807299187739435,-0.10044574925050152,-0.08128929641858305,False,False
D7,primary,198,87,1,0.04413636656302671,0.8336001077861418,0.38174893854173503,0.5366687171762639,0.02214077838446542,0.06511537036209179,False,False
D7,primary,198,87,2,1.0955750953369243,0.5782276974444849,3.2045836106773695,0.2014343402898131,-0.10743525479131881,-0.17603440422967045,False,False
D7,primary,198,87,5,4.282726525911487,0.5094688158782535,7.769201283317375,0.16942249657502684,0.17792754145342246,0.20451196498996305,False,False
D7,primary,198,87,10,8.071509102090275,0.6218520528329958,17.651914644823993,0.06112700027681117,-0.022358829363464738,-0.04446908933226512,False,False
D7,primary,199,75,1,1.0208063599958035,0.31232781463621573,2.192327655934276,0.1386995730794789,-0.114369849385365,-0.16760717139454614,False,False
D7,primary,199,75,2,3.075223074919715,0.21489375463983496,2.3449559131928908,0.3095988175377271,0.16114977582750353,0.04392410372780204,False,False
D7,primary,199,75,5,3.797687390543517,0.5788960602238993,3.191766290703049,0.6704484927810158,-0.04876747542317593,-0.09690424135457319,False,False
D7,primary,199,75,10,8.64555256285147,0.5660393904132032,7.4984610531516935,0.6776967410319183,-0.10291248598420699,-0.13028260280956486,False,False
D7,primary,200,71,1,0.3843996767466722,0.5352579585667431,0.08495762869506972,0.7706881228954877,0.07205264407157723,0.03387346364618367,False,False
D7,primary,200,71,2,1.162930453230206,0.5590785893033534,1.089355360823803,0.5800287078277084,-0.10180563889404129,-0.1156343338041436,False,False
D7,primary,200,71,5,7.091200832797273,0.21394547421095322,8.43511229373067,0.13383018400679303,0.14110201188747096,0.1302782342983991,False,False
D7,primary,200,71,10,9.425061799653973,0.49229367875948027,13.226357170614262,0.21128989488803018,-0.02774238811403707,-0.1412467190811524,False,False
D7,primary,201,85,1,0.6337869744960791,0.42596961989662896,0.4134563790609129,0.5202203766682654,-0.08484811698403445,-0.06853073698898748,False,False
D7,primary,201,85,2,0.7616668483178869,0.6832917000302237,0.6256251739037789,0.7313869711868126,0.037885328433424695,-0.04879897633010877,False,False
D7,primary,201,85,5,2.080497748617028,0.8378982849829804,1.010716535148899,0.9616967874640562,0.10701442866698166,0.029095293665416647,False,False
D7,primary,201,85,10,3.9714847349688025,0.9486241863124178,2.6061497475288125,0.9892369218907889,0.11161973257664087,0.0030500216270631267,False,False
D7,primary,202,127,1,0.10315309124928546,0.7480781178311604,0.49768087520141097,0.48052090171227546,-0.02816629221130808,-0.0618677088353176,False,False
D7,primary,202,127,2,0.38819294416197075,0.8235784481092442,1.5753449647165747,0.45490235731969375,-0.04663490361442812,0.09067759573428066,False,False
D7,primary,202,127,5,1.9957750052112564,0.8497293357990946,2.4463403890228355,0.7845537354453633,-0.10553226015843171,-0.06961026684644593,False,False
D7,primary,202,127,10,5.286876782085956,0.8712090979293512,5.731953206177884,0.8372581432239701,-0.0006599885133809277,-0.005194302003949175,False,False
D7,primary,203,79,1,0.30119926030876765,0.5831315673029216,1.0717596933774403,0.30054831080097333,-0.060592405856328406,-0.11429834876594001,False,False
D7,primary,203,79,2,0.40530910812429,0.8165602701383018,1.4171437957938362,0.49234681716024764,-0.0353944536817446,-0.06446744810601097,False,False
D7,primary,203,79,5,1.715714780439279,0.8869140470605852,1.5575680358023873,0.9063323950584791,-0.05668425288565826,0.004284892834068397,False,False
D7,primary,203,79,10,3.2700217911024785,0.9743365803989611,2.7754397429654816,0.9862259143018556,0.03168317049024016,-0.013057098418161195,False,False
D7,primary,204,112,1,0.7029980128108743,0.4017781484595716,0.5000259684014403,0.47948871211978406,-0.07817665807011598,-0.06593201248564508,False,False
D7,primary,204,112,2,0.7124020282308647,0.7003318295020476,0.5088647859926783,0.7753564708466092,-0.009001016791103518,0.008726337208554057,False,False
D7,primary,204,112,5,1.5696055700506528,0.904900274017917,1.544941738529821,0.9078260066567119,-0.04609960557428765,-0.08418944210112926,False,False
D7,primary,204,112,10,11.368903310200594,0.32950830352526195,13.334441283748372,0.20556922778887832,-0.15575644842191866,-0.1367233690897903,False,False
D7,primary,205,80,1,0.7058767785911494,0.40081602915275705,0.5222729734857728,0.4698737034796886,0.09219897087269943,0.07930679555335389,False,False
D7,primary,205,80,2,0.7064908126929637,0.7024047976294638,0.7356038293999969,0.6922542935077711,0.002702039088352843,-0.050364232434697155,False,False
D7,primary,205,80,5,2.823438845061382,0.7271838205913438,2.3117780452874683,0.8045354534198688,0.12910712201648472,0.12919399007872562,False,False
D7,primary,205,80,10,3.8411699223105003,0.9542277293124245,3.5909641904707,0.9639190897677776,0.05808365812464227,0.08593448744887998,False,False
D7,primary,206,69,1,0.19719177190394965,0.6569971794785001,1.188948175761873,0.27554182439827113,-0.05231727694291332,-0.12846422436056196,False,False
D7,primary,206,69,2,2.310495812850942,0.31497944179616133,1.273127448164006,0.529107463002867,0.17000616605861169,0.033930187957272845,False,False
D7,primary,206,69,5,9.777893201673796,0.08177878733129762,6.949560102153989,0.22441869859231667,-0.14758248481265634,-0.09419202939914868,False,False
D7,primary,206,69,10,13.409077160272545,0.20169038838189002,10.469709506225175,0.40029389353821454,-0.06652004845736938,0.12404903540003141,False,False
D7,primary,207,87,1,2.1729074217367255,0.140460456789693,2.5102970845165133,0.11310460770573094,0.15535141296321664,0.16697719332390681,False,False
D7,primary,207,87,2,6.252719151060546,0.043877238632697324,4.928306258876668,0.08508086435012763,-0.21162886089410826,-0.1629235278171655,True,False
D7,primary,207,87,5,7.931952056771236,0.16002597266002117,6.856002878169054,0.2315717285330755,-0.03075626730592651,-0.0805888008375989,False,False
D7,primary,207,87,10,17.34638131285424,0.06704228493813025,13.419962248005673,0.20112954019285645,-0.17710556122019563,-0.09356343357682835,False,False
D7,primary,208,109,1,0.08411928727855776,0.7717907989589328,0.0452938632191223,0.8314645946682843,-0.02740216843823317,-0.02010744185430424,False,False
D7,primary,208,109,2,0.08899551087716001,0.9564777469642614,0.11461846665431852,0.9443020145585055,0.0065668781275464655,0.024760581933480512,False,False
D7,primary,208,109,5,1.040342274679552,0.9592467012140156,1.9395777552207498,0.8574408680367288,-0.082525800939159,-0.06495059268534391,False,False
D7,primary,208,109,10,6.558462335152005,0.7663671151268352,3.908440180156601,0.9513828787239059,0.09065385470467978,-0.01838258782630317,False,False
D7,primary,209,96,1,0.13985288491226747,0.7084273083944632,0.08495694217504621,0.7706890234597752,-0.037579315308542055,0.029289542263302274,False,False
D7,primary,209,96,2,0.2824467574464114,0.8682953313304531,0.29953293468223385,0.8609090033195731,0.03774554533202199,0.04630264894458254,False,False
D7,primary,209,96,5,3.294349201055245,0.6547069274754278,2.823951675418896,0.7271049651551891,-0.1687405232799425,-0.14727014795304233,False,False
D7,primary,209,96,10,12.638732083230371,0.24457778770731586,6.964827940855101,0.7287611883370751,0.05584217374889317,-0.04949426372746691,False,False
D7,primary,210,81,1,1.685772085042503,0.19415924035643772,0.9912801500885646,0.3194296957934787,0.14163248231992392,0.10860795659376447,False,False
D7,primary,210,81,2,1.7345484386193197,0.4200950770857935,1.0640785809655926,0.5874058562514264,-0.023940689557238215,0.02924778619088219,False,False
D7,primary,210,81,5,8.914672930987502,0.11251635181899444,2.0419285195674313,0.8433135444186914,-0.19586013422983856,-0.050395193447299015,False,False
D7,primary,210,81,10,16.8150901751096,0.07855701484208044,5.4032252319635585,0.8626677869936392,0.2224925337239064,0.0628235026957718,False,False
D7,primary,211,83,1,0.5061095201142239,0.4768278824227392,1.6769091511518888,0.19533566036433858,0.07669740505255294,0.13960892548743248,False,False
D7,primary,211,83,2,2.9678105041102483,0.2267504394264539,2.562861895895518,0.2776397280692431,0.1681170071529707,0.10085542861146196,False,False
D7,primary,211,83,5,3.6177509663262524,0.6056500497338166,5.874722365352752,0.31860050364154324,0.07256460658936442,0.13654601851414142,False,False
D7,primary,211,83,10,3.7450292528736004,0.958116987081652,7.81420132175853,0.6469797820126175,-0.0068708666299852625,-0.11022096104959406,False,False
D7,primary,212,88,1,2.309944529315556,0.1285486374126199,1.897631301422082,0.16834369156037932,-0.15929341060739466,-0.14437864220939126,False,False
D7,primary,212,88,2,6.475259163817055,0.03925684002010299,3.827390985312437,0.1475341665120511,0.2126721105052534,0.14475655844886934,True,False
D7,primary,212,88,5,9.202258376821092,0.10126364954178924,6.2136431454431325,0.2859821400576641,0.15789555592401666,0.0031560231323437453,False,False
D7,primary,212,88,10,13.448023442662619,0.1996893787722388,8.517471721917167,0.5784248112356989,0.0911885170412011,-0.0008873405678011468,False,False
D7,primary,213,75,1,2.985160569943842,0.08403095253925108,1.2054461249283863,0.27223588416899447,0.19557967217729294,0.1242835838711677,False,False
D7,primary,213,75,2,3.263801169579673,0.1955575470049763,2.7231210203148635,0.2562605675507402,0.059348211238543926,0.13850798490006205,False,False
D7,primary,213,75,5,7.396181212709053,0.1928033155938682,5.9861583885469525,0.3075680985840046,-0.13065575869960674,-0.12439609885539533,False,False
D7,primary,213,75,10,12.295205372575628,0.2657852386528813,8.257691278511649,0.6036818994541955,-0.08121971392015354,-0.06686433085790648,False,False
D7,primary,214,85,1,0.1807305129142314,0.6707461995160404,0.09190817164240579,0.7617651832976373,0.045309189596659936,-0.03231079301453523,False,False
D7,primary,214,85,2,1.0147084779504012,0.6020864502150132,1.370410788886833,0.5039867028749588,-0.09674916935662568,-0.11979005594180414,False,False
D7,primary,214,85,5,3.481360791583784,0.6262098359283894,6.101976263326029,0.2964222991583777,-0.038223452137865516,-0.05641038696202646,False,False
D7,primary,214,85,10,14.00350324794998,0.17283187386766408,17.664046292500842,0.060902125304395316,0.15831594513177263,0.25415679841158634,False,False
D7,primary,215,88,1,0.19463727653900667,0.6590847550577428,0.4809077763927738,0.48801141871890663,-0.04623917162195429,-0.07268217841300587,False,False
D7,primary,215,88,2,0.45555209378186623,0.7963025743049421,0.5982223939877027,0.7414769548423555,0.053227492377612796,0.03569132734463237,False,False
D7,primary,215,88,5,4.624747938867014,0.46336802080433315,3.6431777002022305,0.6018422325110822,0.07758266335386728,0.059470945649433185,False,False
D7,primary,215,88,10,7.751001057257937,0.6531440519039147,8.741144696324692,0.5568335347388155,0.044206515820306755,0.002484471243666555,False,False
D7,primary,216,86,1,0.3002966479370845,0.5836965089201793,0.2498882563571192,0.6171537705688811,-0.05807565857348224,-0.05297754444505214,False,False
D7,primary,216,86,2,2.757702833376041,0.2518676779977067,3.395852325581782,0.1830627730568316,-0.16515341367891292,-0.1868641373895634,False,False
D7,primary,216,86,5,4.615122644781752,0.464629704205505,13.230334278790693,0.02131329209863475,0.06006263686312096,0.13249336563853545,False,True
D7,primary,216,86,10,7.20808038320543,0.7056657019665378,15.397525683899579,0.11822688276969973,-0.09542215096525739,-0.1171875822892396,False,False
D7,primary,217,98,1,0.1669678245957306,0.6828207782161484,0.00031268168696041844,0.9858918959996034,-0.04065268395610913,0.0017592357928988332,False,False
D7,primary,217,98,2,0.6966515846890633,0.7058688720748596,0.03801696848261541,0.9811710377156443,-0.07203290133254156,-0.01921843166206008,False,False
D7,primary,217,98,5,1.3687746904409401,0.9276982698999626,0.3014273045189895,0.9976161562724561,-0.027588400358489203,0.026404808745107144,False,False
D7,primary,217,98,10,8.798453554066512,0.5513320684584178,5.039419075805082,0.888529265640606,0.07481070682084724,0.023102489556129955,False,False
D7,primary,218,61,1,1.0904815082637083,0.29636454683973845,0.09579526017435225,0.7569350562088728,0.13048169379761748,0.038673407883858944,False,False
D7,primary,218,61,2,1.2554282702269028,0.5338106264080614,0.6224158340915187,0.7325615480012038,-0.05032255819812386,-0.08991656852388955,False,False
D7,primary,218,61,5,4.330646017584535,0.5028568832200955,6.823031388246371,0.23413789124758488,0.034417041703396066,0.1221229196355655,False,False
D7,primary,218,61,10,6.730826229543787,0.7505887232877944,10.338248098592787,0.41133549883090237,-0.04564636643130698,-0.10241540790658518,False,False
D7,primary,219,80,1,0.026254946037558787,0.8712792523342104,1.0307708018371118,0.30997769723676294,0.017781450739220717,-0.11141474739350218,False,False
D7,primary,219,80,2,1.356638717649339,0.5074691496277921,3.7782022477831485,0.15120766472564973,0.1257719663848459,0.18074188777792793,False,False
D7,primary,219,80,5,2.702856200175644,0.7456815597617159,4.862869265739804,0.4328441832204558,-0.042189696029590336,0.06694821208890644,False,False
D7,primary,219,80,10,9.162909190754913,0.5167159500765367,8.862404342041806,0.5452099043553782,-0.1635807446895568,-0.1573697189778485,False,False
D7,primary,220,69,1,0.2289378872600439,0.632312489768621,0.15426167952248268,0.6944955640821875,0.05637149750088733,0.046273224546892124,False,False
D7,primary,220,69,2,0.38447606800659606,0.8251104407729916,0.23444295478888424,0.8893881919691561,0.046121368925580504,-0.03311464939666421,False,False
D7,primary,220,69,5,8.091620511446342,0.15125800321184968,1.914451403880037,0.8608511957284186,-0.25259332700528997,-0.1272409410161902,False,False
D7,primary,220,69,10,8.580529762821188,0.5723203845101188,2.3304068009693153,0.9931234600237245,-0.06295169312439416,-0.03003656699866322,False,False
D7,primary,221,70,1,0.031506643227919344,0.8591147952450467,0.21065593671496974,0.646253772674549,-0.02076874933532729,0.05370270091884348,False,False
D7,primary,221,70,2,0.11651815366012784,0.9434055012662633,0.37626893300778846,0.8285032938007789,0.03386710345316787,0.04727008632416051,False,False
D7,primary,221,70,5,1.071816570351764,0.9565678040373065,2.2888285472088103,0.8079062508953271,-0.0060567414876746125,0.14917443057827864,False,False
D7,primary,221,70,10,8.498841443856744,0.580230641569155,9.17048595670183,0.5160039973897684,-0.10067847809585512,-0.1660618614347832,False,False
D7,primary,222,72,1,0.32653082798569305,0.5677090382665652,0.1040166591514908,0.7470617141578495,-0.06596433081976985,-0.03723046981757091,False,False
D7,primary,222,72,2,2.15295980224363,0.34079304192511106,2.4907798071169402,0.2878286608302938,-0.15490602365078873,-0.17708084012955075,False,False
D7,primary,222,72,5,5.205743394478019,0.3912906383790591,4.271412032045202,0.5110369725070155,-0.17823916904337617,-0.09119210528511305,False,False
D7,primary,222,72,10,7.988447908168373,0.6299653813028592,9.211558713236736,0.5121506207714513,0.06253589829863966,0.1391039645593148,False,False
D7,primary,223,89,1,1.0216231844074526,0.31213429444804075,0.7882100753622819,0.3746419087099855,-0.10535884636776423,-0.09254365066771793,False,False
D7,primary,223,89,2,1.109092717647195,0.5743327430905345,0.7925700956128622,0.6728148841940531,-0.030652953849239637,-0.006843656136329481,False,False
D7,primary,223,89,5,2.3514849716870434,0.7986763613787028,2.447880163550102,0.7843231441027265,-0.10843208900558879,-0.09438673034921907,False,False
D7,primary,223,89,10,5.17895470608808,0.8789073968475192,4.147958807888958,0.9404255174932812,-0.03277139737846351,-0.008868727042774499,False,False
D7,primary,224,77,1,1.0351348251591275,0.30895568868700807,0.12859206722865263,0.7198963213779459,0.11372248676813021,0.040082516214620084,False,False
D7,primary,224,77,2,1.1786946413772845,0.5546892007796842,1.3951920520885428,0.4977805179848135,0.04207151684220033,0.12496588313932071,False,False
D7,primary,224,77,5,1.7768346794858592,0.8790812474905345,2.8678874533608663,0.7203448975621154,-0.04749058655133848,-0.0997862546453849,False,False
D7,primary,224,77,10,4.178560711506718,0.9389324460975657,9.339230291580085,0.5002402872448096,-0.0003538193159934136,0.04324926971284932,False,False
D7,primary,225,92,1,1.0110152551280294,0.31465973812454384,0.6187850620799367,0.431499123044664,0.10314346334403615,0.08069242480015608,False,False
D7,primary,225,92,2,1.0179415819900615,0.6011139324223919,1.026982964828736,0.5984026149583626,0.008490141052724345,0.06517766515519197,False,False
D7,primary,225,92,5,1.377180664108992,0.9267930936140099,1.498906711785067,0.9131959452282461,-0.03306470258915881,0.05522593701640647,False,False
D7,primary,225,92,10,4.750786691640464,0.9071919052682468,6.861624070961422,0.7384407321303457,0.12300735941166485,0.030226093098268722,False,False
D7,primary,226,88,1,0.14759125640761037,0.700847949819947,0.5798654223182574,0.44636507591873265,-0.04026496727089224,-0.07981061211247999,False,False
D7,primary,226,88,2,0.1792828452140898,0.9142589590956128,2.342637567465505,0.3099579041671784,0.018550629047289883,0.1383517715362003,False,False
D7,primary,226,88,5,1.649919615005569,0.8951476439474969,4.310095200488291,0.5056865963908741,-0.08246296774872938,-0.11838556112019591,False,False
D7,primary,226,88,10,2.798247122982621,0.9857812702525032,6.577859244257992,0.7646055939440684,-0.0693064193371803,-0.09863134794412441,False,False
D7,primary,227,96,1,0.35439987450293214,0.5516329730535982,1.3440077261821843,0.24632843235675272,-0.05982186218550964,-0.11649680935024331,False,False
D7,primary,227,96,2,0.7324028858136487,0.6933631140595544,2.552613415728866,0.27906607203594525,-0.06145580364608777,-0.10988985228947197,False,False
D7,primary,227,96,5,1.4507769162852375,0.9186792888166072,4.571200448111502,0.4704139488696979,0.04608196825988735,0.08458599228244368,False,False
D7,primary,227,96,10,4.480992722226665,0.9230515973440299,12.867484769892828,0.23117557598949345,-0.1531317426020128,-0.20712636845047475,False,False
D7,primary,228,78,1,0.4371259802720479,0.508512894128569,1.1468523378788384,0.28420903618073035,0.07344400937430082,0.11896160634727007,False,False
D7,primary,228,78,2,0.4758532738313187,0.7882605181954361,1.4970702922396721,0.47305900776755105,-0.021718162339419405,0.06531060469145879,False,False
D7,primary,228,78,5,5.145766942630593,0.3983510243550732,7.511408331876149,0.18529826455843734,-0.19442797448439633,-0.19211299605517787,False,False
D7,primary,228,78,10,9.707424013175078,0.4665260578346957,15.84643099022544,0.10411368816758049,0.026867862522610187,0.18165069850903473,False,False
D7,primary,229,72,1,0.3733363006385267,0.5411912912293088,0.3508036741787195,0.5536585418336157,0.07053378280488828,-0.06837213365959387,False,False
D7,primary,229,72,2,1.6612671637750367,0.4357731008939383,1.0906958757739444,0.57964006950895,0.13008079640077144,0.09859414765537158,False,False
D7,primary,229,72,5,1.9189003261896103,0.8602490998549626,1.429523149440898,0.9210567213996729,-0.05182832247153344,0.024027474495175706,False,False
D7,primary,229,72,10,2.6478505704914563,0.988541589220551,2.4285556600072638,0.9918764344587272,0.05201206299191319,-0.02448910381662955,False,False
D7,primary,230,96,1,1.5266655853759044,0.21661357154567995,0.07400197633237111,0.7855966126309407,0.12416097265743584,0.027335990034116728,False,False
D7,primary,230,96,2,2.152032433516444,0.3409510989713316,2.986142208815445,0.22468157431809554,0.07904650995520343,0.17057737020957894,False,False
D7,primary,230,96,5,3.614859055831239,0.6060836610087473,4.922658490628058,0.42539186638621607,-0.1180137653411234,-0.05842936626734001,False,False
D7,primary,230,96,10,13.746584321516494,0.18486763515610904,12.899811758712236,0.22932753746123868,0.1767261829658324,0.1786882446672374,False,False
D7,primary,231,80,1,0.4868505062940629,0.4853355952789318,1.3948389445912972,0.2375896144985753,-0.07657013961111535,-0.1296055675644614,False,False
D7,primary,231,80,2,3.646345795415714,0.16151247451751938,8.986294498779074,0.011185385158197225,0.19382252086964388,0.30044010736554144,False,True
D7,primary,231,80,5,5.354823703462185,0.3741276436799673,12.311896577665905,0.030755192906095297,-0.11031324845262648,-0.08129107931096743,False,True
D7,primary,231,80,10,8.311131834189633,0.5984745550817832,15.172055679501815,0.12591379454575014,0.08519230057832258,0.09758683552753836,False,False
D7,primary,232,88,1,0.03137074739514491,0.8594157889278737,0.0446627766767269,0.8326253300048181,-0.01856348315893658,-0.02214980439431621,False,False
D7,primary,232,88,2,0.23715080848417033,0.8881848402270116,0.09363862675332008,0.9542598039959096,0.047270291529884025,-0.023060972942482626,False,False
D7,primary,232,88,5,1.8966838655094858,0.8632481623252757,1.0680267713005802,0.9568944688092229,-0.12286158138993943,-0.07665398368622246,False,False
D7,primary,232,88,10,2.6050383874865615,0.9892550487696762,3.603389130896295,0.9634706920861803,-0.016566406797482048,0.013168031300492353,False,False
D7,primary,233,86,1,0.22991698725191081,0.6315853880183154,1.5430842678961416,0.21415930130531424,-0.0508164627395596,-0.131647835478001,False,False
D7,primary,233,86,2,0.6670647812121093,0.7163886940001911,1.9612508804168944,0.37507643759044473,-0.06965675309832446,-0.06812770491530874,False,False
D7,primary,233,86,5,6.701087350574592,0.2438366757444329,7.700052530862061,0.17355949406950366,-0.09785241101872252,-0.013279338108278997,False,False
D7,primary,233,86,10,11.789106673011645,0.29941878545511635,8.587234902575139,0.5716720259805825,0.12449692974843338,0.053224001882856115,False,False
D7,primary,234,89,1,2.81727926590419e-05,0.99576500431866,0.0015636226099799589,0.9684577357811267,-0.00055327441303568,0.004121844536166187,False,False
D7,primary,234,89,2,1.305281104970919,0.5206691058734381,0.2283427745397603,0.8921050473309846,-0.11841078644865775,-0.0493566290026813,False,False
D7,primary,234,89,5,8.515434963742832,0.1300240419041836,8.286282085421352,0.14114787231802883,0.23759031141321416,0.19919849957609162,False,False
D7,primary,234,89,10,15.249287773305397,0.12323413905437508,10.152531506715016,0.4272147132344317,0.05910124349039116,-0.05179124904652733,False,False
D7,primary,235,79,1,1.4670620551450706,0.2258098078713524,0.13106637729801376,0.7173289346773526,0.13372588737920127,-0.03997025270894181,False,False
D7,primary,235,79,2,1.516436695108886,0.46850038873766964,1.0146832947657816,0.6020940314898597,0.024374812206596708,0.10311487474718144,False,False
D7,primary,235,79,5,5.598939443537022,0.34721873506141476,2.2973086080317886,0.8066620815754726,0.16946259988782872,0.0026848551647840955,False,False
D7,primary,235,79,10,11.634992396939335,0.31022745576534594,6.894466348515724,0.7353690088399227,-0.09194637937257596,-0.09628744428752808,False,False
D7,primary,236,68,1,7.2874554100946725,0.006943775827465526,1.7851717447487958,0.18151554621179822,-0.3202741448059217,-0.15851630015737117,True,False
D7,primary,236,68,2,7.779140207119676,0.02045413730894996,1.7860206155899503,0.4094214113446927,0.08256802212768442,-0.0034307517953870593,True,False
D7,primary,236,68,5,17.739925902314987,0.0032906469719335973,5.458080308221943,0.3625644260987496,-0.11239441163110896,-0.08075199451877775,True,False
D7,primary,236,68,10,34.14877113393735,0.00017428053814194655,14.885415062186192,0.13629559792039592,0.13314415581925032,-0.008240189568228215,True,False
D7,primary,237,94,1,0.0002607381191338044,0.987116808772766,6.055897074639042e-05,0.9937909533792799,0.001639246236065862,0.000790007425972139,False,False
D7,primary,237,94,2,0.3804281966179858,0.826782102342938,0.0510062272795736,0.9748193437247222,-0.062256089826709694,0.022790192956455547,False,False
D7,primary,237,94,5,4.377230881180486,0.4964755828493449,3.913623108617532,0.5619180452980691,-0.13360038439755734,-0.025677061147429146,False,False
D7,primary,237,94,10,9.084939516232977,0.5240619570478129,9.064087351415527,0.5260324614562247,0.026933641064562377,-0.03593426185339175,False,False
D7,primary,238,75,1,0.34896143548073916,0.5547016258007098,0.37483986231081107,0.5403778756881261,-0.06686957807524276,-0.069304709972812,False,False
D7,primary,238,75,2,2.021003067420696,0.3640363572747669,0.7469712489060387,0.688330881358142,0.14538144431733757,0.0685857017162108,False,False
D7,primary,238,75,5,6.403279427055411,0.26893110867722003,1.970550480681131,0.853204756468016,0.22583264041176876,0.12137417663640622,False,False
D7,primary,238,75,10,13.780887125276074,0.183222669080651,9.0023715434013,0.5318785227061354,-0.04408434188447469,-0.10885208316526987,False,False
D7,primary,239,98,1,0.1783976814908612,0.6727538791363636,0.28090149484166854,0.5961109530303718,-0.04202110148316586,-0.0527290387791746,False,False
D7,primary,239,98,2,0.30408401652494904,0.8589521968938787,0.28100301311462506,0.8689223558504611,-0.03508864599674576,0.000997228516778342,False,False
D7,primary,239,98,5,4.332231150641993,0.5026389904424974,6.345898728500047,0.27400113808087534,0.001330510609685457,0.0035889823712624965,False,False
D7,primary,239,98,10,10.60305160917931,0.3892678685189047,14.44567380713984,0.1536161534318119,-0.10593540082405536,-0.08943119198403629,False,False
D7,primary,240,90,1,1.3666462920527018,0.24238893388340121,0.32482882699560933,0.568720045895672,-0.12120147317820225,-0.05908906485007346,False,False
D7,primary,240,90,2,2.267304418129716,0.32185562322521666,17.72972086978101,0.00014126677486392403,0.09783768173852171,0.43009246558983044,False,True
D7,primary,240,90,5,3.128701129060283,0.6801515888654229,18.677426537128877,0.0022069397281997416,0.048001371180501566,-0.03973210508675024,False,True
D7,primary,240,90,10,5.25493843685649,0.8735101600377453,21.08302488528623,0.020522008838716355,-0.1371017716471926,-0.08532620331549544,False,True
D7,primary,241,85,1,1.9622312183796478,0.16127489457956978,1.069317898642579,0.30109956716410113,0.1492951310390924,0.11021075359376122,False,False
D7,primary,241,85,2,1.9633578630585276,0.37468150588388915,1.196406781807494,0.5497985223305009,-0.0035560138349643644,0.03776797836369569,False,False
D7,primary,241,85,5,20.197311745985445,0.0011475309036222958,8.010329641229047,0.1556672588749589,-0.25197862202303983,-0.15863628952386352,True,False
D7,primary,241,85,10,31.796000103571167,0.0004330110226408168,12.736048044586738,0.2388063785032779,0.1355406590332955,0.06110573739566357,True,False
D7,primary,242,73,1,3.065148263241056,0.07998786543248504,2.7148799305356275,0.09941645101337127,0.2007705134680851,0.18895113281836984,False,False
D7,primary,242,73,2,3.272794766479253,0.19468013837416553,2.715787022154323,0.2572019998770517,-0.051891882209583934,0.003429751776297704,False,False
D7,primary,242,73,5,15.182237719450487,0.009611395041287052,13.743469706181381,0.017323721715661877,-0.3381613400691523,-0.32027700827944766,True,True
D7,primary,242,73,10,23.690395106555144,0.00846597761305179,22.34521104527905,0.01343937551168184,-0.007890393923512635,0.09934968887745838,True,True
D7,primary,243,70,1,1.4833926863917277,0.22324445855960828,0.6324490816531432,0.42645839527148865,-0.1425073761395264,-0.09305121758505307,False,False
D7,primary,243,70,2,1.959492822109757,0.37540628566570144,0.6367249888299337,0.7273390842660089,0.08014719745373318,-0.007595446735737556,False,False
D7,primary,243,70,5,3.3985582080686787,0.6387895206865845,0.875605816003605,0.9719624859741524,-0.06308287853806337,-0.05048732643093128,False,False
D7,primary,243,70,10,8.913443393794036,0.5403373996685006,4.686185056709157,0.9111317789756511,-0.1189462286043178,-0.11199512871104339,False,False
D7,primary,244,79,1,0.08038493815109989,0.7767764308681376,0.08991096135528613,0.7642903803334159,-0.03130246850369845,0.03310530298059737,False,False
D7,primary,244,79,2,0.7327202743348475,0.6932530900431626,0.10074408715626888,0.9508755915267202,0.0885981716464211,-0.011417373296104594,False,False
D7,primary,244,79,5,2.0224473451213503,0.8460303817799695,1.2670821117779463,0.9382821738235597,-0.11925853754081447,-0.09997289321137837,False,False
D7,primary,244,79,10,3.453449493533672,0.9686553739778748,4.835698458209429,0.9018796764535247,-0.016400951987668912,-0.006808466695477419,False,False
D7,primary,245,83,1,1.9397857213428458,0.16369180203228462,1.83488210857237,0.17555198191714172,-0.15015344344007528,-0.14603686461325951,False,False
D7,primary,245,83,2,3.511081243525242,0.17281379013702902,2.8304819914389934,0.24286707646960926,-0.13431451147911386,-0.10691445311657194,False,False
D7,primary,245,83,5,7.127811714547564,0.21130701857105183,3.4096831847324545,0.6370955743589112,-0.15476881450209015,-0.07429171105415304,False,False
D7,primary,245,83,10,11.309902960263662,0.33388890203144483,5.85177297688091,0.8275590354172044,-0.0794145422753814,-0.08705615830201315,False,False
D7,primary,246,75,1,2.960996509573044,0.08529535781657804,1.9740210653134693,0.16002169465262372,-0.19478648170753768,-0.15904343866495005,False,False
D7,primary,246,75,2,2.9658524171349376,0.22697254667608424,2.0174901522844673,0.3646763335706401,-0.007834668785692998,-0.02344097625466831,False,False
D7,primary,246,75,5,6.732861077627715,0.24127781962851724,6.707717918509897,0.24330083322502605,-0.20908618425932396,-0.1500855145130712,False,False
D7,primary,246,75,10,8.151199652353515,0.6140707215750605,8.706834227040202,0.5601336920538584,0.015555365634915443,-0.07369156007569477,False,False
D7,primary,247,89,1,0.17225338108493277,0.678116872492158,0.01740916705244734,0.89502874198678,0.04326229099784568,-0.013753544371902677,False,False
D7,primary,247,89,2,0.3676752997455676,0.8320708796747526,0.1082653153753926,0.9473064306854164,0.04581741293708477,0.031240723831977697,False,False
D7,primary,247,89,5,0.9397823413366515,0.9672750610946381,1.3360773210814139,0.9311759339879018,-0.01704642313514556,-0.0866238835996218,False,False
D7,primary,247,89,10,5.211447513450786,0.8766127785860305,4.761422283750434,0.9065348061103436,0.02325040474916071,-0.007854471695364233,False,False
D7,primary,248,67,1,4.013284419542426,0.04514312889773364,0.3427996634585976,0.558217643777565,0.239364637614634,0.06995684493461063,True,False
D7,primary,248,67,2,4.181747114892591,0.12357913517819974,0.39832563144594374,0.8194164685866492,-0.04866834792244829,-0.027941055037406803,False,False
D7,primary,248,67,5,6.2868892456719,0.2792956859976323,3.98366515599352,0.5517701682319858,0.10306451625429407,0.10268579286775843,False,False
D7,primary,248,67,10,14.18119751368188,0.16488591876190561,12.218421623278404,0.2707043374864415,-0.11553978553971757,-0.11897078194044733,False,False
D7,primary,249,81,1,0.5921640674311104,0.44158350527611134,1.1574367046138283,0.2819977803375763,0.0839429955696385,0.11735782798833345,False,False
D7,primary,249,81,2,0.6291886856308558,0.7300849784234531,1.1580296106231218,0.5604502472725406,-0.02085822194828582,0.0026395197508212458,False,False
D7,primary,249,81,5,1.6997343818818031,0.8889332211559322,3.3907169071222576,0.6399841432972804,-0.10679541441375463,-0.15562205806632856,False,False
D7,primary,249,81,10,8.618632907575964,0.5686379749876648,9.765459683488778,0.46130580772585794,0.2102024809866999,0.12210583950866674,False,False
D7,primary,250,73,1,0.8893859311091304,0.3456437689902492,0.1696004080285252,0.6804671820915367,-0.10814820462000758,-0.04722670357158267,False,False
D7,primary,250,73,2,1.1893950304787595,0.5517294303742462,0.7210646360871658,0.6973050392041997,-0.06237410488224947,-0.08456599939855518,False,False
D7,primary,250,73,5,1.5959854298311567,0.9017343986601264,1.2497299298059246,0.9400184233425306,-0.036606335173477556,-0.0010020619534991935,False,False
D7,primary,250,73,10,5.098000878365817,0.8845359796254478,6.838165917755046,0.7406296611394101,-0.0563290432905744,-0.13927850862351907,False,False
D7,primary,251,98,1,0.3512044344649011,0.5534321195646903,0.4078539250440157,0.5230607828878446,-0.05895936869962835,-0.06353677284051092,False,False
D7,primary,251,98,2,0.5094659782398665,0.7751234367234008,0.4171547332038767,0.8117382308445307,-0.03937406714463043,-0.009545153612402105,False,False
D7,primary,251,98,5,4.867430638227549,0.432272606152001,5.011187870160873,0.41451633044062586,-0.10190958330232264,-0.16073149083380958,False,False
D7,primary,251,98,10,6.1722695189357495,0.8005881335588174,9.72782034103826,0.46468835325162483,0.05112830445214461,0.1693995678699404,False,False
D7,primary,252,96,1,0.07567468100485684,0.7832468527179579,0.437242200684954,0.5084565398379188,-0.027643208391589534,0.06644681734272716,False,False
D7,primary,252,96,2,0.5023353337374334,0.7778919339194673,0.6958496562914589,0.7061519569712722,0.06529148842346014,-0.05083183562567062,False,False
D7,primary,252,96,5,5.496812691921248,0.3582955073452574,3.1842577865394484,0.6716028866143078,-0.15341471825604186,-0.08739547007326687,False,False
D7,primary,252,96,10,7.706846674109318,0.6574470571395441,7.67993700841361,0.6600677661414875,0.022087302385790153,-0.057204487010160315,False,False
D7,primary,253,86,1,0.3967486351128204,0.528773192234692,0.15756958088437756,0.6914040734548207,0.06675389662533314,0.04206831247229826,False,False
D7,primary,253,86,2,0.47969860708221534,0.7867464120320632,0.41310793997729073,0.8133823620355027,-0.030342908197541058,-0.053257053156010654,False,False
D7,primary,253,86,5,0.6566258000525528,0.9852640856354711,2.2457895519745463,0.8141950570330407,0.026003796332779893,-0.0015003892223873696,False,False
D7,primary,253,86,10,6.895941335912074,0.7352308619745735,5.605811573160966,0.8472232321976572,-0.07000181476766469,-0.08391597066351204,False,False
D7,primary,254,91,1,4.836341720541388,0.02786594925321384,4.645110605569933,0.031142130218592023,-0.2267866959607959,-0.22225785262758502,True,True
D7,primary,254,91,2,5.06133557078813,0.07960584291315809,4.765801943183529,0.09228247997387051,0.04864275415557565,-0.035626313330701195,False,False
D7,primary,254,91,5,7.848746234420428,0.164770886440464,8.8920290834221,0.11344903042429921,-0.16522307505710487,-0.1832026198110794,False,False
D7,primary,254,91,10,10.15368338862355,0.4271152360702619,12.694840344088236,0.24123757452863126,-0.05368344027356346,0.03573378715964836,False,False
D7,primary,255,82,1,1.2030855671641683,0.2727058438785649,1.5544648399274863,0.21247751810641569,-0.11894445442120338,-0.1352030198149861,False,False
D7,primary,255,82,2,1.5815894489515758,0.45348425699861117,2.9156399082564666,0.23274311272606552,0.06630306318720919,0.1257347773811112,False,False
D7,primary,255,82,5,4.297107708267316,0.5074794582192146,4.3830609965035885,0.4956802257001349,-0.1616464143269387,-0.07207074094281336,False,False
D7,primary,255,82,10,5.961751174424463,0.818466437622487,5.7164775674187105,0.8384945269922586,0.014672136811668294,-0.029243928170291287,False,False
D7,primary,256,79,1,1.267597510931012,0.2602178694998796,0.6237193378109348,0.4296685054581735,0.12430309297711999,0.08719384933566746,False,False
D7,primary,256,79,2,1.4303372212622123,0.48910963575899324,0.6237693327547955,0.7320659551781805,-0.044252323321108206,-0.0007756259843808396,False,False
D7,primary,256,79,5,4.969835348253247,0.419572620234122,2.2450591247375407,0.8143014041464987,-0.17064612299333035,-0.11694957744997705,False,False
D7,primary,256,79,10,14.361793331111457,0.1571194170349428,6.762807988665452,0.7476315097138698,-0.21919486767367583,-0.13729710513532556,False,False
D7,primary,257,89,1,0.022822388130189143,0.8799198623674668,1.786071208964559,0.18140558070259527,0.015747302857455802,0.1393076677651675,False,False
D7,primary,257,89,2,1.9227656408320624,0.3823637797889635,2.0920394292814177,0.3513333768664276,-0.142861182860237,-0.05733001917495455,False,False
D7,primary,257,89,5,7.324934625206883,0.19757420833304828,6.271456236714143,0.28069394672264336,0.0579279843895517,0.03489149600574216,False,False
D7,primary,257,89,10,10.669833774178018,0.3838126884043307,10.203411309877637,0.42283233935651887,-0.07321359876240427,0.015537466662354088,False,False
D7,primary,258,89,1,1.7546757436263571,0.18529000437546617,1.7982321002525963,0.1799263723632939,-0.13807786805463906,-0.13978111795300954,False,False
D7,primary,258,89,2,4.10181090991062,0.12861839268707564,2.6583747120985155,0.2646922744990833,-0.15878628099062836,-0.09612340765275129,False,False
D7,primary,258,89,5,7.858095381181556,0.16423162353951026,8.85032025251787,0.11518539240230086,-0.04313848870042384,-0.06415556422155719,False,False
D7,primary,258,89,10,14.478369076536222,0.15226827027814416,11.44664885444676,0.32379417220830975,-0.06923779682928496,0.01581366240817232,False,False
D7,primary,259,75,1,0.6476449405773572,0.420955935213549,1.0081753316700737,0.3153403702221462,0.09109789758383399,0.11366006471306254,False,False
D7,primary,259,75,2,1.6103720265362524,0.4470047700073484,1.1262079454302776,0.5694387953538673,-0.11031562532332434,-0.03862659695236337,False,False
D7,primary,259,75,5,3.341527153030103,0.6474901417113212,3.8077191986565913,0.5774184496448589,0.028885164259679862,-0.02423773533358676,False,False
D7,primary,259,75,10,8.120851972755684,0.6170334850219041,5.847114589874108,0.8279402258748931,0.053610490633678426,-0.059534579424535224,False,False
D7,primary,260,57,1,0.998580410600489,0.31765425092545796,0.08759545962394008,0.7672565803579716,-0.12895022400783315,-0.038191909954946396,False,False
D7,primary,260,57,2,2.5873407440359024,0.2742622888168914,0.42961685293919655,0.8066959669695859,-0.1611933441040653,-0.07479017458724173,False,False
D7,primary,260,57,5,4.981105149013083,0.4181904976478047,2.6734590101216553,0.7501746746319997,0.05781845079254777,0.05481720249434851,False,False
D7,primary,260,57,10,6.642192622465852,0.758737016120821,3.7900793660837215,0.9563203516234043,0.0123857846366943,0.021963192596124424,False,False
D7,primary,261,112,1,0.010675111938665039,0.9177086589718866,0.2569297216959478,0.6122373671152236,-0.009633548124485487,0.04726147000145885,False,False
D7,primary,261,112,2,0.9814065866282766,0.612195689610898,1.775493394333417,0.4115821278333647,0.09145015822409427,0.11438034674292095,False,False
D7,primary,261,112,5,4.370549695869355,0.49738794215267235,7.424975626920414,0.19090359609189533,0.03491001387701573,-0.04239915145863874,False,False
D7,primary,261,112,10,5.649289729129772,0.8438177575724239,9.46749213690009,0.4883841562890272,-0.02452307384059112,-0.04511982682225205,False,False
D7,primary,262,100,1,0.9304935806851967,0.3347347012872428,0.562325968515681,0.4533245897256515,-0.0950329480985279,-0.07387739637004612,False,False
D7,primary,262,100,2,1.5719525152590395,0.45567462873512654,0.5623422062623408,0.7548991588194657,0.07850501144752567,0.0003949806613108972,False,False
D7,primary,262,100,5,5.678779959219866,0.3387398816760887,2.909787266239393,0.7138916730932342,-0.1163515020129362,0.018621730764586838,False,False
D7,primary,262,100,10,10.207731447608161,0.42246133928381313,6.393557799394028,0.7811859344959821,-0.06783075164614137,-0.09307124068167055,False,False
D7,primary,263,75,1,1.0131458202975414,0.3141503756146461,0.42106257629416655,0.5164073150329618,0.11393990266918289,0.07345361718836671,False,False
D7,primary,263,75,2,1.0869569151214025,0.5807247087551838,0.652874956869294,0.7214894822903289,0.0305454311336646,-0.054131959627907934,False,False
D7,primary,263,75,5,1.441738790142078,0.9196936304905399,1.4940215289144194,0.913758695695579,-0.05091776447842939,0.005249459459297607,False,False
D7,primary,263,75,10,4.959772156305491,0.8938490110681054,3.549998444446093,0.9653733719970703,0.0777434705191213,0.11421356496631443,False,False
D7,primary,264,96,1,0.0021908938921503937,0.9626670615090861,0.0031583573279130787,0.9551830670997512,0.004703528940879615,-0.0056473379790058864,False,False
D7,primary,264,96,2,0.04654161947802099,0.9769978674070634,0.3683243358956967,0.8318009014433405,-0.02105065613795489,-0.06040326673946417,False,False
D7,primary,264,96,5,0.6010619742721098,0.9879545682055821,2.943647834686348,0.7086734576887853,0.0408815247348355,0.13023675951908328,False,False
D7,primary,264,96,10,2.9628634285311954,0.9822845359510473,7.216521046570653,0.7048581334707519,0.07357924417579352,-0.006745138483056948,False,False
D7,primary,265,100,1,1.8410011014402954,0.17483365735971335,0.4743957436796313,0.4909718412722299,0.13367325874016325,0.06785594503719286,False,False
D7,primary,265,100,2,2.252336192804858,0.3242734633788754,0.5061475823167708,0.7764105874732231,0.06286527685995769,0.017466158276652224,False,False
D7,primary,265,100,5,4.3211929353927605,0.5041574070707378,2.4204087540903636,0.7884310288478591,0.11864871257297395,0.106178994302063,False,False
D7,primary,265,100,10,8.270278695959858,0.6024549355483444,6.487375159957224,0.7727903925342684,0.0528848726363873,0.009868512922292757,False,False
D7,primary,266,86,1,0.018089631300716915,0.8930090297135567,1.131920831671771,0.28736599262943374,-0.014253901679057346,0.11275269405852414,False,False
D7,primary,266,86,2,0.497567996049524,0.7797483823864911,4.111610984043627,0.12798969936369797,-0.07295139299432424,-0.18185893110986698,False,False
D7,primary,266,86,5,6.151275290115009,0.2917762862728073,10.814138397480681,0.05519217623853989,0.03381297233900289,-0.025690278633777125,False,False
D7,primary,266,86,10,9.761253877902751,0.46168320487491665,17.0638875489773,0.07296221084722943,0.16671357075335894,0.2178194305796066,False,False
D7,primary,267,70,1,0.03219477869266207,0.8576008344844925,0.6159579660609632,0.4325533090544085,0.020994329023561107,0.09183004883311213,False,False
D7,primary,267,70,2,2.337831283852112,0.3107036726998613,2.4298819204768907,0.2967275324996703,-0.17637401769317007,-0.15644033099797053,False,False
D7,primary,267,70,5,3.155286000250116,0.6760594144299408,3.848562085655356,0.5714189620964198,-0.07381252265127956,-0.08697275595368231,False,False
D7,primary,267,70,10,8.822997223127915,0.548980272278593,7.757306506224379,0.6525293008431976,-0.18491583127315378,-0.13124136261450528,False,False
D7,primary,268,82,1,0.016777553427648546,0.896939716093671,0.00011745554478684176,0.9913529430032528,-0.014046245523421177,-0.0011752566087288954,False,False
D7,primary,268,82,2,0.03821612491950192,0.9810733393161175,0.040170595036615665,0.9801150683581716,-0.015779612941209026,-0.02156833924401269,False,False
D7,primary,268,82,5,2.8800170172003448,0.7184773054376913,1.959361438007215,0.8547391101668311,-0.06669410108036554,-0.06419718846225123,False,False
D7,primary,268,82,10,8.634366918550986,0.5671188418834785,7.444268791913691,0.6829422281950566,-0.015390337361277392,-0.03901229733542164,False,False
D7,primary,269,85,1,0.19506262330931862,0.6587360228967845,0.8309200150996418,0.3620066319111912,-0.04707145081479542,-0.09715164621449603,False,False
D7,primary,269,85,2,0.40717623604546876,0.8157983146208965,1.169541444514572,0.5572336084307916,-0.048792629955195274,-0.06164916182460798,False,False
D7,primary,269,85,5,7.592875018074055,0.18014651103687618,3.3446897737893653,0.6470069551731892,-0.08640476585431972,-0.09867255256451854,False,False
D7,primary,269,85,10,12.28989806345791,0.26612313823302136,7.522947752086235,0.6753233887594787,-0.12061294350024189,-0.14878597422949028,False,False
D7,primary,270,87,1,0.1319218353445817,0.7164476774671329,0.0375862590768127,0.8462762969026678,0.03827832613624983,0.020431918494733234,False,False
D7,primary,270,87,2,1.533171448416459,0.46459662443197103,0.7842521422081844,0.6756189325665083,0.12402595679251603,0.09053530878568515,False,False
D7,primary,270,87,5,3.426737345440088,0.6345010261817913,6.028440080578541,0.30346140503765684,0.11725525183389446,0.16621953687645735,False,False
D7,primary,270,87,10,6.5551777420940835,0.7666650339954317,6.662809887261105,0.7568479951463798,-0.10100487993020052,0.03752463317975484,False,False
D7,primary,271,76,1,0.02850007296690269,0.8659385046353136,0.002738846974011557,0.9582625667742801,-0.01898888744084755,-0.005886544319329089,False,False
D7,primary,271,76,2,0.16239177056260884,0.9220130649655542,0.4437798233367759,0.8010035406243825,-0.04088260740303333,0.07419954340860396,False,False
D7,primary,271,76,5,2.1852874211441202,0.8229582463468287,2.7081222252263646,0.744875901578779,0.14684755076969971,0.1340562299602394,False,False
D7,primary,271,76,10,8.39865492851777,0.5899577802568342,7.089160870867046,0.7170016678575989,-0.1990484920648066,-0.14493620241889046,False,False
D7,primary,272,83,1,3.721490977472728,0.053716384752263036,4.188731806024713,0.04069352800243542,-0.20797776286053743,-0.22064784713254673,False,True
D7,primary,272,83,2,5.052006856234706,0.07997802031524126,5.377033267875337,0.06798170637220191,0.12359589062164275,0.11680389254621451,False,False
D7,primary,272,83,5,6.027400861445072,0.3035618205751949,6.455009373807253,0.26442614461002634,0.09714287300077723,-0.01563940019055314,False,False
D7,primary,272,83,10,7.916676388603148,0.6369756777670136,7.701605403922204,0.657957609081092,-0.06611006224027703,0.018228977065164707,False,False
D7,primary,273,80,1,6.3362631199751895,0.011829384219769756,3.232837252411687,0.07217554241184099,-0.2762346967613286,-0.19731202189637576,True,False
D7,primary,273,80,2,6.870231673974573,0.032221677553676775,5.378289988656526,0.06793900277866105,-0.07968071500234761,-0.15971836561618802,True,False
D7,primary,273,80,5,8.787385259990915,0.11785112146857535,9.64841460081481,0.08583269680685701,-0.03472002947416184,-0.015075730675535415,False,False
D7,primary,273,80,10,10.684308547218528,0.38263626820095753,12.707898167095891,0.24046517061623052,0.036107848421446036,0.05208109132751875,False,False
D7,primary,274,80,1,0.04845454417131582,0.825774639089073,0.5311590248715078,0.46611998860381754,-0.024156214765960325,-0.07997862039477419,False,False
D7,primary,274,80,2,0.5590506461168914,0.7561425797299857,1.4237700742311272,0.4907183028481251,-0.0779173420219627,-0.1030211778562928,False,False
D7,primary,274,80,5,1.4708767695124758,0.9164059604044155,4.109498391183438,0.5337611047253594,0.028699761555124905,0.15274298325936603,False,False
D7,primary,274,80,10,6.709489923095654,0.7525566618513462,17.394090586615143,0.06608604231920201,0.07294203160003099,0.2890700782504522,False,False
D7,primary,275,70,1,0.0029823226303390777,0.956448657326802,0.09661354269699717,0.7559319973964411,-0.0063897900562518845,0.036368742155466344,False,False
D7,primary,275,70,2,0.5469752872349346,0.7607217360665626,0.5118621025207991,0.7741953467454186,-0.08567139322831777,-0.07485025006057536,False,False
D7,primary,275,70,5,7.292883091183198,0.19975346383467785,4.875579566280357,0.43125272371437906,-0.07871730783711872,-0.10825185179741365,False,False
D7,primary,275,70,10,11.231015109419095,0.33980540469675546,7.947797636548525,0.6339360946955906,-0.060935705288092286,-0.03771224232952232,False,False
D7,primary,276,85,1,0.972577109158575,0.3240382952650708,0.02768224311893586,0.8678580571864294,0.10510722634044618,0.017732550001218712,False,False
D7,primary,276,85,2,0.9802383057296368,0.6125534023431654,0.6537048355029609,0.7211901700399496,0.009272957297339773,0.08382333975537465,False,False
D7,primary,276,85,5,12.876127352617777,0.024567658431958628,12.375921932480196,0.02998449541717063,-0.07640313366130526,-0.08889422425365957,True,True
D7,primary,276,85,10,16.77650471986178,0.0794579744324877,16.002844974947084,0.09955098878076107,-0.08745220158670765,-0.021355186521216596,False,False
D7,primary,277,74,1,0.21391446713836668,0.6437164334231449,0.0561541960364054,0.8126810213509503,-0.05269371917730108,-0.026997893570226954,False,False
D7,primary,277,74,2,0.2575615205641591,0.8791666926757976,0.3646671583873531,0.8333233147271224,0.023638562198351004,-0.06284638479106483,False,False
D7,primary,277,74,5,2.7861810579178736,0.7329091374401261,2.4474581688050785,0.7843863445748325,-0.10682804356719793,-0.1327456928340086,False,False
D7,primary,277,74,10,3.147182240424122,0.9777449561009404,3.4765821294363395,0.9678875404313302,-0.02177785380754975,0.003252361797931022,False,False
D8,primary,0,145,1,2.8766277742276203,0.08987405725731601,1.7450853765296426,0.18649576377878763,-0.13940566171052537,-0.10857926992258181,False,False
D8,primary,0,145,2,4.14987193936966,0.1255644671682099,1.886173854506039,0.3894238549038763,0.09242324179295597,0.030766006287564367,False,False
D8,primary,0,145,5,8.573980591860721,0.12731151134683594,5.0684205693294,0.4075872933869267,-0.07934112271293034,-0.05988899261051619,False,False
D8,primary,0,145,10,21.927401416500242,0.015478746415722,17.24748944974687,0.06906392861132626,0.023213059950813415,0.09521022311271024,True,False
D8,primary,1,194,1,2.343995972681824,0.12576656989210866,2.0690422660328216,0.1503158902428312,-0.10907574411928378,-0.10247889528155484,False,False
D8,primary,1,194,2,2.6013473506750358,0.27234825691517583,2.9345527542288234,0.23055256908253463,0.03604831444753165,0.06610858799292153,False,False
D8,primary,1,194,5,5.862617258365683,0.3198172541651342,5.647554928418872,0.3420370396477359,0.00640780367054635,-0.06431892523873436,False,False
D8,primary,1,194,10,11.542035867507643,0.316874291102892,9.592123861707705,0.4769758307501555,0.010757397754843573,0.06822286679844168,False,False
D8,primary,2,130,1,0.016220422829166747,0.8986559297786547,0.005479716002096057,0.9409904100622299,0.011042497228636072,-0.006418229447949512,False,False
D8,primary,2,130,2,0.499075551302657,0.7791608469648436,1.5573446869156147,0.45901502123366433,-0.06001430309539581,-0.10759034699600557,False,False
D8,primary,2,130,5,5.559486818952832,0.35146701912869416,3.495016197817031,0.6241418744406949,-0.06020301489222434,-0.03701681326168545,False,False
D8,primary,2,130,10,6.279454933602767,0.7912636141403105,3.64932055374055,0.9617834430338101,-0.0435773526443948,-0.023902667443157225,False,False
D8,primary,3,215,1,0.34943267341534845,0.5544344556851015,0.021106016625594998,0.8844905161701454,0.04003497348758502,-0.0098392258102785,False,False
D8,primary,3,215,2,2.328970372681462,0.3120832854217064,1.160368803409065,0.5597951298710462,-0.09506542484205513,-0.07211949228762693,False,False
D8,primary,3,215,5,5.894885002192665,0.3165818335530046,2.3576521629735883,0.7977633945425676,0.0842426208532859,0.03415132375838888,False,False
D8,primary,3,215,10,6.083089270051575,0.8082347789808213,4.860363308620432,0.9003084400367038,-0.007604269880463968,-0.026473390048786904,False,False
D8,primary,4,113,1,1.2613306822791561,0.2613993608246944,0.11108440694898111,0.7389129154908296,-0.10426423222012123,-0.030941931462137418,False,False
D8,primary,4,113,2,1.3042441928562256,0.5209391199144107,0.19249507319952305,0.9082391658056457,-0.019145661199118234,0.02637023511506614,False,False
D8,primary,4,113,5,1.8874774994078263,0.8644853224645639,2.025431540243675,0.8456150268373013,0.04392195936948,-0.03598053498274137,False,False
D8,primary,4,113,10,7.22318990124133,0.7042198225222613,12.671741622292132,0.2426084973277941,-0.028629601881445057,-0.1007619348329201,False,False
D8,primary,5,160,1,0.18291365798027445,0.6688811541749159,0.46097876357614936,0.49716690167766675,0.03349686254129601,0.053176717168220144,False,False
D8,primary,5,160,2,0.1868234306075271,0.9108184252047545,0.46273602323587143,0.7934474144326151,-0.0048818765804747215,0.0032728719539587016,False,False
D8,primary,5,160,5,3.523074863300025,0.6198990202062331,2.879165554605338,0.7186084213363563,0.07992751989909434,-0.02248716466107648,False,False
D8,primary,5,160,10,10.361156866792154,0.40939933363545467,7.476043288979547,0.679867862533804,0.13868239215435,0.13299798645441857,False,False
D8,primary,6,129,1,0.14770808481195366,0.7007352870147685,0.007021341276328891,0.9332206605292317,0.03344849759844226,0.007292635767963055,False,False
D8,primary,6,129,2,2.3409303191638684,0.3102226046812149,1.0118220094452097,0.6029560293552487,-0.12838452466901612,-0.086898306944919,False,False
D8,primary,6,129,5,3.359295861156135,0.6447764623639933,1.8263988419291664,0.8726065651236135,-0.012076073122169689,-0.03150463799480827,False,False
D8,primary,6,129,10,7.09213184125273,0.7167194619503319,6.021113214921407,0.8134862934946447,-0.07426849618690985,-0.1289699470278996,False,False
D8,primary,7,160,1,0.2891751235950895,0.590749615932409,0.0017135040382762058,0.9669814031053927,0.04211739758651546,0.003242079273024327,False,False
D8,primary,7,160,2,0.34456748977242585,0.8417402997749701,0.10242300441609935,0.9500777057483437,0.018375366226319294,-0.024776859926086595,False,False
D8,primary,7,160,5,2.493049693422014,0.7775414354573214,0.794968525673139,0.9773531563350154,0.06922454746074161,0.011043863833676854,False,False
D8,primary,7,160,10,9.932437186728452,0.4464407069417271,6.733707680525986,0.7503226494802885,0.059384940040557006,-0.025515249690567707,False,False
D8,primary,8,168,1,1.1215416517464234,0.2895867384928772,0.24592692867023222,0.6199577678010494,0.0809816903264256,0.03792120917533663,False,False
D8,primary,8,168,2,1.3415368989200767,0.5113155066532384,1.259938939481468,0.5326080614208811,0.03575868928837821,0.07677087527004738,False,False
D8,primary,8,168,5,6.744742874741281,0.24032670504446285,4.0813936754461615,0.5377578271769052,0.11625527330486875,0.08758940644071568,False,False
D8,primary,8,168,10,8.280813782835445,0.6014282169483154,5.509557614061268,0.8546497200472227,-0.030175798522652557,0.06004574540971832,False,False
D8,primary,9,127,1,0.6013304590758339,0.4380708454685869,0.11651832015542855,0.7328417676390085,0.06800567541131851,0.029935441268416445,False,False
D8,primary,9,127,2,0.7436776096887624,0.6894653720451521,0.11838575287988536,0.9425249607653962,0.032955862331741415,0.003774685504734574,False,False
D8,primary,9,127,5,2.075921730531939,0.8385432452832264,1.8363966896288957,0.8712877444357762,-0.010072777387118228,-0.09818667970991952,False,False
D8,primary,9,127,10,6.699546831685856,0.7534723819451301,4.707199714771424,0.9098598720849338,-0.1147404944597526,-0.08658828507130678,False,False
D8,primary,10,137,1,0.24547821901065392,0.6202771546644429,0.015369288736107937,0.9013367040665411,0.0418705101484797,0.010476800045126525,False,False
D8,primary,10,137,2,0.28885399716270505,0.8655180941456381,0.14635650265697703,0.929435142210352,0.01753568922223514,0.03047289063170816,False,False
D8,primary,10,137,5,4.385207380651023,0.4953875953456077,1.4225912197919908,0.9218261770788598,0.1123450311726986,0.025349994552251308,False,False
D8,primary,10,137,10,12.029524085629419,0.2830854236966902,7.529910191743415,0.6746482193648037,0.09370162642564814,0.02625114058744052,False,False
D8,primary,11,132,1,1.6140293322105992,0.20392632586468606,2.302280034183868,0.12918424360695058,-0.10933318368295519,-0.13057960683885303,False,False
D8,primary,11,132,2,1.6406895302359126,0.44027983520718506,2.743207166882674,0.253699804381028,-0.013997935783586822,-0.05692666259916481,False,False
D8,primary,11,132,5,3.5841161752556907,0.6106997452789286,3.078505310127453,0.6878839064288081,0.047885647583680295,-0.03408236670350335,False,False
D8,primary,11,132,10,5.9694432800600135,0.8178239176014555,11.163678967203774,0.3449089691603897,-0.002128070007667072,-0.022418824180102676,False,False
D8,primary,12,147,1,1.2110553273621079,0.27112321768560066,0.17314277119564198,0.6773336987713334,-0.08984762850124639,-0.03397244533014256,False,False
D8,primary,12,147,2,1.2171838696716897,0.5441164813946807,3.4549113503127176,0.177736053418732,0.0063695799602118755,0.14739616220942556,False,False
D8,primary,12,147,5,3.8131936754800337,0.5766127618549396,4.179923852444413,0.5238129804772923,0.023938125369210903,-0.0025524634739255408,False,False
D8,primary,12,147,10,11.526081537306588,0.3180247124485367,13.075768475306774,0.21946632633685392,-0.043795601771720094,0.020185671618149298,False,False
D8,primary,13,103,1,0.11745215857891508,0.7318144276686607,0.23015004807729808,0.6314125924267904,-0.033282606119299056,0.046589962294275436,False,False
D8,primary,13,103,2,4.975428014164828,0.08309971497067326,2.0433362347393005,0.3599939269096655,-0.21299779179097048,-0.13012736207606346,False,False
D8,primary,13,103,5,11.23703032466677,0.046877717140881625,2.564512857445618,0.7667495034667409,-0.1611207037586746,-0.046922819013910926,True,False
D8,primary,13,103,10,18.231283829176476,0.05118530224346918,5.767030590559675,0.834441734355182,0.07543357651732663,0.06213993971692041,False,False
D8,primary,14,76,1,0.6773036998196866,0.41051673441378667,1.4628946221359478,0.22647011712402265,0.09256957252157978,0.13604514751600352,False,False
D8,primary,14,76,2,0.6789215695304005,0.7121542236576256,1.503181732610698,0.47161567813740135,-0.004494004826961753,-0.022425638760303172,False,False
D8,primary,14,76,5,6.234844701382878,0.284033600230692,5.774949131437242,0.3287369097181113,-0.1606737386401919,-0.13293096399565887,False,False
D8,primary,14,76,10,17.21367846100896,0.06976752576752787,12.253812871924412,0.26842887249716796,0.20660004994798525,0.09610094986109097,False,False
D8,primary,15,150,1,0.06072573535226375,0.8053525414600553,0.04561446554305815,0.830878159046777,-0.0199210443337174,-0.01726541437651562,False,False
D8,primary,15,150,2,0.07905910676739979,0.9612415456305924,0.6056437947160088,0.7387306545360023,0.01090899148184116,0.06029326746535618,False,False
D8,primary,15,150,5,8.552350659805683,0.12830766977353425,5.046339824060397,0.41025105058093925,0.14388587847346387,0.11315310124545222,False,False
D8,primary,15,150,10,15.60055763825591,0.11165212652942103,7.551187814145162,0.672583962374764,0.095499923902221,0.04250950771992172,False,False
D8,primary,16,106,1,1.1856957800225216,0.27619949091955565,2.956853569998333,0.08551419918993364,-0.10428371072228636,-0.16468147495826346,False,False
D8,primary,16,106,2,1.54232416577995,0.46247532126054824,3.6078451691693085,0.16465175938934173,-0.05691933443319288,-0.07690233939087572,False,False
D8,primary,16,106,5,5.303744026499748,0.37994600526551314,5.1083493027244335,0.40280082630928726,0.059800380571987756,0.06788074062495446,False,False
D8,primary,16,106,10,11.714206912567613,0.30463884435386945,10.139683783080207,0.42832507235540707,0.17177650715044296,0.08726567872325708,False,False
D8,primary,17,175,1,0.5121975067164253,0.47418911649714435,0.11646231601974016,0.7329035251382378,0.053639867531703134,-0.02557771110725492,False,False
D8,primary,17,175,2,0.7129548007465274,0.7001382941549386,1.1460367076951743,0.5638210563242555,-0.03348521260236028,-0.0758309086543198,False,False
D8,primary,17,175,5,0.8835330863353946,0.9714023144173917,2.2662144009828973,0.811216058735056,0.00807913358814349,0.07052641769188926,False,False
D8,primary,17,175,10,1.9362574033857192,0.9968057451670967,5.2539132626118,0.8735837050898624,0.035158594567096614,-0.04608958148118436,False,False
D8,primary,18,169,1,7.147689747471114e-05,0.9932544442730213,0.6548085346824428,0.41839873093333835,0.0006446085772417319,0.061697902376901134,False,False
D8,primary,18,169,2,0.3133915146049551,0.8549641358473855,1.3993677864525707,0.4967423025825486,0.04255111190520559,0.06559435415006074,False,False
D8,primary,18,169,5,1.8849094895535339,0.8648298176112302,7.105633570444144,0.21290200821450556,0.053424795098814606,0.13289272680500464,False,False
D8,primary,18,169,10,3.820375834523235,0.9550865108358045,10.689701292913577,0.38219852529610954,-0.037252667374870936,-0.08601853658383558,False,False
D8,primary,19,242,1,0.5547242489239609,0.45639376779087115,0.08476306364752029,0.7709435078901238,0.047582198074622,0.018599841689562437,False,False
D8,primary,19,242,2,7.079454054743585,0.029021248007392475,4.999035536850341,0.08212459214791146,-0.16284869799449653,-0.14132944090035127,True,False
D8,primary,19,242,5,10.103856625376237,0.07234543334589805,8.121932258442625,0.14964249483619896,0.05551332075144578,0.022700438463490867,False,False
D8,primary,19,242,10,12.739411123865104,0.23860878113728312,17.094427917419026,0.07230047017046504,-0.02832872364970601,0.026249646615576758,False,False
D8,primary,20,205,1,1.8737665073834275,0.17104431946424814,0.9955414285587556,0.31839176205139796,-0.09490972529891137,-0.0691803331672844,False,False
D8,primary,20,205,2,1.9869332739852887,0.37029079966638934,1.0863999438312688,0.5808864547712345,0.023267266777925098,-0.020848208108135844,False,False
D8,primary,20,205,5,7.929907450598308,0.16014110706607898,4.966476570934824,0.41998513689174244,0.02797253146055189,-0.010231466932313634,False,False
D8,primary,20,205,10,16.029878637058356,0.09878027878700968,10.929375658519815,0.36304673030156787,-0.0131014497036339,0.05970938862946112,False,False
D8,primary,21,170,1,1.1038654833038923,0.2934193546533961,0.25143115554745077,0.6160691548320807,0.07987534463045777,0.038120993784945045,False,False
D8,primary,21,170,2,1.1589694516794222,0.560186942067446,0.3803983379488237,0.8267944457417088,-0.01779333661446952,-0.027221093205490595,False,False
D8,primary,21,170,5,5.607898347259347,0.3462594308039275,0.6776715944218189,0.9841715991142094,0.13527455982508274,-0.004626070341951285,False,False
D8,primary,21,170,10,5.976126489378282,0.8172649874842488,1.2708424271917613,0.9994895384012307,0.012265801704609785,0.00818896309577084,False,False
D8,primary,22,138,1,0.004115150876701628,0.9488512340626779,0.050883062137000126,0.8215337428294296,0.0054019381064395276,-0.01899517688697161,False,False
D8,primary,22,138,2,4.993776065699905,0.08234084232525218,3.6365927023851676,0.16230202117814507,0.18741373231667757,0.1588742277460777,False,False
D8,primary,22,138,5,6.1006352811125115,0.29654949247755946,4.666162448126637,0.4579637788840534,-0.009302924573053015,0.0026052553889598456,False,False
D8,primary,22,138,10,8.061888785184564,0.6227916680300414,6.597254205601602,0.7628405527193317,0.0005436143698118782,-0.05487737814942544,False,False
D8,primary,23,45,1,2.4503012754775293,0.11750231355496477,3.320431181445704,0.06842388123860488,-0.22577762247173389,-0.2628260415648319,False,False
D8,primary,23,45,2,2.8409688632876935,0.24159695133591064,3.9372460171261223,0.1396490193850377,-0.08912155026387254,-0.11198412149824756,False,False
D8,primary,23,45,5,5.790950955636242,0.3270946914430203,5.776266338471997,0.32860148993854277,-0.0024742746679554404,-0.08162174645129273,False,False
D8,primary,23,45,10,21.568455113019517,0.017460503323233012,12.468225057409358,0.25494085015377,-0.1210762848742627,-0.08776449978459731,True,False
D8,primary,24,129,1,0.0009516819655857409,0.9753896890762368,1.311930975284951,0.252045339193552,-0.002684852315166732,-0.09968503711115288,False,False
D8,primary,24,129,2,0.22531351375593364,0.893457280556708,3.0785609795072952,0.214535406331402,0.04106254341353574,0.11522432126882294,False,False
D8,primary,24,129,5,5.478167155295222,0.3603458715671032,5.74952888725844,0.3313587200603596,-0.00996765090940372,-0.026330075653785565,False,False
D8,primary,24,129,10,5.769390343514095,0.834251574553804,6.851198823399996,0.7394140656047784,-0.017710324032893097,0.019793796829086562,False,False
D8,primary,25,160,1,1.2808137663803765,0.2577477840325815,0.1270202205959249,0.7215418061078345,0.08863883858560845,0.027913705671295346,False,False
D8,primary,25,160,2,2.7841766733719444,0.2485556942849525,0.15367121664367198,0.926042074704923,0.09572887610375194,0.012745819599631851,False,False
D8,primary,25,160,5,6.778842971618651,0.23761443152162987,9.289661799878846,0.09805351010834584,-0.07207073732395769,0.0056107705843492246,False,False
D8,primary,25,160,10,11.830094519155852,0.29658861593345853,19.318760879018757,0.03639581810133652,-0.1657907064152704,-0.16347363865666684,False,True
D8,primary,26,147,1,1.2865837838803642,0.25667847152928136,1.158586087690112,0.2817589664945708,0.09260696747243746,0.08787974355164056,False,False
D8,primary,26,147,2,1.4659356583277934,0.480480886766644,2.215337542274825,0.3303281346486415,-0.0344576106564255,-0.08364088639940455,False,False
D8,primary,26,147,5,6.983689812272432,0.22185614636042117,6.595719465078881,0.2524843430090238,-0.18024688240393097,-0.14131821836691136,False,False
D8,primary,26,147,10,8.93177001209659,0.5385909004366918,8.266779479249433,0.602795998355892,0.011936943802149122,0.006395658851189381,False,False
D8,primary,27,108,1,0.051679624156822486,0.820165958093982,0.0035897227774965737,0.9522238943716673,-0.02157462927487945,-0.005686095164066993,False,False
D8,primary,27,108,2,1.606715711307914,0.44782271261740436,0.7428204976581768,0.6897609099004177,-0.11779177014677675,-0.08121471631571313,False,False
D8,primary,27,108,5,11.959450883985372,0.03534764128046075,3.8974638137596536,0.5642712247152455,-0.24963829766204665,-0.1447334784913799,True,False
D8,primary,27,108,10,13.61292720316739,0.19139037486822996,6.1623280312504365,0.8014456807929469,-0.03872597608165775,-0.08075610679959515,False,False
D8,primary,28,111,1,0.10800363863126396,0.742428512952126,0.319689281152724,0.5717944354421636,0.030776187910163174,0.052949232451065344,False,False
D8,primary,28,111,2,0.26094264629684694,0.877681661734601,0.7846796407203147,0.6754745349552795,0.03645622297411119,0.06356740933848233,False,False
D8,primary,28,111,5,0.6737375740122442,0.9843788675834599,5.127750528063734,0.4004892713153363,0.012091776457533628,-0.06379085801896774,False,False
D8,primary,28,111,10,5.928899196807298,0.8212010146798536,11.772573845602798,0.3005656549664706,-0.07951692400830894,-0.04975421772612385,False,False
D8,primary,29,69,1,0.605027061185855,0.4366663772187487,3.453096834624509e-05,0.9953114134136487,0.0916406448551898,0.0006923171902868364,False,False
D8,primary,29,69,2,0.7180472056205036,0.6983578679488018,0.1975533449412522,0.9059450078935041,-0.039315301507989286,-0.051974212316342076,False,False
D8,primary,29,69,5,2.8221946406842133,0.7273751305995492,1.210082214136726,0.9439064632384322,-0.06810139971912015,0.07515414685640115,False,False
D8,primary,29,69,10,5.123526195571781,0.882774960739382,2.923685618397998,0.9831633272559351,-0.10457992850849347,-0.0993932201729508,False,False
D8,primary,30,222,1,1.897154845570931,0.16839712835596543,0.002616028411491934,0.9592082846663463,0.09182205965070125,-0.003409705488256265,False,False
D8,primary,30,222,2,3.9793658505836325,0.13673877497981435,1.6719554142385789,0.4334504865687898,0.09597833524397494,0.08593758875998214,False,False
D8,primary,30,222,5,6.821244604523569,0.2342776352275211,5.2355645140562075,0.3878132807621326,-0.06059644540745159,-0.09493880935974873,False,False
D8,primary,30,222,10,15.941024372996239,0.10133313685674328,10.245118699710945,0.4192578960532878,0.013340438944475154,0.08851201116727676,False,False
D8,primary,31,127,1,2.590726664565547,0.10749100999653904,1.4670086381578702,0.2258182568942787,0.14115600369775919,0.10621965646199027,False,False
D8,primary,31,127,2,3.827137165710062,0.14755289123194149,1.663413266225227,0.4353057448275045,0.09712692365899726,0.03871097853198388,False,False
D8,primary,31,127,5,7.587612247595744,0.18047550383037658,8.748303625897883,0.11953453184760454,-0.05496548763120304,0.025609827102201364,False,False
D8,primary,31,127,10,17.523246662340227,0.06355840607277008,19.002818442863106,0.04022689843961835,-0.11847569382553677,-0.13063059868856722,False,True
D8,primary,32,123,1,4.992426582454095,0.025458483644940744,3.2717229343752097,0.07048356269092759,-0.1990344241270922,-0.16112413998963668,True,False
D8,primary,32,123,2,5.11510307567266,0.07749425008426503,3.2779396828433565,0.19417997545923416,0.031071756112770153,-0.006994662609276479,False,False
D8,primary,32,123,5,8.178782890718793,0.14665390743022866,3.940027356913205,0.5580825216734089,0.06971839583006163,0.027505157498535424,False,False
D8,primary,32,123,10,13.270390912737284,0.20894443826410525,9.201128183555237,0.5131282218446092,-0.1161119359327035,-0.13633270501689276,False,False
D8,primary,33,117,1,2.039023704129732,0.15330801426485263,1.1644774822981545,0.2805388817875033,-0.13033880063298584,-0.09849816290161398,False,False
D8,primary,33,117,2,4.855027167166365,0.0882560011674608,3.5593935744570677,0.16868928826151297,-0.15251027384328425,-0.14064608887370103,False,False
D8,primary,33,117,5,7.29849560321798,0.1993703685406668,6.110853128500569,0.29558141376581104,-0.010804623028723141,-0.016810552131588705,False,False
D8,primary,33,117,10,19.177590724425485,0.038064135203785154,12.395169593814567,0.25947927330867393,0.08305759522099179,-0.040498309035966414,True,False
D8,primary,34,136,1,0.03057567915546701,0.8611904062751132,0.001527102076682385,0.9688280786875753,-0.014830163637532362,0.0033143007929210427,False,False
D8,primary,34,136,2,0.8030502653887859,0.6692984982137271,0.7298260594572242,0.6942570279745705,-0.07426522514314385,-0.07211045666778988,False,False
D8,primary,34,136,5,3.6383041877094144,0.6025714190878418,5.977206414934283,0.30844315656376975,0.03272925898968009,0.07668556901953522,False,False
D8,primary,34,136,10,12.851291946827597,0.23210553102894305,12.554374473734851,0.24966481662443996,-0.16202738123460686,-0.15696076753423652,False,False
D8,primary,35,157,1,0.847641405885339,0.35722042998067705,0.35672917034196183,0.5503284060310021,0.07278133080297738,0.047215351012178476,False,False
D8,primary,35,157,2,0.9288675741870955,0.6284908641013339,0.3653961897172247,0.8330196106807521,0.0224577086880335,0.007335882126449273,False,False
D8,primary,35,157,5,4.730036600521389,0.44970691121069784,2.7431721025110583,0.7395079502114061,0.05827423075067622,0.020400768442007847,False,False
D8,primary,35,157,10,7.636494582354103,0.6642954305643539,5.711773696176929,0.8388695748554309,0.0359890397665513,0.06677323188517621,False,False
D8,primary,36,125,1,0.4666337282621166,0.4945399008717082,0.983488402958133,0.3213390905110035,-0.06037290016472099,-0.08764731112541614,False,False
D8,primary,36,125,2,0.5426571148960622,0.7623659742328965,1.307680941759265,0.5200447201169165,0.024269973095930396,0.05011839982900286,False,False
D8,primary,36,125,5,4.0911257611894785,0.5363721452900939,3.0174841898557196,0.6972901405445822,-0.010709851481757808,-0.08931047559704129,False,False
D8,primary,36,125,10,8.883400775078826,0.5432039527372583,7.056420262723058,0.7201080171638751,-0.11401516351146554,0.069155622658638,False,False
D8,primary,37,167,1,0.16621356726849634,0.6834990907376257,0.06053444060367793,0.8056532207382221,-0.0312669623972881,-0.018869210217213616,False,False
D8,primary,37,167,2,0.6370555732200018,0.7272188707276902,0.13461799074559655,0.9349062749876517,-0.052466003618512606,-0.02081139907214973,False,False
D8,primary,37,167,5,2.200526271392104,0.820759948939433,0.4816879110967192,0.992778469749531,0.04233446041347078,-0.03996990259730347,False,False
D8,primary,37,167,10,8.76909366147799,0.5541487957115018,2.3289560814324948,0.9931408190168346,-0.05894807614462804,-0.06552153142860398,False,False
D8,primary,38,258,1,0.06934686275175632,0.7922901309869863,0.6764064553423853,0.41082690159248825,-0.016299843848003908,-0.050906578269766405,False,False
D8,primary,38,258,2,1.1831177975232965,0.5534638178204021,1.7371263595475368,0.41955393996736023,-0.06519606676303578,-0.06362441685659416,False,False
D8,primary,38,258,5,2.1665082866714784,0.8256586589744364,6.826163519415329,0.2338930966592443,0.05828269609342309,0.12500662092744586,False,False
D8,primary,38,258,10,3.922137596148142,0.9507911283634369,8.4279353792317,0.5871122949964585,0.0026157833459134142,-0.008493193942367182,False,False
D8,primary,39,154,1,0.07566971837109614,0.7832537825403336,0.06099337880703144,0.8049326982945366,0.02195250651004719,0.01970899148990826,False,False
D8,primary,39,154,2,0.8022904898223482,0.6695528048374564,1.5043392022662179,0.4713428166839748,-0.06780364457981805,-0.0955618028141183,False,False
D8,primary,39,154,5,3.773394656759774,0.5824806242815939,5.4314847074501955,0.36551733411862264,-0.052811399074415705,-0.056849181577315396,False,False
D8,primary,39,154,10,8.093244384675513,0.6197293260537234,10.680662458554838,0.3829323986026354,0.01875168101775436,0.007914230439807955,False,False
D8,primary,40,160,1,0.3677598351048347,0.5442278891812833,0.1390976107563185,0.7091797622839814,-0.047496675396026304,-0.029210628317836423,False,False
D8,primary,40,160,2,0.43229157590002476,0.8056178439377508,3.1184537285791976,0.210298597720886,0.019833425775578253,0.13476349118999784,False,False
D8,primary,40,160,5,8.205485719252971,0.14526860907301764,8.88956937619869,0.11355076554853505,-0.1060986943496259,-0.12322886762455854,False,False
D8,primary,40,160,10,11.042016694915088,0.3542538984446094,9.226626742468715,0.51073955505056,-0.048730414755781916,-0.02040243342962289,False,False
D8,primary,41,203,1,0.14094323727538494,0.7073451016683423,0.037750600598369384,0.8459447925157537,-0.026156092011924165,-0.013536695754300825,False,False
D8,primary,41,203,2,1.7117277759420557,0.42491595269846816,7.646074842876577,0.021861297971561666,0.08710265401366907,0.19169800160222,False,True
D8,primary,41,203,5,4.222886589345518,0.5177922816958399,10.782551460977048,0.05586593344897406,0.036787474206747175,0.0676068952365039,False,False
D8,primary,41,203,10,11.971683584058658,0.28695608538934947,12.659000506444325,0.24336719291999065,0.017748434332187694,0.0056851099701241085,False,False
D8,primary,42,205,1,2.0860274846528934,0.14865217288374288,0.363479497028498,0.5465801336671765,0.10014124664367507,0.04180160332034095,False,False
D8,primary,42,205,2,2.5771788316268442,0.27565934969192885,1.4756273821739336,0.47815817504806724,0.048472295315150606,-0.07294023964716669,False,False
D8,primary,42,205,5,4.452979916175991,0.4861991059636701,3.1688254471244477,0.6739763061717787,0.06812551992877196,-0.03918126930703445,False,False
D8,primary,42,205,10,7.767334803307235,0.6515514656730036,9.002586785402011,0.5318580982365223,-0.043620397807713006,0.05662728472151932,False,False
D8,primary,43,169,1,5.135693579741726,0.023438720186947593,5.688313051914715,0.017078264380872787,0.17278768468431735,0.181846513179582,True,True
D8,primary,43,169,2,5.344105450279319,0.0691102153290698,5.729013969125374,0.05701123162176702,0.03470388166675042,0.015336241057509465,False,False
D8,primary,43,169,5,7.227150641132408,0.2042875205548702,9.938141484592007,0.07700707401643547,-0.0960393284145805,-0.1185206089938697,False,False
D8,primary,43,169,10,14.655820796580882,0.14512290342885514,14.936190559691635,0.13440560990551187,-0.012462434982705604,0.04513916178936244,False,False
D8,primary,44,114,1,0.4680211677902536,0.49389893518013606,0.14228204774660472,0.7060228056387777,-0.0632398089752336,-0.034868467081659874,False,False
D8,primary,44,114,2,0.5168678064029664,0.7722600732807685,0.21243125251519943,0.8992307294127956,-0.02033971824486979,-0.024374682485224102,False,False
D8,primary,44,114,5,3.5606217199672616,0.6142352993173203,2.6021361262248655,0.7610406827846783,-0.019228955942291653,0.022434669847037514,False,False
D8,primary,44,114,10,7.540424780620083,0.6736283096059876,4.3165389010256705,0.9319396596974644,0.033877079797910284,0.007480880673475891,False,False
D8,primary,45,211,1,0.2108873535731323,0.6460727927078732,0.37355240616700375,0.5410742414526345,0.03139090860300668,0.0417786485226329,False,False
D8,primary,45,211,2,0.5681234443228281,0.7527201837556944,0.4376188720594023,0.8034748169167559,0.04075864876489062,0.017260663957337233,False,False
D8,primary,45,211,5,1.4551112687885406,0.9181911049207728,1.2817172111790078,0.9368016725502695,0.004152377357930319,-0.0541030713868085,False,False
D8,primary,45,211,10,17.492719273053034,0.06414787882334749,13.080570743230453,0.21920185136093884,-0.17108887096893566,-0.102152489532487,False,False
D8,primary,46,187,1,0.003797882847379129,0.9508599025775716,0.5763450393930016,0.44774852544711286,0.004470700212332501,-0.0550739272452578,False,False
D8,primary,46,187,2,0.003811035006785342,0.9980962968424796,1.2049647734531241,0.5474509629304374,-0.0002623811860081753,0.05736251233992815,False,False
D8,primary,46,187,5,4.243139806802404,0.5149669485151811,5.04213929226182,0.4107591444269971,-0.08066014432318684,-0.0024109482352420806,False,False
D8,primary,46,187,10,6.084027595034738,0.8081548701337378,5.820759163460989,0.8300906859769362,0.018487290626270157,0.005301724459069686,False,False
D8,primary,47,145,1,0.14757401713102952,0.7008645787500698,0.14068900144798682,0.7075970101840424,-0.03157501221729115,0.030829654033738746,False,False
D8,primary,47,145,2,4.5037725053859266,0.10520060237540596,0.7709477836195359,0.6801282526146435,0.17095396587403994,0.06502566513663445,False,False
D8,primary,47,145,5,6.30709792469671,0.27747325095739717,1.7366118379026148,0.8842553903299873,0.001742031717477566,0.01576303328983478,False,False
D8,primary,47,145,10,19.138762775002665,0.038535174057251376,9.25201415468694,0.5083653189879112,0.12217124405164093,0.04659180140628475,True,False
D8,primary,48,88,1,0.3480886981310322,0.55519707082407,0.18418356037558578,0.667802335336465,-0.06183608661823249,-0.04498031240582654,False,False
D8,primary,48,88,2,0.7077703997055844,0.701955547330176,0.30290126003081375,0.8594603127679217,0.06249507691258193,0.03590412698618505,False,False
D8,primary,48,88,5,8.026930587123264,0.1547576621609683,3.9680421495237934,0.5540262404893647,-0.18651876618042393,-0.144069719718661,False,False
D8,primary,48,88,10,19.124519323203643,0.038709306674656885,11.288141319783346,0.3355142347598772,0.15318760501100295,0.14910026519941671,True,False
D8,primary,49,152,1,0.14410279684102698,0.7042358707431776,0.050309318649723794,0.8225259078414796,-0.030488953942367218,-0.018014845301444444,False,False
D8,primary,49,152,2,0.4072597038269211,0.8157642688936149,0.9582794063686252,0.6193159582374679,0.04106490871719191,-0.0762779909398602,False,False
D8,primary,49,152,5,2.512216990342316,0.7746540546244818,1.9571809204415378,0.8550375964911116,-0.11333201810362539,-0.07603040661863006,False,False
D8,primary,49,152,10,7.0546485030214505,0.7202759259495773,9.090665391902402,0.523521296164323,0.11275894784732957,0.03201529395611319,False,False
D8,primary,50,103,1,0.20270562837020084,0.6525457473499146,6.328176763034817e-05,0.9936529081684853,-0.04372398410818891,0.0007725491603211111,False,False
D8,primary,50,103,2,11.669548947885993,0.002924082642623116,5.437621841984864,0.06595313130293456,-0.32724224560903376,-0.2253457639327109,True,False
D8,primary,50,103,5,12.70465013260302,0.026309450435773707,8.332227138619322,0.13885150146659087,-0.035315442124191035,0.10007258616134485,True,False
D8,primary,50,103,10,27.10676871807583,0.0025049312417533276,18.380276975042598,0.04887783582783933,0.10383213067351255,0.14777752543701414,True,True
D8,primary,51,185,1,2.3727704475863742,0.12346776125064185,0.6607918887693054,0.4162805159187729,0.11233888430629402,0.05928360373922663,False,False
D8,primary,51,185,2,2.8320380985412377,0.24267818637114624,1.4790950080958052,0.4773298564890195,-0.049289204123712634,-0.06579243812982759,False,False
D8,primary,51,185,5,4.289481638221124,0.5085338414565189,4.535639246921338,0.4751292369503959,0.08107101875692778,0.12408693729994907,False,False
D8,primary,51,185,10,7.796481247042929,0.6487086555239017,14.535468770774823,0.14993783135568373,0.006989123063127926,-0.004135101180705774,False,False
D8,primary,52,100,1,0.009283472315347978,0.9232419840676978,0.03116883695848085,0.8598642417538764,0.009492327961019568,-0.017393132684971387,False,False
D8,primary,52,100,2,3.6649604660168937,0.16001619773821885,3.3205815075123564,0.19008370451504175,-0.18741176888326952,-0.17777559155401615,False,False
D8,primary,52,100,5,5.262738886427461,0.3846637700033675,3.6483992150740154,0.60106132504977,0.06102141026731334,0.047923663546372244,False,False
D8,primary,52,100,10,10.082604814642295,0.43327623710453766,6.767978235018114,0.7471526198134405,-0.09187122277247001,-0.07975263075177406,False,False
D8,primary,53,104,1,0.0020537721848784673,0.9638533912183892,0.37340823550387636,0.5411523238037288,0.0043805147188391924,-0.05906646174301618,False,False
D8,primary,53,104,2,0.02428189558510152,0.9879324561493145,0.5353165413963682,0.7651692171724924,0.014341080815259852,-0.03870481962886663,False,False
D8,primary,53,104,5,2.7966836180521417,0.7312959960516554,3.9825332601628416,0.5519334764167361,-0.1309382907618142,-0.0532428340919243,False,False
D8,primary,53,104,10,6.435157295059527,0.7774750546390882,10.159965552846707,0.42657291881462933,-0.0024379192641504907,-0.013720373107705415,False,False
D8,primary,54,143,1,0.2902858050257619,0.5900374379085338,1.8219712930920409,0.17707880741842486,0.044586671455232776,0.11170250622627174,False,False
D8,primary,54,143,2,7.538784518304981,0.023066077225694648,7.8364167820229556,0.019876674090677726,0.22201461755071664,0.20223454069393523,True,True
D8,primary,54,143,5,7.931061794056613,0.16007609550496127,7.91130466507745,0.16119202090917872,-0.020134178465599634,0.010646880989081543,False,False
D8,primary,54,143,10,11.726354917761839,0.3037879627016953,10.123479841669504,0.4297276383248978,-0.0373583794680876,-0.025508469817481665,False,False
D8,primary,55,131,1,0.6156592343293068,0.4326649304411392,0.18594384347440468,0.6663141833670199,0.06777669801167403,0.03724784141920762,False,False
D8,primary,55,131,2,0.6177730733321317,0.7342640773502148,0.1895089414977369,0.909596239536672,0.003956118941586035,-0.005137704532545152,False,False
D8,primary,55,131,5,1.0192513673485157,0.9609981193269643,4.651888848387339,0.4598218839789905,0.0014585554709523614,-0.10137429904652023,False,False
D8,primary,55,131,10,5.506122411926967,0.8549118424040942,14.764626420084788,0.1408816918987681,0.06344803640936415,-0.02153607296288461,False,False
D8,primary,56,150,1,0.3027062741877023,0.5821907830989568,0.3565037087315966,0.55045442726318,-0.04447709584717263,-0.048267825814056885,False,False
D8,primary,56,150,2,2.158849509308892,0.3397909325885161,1.2823348811729585,0.5266772006545295,0.10976633851087916,0.07752277919937342,False,False
D8,primary,56,150,5,4.502589098885142,0.4795371003084229,6.591740584009631,0.2528158069121835,-0.04328480812359167,-0.08039059349108657,False,False
D8,primary,56,150,10,11.53962527354661,0.31704793182684243,8.096583178760325,0.6194032723637282,0.14834788146595024,0.053933647522340866,False,False
D8,primary,57,99,1,4.394840989536488,0.036047821061626406,2.7751165880618727,0.09573968488376461,0.2075421621559456,0.1649207762813748,True,False
D8,primary,57,99,2,5.363947591782931,0.06842795795104983,2.93654934261642,0.23032252463657665,-0.09696016795162544,-0.03957340425856199,False,False
D8,primary,57,99,5,12.122597631140062,0.03314598214851672,9.918194206431979,0.07758663965989698,-0.06478461118875424,-0.06547644534207372,True,False
D8,primary,57,99,10,14.736940649120658,0.14195090503560648,14.781837524305477,0.14022041522383855,0.029871896058070595,-0.029786515248927652,False,False
D8,primary,58,173,1,1.8354889099178695,0.17548059622902057,2.5683498475693662,0.10902140245521774,-0.10211699585511275,-0.12079507782529274,False,False
D8,primary,58,173,2,2.068573754476449,0.35547979128838203,2.570422679198317,0.27659212258630617,0.03628381946174066,-0.003421668980831823,False,False
D8,primary,58,173,5,2.695265605442204,0.746842446373651,9.387556075309101,0.09456906829646405,0.04759347715820805,0.1881765918014034,False,False
D8,primary,58,173,10,9.810849965282255,0.45724200216643474,12.113891885655512,0.277506474135337,-0.0944601875689529,-0.09546621273598602,False,False
D8,primary,59,185,1,1.9094405906142657,0.16702541199542875,0.2506443848653043,0.616621711340736,-0.10077558300008888,-0.036511631020074826,False,False
D8,primary,59,185,2,1.966192357534384,0.3741508656675826,0.26888598374616096,0.8742027141153315,0.01732640936613269,-0.009823139876838832,False,False
D8,primary,59,185,5,5.122546935044819,0.40110834155908526,1.1740726694699022,0.9473404256969056,-0.12359358507226209,-0.0579284708905021,False,False
D8,primary,59,185,10,10.033880179018622,0.4375259044117732,2.948930963046966,0.9826004435598664,-0.05774283678871591,-0.010413171508950384,False,False
D8,primary,60,144,1,0.05239373407490412,0.818949146413647,0.6392278013701573,0.42399055984880374,-0.018877740878630367,0.06593836471438183,False,False
D8,primary,60,144,2,2.8460166018104864,0.24098796104599152,3.1838660713093807,0.20353179700740898,0.1373631959573503,0.1310990442204594,False,False
D8,primary,60,144,5,4.2173203994298385,0.5185702244106241,4.565401709927518,0.4711808871035149,0.05560809350609054,0.01448580004342391,False,False
D8,primary,60,144,10,11.598002006316642,0.3128609842202934,7.50001410081167,0.6775462698747852,-0.12204503216444522,-0.007739985263889134,False,False
D8,primary,61,119,1,0.07034583811517452,0.7908339044124629,0.6339358157093498,0.42591529550589036,0.024010104040172415,0.0720771294855852,False,False
D8,primary,61,119,2,0.492182071061511,0.781851045460701,0.6380523638316824,0.7268565185610111,-0.0585461990606954,-0.005783534936383347,False,False
D8,primary,61,119,5,2.4905184760991013,0.7779223256502535,1.2856847958939048,0.9363977867565803,0.1066310218861272,0.05953236200656952,False,False
D8,primary,61,119,10,6.6792119956143345,0.7553423831765811,5.668575047707922,0.8422972747771623,-0.010293708069587945,0.035760895306764205,False,False
D8,primary,62,113,1,0.8850500192163857,0.34682224029974373,0.27671547349051945,0.5988621375971891,0.08733830865047128,0.04883571964209976,False,False
D8,primary,62,113,2,2.5933316727222695,0.273441975133631,2.2125718029141983,0.330785251404206,-0.12079614808113368,-0.12859080315819715,False,False
D8,primary,62,113,5,4.591140900813856,0.4677824713722718,2.6701571784043874,0.7506788432868272,-0.07753638428362065,-0.020895012167810333,False,False
D8,primary,62,113,10,10.313087411120407,0.4134677743562596,4.748136190522915,0.9073552901171117,0.05741747127332885,-0.0062751133296495105,False,False
D8,primary,63,195,1,0.6950036682992426,0.40446764422265824,0.06244725256306253,0.8026689499391614,0.059243948347949965,0.01775853412375298,False,False
D8,primary,63,195,2,0.7751541312184506,0.6786993278587461,0.7955853819490197,0.6718012836964408,-0.02006694467210786,-0.06069055922854803,False,False
D8,primary,63,195,5,7.598936181407705,0.17976825642081906,4.773445306683055,0.4441502202624319,-0.0029279136995372596,0.05700165016888814,False,False
D8,primary,63,195,10,11.621562170315643,0.31118186644811896,7.790318161246088,0.6493098701091189,0.021171445099590413,0.0532684500723159,False,False
D8,primary,64,130,1,0.010727566219864917,0.9175074494609329,1.1783240001411739,0.2776974600814054,-0.008980216674054726,0.09411710828001114,False,False
D8,primary,64,130,2,3.5066656176949165,0.17319575214999028,7.269734663676921,0.026387434927693465,0.16148351987274087,0.21315978949731984,False,True
D8,primary,64,130,5,7.219442014515884,0.20482498552224193,10.079874447321227,0.07300341682836631,-0.10513939531421598,-0.04092375457627213,False,False
D8,primary,64,130,10,16.293652096438212,0.09152918887011785,15.405324678541412,0.11796833303063481,-0.0711718056136915,-0.09818067380409552,False,False
D8,primary,65,129,1,0.0039583895490550415,0.9498336059723935,0.3870085040236118,0.5338760652945097,0.005475625628273891,-0.054142055030336644,False,False
D8,primary,65,129,2,0.041416923797350624,0.9795044858253114,0.6380805066056419,0.7268462907536195,-0.01677825332312742,-0.04343806799461355,False,False
D8,primary,65,129,5,2.7542764757139317,0.73780539463752,3.23428101492561,0.6639172605909174,0.018926999290845632,-0.026219017084376784,False,False
D8,primary,65,129,10,6.2211726616552205,0.7963515198479444,7.143468140893257,0.7118348254505539,0.015961370943634104,0.004414867102039825,False,False
D8,primary,66,130,1,2.3144719779227754,0.1281748189873757,1.4660867899591221,0.22596412643085662,0.13190527901201546,0.10498229285279381,False,False
D8,primary,66,130,2,2.4097980751277244,0.2997222586751018,1.7307453513749649,0.4208946661861772,0.026665654601533653,0.044431330336331024,False,False
D8,primary,66,130,5,4.851078737980256,0.4343239461813364,5.0488484317289775,0.40994781716663,0.020688857652946733,0.0026609115343623913,False,False
D8,primary,66,130,10,7.569587007175849,0.6707979022833868,7.943058856238945,0.6343989516010957,-0.0919452778217883,-0.05619943520481598,False,False
D8,primary,67,161,1,0.013046480164326042,0.9090624549263635,1.3586965652856335,0.24376350596638396,-0.008918666619521868,-0.09101531780283698,False,False
D8,primary,67,161,2,0.19650637502422652,0.9064193806310397,1.818440776421149,0.40283815902203024,-0.033339754080927764,-0.052777638816402864,False,False
D8,primary,67,161,5,2.6958354275438237,0.7467553163252283,5.778063934846918,0.32841675131725534,-0.010264116595359146,-0.01970992792353223,False,False
D8,primary,67,161,10,6.891765282803903,0.7356219474573266,7.698524779948055,0.6582576684249952,-0.05023721447016097,-0.07180866473955244,False,False
D8,primary,68,144,1,0.004716722146711992,0.945245614683256,0.141596633703873,0.7066988734895083,-0.00566409451335283,0.03103393235114293,False,False
D8,primary,68,144,2,0.1017341896599437,0.9504049758738387,0.17781619198227172,0.914929655413825,0.025598320081687276,0.01564076795794077,False,False
D8,primary,68,144,5,12.49026642268024,0.028653757464786267,9.141133857234855,0.10356549782959046,0.24398878097493487,0.1675095732871155,True,False
D8,primary,68,144,10,14.292105509123024,0.16007985262180413,11.719893098797398,0.30424036308679514,0.07891418974439746,0.08902358440828219,False,False
D8,primary,69,109,1,2.3407409753600974,0.1260295932742277,1.4811723634246836,0.22359118522678534,-0.14454857618978234,-0.1149846690190455,False,False
D8,primary,69,109,2,3.8089825479053605,0.1488983718379523,1.667161164577887,0.4344907678367589,-0.11395041438618655,-0.04055650741487851,False,False
D8,primary,69,109,5,7.999315724929891,0.1562733433509429,2.963499404624583,0.7056133001725473,-0.06812159546086964,0.08171022026894466,False,False
D8,primary,69,109,10,9.652527507718032,0.4714885360405824,4.012161235285117,0.9467966999625835,0.03697709447317894,0.04347805646950622,False,False
D8,primary,70,192,1,0.1721552333929573,0.6782034438973463,0.03171987805527269,0.8586438510402348,0.029711550701962765,0.012753546172923331,False,False
D8,primary,70,192,2,0.2592436738769926,0.8784275569719548,0.4458358190770074,0.800180533787781,-0.021076843846771803,-0.0459606641149854,False,False
D8,primary,70,192,5,4.062724731048238,0.5404209599332626,6.730488820495224,0.2414680897695728,0.13394169631951844,0.0569230328452574,False,False
D8,primary,70,192,10,7.110154396043019,0.7150063958596418,8.514273099625166,0.5787347815582438,0.00018263207609428797,0.008340311004839757,False,False
D8,primary,71,140,1,0.30626968051250103,0.5799783308454101,0.8313265099518825,0.3618892351057007,0.046275509899520784,0.07624037521578607,False,False
D8,primary,71,140,2,0.9278759824393991,0.6288025445370591,1.0592082462617158,0.5888380308996426,-0.06568845654477662,-0.039772795123418546,False,False
D8,primary,71,140,5,1.4116805363156677,0.923031296054717,1.886491493712759,0.8646176247204769,-0.03965397468197332,-0.04033752517124853,False,False
D8,primary,71,140,10,9.692958058186855,0.4678314385329606,7.323081753325268,0.6946324178807328,0.06717482296171078,0.11900069432865719,False,False
D8,primary,72,140,1,1.2059464580075079,0.2721364039569357,0.08966094579166306,0.7646086360772141,-0.09182548338859685,0.025038071077295238,False,False
D8,primary,72,140,2,4.361807868832075,0.11293939467952208,3.0796825426100045,0.21441513256022682,-0.1480097464525876,-0.14406832794457997,False,False
D8,primary,72,140,5,5.802653439637804,0.32589770282932307,4.844143783864011,0.4351958702118517,0.03244487788387434,0.03154891101349002,False,False
D8,primary,72,140,10,11.08659621360582,0.35081129630102503,10.339345237904997,0.4112426579266526,-0.09410064469644497,-0.058660141895638514,False,False
D8,primary,73,135,1,0.009154570526620592,0.9237751070224093,0.0134858340694047,0.9075506829210683,0.00814412102370984,0.009884714662439117,False,False
D8,primary,73,135,2,0.02195924265553111,0.989080434715985,0.01713871562743681,0.9914672544770379,0.00959583748054153,-0.005125266447913952,False,False
D8,primary,73,135,5,1.9419847797180079,0.8571129246499289,2.755055772019424,0.7376858784502613,-0.10281902177638853,-0.11959426277186917,False,False
D8,primary,73,135,10,9.482932125939765,0.4869646896275568,15.544927461180798,0.11342155880951288,0.14633465330451795,0.13232536928508917,False,False
D8,primary,74,206,1,0.11346453040021384,0.7362337747073571,0.008562840192819412,0.9262724952791213,0.023299237742251466,0.006400598307151185,False,False
D8,primary,74,206,2,2.4375592823382757,0.29559067359436497,0.08571193376775191,0.9580493709661837,0.10519054883191138,-0.01916528226941009,False,False
D8,primary,74,206,5,4.908864236847949,0.42710357213884964,3.817918271140789,0.575917813210793,0.011497258100872891,-0.06291903283976777,False,False
D8,primary,74,206,10,10.680567856461748,0.38294008386113376,14.52116064044257,0.1505189961332375,0.106695492344216,0.1648273753730167,False,False
D8,primary,75,149,1,0.046992630314580223,0.8283814853180678,0.011570172692376545,0.9143409702726952,-0.017581832046336895,-0.008724070578651764,False,False
D8,primary,75,149,2,0.8254512753452812,0.6618438429371791,0.3792860660305885,0.8272543837459616,-0.0713172900885359,-0.049015480020997836,False,False
D8,primary,75,149,5,3.3313194637538377,0.6490502064008098,2.561151701447779,0.7672586534746835,0.12244592508716091,0.10545861503955513,False,False
D8,primary,75,149,10,10.019957018512638,0.4387441329075151,6.510169731107334,0.7707363744810963,0.11413015127838884,0.075149122875972,False,False
D8,primary,76,149,1,1.8427139379760742,0.17463318997298727,0.6675823634959304,0.41389577705354064,0.11009769082692665,0.0662676663911868,False,False
D8,primary,76,149,2,2.2099238097841916,0.3312234999966148,0.9747458245722265,0.6142379333583143,0.04898174279686972,0.044798331153782796,False,False
D8,primary,76,149,5,3.736873979048029,0.5878862562362979,2.770999798254083,0.7352397461963542,-0.047697363358482896,-0.09411308619083125,False,False
D8,primary,76,149,10,8.439173403584482,0.58602073363286,8.223958210252233,0.6069712016355542,-0.0019742516360623926,0.055457880543849376,False,False
D8,primary,77,129,1,0.027819380520167688,0.8675341635165603,0.718722545595461,0.3965632572737914,-0.014516041773168342,0.07378279723548516,False,False
D8,primary,77,129,2,0.09614303150803881,0.9530656254333852,1.5807549370355125,0.4536735154885878,-0.02265984267498367,-0.08048837326125803,False,False
D8,primary,77,129,5,1.5267873185861272,0.9099580173147489,2.2684290504920526,0.8108924495355562,0.057063811880488036,2.873843667698655e-05,False,False
D8,primary,77,129,10,3.8954972170929016,0.9519381509085737,2.8573431951184856,0.9845846330298523,0.05498404508929286,-0.033386883620832204,False,False
D8,primary,78,177,1,0.5924726149366409,0.4414645635526512,1.5474255367213374,0.2135159041380218,0.05736900609639526,0.09271458635353949,False,False
D8,primary,78,177,2,0.6414550357937346,0.7256209427757458,1.5795451849209436,0.4539480147465762,-0.016448488608820064,0.01331960254109567,False,False
D8,primary,78,177,5,1.6095390361828399,0.9000933909437507,2.1893615493099383,0.8223711332624053,-0.00845772188651216,-0.04298977526397418,False,False
D8,primary,78,177,10,3.364076089086658,0.9715132709261536,3.226921231955384,0.9755681147945526,-0.0752185533787026,-0.007391552526777693,False,False
D8,primary,79,138,1,0.08732015848822156,0.7676120706071323,0.11168366724654052,0.7382353866586192,-0.024883644042475513,0.028141779478456606,False,False
D8,primary,79,138,2,0.9416823687668445,0.6244767471960714,1.9541709646380419,0.37640654525839934,0.07755091181466774,0.11388542434446222,False,False
D8,primary,79,138,5,12.491861345351138,0.028635601157099178,9.96645524810578,0.07619132058093314,0.006095169507671548,0.0391557787702757,True,False
D8,primary,79,138,10,28.920015074599906,0.0012837385984248995,22.026980684873354,0.014967739587701367,0.144262910630997,0.0492346154151455,True,True
D8,primary,80,143,1,0.09946601458303628,0.7524713807900363,0.09863223657120568,0.7534772186180438,-0.02609933914442657,0.02598971953930847,False,False
D8,primary,80,143,2,0.10096658647511128,0.9507698128250422,2.515346657544099,0.2843147645239249,-0.003194375307344974,0.12819473923470856,False,False
D8,primary,80,143,5,0.5969447920291355,0.9881426994086779,3.1484221573802396,0.6771157180127183,0.003573097499267662,0.045711385738021894,False,False
D8,primary,80,143,10,3.6682255421937575,0.9610753913621284,5.732293315345881,0.837230928467613,-0.032289389316317,0.0012297290666637192,False,False
D8,primary,81,121,1,0.0015171576461688436,0.96892968815705,0.6014421479510403,0.4380283097434613,-0.00349752427332279,0.06963736216168195,False,False
D8,primary,81,121,2,0.13031464023009548,0.9369200554116804,0.6071887018731339,0.7381602397361522,0.03209090221026673,-0.00677847475453929,False,False
D8,primary,81,121,5,1.0199137689880071,0.9609436509710285,0.6570822049486005,0.9852408203521232,0.0006077030170730817,-0.018495784982930818,False,False
D8,primary,81,121,10,7.365591890158883,0.6905385220332809,4.916948656725463,0.8966563734239276,-0.07800525676182811,0.007403225204465054,False,False
D8,primary,82,91,1,0.11480955311522797,0.7347335929804679,0.1112736337234003,0.7386987551468935,0.034942027206734054,0.03439974470704636,False,False
D8,primary,82,91,2,0.17846450872532896,0.9146331213712556,1.4361966326653184,0.4876787854789739,-0.025873128335338672,-0.1180397150293701,False,False
D8,primary,82,91,5,3.10278430962765,0.6841430884503821,2.2744692471271786,0.8100092571308154,-0.15068457180137637,0.08444442170156315,False,False
D8,primary,82,91,10,12.478588846293084,0.254301804608286,7.8238732095511665,0.6460359804724405,-0.03812232560757637,-0.0021253961057066013,False,False
D8,primary,83,96,1,0.21558205657736584,0.6424269869200513,0.8651901405758496,0.35229033179662494,-0.04665728393761858,-0.09346928685119658,False,False
D8,primary,83,96,2,0.5494394898587602,0.759785026996291,1.4994191626800422,0.47250375672461475,-0.057755825758632785,-0.07960462999796224,False,False
D8,primary,83,96,5,3.784122385566554,0.5808965588274844,2.85361480864685,0.7225417884882877,0.08114280452406267,0.10554004309464213,False,False
D8,primary,83,96,10,6.431851334865074,0.7777706577897072,4.014535409936359,0.9466888819442708,0.027578708794907557,-0.03166236910001084,False,False
D8,primary,84,145,1,0.025639240947278485,0.8727845136061451,0.00025536241784594266,0.987250296977554,0.013161068799494214,-0.0013134606564621288,False,False
D8,primary,84,145,2,0.6209647237005554,0.7330932547063216,0.7247771527763152,0.6960118615137267,-0.06319789116348754,0.06971898824662347,False,False
D8,primary,84,145,5,2.420737201802582,0.7883819932382039,2.3176757301816266,0.8036673263649141,0.04567268980827517,-0.004396872602867649,False,False
D8,primary,84,145,10,9.437516150845404,0.49114482273574256,12.755592780829913,0.23765975693385877,-0.07458582778169995,0.030856577916296056,False,False
D8,primary,85,123,1,7.296845314187699,0.006907578741119469,3.089681479803752,0.07879022971243432,-0.24062454352860843,-0.15657744711622631,True,False
D8,primary,85,123,2,7.897544469973056,0.01927835654284804,3.704868511486565,0.15685487632304862,0.06875647983063862,0.0695806864304881,True,False
D8,primary,85,123,5,9.43732309068921,0.09284162872107571,5.0039420690453875,0.4153992805682062,-0.0018131936455073685,0.056187700230757726,False,False
D8,primary,85,123,10,28.717984721219317,0.0013839454716062516,22.68022622958204,0.011990486062962047,-0.07623554197383468,-0.13878014764786945,True,True
D8,primary,86,111,1,0.1025550743510869,0.7487847261817875,0.04363537857000197,0.8345334633910436,0.029989844116120195,-0.019562078868514816,False,False
D8,primary,86,111,2,0.6343349473809101,0.7282087890996043,3.207689810717782,0.20112173542798406,0.06797958137584387,0.1658190836925335,False,False
D8,primary,86,111,5,1.5598766433391156,0.9060583513944669,4.283073932783152,0.509420708223703,0.02715451999917786,0.06951222015190224,False,False
D8,primary,86,111,10,7.922715719228249,0.6363858551064634,9.879558750367956,0.4511228922804684,-0.03536593070778026,-0.0408150933508358,False,False
D8,primary,87,118,1,0.0008795479720374122,0.976340467049661,0.0021799849855925852,0.9627600539561099,0.0026958211112513473,-0.0042441239148597555,False,False
D8,primary,87,118,2,0.6918319618757091,0.7075719341394314,0.004897964923613076,0.9975540138492723,-0.07523526190340635,-0.004718679618851612,False,False
D8,primary,87,118,5,2.411480125622445,0.7897632856843951,1.2601425725821433,0.9389790408120975,0.030993777096306643,0.012890619478948463,False,False
D8,primary,87,118,10,8.486142905594512,0.5814620772394623,6.3943536744358545,0.7811151183447669,0.003418016039204764,0.042861061084362086,False,False
D8,primary,88,153,1,0.04436742008742828,0.8331715119579021,0.17677742840096564,0.6741574207320997,-0.016863290336265158,-0.03366073814882672,False,False
D8,primary,88,153,2,0.11253907475866803,0.9452843120934625,0.22329562404559333,0.8943591845924491,-0.02083429584656483,-0.017210295991120943,False,False
D8,primary,88,153,5,2.2279473350536447,0.8167890388061908,2.6433459394089116,0.7547688416122367,0.03266426736111221,0.005895323065629666,False,False
D8,primary,88,153,10,5.567277640739094,0.8502151541260154,8.431370643253816,0.5867785907076876,0.03246184875077441,0.016125530078385297,False,False
D8,primary,89,91,1,0.05890001886367551,0.8082430284634906,0.10672971112995312,0.7438984803574299,0.025027461456965397,0.03369005742765081,False,False
D8,primary,89,91,2,0.5700402772160049,0.7519991099515964,1.3521722583245173,0.5086037111822237,0.07331669458261562,0.11444443566662957,False,False
D8,primary,89,91,5,1.6561950179611018,0.8943715662753331,1.960791574114505,0.8545432480246098,-0.0817248989341751,-0.007251651141811622,False,False
D8,primary,89,91,10,3.755568026986339,0.9577007647701861,3.491191159522589,0.9673966323245862,0.054179284384874626,0.04691124509980661,False,False
D8,primary,90,149,1,0.10270459828808737,0.7486078382450017,0.13076299958298684,0.717642242955493,-0.025992269059761087,0.02932862394503936,False,False
D8,primary,90,149,2,1.238539097221784,0.5383375234039385,1.6655755510897996,0.434835371631781,-0.08614589497112798,-0.10013934135530873,False,False
D8,primary,90,149,5,8.732990800184457,0.12020003863029916,10.93276267514851,0.05272951979357876,0.09272563994689428,0.16682008315459337,False,False
D8,primary,90,149,10,10.359627831781753,0.40952840514957256,14.947063215198998,0.13400378858160655,-0.020456444950733742,-0.014811641108634194,False,False
D8,primary,91,116,1,0.24370168712456133,0.6215452519687568,0.3455204830538502,0.5566598956576112,-0.04524891706836175,-0.053878540286363574,False,False
D8,primary,91,116,2,2.681782960620499,0.26161234234078945,0.937316876848022,0.6258413099979565,-0.14249726103434188,-0.07020508744025487,False,False
D8,primary,91,116,5,22.521310466705238,0.00041662945140585883,6.846871245547918,0.23228006429277492,-0.35566148882613996,-0.1681297614966148,True,False
D8,primary,91,116,10,26.32002392310654,0.003332795339740957,15.030924287435596,0.13093847352408616,0.10378652113389922,0.020669633577383204,True,False
D8,primary,92,92,1,0.9628538074470383,0.3264689088929945,1.7357384788241623,0.18767969676991347,0.10065677964885675,0.13514656174451622,False,False
D8,primary,92,92,2,1.9404848841840645,0.3789911435585902,2.2389802378954395,0.32644620092816545,-0.10086742021103336,-0.07236886311986444,False,False
D8,primary,92,92,5,5.70011198032656,0.3365012720569187,3.552887412184635,0.6154006363443261,-0.023401730623616186,-0.004360837003155191,False,False
D8,primary,92,92,10,18.246761089289766,0.0509410795713775,11.481539484744676,0.3212513851770359,-0.10341603208654501,-0.018743583048540464,False,False
D8,primary,93,172,1,2.0065544898454397,0.15662067113679534,2.331965663804037,0.12674174332713095,0.10707416259409902,0.11543042199201223,False,False
D8,primary,93,172,2,2.05809901608838,0.3573464541307272,2.3390656603629507,0.3105119692068129,-0.01711105901829985,0.006350598876362635,False,False
D8,primary,93,172,5,2.8108612569294555,0.7291174099650534,2.9332339880445306,0.7102785527356676,-0.01873273049002473,-0.021585842194510377,False,False
D8,primary,93,172,10,15.85629535463904,0.10382066992820738,11.16418359407138,0.3448705400003518,0.03917763853812541,0.082758821311239,False,False
D8,primary,94,132,1,4.634015421115601,0.03134412428895761,1.1160974366198781,0.29076033130131185,0.18525716784092217,0.09091746925913623,True,False
D8,primary,94,132,2,4.705734469521169,0.0950961080807764,2.0170066675835674,0.364764501941256,-0.02295882039668963,-0.08137159517147718,False,False
D8,primary,94,132,5,6.738490571289801,0.24082679888627,2.8295762704155365,0.7262400165867361,0.015238890115363585,0.07076718736398016,False,False
D8,primary,94,132,10,11.732021363673045,0.3033916294665069,4.402959392031467,0.9273435632773039,0.09750133113996612,0.027697900427537392,False,False
D8,primary,95,127,1,0.22323649688351205,0.6365848585530178,0.29088650673979205,0.5896529952552407,-0.04143536380409423,-0.04729882423148462,False,False
D8,primary,95,127,2,1.4769793462680572,0.477835057929069,0.586370711056996,0.7458838741836886,0.09780533060029566,0.04748160882322832,False,False
D8,primary,95,127,5,2.023228049931603,0.8459217483240469,1.0380863013641473,0.9594357256155911,-0.04452125608957079,-0.05586697733836481,False,False
D8,primary,95,127,10,5.721547274970154,0.8380899156619674,7.916290100246533,0.6370134034482464,-0.06956421485768179,-0.03238841624444928,False,False
D8,primary,96,101,1,1.1938436331273707,0.27455561877823964,2.100188745002168,0.1472809568416633,0.1071258854405301,0.14208553409939106,False,False
D8,primary,96,101,2,1.2447261512290455,0.5366747350046885,2.138206473703448,0.34331625277891487,-0.022005061969676932,0.01902091398536031,False,False
D8,primary,96,101,5,3.853282863621155,0.5707272389268665,5.700685760876178,0.3364412146448227,0.021210727478147253,-0.0014732121141755323,False,False
D8,primary,96,101,10,7.329317855802911,0.694032346473701,12.214976291512093,0.2709265982722937,-0.009484580919744506,-0.037681468930775945,False,False
D8,primary,97,95,1,1.8161240224733066,0.17777533850821647,1.4320373467999146,0.23143223001972524,0.13610967861765402,0.12086301649956026,False,False
D8,primary,97,95,2,3.292612265881794,0.19276062729393395,2.397118844760123,0.30162841823200015,-0.12206995967706562,-0.0986906022714471,False,False
D8,primary,97,95,5,4.4158070584338756,0.4912265649690446,5.523204699661056,0.3554081102674491,-0.024889079762082177,0.13501219525132194,False,False
D8,primary,97,95,10,9.092765758297443,0.5233230173797153,8.349633940128546,0.594726017046805,-0.0029577825551770076,0.08652104698897688,False,False
D8,primary,98,129,1,0.0017652112756887438,0.9664872047835498,0.0872148718754545,0.7677481859355946,-0.0036565610458546447,-0.02570216784710662,False,False
D8,primary,98,129,2,0.516481552497631,0.7724092319182011,0.8954889152419098,0.639067972117481,0.062194980462419884,0.0779382542281445,False,False
D8,primary,98,129,5,2.022598328248993,0.8460093743886288,3.4955382105864423,0.6240628607090765,-0.05819330023270952,-0.07043666090229088,False,False
D8,primary,98,129,10,12.090526940998657,0.27904356953006093,16.959740672821596,0.0752595763795938,0.11069554212272867,0.12226984337634728,False,False
D8,primary,99,154,1,4.619515835561186,0.0316101594312449,2.842412888714219,0.09180625938153408,-0.17152257419431508,-0.1345447133322877,True,False
D8,primary,99,154,2,5.288785662026433,0.07104847907918277,3.35852747758401,0.1865112464954024,0.06507283939186946,0.05714420591135584,False,False
D8,primary,99,154,5,12.670838231660081,0.026666582791817106,12.63481783878003,0.027052145625127477,0.14641160893898333,0.19380180532987348,True,True
D8,primary,99,154,10,18.73295456614114,0.04378863297790281,19.570467240768284,0.0335873264238753,0.00852832585124548,0.07782106998091365,True,True
D8,primary,100,210,1,0.009016920889493563,0.92434860915516,0.5973489889986654,0.43959129823336585,-0.006506159335355884,-0.05295532426433366,False,False
D8,primary,100,210,2,0.33417417034147845,0.8461259231081781,0.6340259288470923,0.728321312798518,0.038976318024049925,0.013090331240204516,False,False
D8,primary,100,210,5,2.187571086139758,0.8226292074473429,3.49070224595923,0.6247949612999909,0.04142801463699935,-0.006354563220901553,False,False
D8,primary,100,210,10,3.899411613424247,0.951770615625439,8.523556126246804,0.5778352704141695,0.0013208351632222513,-0.04818647933557558,False,False
D8,primary,101,126,1,0.006242226763601998,0.9370264476352621,0.18005398000679967,0.6713268550851443,-0.006955598734872229,-0.037356494181638354,False,False
D8,primary,101,126,2,0.04730313598485893,0.9766259382175232,0.18126269058939906,0.9133543612244619,0.017767849466589984,-0.003048468750270242,False,False
D8,primary,101,126,5,3.029547340579266,0.6954303270995293,1.1682293385205116,0.9478887735274356,0.12890192371711018,0.04640076683886868,False,False
D8,primary,101,126,10,6.006760638905066,0.8146949252206125,2.0028400021576016,0.9963183405572018,-0.004499807920962647,0.018841585756481018,False,False
D8,primary,102,110,1,0.13946609433107499,0.7088123646401283,4.556940670508687,0.03278558847073465,0.03512709332174167,0.20079115698772218,False,True
D8,primary,102,110,2,2.300612112584242,0.31653987553171015,6.3623978723815675,0.04153582645089782,-0.13764124090901161,-0.12580564330167382,False,True
D8,primary,102,110,5,6.533248886990684,0.257730102374343,9.641515653089044,0.08605382554102725,-0.022365448476245633,-0.06430206930152707,False,False
D8,primary,102,110,10,10.426190976077345,0.4039304725414976,13.388536144961648,0.20275211183342745,-0.0065426128126087335,-0.03466987213162534,False,False
D8,primary,103,150,1,0.12887919247659133,0.7195969725550142,0.12279167800200032,0.7260261939148447,0.029021316786576844,-0.028327625861390093,False,False
D8,primary,103,150,2,1.0339184075462298,0.5963311151971554,1.447779462795738,0.48486259794058995,0.07664734801328474,0.09274048685063437,False,False
D8,primary,103,150,5,1.777584303140416,0.878984124088121,3.298572896137621,0.6540601783855503,0.015004720326659246,0.06073210603475531,False,False
D8,primary,103,150,10,5.292547126481658,0.8707985820978282,6.97652285469633,0.7276594660776061,-0.08799527982232008,0.07096658046979278,False,False
D8,primary,104,99,1,0.0013694791177848793,0.9704798437736771,1.4981747889761168,0.22095241415044986,-0.003663637206117661,0.12117582799426194,False,False
D8,primary,104,99,2,1.6698818887652234,0.4339001049149588,4.429281645441346,0.10919272675243952,-0.1272249542836601,-0.16862556142444507,False,False
D8,primary,104,99,5,2.498880883347095,0.7766636028836901,5.1602281666172845,0.3966405186845039,-0.04813346825490254,-0.035215584704000456,False,False
D8,primary,104,99,10,5.316634521024547,0.869048098327909,7.02064604990594,0.7234944127721741,0.011371938731599019,0.011740031095765012,False,False
D8,primary,105,147,1,0.27468880393689943,0.6002036845262879,0.17659076997324888,0.6743195989367046,-0.04279027774993736,-0.03430904475208928,False,False
D8,primary,105,147,2,2.1803622469645934,0.3361556025191659,0.8327577571232884,0.6594303791145935,0.1123198307683439,0.06590819042237213,False,False
D8,primary,105,147,5,7.488285471405301,0.18678364779083956,3.6579907359527586,0.5996278036461311,-0.013487445715331423,-0.04341466511448643,False,False
D8,primary,105,147,10,10.163589083768676,0.42626027666206223,4.565751785148565,0.9182384381537083,0.031803869677294185,-0.03898865085991445,False,False
D8,primary,106,116,1,0.6290397471042591,0.42770775983946574,0.726124125990611,0.39414240232788,-0.07269724720639244,-0.07810599248095407,False,False
D8,primary,106,116,2,0.7936270951745644,0.6724593956212941,2.306611693215954,0.31559174508577104,-0.03702377101412393,0.11473025776715585,False,False
D8,primary,106,116,5,3.698479874425892,0.5935901954712367,3.8375063370338176,0.5730403385757735,0.1067905516715453,0.01083214459096068,False,False
D8,primary,106,116,10,6.632756947154863,0.7596002209062012,5.563207456053313,0.8505297204260569,-0.024774523799408896,0.01670555354802959,False,False
D8,primary,107,132,1,0.6586903513688253,0.41702267954713657,0.22358290246579707,0.6363233829497881,-0.0698452592943199,-0.04069261297503589,False,False
D8,primary,107,132,2,2.673418896522099,0.26270870445378014,0.4635732626080371,0.7931153312381931,0.12168599040873677,0.04199805810758889,False,False
D8,primary,107,132,5,5.705090751347699,0.33598041765788156,3.7940947841643298,0.5794256038732737,0.07476433367075362,0.06806897873780537,False,False
D8,primary,107,132,10,9.39168163998067,0.49537816119875067,7.91511168813191,0.6371284890172494,0.07732476520579243,0.09907693501467056,False,False
D8,primary,108,121,1,0.34280259855716266,0.5582159588807356,0.6649675319418096,0.41481167610067915,-0.052573565897133086,-0.07322267699875508,False,False
D8,primary,108,121,2,0.46704782576536996,0.7917386627601175,1.269674322991915,0.5300217892460914,-0.03151868552635815,-0.06953455229771843,False,False
D8,primary,108,121,5,1.5421985145241375,0.9081493452774204,4.877533002469149,0.4310084778844835,-0.02324764143141941,-0.005100371708643739,False,False
D8,primary,108,121,10,9.673004653112494,0.4696347022449212,7.891186147833992,0.6394649231925902,-0.08853803293500011,-0.09223796870323568,False,False
D8,primary,109,134,1,2.1626263636112286,0.1414028197668925,2.153913184244351,0.14220703521688083,-0.125630391628453,-0.12537705500214416,False,False
D8,primary,109,134,2,2.162682886861455,0.33914028286744125,3.282754558508225,0.19371306149868883,-0.0006398507387193987,0.09042355381690552,False,False
D8,primary,109,134,5,4.193817586212966,0.5218619032640504,7.688655912106004,0.17424975845170676,-0.09803038896969488,-0.09744774594468099,False,False
D8,primary,109,134,10,14.617762937847358,0.14663134539479605,19.94692027360072,0.02975874922032684,0.04775643538339204,0.11145153418733372,False,True
D8,primary,110,118,1,0.41787608673786136,0.5179987426794035,4.352554690997716e-05,0.9947360830410824,0.05876044332491718,-0.000599699135281903,False,False
D8,primary,110,118,2,0.5811962712154748,0.7478161383198492,0.3931993194373097,0.8215194548176915,-0.03657777623977591,-0.056751808808679804,False,False
D8,primary,110,118,5,1.9944353070006893,0.849914481181332,2.7690595888597205,0.7355375016553376,0.07547203066074858,0.09705760649748595,False,False
D8,primary,110,118,10,8.731116974367161,0.5577975652562139,14.037350954701438,0.1712947230653794,-0.10636976903283517,-0.057439683655785403,False,False
D8,primary,111,171,1,0.10338862663733099,0.7478004328240133,0.033613368013111426,0.8545316521934163,0.024374725702995034,-0.013898225987664627,False,False
D8,primary,111,171,2,2.729781113937005,0.2554086271529459,3.65880158941872,0.16050971723743057,0.12249040180665009,0.14390885762017236,False,False
D8,primary,111,171,5,4.952251523087639,0.42173526254517246,7.65248832072063,0.17645627939335862,0.10566236242478179,0.12929251226860075,False,False
D8,primary,111,171,10,6.914553019004655,0.7334863036800945,20.469105796891753,0.025115248686350844,0.04208847657123378,-0.059831256284299784,False,True
D8,primary,112,167,1,0.4037592887536811,0.5251541620011573,0.9613158069300951,0.3268555836979946,-0.048731942093938746,-0.07519439992574786,False,False
D8,primary,112,167,2,0.782649870898783,0.6761604118525986,2.2664792032985943,0.3219884506430035,-0.04706491616508563,-0.0873519947581596,False,False
D8,primary,112,167,5,5.602996158589945,0.3467841015327182,6.887517470878659,0.22914109439021213,-0.06692736694906253,-0.03283448418977009,False,False
D8,primary,112,167,10,13.081540720061557,0.2191484618227797,12.796694092795772,0.23526208586878827,-0.03736598678486053,0.02602090160783689,False,False
D8,primary,113,143,1,3.419901614044211,0.06441485209592113,2.3527353559706246,0.12506338797371808,-0.15303788618467817,-0.12693421215334552,False,False
D8,primary,113,143,2,4.475956321935219,0.10667396407775387,2.658299050237851,0.2647022882434926,-0.08474239715573102,-0.04558357812025542,False,False
D8,primary,113,143,5,4.990266085160018,0.4170692847261078,8.022413636443734,0.1550046864868807,-0.020715163584320632,-0.03402207331986578,False,False
D8,primary,113,143,10,10.018846253708531,0.43884139477684325,11.76162006593006,0.3013271857498987,0.014093941688645145,-0.013200342829932033,False,False
D8,primary,114,104,1,0.268482264452991,0.6043517038218499,0.05550178284885041,0.8137522590143338,0.05008490001589811,0.02277206826395234,False,False
D8,primary,114,104,2,0.38565402717570985,0.8246246106544266,0.08374081041278567,0.9589940531561599,-0.03292622679960199,0.016164242315595306,False,False
D8,primary,114,104,5,2.741718874428312,0.7397306988815233,2.828004593725398,0.7264817235371275,0.05492945863411311,0.05482151560242189,False,False
D8,primary,114,104,10,5.758703759479343,0.8351120543333113,3.633887913025891,0.9623555614635434,-0.01380395942816966,0.019873555059253045,False,False
D8,primary,115,186,1,0.0355752075388141,0.8503954288707786,0.20459936231678694,0.651033708556218,-0.013719054729500533,0.03290050812396136,False,False
D8,primary,115,186,2,0.42826052932917913,0.8072432229057022,1.529773008534006,0.4653867473870599,-0.04545648485999192,-0.08350450577808807,False,False
D8,primary,115,186,5,2.21988395971067,0.8179587150925292,3.818718896446579,0.5758000827024453,0.053719769576886255,0.0915855704125813,False,False
D8,primary,115,186,10,6.6263564757872375,0.7601852785949536,6.360200862318975,0.7841475885943958,-0.02960223829943969,0.008360960536673425,False,False
D8,primary,116,125,1,0.12464195656744861,0.7240534471030342,0.5852283562720553,0.44427023837915025,-0.031202263812847422,0.06761089050687695,False,False
D8,primary,116,125,2,0.2973189176027162,0.8618625646410863,1.2065609516565243,0.5470142225852439,0.03657740467482207,0.06938374823090368,False,False
D8,primary,116,125,5,5.33996993253765,0.3758129027398335,7.531466151158919,0.18401810265425733,-0.12653711703412057,-0.1818129925807818,False,False
D8,primary,116,125,10,12.413093590174674,0.25836030917281383,13.071732920930547,0.21968876685163108,-0.01962990140051998,-0.09426706323244213,False,False
D8,primary,117,79,1,0.19072901242883056,0.6623105582305895,0.4163816186081614,0.5187480905224748,0.04821693789943851,0.07124215054947666,False,False
D8,primary,117,79,2,1.967583641555392,0.37389068111530255,1.6068523300235782,0.4477921231802672,-0.14622285408634528,-0.11968746401306833,False,False
D8,primary,117,79,5,4.32520522381837,0.5036051795584751,5.980465470025442,0.3081243569821226,0.0365309718211668,0.05856944439073917,False,False
D8,primary,117,79,10,11.802993627563344,0.2984578095889897,8.751200271662563,0.5558672379431231,-0.1649680315029659,-0.1293798988035072,False,False
D8,primary,118,163,1,0.06932525449365287,0.7923217533352046,0.24819777324401043,0.618346949177246,-0.02043466249825109,-0.03866523671744011,False,False
D8,primary,118,163,2,0.07024865965988995,0.9654853701631791,1.0094783220961452,0.6036630137209444,-0.0023511119761147237,-0.06750711222786633,False,False
D8,primary,118,163,5,3.644077697063852,0.6017076070836741,1.2199955727656848,0.942944736461892,0.08309887571946734,-0.018843326075572566,False,False
D8,primary,118,163,10,6.643403096627598,0.7586262177888551,3.753294055771882,0.957790784132448,-0.041487565755862696,-0.057265612582118056,False,False
D8,primary,119,146,1,0.21248641544147515,0.6448255182475292,0.04758564810237099,0.8273189813053818,0.03776089685525385,-0.017869595007014728,False,False
D8,primary,119,146,2,0.4570335787469401,0.7957129375706511,1.4108921532828385,0.4938882131154738,0.04036967705387821,0.09531707660178115,False,False
D8,primary,119,146,5,0.850820847017147,0.9736792264933217,6.152560734494598,0.29165592524518025,-0.032235166909614026,-0.11032954348642057,False,False
D8,primary,119,146,10,4.255785442688454,0.9350711702884686,12.152253098188803,0.2749960268371596,-0.03510506239057642,0.029001966576718333,False,False
D8,primary,120,115,1,0.23748383107363866,0.6260293602704297,0.10215047081623702,0.7492640892129427,-0.04485672864768165,-0.02941919337628517,False,False
D8,primary,120,115,2,0.26451175966769813,0.8761167857777,0.6361805688265836,0.72753710018909,-0.015066200827263197,-0.06696999060332787,False,False
D8,primary,120,115,5,2.6372063572537146,0.755704404165132,2.0261530918901554,0.845514552905579,-0.06210458944352253,-0.04496084572902436,False,False
D8,primary,120,115,10,7.547064088684074,0.6729841312587944,6.042769096897784,0.8116572545456713,-0.058912404597822036,0.05162734601035009,False,False
D8,primary,121,130,1,1.6064804155294132,0.20498725373859517,1.8451648148308664,0.17434680385035062,-0.10989398727146274,-0.11777518515105338,False,False
D8,primary,121,130,2,2.420904870483168,0.2980623949872674,1.8861288958503841,0.3894326089887671,-0.07794203595847375,0.017480262546665785,False,False
D8,primary,121,130,5,3.9362255706899534,0.558634037111198,2.7063976052993053,0.7451397795329772,-0.00046733466624116897,-0.04677375900187673,False,False
D8,primary,121,130,10,13.619770722217414,0.19105199200454903,7.4126968928299455,0.6859933823471538,0.07008752424079669,0.037963542043573564,False,False
D8,primary,122,164,1,2.0492633498948734,0.15227985484805673,1.6844008695617776,0.19434070533639491,-0.11076861375477923,-0.10042470453247682,False,False
D8,primary,122,164,2,2.8226748422718067,0.2438169790180208,1.968496567772861,0.3737200527584116,-0.06784015785302704,-0.04111628503078098,False,False
D8,primary,122,164,5,11.746824505587966,0.0384264673414042,5.625997327883536,0.34432751219088786,0.18126766319771337,0.12588138251450362,True,False
D8,primary,122,164,10,14.496782207430378,0.1515135041563217,13.301589508590343,0.20729500890316133,0.02178176019462745,-0.02545200442411364,False,False
D8,primary,123,123,1,0.12727532731369434,0.7212739707854648,0.17359459751507947,0.6769367359470027,0.031779310068665294,0.037114230082155815,False,False
D8,primary,123,123,2,0.35483396203213924,0.837430519080791,0.3349307463474949,0.8458059043558757,0.04231864783440217,0.03563288333198762,False,False
D8,primary,123,123,5,2.290330322039772,0.807686033643804,3.2766194584365964,0.6574230897021183,-0.07302107374157112,-0.13203365937430198,False,False
D8,primary,123,123,10,12.012810272742234,0.28420007128110814,12.507822792828069,0.2525055961503969,-0.00715442355002602,0.08194738964749326,False,False
D8,primary,124,185,1,1.8449243494529641,0.1743748784033089,1.2736981293617915,0.2590740581326212,-0.0990584493747169,-0.08230675876265137,False,False
D8,primary,124,185,2,5.562895322728064,0.061948761603564106,2.8727848385034083,0.23778403832337414,-0.1402399908728452,-0.0919718419260341,False,False
D8,primary,124,185,5,6.340154090823555,0.27451296788069146,3.540242107407872,0.6173074263790495,0.053666317208955705,-9.217922442401252e-06,False,False
D8,primary,124,185,10,19.187471373146074,0.037945116746172514,9.046094300179558,0.527734724162166,-0.11002565651115863,-0.061162864296023495,True,False
D8,primary,125,94,1,0.023339895764799883,0.8785765002289356,0.9849858871731194,0.3209709631266553,-0.015509271085300534,-0.10075275605749165,False,False
D8,primary,125,94,2,3.8375486715812617,0.14678676320203787,4.41096066563158,0.11019758107566657,-0.19719531871999185,-0.1868901665547209,False,False
D8,primary,125,94,5,6.056271896180714,0.30078187152688185,8.055843459905539,0.15318472043434328,-0.1432433289686671,-0.038115452985761585,False,False
D8,primary,125,94,10,8.646361168971149,0.5659613746462102,9.421473725629053,0.4926248630261487,0.10670069221596806,0.029563927994697245,False,False
D8,primary,126,122,1,0.036987986114056924,0.8474895091721661,0.9442238622752326,0.3311939345064897,-0.017200151420002863,-0.08690392927104107,False,False
D8,primary,126,122,2,1.148339100594699,0.5631723609854398,3.38271818462992,0.1842689152647442,0.09389133405644422,0.1390787374346254,False,False
D8,primary,126,122,5,7.579767276366372,0.18096689094994334,5.432787962503006,0.365372222962315,0.13575608865500557,0.06953718965361703,False,False
D8,primary,126,122,10,11.887135944949716,0.292681112491769,11.970413952060394,0.28704146717400014,0.08452600826396627,0.007227886930122511,False,False
D8,primary,127,135,1,0.44959262272184236,0.5025284748306297,0.6177104091689953,0.4318993868234787,-0.05707354117430435,0.06689870196707443,False,False
D8,primary,127,135,2,1.1878934161718226,0.5521438283243562,2.312247444068339,0.3147036986523175,0.07286438778097475,0.1103885897563582,False,False
D8,primary,127,135,5,2.8819456802280126,0.7181803039169353,2.781228057831677,0.7336696703432929,0.08022092333960146,-0.017590837861883684,False,False
D8,primary,127,135,10,6.046916167496387,0.811306260879153,5.138488614762389,0.8817367948307163,0.04780639354141318,0.0016720431032057161,False,False
D8,primary,128,212,1,0.9803470129642403,0.32211314926966605,1.0230098065454736,0.3118061369320876,0.06752371458122498,0.06897731878980391,False,False
D8,primary,128,212,2,1.436344260859559,0.4876427892382703,1.2211133086227484,0.5430484946374655,-0.0459426393210664,-0.030281745612769008,False,False
D8,primary,128,212,5,2.119182298542569,0.8324202697241765,1.2944291956912262,0.9355038656178436,0.03706116895909223,0.001240421109991096,False,False
D8,primary,128,212,10,9.414129270405388,0.4933030459456299,9.837361027310385,0.45487629952400255,-0.13166120271559864,-0.13072174330396072,False,False
D8,primary,129,188,1,0.23092932794308127,0.63083560042203,0.20806209774480608,0.6482905704533384,-0.03476999466070394,0.03300361897691392,False,False
D8,primary,129,188,2,1.703930103225823,0.4265758642230122,2.274073977161991,0.3207680545330178,0.08757945427977162,0.10372110960181814,False,False
D8,primary,129,188,5,2.616285843515249,0.7588893052617511,3.5482028230297393,0.6161068103909347,-0.023065716404878357,-0.06390182100765272,False,False
D8,primary,129,188,10,6.648670384703991,0.7581439278292987,5.7876075942336245,0.8327806304476351,0.005848981394521898,0.03509135737595324,False,False
D8,primary,130,103,1,0.019825235359918543,0.8880262728258407,0.12146790673133923,0.727447847526705,0.01367401336101768,0.03384679863401115,False,False
D8,primary,130,103,2,0.845764755805548,0.6551556893661512,0.8272443489776447,0.6612507414737985,-0.08782568557223382,-0.08118597376567457,False,False
D8,primary,130,103,5,14.896798616589239,0.010812524126385004,9.259123707961612,0.09916435078162689,-0.14803893288869982,-0.021642704632724944,True,False
D8,primary,130,103,10,21.065570963547554,0.02064094641852743,10.905625415027172,0.3649178193388787,-0.03554742977948258,0.012236993962963703,True,False
D8,primary,131,191,1,2.320373240873305,0.12768938423065412,0.01372305166474974,0.9067448099656706,0.1093604746653749,0.008410209446639486,False,False
D8,primary,131,191,2,3.0291159700002583,0.21990536483848333,1.196647470465157,0.549732361177478,-0.06028092005570673,-0.07787786956669186,False,False
D8,primary,131,191,5,4.771919376174184,0.44434479773512736,2.2823300327445546,0.8088585862374256,-0.010612787976318908,-0.03852896431212866,False,False
D8,primary,131,191,10,13.069359085277712,0.2198196944939237,10.276920855477604,0.4165433023838496,0.06852658444501936,0.08794173277450115,False,False
D8,primary,132,195,1,2.1062783468342103,0.14669570297380985,0.07890272885301834,0.7787899420361419,0.10313553547265465,0.019961650984368775,False,False
D8,primary,132,195,2,4.057784587086896,0.13148108295823824,1.8884338415270754,0.3889840570061768,-0.09901778519512425,-0.09534792870683624,False,False
D8,primary,132,195,5,6.021351994192626,0.3041468184793613,2.875241961362738,0.7192125811151313,-0.04068804148102025,0.0032369424716192437,False,False
D8,primary,132,195,10,15.382869110420081,0.11871408497601033,9.4585259182949,0.48920924142447597,-0.09030234006283121,-0.09828724506654116,False,False
D8,primary,133,124,1,0.009282083187296158,0.923247709359702,0.016526478176267914,0.897709498082805,-0.00854828845661339,0.011406347483239635,False,False
D8,primary,133,124,2,0.022643554007947948,0.9887420731204914,0.25422210756279356,0.8806358692232293,0.010214354677722134,0.043081855359428406,False,False
D8,primary,133,124,5,6.370151002032732,0.27184886491059046,3.2491489362516868,0.6616354936790615,-0.09094673167974705,-0.06525075448534863,False,False
D8,primary,133,124,10,10.270633723468741,0.4170792095153786,10.18742172157134,0.42420698025804904,-0.1082364235235347,-0.12369566236721946,False,False
D8,primary,134,170,1,0.26686858408373365,0.6054401299155145,0.18207856905662884,0.6695930030016117,-0.03927384247574384,-0.032440241899208265,False,False
D8,primary,134,170,2,1.430620171785023,0.4890404437400133,3.165106302783904,0.2054498833580075,0.08177039581117043,0.13091656516165998,False,False
D8,primary,134,170,5,4.930186634120349,0.42445965350624093,4.1321669396847,0.5305484659283305,-0.02471802974867849,0.0040432429740914965,False,False
D8,primary,134,170,10,13.0398658617302,0.22145140872021618,9.436339347723727,0.49125333086774636,0.12470572604027344,0.11937701647295894,False,False
D8,primary,135,164,1,4.023538044611885,0.04486949228985393,0.28979094971745706,0.590354525743402,-0.15521078314699494,-0.041654338622676756,True,False
D8,primary,135,164,2,4.309267914544393,0.11594562389865581,0.5710505021832586,0.7516193617293414,0.041234369753122176,0.04091053697623572,False,False
D8,primary,135,164,5,10.007352425500418,0.07502718628752436,7.225992912831328,0.2043681630246963,-0.09184909164617351,-0.09424486504947245,False,False
D8,primary,135,164,10,13.503515140206588,0.19686543522607236,20.648509526272697,0.0236823271818577,-0.016787899946282166,-0.09104480105647551,False,True
D8,primary,136,166,1,0.798449870126969,0.37155723733575907,0.05134632723934438,0.8207369076393668,0.06873170454184865,-0.017429622433793257,False,False
D8,primary,136,166,2,1.7794469465447877,0.41076932574608727,2.134460096615704,0.34395995154690484,-0.07595337834320232,-0.11068014869968061,False,False
D8,primary,136,166,5,5.18119374657605,0.3941698451118336,3.317680874475123,0.6511358558402494,-0.0472234930088139,-0.031848667128050165,False,False
D8,primary,136,166,10,10.849064977219479,0.36939759993928545,8.121761000704058,0.6169447284907749,0.05395888206019763,0.0906195375492528,False,False
D8,primary,137,117,1,0.03810117017758987,0.8452401284631611,0.3035850943411062,0.5816435690102035,0.017816883492872138,-0.05029245143962423,False,False
D8,primary,137,117,2,0.3636610961584749,0.83374260773269,1.0081197487227114,0.6040732132752032,-0.051855876472340426,0.07628404058760974,False,False
D8,primary,137,117,5,5.963099644784197,0.3098260617618016,5.442855301562779,0.36425270006988086,0.13056809513581985,0.04156438607751507,False,False
D8,primary,137,117,10,13.179695819080061,0.2137976777090549,9.771586622731155,0.46075627935283814,-0.026199483289016376,-0.05331437101040539,False,False
D8,primary,138,174,1,0.10029483314474955,0.7514761092452915,0.13528761286072552,0.7130114484698574,-0.02380298229711968,0.02764528747489884,False,False
D8,primary,138,174,2,2.9469610302316194,0.22912661710269866,0.13978669466602317,0.9324932674966059,0.12644496413214834,0.00502684171435562,False,False
D8,primary,138,174,5,9.424779715245164,0.09327425898066088,4.0183604602923735,0.5467755323610103,0.09246018666192016,-0.040765180817317205,False,False
D8,primary,138,174,10,12.28856238432501,0.26620822601557836,5.510963477559053,0.8545423872135536,0.08880799947165108,0.0511296076193928,False,False
D8,primary,139,93,1,0.6492360419087936,0.4203859469585718,0.0232309664449435,0.8788579861325309,0.08222274043238614,-0.015553361832169182,False,False
D8,primary,139,93,2,1.8972015798334634,0.3872825341493975,0.7192583758248732,0.6979350808576814,-0.11337536952262185,-0.08467020093437554,False,False
D8,primary,139,93,5,2.27819665579577,0.8094638133259939,2.9628171550073086,0.7057184776476542,0.04297186873189461,-0.043080708773841056,False,False
D8,primary,139,93,10,12.56988981930236,0.24872331437818918,10.959547593683903,0.36067830517773114,0.1561183981435066,0.07396290203821353,False,False
D8,primary,140,169,1,1.982362209224743,0.1591417739873019,0.13187815219576715,0.716492599551205,0.1073506648130923,-0.0276885147405495,False,False
D8,primary,140,169,2,2.17722772668831,0.33668285886120586,0.13279759282823958,0.9357576130903595,0.03355709254435344,0.002305041104328341,False,False
D8,primary,140,169,5,2.854288215622836,0.722438152973406,0.30937099322442285,0.997463118005789,-0.019448532584361352,-0.02084944706059115,False,False
D8,primary,140,169,10,7.979693848187545,0.6308205007495732,11.844562671516755,0.2955940732790602,0.09660197741303214,0.19283050171761484,False,False
D8,primary,141,145,1,0.6267566061808186,0.4285475138658488,0.0009173377071739657,0.9758376990562074,0.06507108341489388,0.0024894488096163497,False,False
D8,primary,141,145,2,1.111674922534376,0.5735916991672465,1.2430987935373563,0.5371115935908537,0.05703739004319582,0.09128887834550746,False,False
D8,primary,141,145,5,4.1933579347874455,0.5219263899434397,10.1059381113419,0.07228858607980404,-0.009549701502244302,0.013567112308601697,False,False
D8,primary,141,145,10,6.269073488569386,0.7921729168329952,12.431498325217005,0.2572150373408577,0.051812250991952996,0.0015329719458799975,False,False
D8,primary,142,155,1,1.0621895154518564,0.3027163380079124,0.8169105414017827,0.3660850021185724,-0.08198713118953355,-0.0719005040959311,False,False
D8,primary,142,155,2,3.721991908871291,0.15551766470345374,2.087607671382326,0.3521127522823857,-0.1293167336262966,-0.08938220508504437,False,False
D8,primary,142,155,5,6.661857991348168,0.24702708313000366,4.1787841293939,0.5239732004632709,-0.09575742543827596,-0.07863504027644981,False,False
D8,primary,142,155,10,9.55968904644482,0.4799337575373809,4.870344152823392,0.8996690505620466,-0.0808539060320276,0.01629854498009559,False,False
D8,primary,143,165,1,0.5655746181707747,0.45202282365545643,0.7341282561487448,0.39154832408560625,-0.05801852343132047,-0.066100947749294,False,False
D8,primary,143,165,2,0.6630648727778683,0.7178228722572433,0.7829201284338838,0.6760690493024719,0.024014535836543064,0.01698898122143862,False,False
D8,primary,143,165,5,5.066609027658938,0.4078053819143309,3.896321132622529,0.5644377928997726,-0.09984542019209447,-0.0975935372673367,False,False
D8,primary,143,165,10,9.11968425132625,0.5207840868843787,4.56710882899938,0.9181601038021281,-0.05878619832226441,0.026130565596475232,False,False
D8,primary,144,192,1,2.4169606222686952,0.12002760945122204,1.5147345768360618,0.21841805098197054,-0.11132686816642343,-0.08813196917674652,False,False
D8,primary,144,192,2,3.1613783014319834,0.20583319921898902,2.3950394187415442,0.30194218830955755,0.06162169789311442,-0.06701034693925315,False,False
D8,primary,144,192,5,3.576894059714248,0.6117858526964055,5.498034473404074,0.3581614561198819,-0.01029892563154338,-0.0112114375514338,False,False
D8,primary,144,192,10,6.248511394072076,0.7939700827958356,8.564428315885765,0.5738779237288808,0.018019702163887357,-0.011322589620634819,False,False
D8,primary,145,107,1,0.3573805244708759,0.5499646364729792,0.11790661581148675,0.7313161179571182,0.056991913120951164,0.03273534195714663,False,False
D8,primary,145,107,2,3.3678871053613175,0.18564044775094735,1.8822956469794603,0.3901797207807727,-0.16463012281485578,-0.12603370005642603,False,False
D8,primary,145,107,5,5.0790973596981335,0.40630356992134664,2.9469326572144188,0.7081671305733575,-0.052844162587083215,-0.061228423221099136,False,False
D8,primary,145,107,10,6.157334516834672,0.8018759397798223,4.689757203845947,0.9109162390029961,0.05588946220549096,0.074965147266476,False,False
D8,primary,146,196,1,0.3099091315599925,0.5777359511928669,2.112952907197286,0.14605724196534986,0.0394615247035181,0.1030389877967105,False,False
D8,primary,146,196,2,0.3825748047413649,0.8258951898029193,2.5077047837814894,0.2854031913745295,-0.019059209539866423,0.04442243246509168,False,False
D8,primary,146,196,5,4.77288467819772,0.4442217018242025,4.658764635561072,0.45892622001999406,-0.0012737576015380675,-0.02618957067589463,False,False
D8,primary,146,196,10,10.899948182338056,0.3653659611572281,7.3629461380223,0.6907935429527874,0.0008219088438028979,-0.019996335599184633,False,False
D8,primary,147,143,1,0.1737910558132365,0.6767643219168922,0.00693922186802991,0.9336114164297747,-0.034498948883998994,-0.006893623160764291,False,False
D8,primary,147,143,2,2.2519802567777063,0.3243311788186072,0.23930720956844148,0.8872277149299922,-0.11887761361524943,-0.03975078275304184,False,False
D8,primary,147,143,5,4.921226265923522,0.4255693746396638,3.461914232186419,0.6291581640628342,0.050661291507252,0.06134873514670166,False,False
D8,primary,147,143,10,6.348623839776818,0.7851725179309409,7.712778255922759,0.6568692006239342,-0.05034954266860124,-0.08191194575602878,False,False
D8,primary,148,160,1,2.4625481787463683,0.11658950365959819,1.3403055484532187,0.24698009132274545,0.12290609816785714,0.09067404105274958,False,False
D8,primary,148,160,2,2.5157352480416755,0.28425952888220263,4.201924616967472,0.12233864407463246,0.018005868544215802,0.13207388575063023,False,False
D8,primary,148,160,5,2.6458974593688587,0.7543799211559344,4.561381559867401,0.47171303796917097,-0.01672681538693703,-0.03961619836303954,False,False
D8,primary,148,160,10,5.225962171991298,0.8755812793850397,7.047034253092117,0.7209972972411273,-0.0377748604108782,-0.0085043950937082,False,False
D8,primary,149,132,1,0.17040757185355837,0.6797498394550856,0.22197626715218347,0.6375382102117473,0.03552554319646496,0.04054614367483669,False,False
D8,primary,149,132,2,0.7265401047203222,0.6953986141027098,0.22663277086366612,0.8928681249560838,0.0639324668395092,0.005850086505895049,False,False
D8,primary,149,132,5,3.8175106265860914,0.5759777604875923,4.523030952284261,0.47680790216431024,-0.03211336934338168,-0.06572276793565643,False,False
D8,primary,149,132,10,6.4131027494848425,0.7794448057428522,4.818768956717022,0.9029508391516406,-0.03668857570441472,0.035076094473876065,False,False
D8,primary,150,109,1,3.174922608606483,0.07477675431485797,0.8611964700953205,0.3534040844391704,0.16834635249588667,0.08767752056855976,False,False
D8,primary,150,109,2,3.8323359417258103,0.14716984207831696,0.882128046928564,0.6433515156615941,0.07624939539880428,-0.013605613310065212,False,False
D8,primary,150,109,5,6.46951807977775,0.2631737767744813,2.823100660850636,0.7272358208451875,-0.009807643044314123,-0.025079263536318647,False,False
D8,primary,150,109,10,9.660127193730307,0.47080014141637605,5.126210045093348,0.882589061875284,0.012236149924373699,-0.023983399737926292,False,False
D8,primary,151,109,1,2.201689156659232,0.1378595980575419,1.3374676724823165,0.24748104341611432,0.1401893884242395,0.10926442539283011,False,False
D8,primary,151,109,2,2.219225919233734,0.329686538388942,1.3375534508887639,0.5123349208863237,0.01245351251670703,0.0008709758984096132,False,False
D8,primary,151,109,5,5.114977173055559,0.402010106561419,4.119613328770608,0.5323263691080666,0.04775470531076848,0.10871415251086672,False,False
D8,primary,151,109,10,8.36940251294696,0.5928025162402726,8.001347339027284,0.628705322515245,-0.1191396764168993,-0.05525918362238553,False,False
D8,primary,152,108,1,1.6501468474047227,0.19893894555569847,1.3895715463116285,0.23847746851311047,-0.12191158159348532,-0.11187270132143455,False,False
D8,primary,152,108,2,2.12209208692921,0.34609359197498724,1.453864711765147,0.4833895851771043,-0.06489190402414173,-0.023951191141086268,False,False
D8,primary,152,108,5,18.506626783606837,0.0023741062791998724,11.864159161147985,0.036697275292928544,-0.3485911510504672,-0.2463778986742199,True,True
D8,primary,152,108,10,27.731155739655808,0.0019930238791866506,20.79426036790827,0.022574770310153203,0.0948063463776643,0.018967498587497515,True,True
D8,primary,153,110,1,0.21303306840618072,0.6444004320938888,0.40037706347757573,0.5268945898389358,0.04341416039438617,0.05951719979427735,False,False
D8,primary,153,110,2,1.013036557736948,0.6025899809046547,0.6277590665361772,0.7306070367002906,-0.08374376156631731,-0.044646206927869934,False,False
D8,primary,153,110,5,2.1250649954622367,0.8315833036868815,2.8320387326611147,0.7258612934484638,-0.043271214032770754,0.07398797307990884,False,False
D8,primary,153,110,10,3.4019202514027116,0.970324114412372,7.0302899428607075,0.7225823366630044,-0.01776851108898811,0.04446753686401876,False,False
D8,primary,154,116,1,0.017570663747641418,0.8945458131544931,0.22057021948263852,0.6386057828231915,0.012149908456249126,-0.043047938598385696,False,False
D8,primary,154,116,2,4.071036608791797,0.1306127677854192,4.435727886955044,0.10884135197420552,-0.18373660682572543,-0.18736537619646385,False,False
D8,primary,154,116,5,4.776827277764272,0.4437191682461038,6.038034479997543,0.30253557467028747,-0.006465709938045195,-0.024734813372606627,False,False
D8,primary,154,116,10,8.569413606173791,0.5733955929259057,8.273312151943527,0.6021592854322285,-0.08683242533275046,-0.06759957601176692,False,False
D8,primary,155,118,1,0.03139328617520749,0.8593658216678826,0.14391897636871998,0.7044156893957624,0.01610570327997521,-0.0344842142661697,False,False
D8,primary,155,118,2,0.11711906930692102,0.9431220902814285,0.8895220345663163,0.6409774402598958,-0.0265004408385659,-0.07815399958991998,False,False
D8,primary,155,118,5,0.41635350065117405,0.9948671667557432,2.7316457903696922,0.7412742622753218,0.0012491502957196084,0.0823415462573442,False,False
D8,primary,155,118,10,4.078396389478098,0.9437410781524229,5.664959691500717,0.8425827763414677,0.074543093366636,0.037100665852921204,False,False
D8,primary,156,176,1,0.10714981077086086,0.7434126649067831,1.786716985944148,0.18132667771568822,0.02446517876629032,0.09990346983906845,False,False
D8,primary,156,176,2,2.6957235181562593,0.2597951718352829,4.164209494287642,0.12466754221519727,-0.11990534883895772,-0.11491265730592536,False,False
D8,primary,156,176,5,3.0937375016343522,0.6855368296118927,5.865884178290177,0.31948852348774737,-0.045665017858082094,0.009287308905987836,False,False
D8,primary,156,176,10,6.677416687941568,0.75550730098575,8.899961809161884,0.5416232235105408,0.0992548994038888,0.08711280985552951,False,False
D8,primary,157,65,1,0.9202525139503984,0.3374086790859888,0.04130882092650406,0.8389429825230067,0.1162918859200588,0.024638672612941812,False,False
D8,primary,157,65,2,6.652890812645506,0.035920561406163065,3.4286086214262674,0.18008896310548095,0.2879741237330039,0.22136197111861078,True,False
D8,primary,157,65,5,8.05824465748517,0.15305472879040183,4.701072235496195,0.45343925647289907,0.13555089252391456,0.13069829387402493,False,False
D8,primary,157,65,10,10.417497630377811,0.40465913984947477,9.040463509046207,0.528267799768117,-0.07508666020445111,-0.12218794235273923,False,False
D8,primary,158,175,1,0.1115501934590288,0.7383861180560078,0.13898679419309182,0.7092903606733847,0.025032494563662137,0.027941887227083868,False,False
D8,primary,158,175,2,3.8924736848750063,0.14281047999661178,4.73533332094613,0.09369910322639341,0.145316971631768,0.1602226003116613,False,False
D8,primary,158,175,5,9.700269478358917,0.08418734448238374,11.772210136679224,0.03804591379832756,-0.1587174617031304,-0.15546624876275297,False,True
D8,primary,158,175,10,15.281055157253519,0.12214611666165798,16.87793390110169,0.07710900670085086,0.012170833968072895,-0.06436848833458401,False,False
D8,primary,159,184,1,0.04343580676252872,0.8349068284614487,0.4185553316934206,0.5176587872535423,0.01523996983658804,0.047308219207680136,False,False
D8,primary,159,184,2,0.266742797801655,0.8751400057079518,0.688574018012691,0.7087254882582243,0.03446049172576225,-0.03789371813618971,False,False
D8,primary,159,184,5,2.9195339140382197,0.7123898621709039,3.3828293904906372,0.6411863514601001,0.043990622681077084,0.10560547954770033,False,False
D8,primary,159,184,10,7.237999872113027,0.7028014670759523,5.2487867713321705,0.8739511791296599,-0.04897208505514029,0.002116578425568669,False,False
D8,primary,160,174,1,0.664008736670356,0.41514826563963025,4.486278399044302,0.03416798295033474,0.0612461777335006,0.1591971189112015,False,True
D8,primary,160,174,2,0.7761803877499732,0.6783511573853637,4.8227210994622105,0.08969317948802802,0.025100063581599916,-0.04346991795155587,False,False
D8,primary,160,174,5,3.599517950933445,0.608385671062065,5.915121073207619,0.3145658350462224,0.02274445343958071,-0.008198863235129457,False,False
D8,primary,160,174,10,10.79142689572852,0.37399708529659736,9.491222873201853,0.48620319034572,-0.08097781834073814,-0.044301274571624055,False,False
D8,primary,161,102,1,0.49904373594883833,0.4799205979019725,0.15752997990449016,0.691440860558627,0.0689307867958227,-0.0387280419593824,False,False
D8,primary,161,102,2,0.9825404584097676,0.6118487122685459,0.4726143582681877,0.7895381070469103,-0.06751185042482559,-0.054500022344538705,False,False
D8,primary,161,102,5,2.319765740618911,0.8033594997942568,1.1215766056983587,0.9521761062059799,-0.010646278064452593,0.06407009941504162,False,False
D8,primary,161,102,10,3.843664586288999,0.9541240484434437,4.97950400481564,0.8925429547145225,0.04314936241982992,0.0506212583344923,False,False
D8,primary,162,155,1,0.0071993652804010246,0.9323813791338319,0.5739648642340819,0.44868767247574715,0.006749813756554449,0.06026807761198733,False,False
D8,primary,162,155,2,0.10579992251367576,0.9484748919725203,0.5804381130093905,0.7480996735285449,0.02489830168135202,0.006379566796715518,False,False
D8,primary,162,155,5,2.3336609790222735,0.8013105616040286,2.4799091053533426,0.7795177134953707,-0.057879840298905534,-0.10177577651986366,False,False
D8,primary,162,155,10,4.863544462511974,0.9001048732522239,5.868435007746634,0.8261929364113612,-2.81645696670204e-05,-0.011174880886533775,False,False
D8,primary,163,102,1,0.47336278673613286,0.4914441836882151,0.23295216166678745,0.629343432686839,0.06713376250653107,0.047095271376279634,False,False
D8,primary,163,102,2,0.9271775367274954,0.6290221751052674,0.49892543724344457,0.7792193306583809,-0.0654067467085891,0.05007284245039422,False,False
D8,primary,163,102,5,3.651936697591884,0.6005324799783278,1.1470300514073049,0.9498570427809079,-0.06645235190988355,-0.01619172706985592,False,False
D8,primary,163,102,10,4.733796636384745,0.9082366513497023,4.885354002611517,0.8987036293761411,0.02009060738022626,-0.05616576578938682,False,False
D8,primary,164,91,1,0.8312139005784899,0.36192175173120744,2.360096640215134,0.12447447784299925,-0.09401896868156041,-0.15842509550242845,False,False
D8,primary,164,91,2,0.8603476869594333,0.6503960177878312,2.6083320330301123,0.2713987827917267,-0.01750375793247587,0.051093385921299805,False,False
D8,primary,164,91,5,2.4356828279980878,0.7861486667413748,4.567352252367973,0.4709228241323731,-0.03679269717208918,-0.10599139106401638,False,False
D8,primary,164,91,10,11.267358633731014,0.3370712681773955,11.311441896625537,0.3337741575443445,0.0486312846772664,0.03547462247787858,False,False
D8,primary,165,155,1,0.9127905089863477,0.33937509713522607,1.2611606819357641,0.2614315036463629,0.0760029138714213,0.08933669802526986,False,False
D8,primary,165,155,2,0.9413957244873951,0.6245662549537562,1.6914462941714956,0.429246837348648,0.013410737200793943,-0.0520125866577184,False,False
D8,primary,165,155,5,2.9828461295311235,0.7026306036052048,4.523152814555667,0.47679166036005494,0.10686019038666492,0.046831986445820366,False,False
D8,primary,165,155,10,5.414184817752211,0.8618506016620785,8.30950745102048,0.5986327655407535,-0.08894245511886545,-0.11797296931738854,False,False
D8,primary,166,160,1,0.42066085722434116,0.5166074734505806,2.258328698295178,0.13289741828710944,0.050798058608930635,0.11769950606509827,False,False
D8,primary,166,160,2,1.83534747457732,0.3994471801987025,2.3476841595405276,0.3091767745408991,-0.09286267023107217,-0.02333842774806705,False,False
D8,primary,166,160,5,7.272590724596015,0.2011438570809424,4.975595197236543,0.41886584897046175,-0.16518199019088814,-0.11953055997564167,False,False
D8,primary,166,160,10,21.79622435328019,0.01617703945810256,11.471281845054564,0.3219975583234278,0.21786411228806957,0.11852652439518223,True,False
D8,primary,167,144,1,0.04070847586619583,0.8401016834503597,0.2916455346339492,0.5891679576724238,0.016639978702305634,0.044538748592351525,False,False
D8,primary,167,144,2,0.07196322531029296,0.9646580308199296,0.8971617024046019,0.6385336832366005,-0.014529293909867106,0.06395129894661497,False,False
D8,primary,167,144,5,2.1814465190866175,0.8235113416363633,3.4097213604548577,0.6370897634599684,-0.03379358084717051,-0.011468210872590458,False,False
D8,primary,167,144,10,7.051531335540932,0.7205712899557847,6.078044805741643,0.8086641688199241,0.1503606099247849,0.06581482871637263,False,False
D8,primary,168,150,1,0.7218534097895323,0.3955366293102588,2.2487569404014245,0.13372178279468405,0.0686831518893035,0.12122633321561799,False,False
D8,primary,168,150,2,0.7466491902529979,0.6884417317412321,2.279050983716493,0.3199708145566408,-0.012686806775794937,0.014023036202117022,False,False
D8,primary,168,150,5,2.95528255274869,0.7068800008197229,4.205282778897733,0.5202547642545791,0.055007151356761916,0.05181603102210382,False,False
D8,primary,168,150,10,6.155152298522911,0.8020638666276001,8.81009926134114,0.5502158354216358,0.03132958042242698,0.023116905794745807,False,False
D8,primary,169,183,1,2.002253160717505,0.15706557850548664,1.778362509715128,0.18235052943083896,-0.10374896643223953,-0.09777648757859131,False,False
D8,primary,169,183,2,2.0595529301727606,0.357086773009341,1.8108743372746943,0.4043650707300237,-0.017502670447472612,-0.013184041754023495,False,False
D8,primary,169,183,5,9.21360127242792,0.1008416816418084,4.157186595146089,0.5270141917460405,0.12573118521096086,0.0964123830599378,False,False
D8,primary,169,183,10,16.35222560500275,0.0899837372957234,10.435255671965752,0.403171463592396,-0.05546946040850507,-0.06996026349181636,False,False
D8,primary,170,164,1,1.9118533659724954,0.16675752903828855,0.6811192261618255,0.40920158888888813,0.1069904770983908,0.0638600720018085,False,False
D8,primary,170,164,2,4.64830522556651,0.0978663396092061,1.7544877456123966,0.41592768298699123,-0.1276072781720764,-0.0799200903409402,False,False
D8,primary,170,164,5,6.378501823758351,0.2711109570782767,2.7557939091423096,0.7375726707914482,0.005614777694750359,-0.061598891867958916,False,False
D8,primary,170,164,10,7.384702762090468,0.6886955925611381,6.427803086727274,0.7781324705262742,0.030366229721413205,0.0010649133537975288,False,False
D8,primary,171,90,1,0.23915670302040168,0.6248158527422728,1.4922422492575114,0.22186888787926085,-0.0507015356855339,-0.12664833972294912,False,False
D8,primary,171,90,2,0.8164212493295353,0.6648388326180825,4.352515202243339,0.11346536973071664,0.07832738188554456,0.17435319387756656,False,False
D8,primary,171,90,5,1.2328787139088973,0.9416844779149903,4.7383447976117505,0.44863995220546415,0.00728609451196356,-0.04016120326618692,False,False
D8,primary,171,90,10,2.9327672240037135,0.9829622494341401,5.610546953438046,0.8468538461367473,0.0489066413398758,0.028406983474755718,False,False
D8,primary,172,164,1,0.20668930566407892,0.6493747607616136,0.5988543420337598,0.4390154806447254,0.03517846111792293,0.05987953726389302,False,False
D8,primary,172,164,2,1.1799178117735694,0.5543500647907642,0.8099553454649164,0.6669917027944221,0.07610075224803867,0.03544269096829458,False,False
D8,primary,172,164,5,2.3732429021752734,0.7954520004879281,1.4814822341790868,0.9151968161866844,-0.03708013264153098,-0.028741477367656677,False,False
D8,primary,172,164,10,3.931985089953866,0.9503630880056684,4.176302194620642,0.9390433589144074,-0.05894938703055548,-0.04285054299992678,False,False
D8,primary,173,153,1,0.06903180369715782,0.7927517232073618,0.011365782096344852,0.9150980500862826,0.02103462819897294,0.008535125124790025,False,False
D8,primary,173,153,2,0.08457001165217817,0.9585965360385523,0.3510865495814387,0.83900108879132,-0.0099466623111743,0.046509102344552106,False,False
D8,primary,173,153,5,0.9951269928465531,0.9629578565134941,1.4249514789946127,0.9215645149799206,0.018398412746208265,-0.023870688195164108,False,False
D8,primary,173,153,10,9.496013415968772,0.48576340825803244,6.174945211364445,0.8003571137743613,0.09884028262320668,0.09878187446622588,False,False
D8,primary,174,150,1,0.03984711302591672,0.8417798054179181,0.8731595871508089,0.3500820839472818,-0.016137049884819638,-0.0755392248767273,False,False
D8,primary,174,150,2,3.059546976125749,0.2165847207848559,3.17497404157798,0.2044387169985007,-0.14000557315642317,-0.12223584825620189,False,False
D8,primary,174,150,5,9.706019691818327,0.08400669758007195,10.841633793231177,0.05461191932261966,-0.13045115058491735,-0.09425898889551926,False,False
D8,primary,174,150,10,15.719320767381364,0.10795402176482904,19.079720556849676,0.03926171616699481,0.11474218467757895,0.11193266374854338,False,True
D8,primary,175,181,1,1.2359762151905067,0.26624794682516284,0.5286684347839802,0.46716721568497477,0.08195519291990223,0.053599792772532934,False,False
D8,primary,175,181,2,2.258136099966537,0.3233344475967411,1.5337913101106142,0.46445265391821555,-0.07432263518351734,-0.07370064043187452,False,False
D8,primary,175,181,5,6.324499387918462,0.2759116901055545,2.6103386751495004,0.7597938130683449,0.061583915413247876,0.03535973625032152,False,False
D8,primary,175,181,10,8.070885205531908,0.621912987578249,5.791610972810511,0.8324566903127809,-0.04184410976792721,-0.01384075631586003,False,False
D8,primary,176,109,1,3.0221603138634343,0.08213398820693996,1.6635751040498081,0.19712131101652453,0.16424641102807144,0.1218592064243718,False,False
D8,primary,176,109,2,3.706495784171773,0.15672730540036472,2.515149362812543,0.2843428128099188,-0.07779499834395208,-0.08678175188085394,False,False
D8,primary,176,109,5,4.465374524930705,0.48452953237027807,2.99335988809217,0.7010096092672522,-0.06081138191053066,0.03238325754489264,False,False
D8,primary,176,109,10,7.567238170961505,0.6710259631619082,8.298188888439473,0.5997352939846031,-0.04954957676454888,-0.05795769323007545,False,False
D8,primary,177,120,1,0.00022607723359787827,0.9880035675515779,0.07698771189315895,0.7814218517752863,0.0013555993673214101,0.02501575694050482,False,False
D8,primary,177,120,2,0.16965645515002215,0.9186700730354113,0.1267061424210392,0.9386120182973897,0.036954395719421156,0.020018391138225098,False,False
D8,primary,177,120,5,0.9321180060603232,0.9678530278705888,3.8892844797253066,0.5654640048814155,-0.06154140317523247,-0.13598504393751426,False,False
D8,primary,177,120,10,3.4540064954532554,0.9686370221008381,7.544043892810818,0.6732771815596961,-0.08903494654141306,0.02887703421141452,False,False
D8,primary,178,143,1,0.15800484269666829,0.691000091665787,0.7961658424499423,0.3722421976335799,-0.03289480765302314,-0.07384037999799935,False,False
D8,primary,178,143,2,0.17541176238739153,0.9160302588324779,0.8086844633027551,0.6674156714123902,0.010879739559660291,-0.009226474369230499,False,False
D8,primary,178,143,5,4.034497994747354,0.5444598566445845,2.846023366062575,0.723709965122607,-0.018833315979828423,-0.03847438188470707,False,False
D8,primary,178,143,10,6.5296597765706075,0.768975869558342,3.9706669673923263,0.9486605437471259,0.04663048864013429,0.022528406910295017,False,False
D8,primary,179,151,1,0.44784057774904884,0.5033622173653809,1.4200602872771897,0.23339348034091378,0.053922890122279146,0.09602069202768529,False,False
D8,primary,179,151,2,0.6352810730846808,0.7278643820425799,1.5452388203992482,0.4618018342095688,0.03476887645189692,0.028413443760179624,False,False
D8,primary,179,151,5,4.939890827048058,0.4232600050554739,5.092827505817705,0.40465684549356584,0.13986785063696655,0.09822141774053471,False,False
D8,primary,179,151,10,6.494028334728075,0.7721914346525746,9.327838250356644,0.5012987449835651,-0.023200833916689572,0.07296137196743123,False,False
D8,primary,180,189,1,0.394830866244108,0.5297709608185324,2.221850005752291,0.136069924129824,0.04534578110577626,0.10756939037979538,False,False
D8,primary,180,189,2,5.501118511234536,0.06389211918662208,7.852246913002596,0.019719969893624234,-0.1626394344209814,-0.17078224688559546,False,True
D8,primary,180,189,5,10.414684116596693,0.0643026834474234,10.760091251828074,0.056349709580815754,-0.029367916726006686,0.00826145536097221,False,False
D8,primary,180,189,10,14.178407515838233,0.1650083291817951,12.096707202646865,0.2786364003335803,0.04495535337307869,0.047821420639839976,False,False
D8,primary,181,164,1,0.03729051296866278,0.8468747660569625,0.2879144200459195,0.5915601290564879,-0.01494228490777794,-0.0415192540843701,False,False
D8,primary,181,164,2,1.1502481330591867,0.5626350602972369,0.30175016411994027,0.859955115771484,0.08138059351667565,0.009073666216084705,False,False
D8,primary,181,164,5,4.1585080946683695,0.5268278571267057,5.179534493227673,0.3943649823560891,0.08491176150741027,0.15630634897410361,False,False
D8,primary,181,164,10,15.853620369955108,0.10390005888569476,9.796507166930047,0.4585242945174084,-0.15606676229055136,-0.12328292522068118,False,False
D8,primary,182,143,1,0.13351467937533054,0.7148153746927727,0.03272527003202255,0.8564450708029083,0.03023825052967023,0.014970412656381547,False,False
D8,primary,182,143,2,0.33138039437319367,0.847308692148842,0.2272287886072652,0.8926020819770528,0.036681138847863066,0.0363681548500997,False,False
D8,primary,182,143,5,4.513503448698394,0.4780787585254077,1.2110095508022019,0.9438167964904796,0.12376849566857795,0.031171357942070828,False,False
D8,primary,182,143,10,11.853292341322941,0.2949951228952634,3.418672771632942,0.969787883842659,-0.18108885897539204,-0.10759863797595944,False,False
D8,primary,183,173,1,0.0308608735175981,0.8605511376567517,0.21965532633972268,0.6393026679685025,-0.013241166751671148,0.03532588224537285,False,False
D8,primary,183,173,2,0.1769142050460474,0.9153423757722962,0.23115653967933694,0.8908508427556251,-0.02872180393332973,-0.008059865768356942,False,False
D8,primary,183,173,5,1.8699959922215872,0.8668252489880032,2.907820726520244,0.7141946604080405,-0.0006554323493727687,-0.08745303003780823,False,False
D8,primary,183,173,10,3.0920608335317934,0.9791737202547273,5.023611533924058,0.889595170215277,-0.07103670664293446,-0.0836454987293373,False,False
D8,primary,184,94,1,0.7541523169293769,0.38516475858189503,1.6787155925840511,0.1950952074883735,0.08815997650700866,0.13153171813558887,False,False
D8,primary,184,94,2,0.757461939421183,0.6847298009455693,2.1572612121681662,0.34006088424852865,-0.005808762231875478,0.06984833255964579,False,False
D8,primary,184,94,5,5.1865330511742895,0.39354237623206445,8.30030215583,0.1404435617049432,-0.15837640884603052,-0.2332541485973648,False,False
D8,primary,184,94,10,7.998374010429364,0.628995767377166,12.668890827667697,0.2427780990737326,-0.015215162315245898,-0.06881561560560193,False,False
D8,primary,185,222,1,4.205262277907579,0.04029874204776829,1.0667167218045737,0.30168823994374006,-0.13670745053362063,-0.0688525758001346,True,False
D8,primary,185,222,2,5.460831263438788,0.06519218809515193,1.4592379197488876,0.4820926517413001,0.07453000214526283,0.041671813601288875,False,False
D8,primary,185,222,5,8.373918939369782,0.136796724577797,2.7560237634531983,0.7375374174136631,0.022836212617413112,0.016831886920003786,False,False
D8,primary,185,222,10,16.40336847309863,0.08865311514302787,5.644832138070557,0.8441683359837622,0.05927628329838898,-0.00808880839686338,False,False
D8,primary,186,133,1,1.9102831525180375,0.16693180901477211,0.7046325717470452,0.4012314474555899,-0.118506762466711,-0.07197399646095388,False,False
D8,primary,186,133,2,1.9417131817578857,0.3787584580665935,3.046626130204593,0.2179884792422162,-0.015143119014601879,0.13071811941080236,False,False
D8,primary,186,133,5,2.4091121868942875,0.7901163677828636,4.615253330541423,0.4646125596656622,0.013061432622719141,-0.026032676499481027,False,False
D8,primary,186,133,10,9.828348386768448,0.45567988485352173,10.490371657177537,0.39857379194976916,-0.02969082287208213,0.06486638334026615,False,False
D8,primary,187,94,1,0.05485857540482822,0.8148149066124817,0.04197950237484741,0.8376588495348855,0.02377739068308454,0.020799867769023588,False,False
D8,primary,187,94,2,0.5113836747129044,0.7743805671895009,0.045088754217844196,0.9777078483829268,-0.06822235393387673,-0.005630180529655312,False,False
D8,primary,187,94,5,5.911094020436656,0.31496622651444794,1.6975683861734012,0.8892059589325736,-0.027470915156490996,0.028156415571433523,False,False
D8,primary,187,94,10,8.708341074549969,0.5599886577055122,7.143389249652364,0.7118423437322023,-0.11787639234840354,-0.13266544971711228,False,False
D8,primary,188,121,1,0.4472582942865904,0.5036398304429628,0.06922517835627129,0.7924682773339595,0.060051600084761236,0.02362530499553392,False,False
D8,primary,188,121,2,0.7044418963673538,0.7031247506759095,0.07249164730706263,0.9644031912257011,-0.04534713743543293,0.005110548415724596,False,False
D8,primary,188,121,5,2.6514715448147896,0.7535300499233499,1.8568397044101663,0.8685781219697748,-0.10502429859971857,-0.11162341157679091,False,False
D8,primary,188,121,10,5.696901505935448,0.8400530335179164,5.03157433721365,0.889058858627579,-0.06921269256199855,-0.0693706219599284,False,False
D8,primary,189,172,1,2.7531661527112887,0.09706205193325534,3.551114118324254,0.059505483356839806,0.1254224899802151,0.14244313457044977,False,False
D8,primary,189,172,2,2.960327394705395,0.22760042774666722,3.5515977998101613,0.16934810325900018,-0.03430361315568013,-0.00165754506636375,False,False
D8,primary,189,172,5,6.026412308305576,0.30365736478763683,4.918657443068959,0.42588787587461074,0.08799898749181054,-0.012775788111743496,False,False
D8,primary,189,172,10,6.327701106304469,0.7870209160902246,6.999557378444613,0.7254867388426695,-0.032531997422792364,-0.003190563053656546,False,False
D8,primary,190,150,1,3.8409010321780896,0.05001663587653393,1.167711865577563,0.27987188977221866,0.1584317681730119,0.08735616447861465,False,False
D8,primary,190,150,2,5.467887191570424,0.06496259762976975,1.6268158482800708,0.4433446040271187,-0.10276739866141622,-0.054590737855865774,False,False
D8,primary,190,150,5,8.084536701311594,0.15163777253773592,5.3864488706223055,0.3705578645836436,-0.014288293082968686,-0.09796946653534062,False,False
D8,primary,190,150,10,12.487117759585331,0.25377679070916814,12.190325952263244,0.27252066489020066,-0.007875312476517841,-0.06965343125901372,False,False
D8,primary,191,129,1,0.0025332219491260243,0.9598585225711296,0.023376749179248903,0.8784814189945739,0.00438037309721499,-0.013306582790762687,False,False
D8,primary,191,129,2,0.6968129527966417,0.705811922010329,0.48400544907989734,0.7850540386378256,0.0722334903619347,0.05883650329188081,False,False
D8,primary,191,129,5,3.0201851644565973,0.6968737156699469,2.159614124487116,0.8266476002493123,-0.12188915646382663,-0.10633366919215792,False,False
D8,primary,191,129,10,4.663342363737637,0.9125036464600766,8.094734006637893,0.6195838545582556,0.012546869900597205,0.1355904468674624,False,False
D8,primary,192,165,1,2.0019006003047077,0.15710210918640033,2.575788393764922,0.10851002726043535,0.10915483342958542,0.12381601076212598,False,False
D8,primary,192,165,2,2.4531448691756985,0.2932961485301999,3.2185852795192496,0.20002905664541226,0.05166535812086888,0.06166382728081054,False,False
D8,primary,192,165,5,3.5605713567379675,0.614242885316893,4.423770400884738,0.49014701815060446,0.015429828100199943,0.0049360154766436536,False,False
D8,primary,192,165,10,7.943542904811042,0.6343516728597811,5.391233048722933,0.8635595035686116,-0.010797253112303897,0.023987404940028417,False,False
D8,primary,193,134,1,0.15175522379501669,0.6968636151958567,0.8759747874489369,0.34930652791023953,-0.03327942330666652,-0.07995576268500101,False,False
D8,primary,193,134,2,0.16298826125260668,0.9217381198634864,0.8928058210526859,0.6399258872368334,0.009020149088251866,0.011041307516274768,False,False
D8,primary,193,134,5,0.7641701087750182,0.9792621761326535,2.77965876112399,0.7339106050371506,-0.02290356799237857,-0.10535133600577218,False,False
D8,primary,193,134,10,2.502579103971832,0.9908380837425378,4.607326825217751,0.9158204400106817,0.07933842617459923,0.041738002266089494,False,False
D8,primary,194,97,1,2.707846041035362,0.0998557369141222,1.3637155502007174,0.24289458086003668,-0.16452963573481275,-0.11675998981778914,False,False
D8,primary,194,97,2,2.7646971667403806,0.25098839314489385,1.453634443647142,0.4834452429861186,0.023715259023826617,-0.029825230936883596,False,False
D8,primary,194,97,5,4.989335078604154,0.4171831378377908,3.5312842308065706,0.6186593036157535,-0.11363058875824412,-0.10873479690188251,False,False
D8,primary,194,97,10,13.299564983540895,0.2074017324482561,11.810545037390419,0.2979361541413392,-0.10180980936910745,-0.14311359574462165,False,False
D8,primary,195,252,1,0.0003037367498493209,0.9860951359373021,0.29055769756917144,0.5898633660662496,0.0010913609312367869,-0.033754829974179563,False,False
D8,primary,195,252,2,0.1964064205214758,0.9064646821122893,0.3444597233091294,0.841785656684508,0.02767544700970551,-0.01450959930486408,False,False
D8,primary,195,252,5,3.331629536909967,0.6490028054312706,0.7724879668494113,0.9787548583143786,-0.09906082386534913,-0.010592175263154579,False,False
D8,primary,195,252,10,13.273023853772552,0.2088048424277037,7.496945279755163,0.6778435932370919,0.07117599165733231,0.02715842825254829,False,False
D8,primary,196,159,1,0.7526121241839101,0.3856504748854296,0.031252958251569096,0.859677222802882,0.06815577310426497,0.013888732366329962,False,False
D8,primary,196,159,2,0.7902673611497015,0.6735899873331854,1.5764866114773342,0.45464276251678604,0.015196760480699456,0.09734987652368106,False,False
D8,primary,196,159,5,3.2766380386580796,0.6574202421632462,4.817861669525401,0.4385107346131425,-0.08500905817816438,-0.1065674617785474,False,False
D8,primary,196,159,10,7.128338814049659,0.7132759854224988,8.025943096642786,0.6263027428393007,-0.04429706059341641,-0.021255821069887097,False,False
D8,primary,197,102,1,0.8014564290539161,0.37065827763101133,0.498799307930087,0.48002817145344023,-0.0873542199391693,-0.06891390382743576,False,False
D8,primary,197,102,2,0.8042463367621054,0.6688983534891059,0.5940374550803114,0.7430300971056605,0.00512835597014638,-0.02996323588682985,False,False
D8,primary,197,102,5,2.630271104502488,0.7567607371888517,4.299895136344559,0.5070943698859961,0.10561954485953004,0.1614363961653584,False,False
D8,primary,197,102,10,6.680677556177564,0.7552077343857986,5.583662016555785,0.8489460528660594,-0.022486752388257203,0.031727085770149765,False,False
D8,primary,198,151,1,0.2520708505060282,0.6156206878670275,1.171109912487315,0.2791733007172261,-0.04045505107747367,-0.08719875192871565,False,False
D8,primary,198,151,2,1.1850416538611943,0.5529316813631031,2.3934914966536494,0.30217597025822407,-0.07756985357810377,0.08878965006249982,False,False
D8,primary,198,151,5,3.449831968920088,0.6309919141890894,2.7137348798800316,0.7440169603101517,0.09990099297687625,0.01338685237642625,False,False
D8,primary,198,151,10,8.243855770063714,0.6050307991597286,7.283155554853545,0.6984701619063594,0.08030696987964724,0.024760778641263286,False,False
D8,primary,199,144,1,1.034686651435237,0.30906044422787726,2.3940670303938507,0.12179639407683862,-0.08389088344460324,-0.12760817503187555,False,False
D8,primary,199,144,2,1.0438988784618135,0.5933626952388538,3.2105784093561334,0.20083146511150296,0.007888034734922902,0.07426216717538393,False,False
D8,primary,199,144,5,3.3518489200863617,0.6459134696024772,3.798102337514446,0.5788349106513608,-0.10373576837808603,-0.021562722136354406,False,False
D8,primary,199,144,10,8.095116395954607,0.6195465119010861,11.248557295971672,0.33848390799577377,0.06860429362748774,0.057619828373060865,False,False
D8,primary,200,132,1,1.2889705247727268,0.25623775652335146,4.151885801784795,0.04158818271131626,0.09770522208178223,0.1753553348027737,False,True
D8,primary,200,132,2,3.026174778604775,0.22022899462788814,7.748993489056181,0.02076478523642622,-0.11299461674070746,-0.16259569066929278,False,True
D8,primary,200,132,5,3.281188401992086,0.6567229371945105,9.54041725374519,0.08935519070938824,0.016800692213834397,0.04278044340612849,False,False
D8,primary,200,132,10,6.4892274269627155,0.7726236871310672,14.05638651949977,0.1704351475740421,-0.0757932303729138,-0.09156083031751003,False,False
D8,primary,201,142,1,0.021778386063832086,0.8826781716050336,1.4915977849938027,0.22196871989198752,0.012254539166924141,0.1014168233099422,False,False
D8,primary,201,142,2,4.4619031783836975,0.10742615591310134,1.5013721951823844,0.47204257434012853,-0.17435571525010204,0.00818057592692332,False,False
D8,primary,201,142,5,11.363789522016011,0.044625591821354504,5.825833430183515,0.3235367076502782,0.1419610048162045,0.07274723282697508,True,False
D8,primary,201,142,10,12.829861172040086,0.23334067923585233,8.729985412621252,0.5579063751998333,-0.09438767191051886,-0.04544636841929819,False,False
D8,primary,202,159,1,0.3191623271754075,0.5721114909982788,0.40568113975243847,0.5241697682258075,-0.04438363366743946,0.05003909564966846,False,False
D8,primary,202,159,2,1.8562224436766466,0.395299639028481,2.776852190524694,0.24946763409727346,0.09709206833119374,0.12059235268800005,False,False
D8,primary,202,159,5,4.714233614413742,0.4517408450355933,7.030851332613569,0.2183559490343545,-0.06538806097526235,-0.08513186798139567,False,False
D8,primary,202,159,10,10.031745452397677,0.4377125742967949,12.08238845894849,0.2795804002926565,-0.09092752162826152,-0.11358971211842189,False,False
D8,primary,203,102,1,3.2790583957907775,0.0701691758472549,3.59769589860168,0.05785971125392353,-0.1766926591913499,-0.18507857921039544,False,False
D8,primary,203,102,2,3.919488950801602,0.14089441831150817,4.602211518684011,0.10014804284058365,-0.07769968648757829,-0.09731092294679987,False,False
D8,primary,203,102,5,6.578502200314894,0.25392123026982794,7.5625372466242435,0.18205022734381315,-0.04217858897688261,-0.055560878351140104,False,False
D8,primary,203,102,10,8.8401822961358,0.5473351806261355,10.155689907007364,0.4269419810455002,-0.000433636902513191,0.016855219342903266,False,False
D8,primary,204,142,1,0.13373981629195764,0.7145855522048262,0.04464030829045591,0.8326668127757745,0.030367881721913306,-0.017544772077105822,False,False
D8,primary,204,142,2,0.6532384443594299,0.7213583680047517,0.10050907952223122,0.9509873296029313,0.05963906169978414,-0.01955794225037195,False,False
D8,primary,204,142,5,1.2467911827907556,0.9403104029188665,0.9874655170692207,0.9635704165562028,-0.05775427355912987,-0.07702502702214872,False,False
D8,primary,204,142,10,3.251889177579968,0.9748594243443334,2.4648717978532213,0.991377792609185,-0.03231362846416029,0.012268736196395482,False,False
D8,primary,205,164,1,0.017225970745713918,0.8955793270076587,0.00018912349163758603,0.9890276636767743,0.010155695873106642,0.0010641199192301795,False,False
D8,primary,205,164,2,0.5906476202954306,0.7442905396115702,0.956241306770468,0.6199473937177322,-0.05841422001554097,-0.07542621904849732,False,False
D8,primary,205,164,5,0.8617354165744247,0.9729297151029858,1.0658800814893985,0.9570790087026877,-0.02188045296045401,-0.00715858725214858,False,False
D8,primary,205,164,10,2.9209212419206003,0.9832242202197309,3.8979048416516404,0.9518351459780053,0.011574355583420452,0.06310629792975128,False,False
D8,primary,206,171,1,0.04095036684131791,0.839633756981869,1.338129249878115,0.24736414836062437,-0.015340243460668446,-0.08769046759866568,False,False
D8,primary,206,171,2,3.1491316846737045,0.20709744610902692,2.585822114060982,0.2744706193675306,-0.13325251616149675,-0.08442597623661938,False,False
D8,primary,206,171,5,3.5964815352396307,0.6088416512730451,6.023440440018391,0.3039447403600206,-0.012955336509347055,-0.024186373943987097,False,False
D8,primary,206,171,10,5.608101046256774,0.8470446871075226,9.59238396279287,0.4769521425459906,0.059229086094649164,0.04785196260874387,False,False
D8,primary,207,107,1,1.354556195102581,0.2444831732369902,4.227248488440142,0.03977987945275363,0.11095485450266127,0.19600930265372318,False,True
D8,primary,207,107,2,1.6255760335683394,0.44361952181131314,4.550523157961265,0.10277002244132438,-0.04939580332548846,-0.05394800013586068,False,False
D8,primary,207,107,5,2.1785672839331096,0.82392569438491,4.8436262452125645,0.43526098596561547,0.01796011565212043,-0.02265440354198475,False,False
D8,primary,207,107,10,13.48314956934982,0.19789813122055033,11.543068972273083,0.3167998938061809,0.08746237181772776,0.12200994080314562,False,False
D8,primary,208,196,1,0.7248344404786546,0.3945626890073457,4.139127872962652,0.041902752688473766,0.060349834742321556,0.14421521994817682,False,True
D8,primary,208,196,2,1.6446178366202828,0.4394159068849395,4.160428198671728,0.12490346758622539,0.06780832504843295,0.010318898874077062,False,False
D8,primary,208,196,5,4.360513497591745,0.49876024671537067,6.535867816463296,0.2575083972849985,0.05576531996591025,0.09301554077656253,False,False
D8,primary,208,196,10,5.977642364095432,0.8171381237310437,9.559991647735982,0.4799061251022476,-0.05247022704161892,-0.060148647413009,False,False
D8,primary,209,127,1,2.020521040112012,0.15518588369565745,0.9289890448204288,0.33512575899747665,0.12465802603298917,0.08452668815974032,False,False
D8,primary,209,127,2,2.099469978951104,0.3500304985868222,1.3038088109122927,0.5210525360021416,0.024543214295105153,-0.05347730755501932,False,False
D8,primary,209,127,5,2.6767347241222352,0.7496743935123112,2.0269497677246746,0.8454035979140737,0.06437248463059779,0.02003965045354064,False,False
D8,primary,209,127,10,7.847739097319137,0.64370667336796,5.839743343263904,0.828542738619652,-0.08353372538235962,-0.02536925797518223,False,False
D8,primary,210,127,1,0.9449192371803128,0.33101594247597865,0.7004584045868901,0.4026297065290928,0.0852483343730592,0.07339724051581167,False,False
D8,primary,210,127,2,2.660503749634561,0.26441065452659585,0.733984262825224,0.6928150964990745,-0.11441009582755804,0.015993674129049687,False,False
D8,primary,210,127,5,14.347042062144746,0.013548934037464155,12.776131035193805,0.025569461979673802,-0.0924964519396129,-0.12249757344145731,True,True
D8,primary,210,127,10,16.46225934794148,0.08714234798567955,17.049625813113213,0.07327307421053175,0.030683344990464274,0.046093135470562485,False,False
D8,primary,211,100,1,0.5702064591834045,0.4501768866712996,0.22143839889140865,0.6379461094665566,-0.07439325782435717,0.04636005875819909,False,False
D8,primary,211,100,2,3.1321085163596614,0.20886769658078141,0.9759585559725417,0.6138655934422756,0.15688962074770949,0.0851428876250533,False,False
D8,primary,211,100,5,7.335818761451521,0.1968388461823991,3.8605712012144395,0.5696600083065413,-0.1393982525306067,-0.10270857283673056,False,False
D8,primary,211,100,10,11.4819222116189,0.3212235668498027,8.554453634874633,0.5748432192995514,0.032081732394224655,-0.051625564642697665,False,False
D8,primary,212,191,1,0.0048948616277498126,0.944222880164735,0.10865170885309039,0.7416843982402687,-0.005022866922798961,0.023664631327110587,False,False
D8,primary,212,191,2,0.6747965369413741,0.7136245691326419,0.1087320973333021,0.9470853637087112,-0.058605867099400445,0.0006419962230168169,False,False
D8,primary,212,191,5,3.4950610194329923,0.6241350899649084,2.409488067093274,0.790060327316776,-0.11461303836794978,-0.10419677355836947,False,False
D8,primary,212,191,10,7.1656987735017434,0.7097148575163682,7.69407074120969,0.658691469244687,0.0740651681656468,0.10915266670117806,False,False
D8,primary,213,136,1,0.2579388386396134,0.6115397494318444,0.002812195565991349,0.9577078946161054,-0.04307410445812358,0.004497598116980742,False,False
D8,primary,213,136,2,1.461908955577551,0.4814492381093811,0.5103765186127146,0.7747706264499555,-0.0927152674934921,-0.060198954070638945,False,False
D8,primary,213,136,5,3.328746944606067,0.6494434962473757,0.8799931100588495,0.9716531242208539,0.026915634753465083,0.02517814256257471,False,False
D8,primary,213,136,10,8.00058842307326,0.6287794560092881,5.226970847966756,0.875509448641743,0.10590237811756427,0.09709338240727036,False,False
D8,primary,214,156,1,0.1834333382885834,0.6684391366269303,0.04230998119484201,0.8370300224454964,-0.033963633152778026,-0.016311594728102473,False,False
D8,primary,214,156,2,4.996099382184844,0.08224524594298599,1.6456632723399969,0.4391862763637213,0.1734053055190343,0.10008848868800785,False,False
D8,primary,214,156,5,10.210949783747123,0.0694740231397677,5.7343379125163185,0.33293312604371095,0.09245788350244095,0.06216287469114054,False,False
D8,primary,214,156,10,11.678454242405193,0.3071525810605975,6.918312043171049,0.733133642045783,-0.020593826168308363,0.014844712188993973,False,False
D8,primary,215,91,1,0.12056250728719853,0.728425204062884,0.05474332161597884,0.8150060113383264,0.035806776040681075,0.024128185154529257,False,False
D8,primary,215,91,2,0.5441336207759555,0.7618033630113508,0.1871162709056045,0.9106850727981668,0.06674150570150271,-0.03731061910312563,False,False
D8,primary,215,91,5,2.2942883562015046,0.8071053902858413,3.5684661209936848,0.6130540990074073,0.08173082946461058,0.16639533188941924,False,False
D8,primary,215,91,10,8.585653919436655,0.5718248870004294,9.452858537437603,0.4897310569417971,0.08971209302851416,0.07260037720683903,False,False
D8,primary,216,118,1,1.8752733383048017,0.17087233755740006,0.2541975990329782,0.6141348052077364,-0.12447828429656634,-0.04582970125839254,False,False
D8,primary,216,118,2,1.9319297609483346,0.38061577377849676,0.25758194433380444,0.8791577147726329,-0.02154378183560987,-0.0052654404026526705,False,False
D8,primary,216,118,5,9.351319731600455,0.09584538436378731,8.369086799904398,0.13703347169577962,0.060117795793582667,0.09019002952155167,False,False
D8,primary,216,118,10,18.020444764690453,0.05461974512695267,13.793462934557805,0.18262256175796476,0.046203304788735376,0.09530757614906046,False,False
D8,primary,217,142,1,0.08049641404765162,0.7766258097940487,0.1335815074568861,0.7147471328701875,0.023559843704146148,0.03034990305398671,False,False
D8,primary,217,142,2,0.6854689665713022,0.7098266573831693,0.23117903747514032,0.8908408217218121,0.06435857731983949,0.02584984914519242,False,False
D8,primary,217,142,5,5.285062778393823,0.3820901549973942,3.508201055790776,0.6221470685064369,0.1509847603930192,0.11005614211253645,False,False
D8,primary,217,142,10,6.857505043311936,0.7388253984270035,6.434499044753676,0.7775339217176471,0.05046501577025134,0.022426401599121862,False,False
D8,primary,218,131,1,0.15253412243883283,0.6961253281703619,0.10438384120013112,0.746630958976982,-0.03373600961209458,0.027907879877996533,False,False
D8,primary,218,131,2,0.678557878095629,0.7122837376287396,1.2567077941044744,0.5334692239065736,-0.062407396577231766,-0.0923678173944667,False,False
D8,primary,218,131,5,1.389275087767399,0.9254828583028213,2.920649937219895,0.7122178865433034,-0.049475208286893314,-0.06223168528356645,False,False
D8,primary,218,131,10,4.854826412345741,0.9006622556320135,8.166810840449623,0.6125469571033986,-0.010782680148916217,0.06163311873821836,False,False
D8,primary,219,128,1,0.09102192088151886,0.7628819927491411,0.43113070590962344,0.5114346490630398,0.026357134798852124,0.05736271217636502,False,False
D8,primary,219,128,2,0.1647637344731402,0.9209202222819323,0.5716943584257679,0.7513774332641987,0.02363009778199311,0.032624594951282206,False,False
D8,primary,219,128,5,1.0827798260223063,0.9556165448963302,1.9738430803221518,0.8527523842200946,-0.0703731245668711,-0.06277963080478331,False,False
D8,primary,219,128,10,4.1149826405474474,0.9420108483399324,3.643831376006591,0.9619875431510282,-0.029990278092341456,-0.08243551371685559,False,False
D8,primary,220,86,1,0.10640955094161521,0.7442694338734428,0.7179970831887145,0.3968016890502385,-0.03457078222841393,-0.08980080733944525,False,False
D8,primary,220,86,2,0.1293979156870791,0.9373496026531047,0.8458545982965767,0.6551262596175944,0.015973611624064854,-0.037671439103595335,False,False
D8,primary,220,86,5,0.58098862486408,0.9888571305761815,1.5902295454333966,0.9024283505443828,-0.0009307359931884746,-0.08153457390193145,False,False
D8,primary,220,86,10,6.717882660976401,0.7517830411896596,7.151510964265061,0.7110681638621661,-0.17735963709937336,-0.11898895817606256,False,False
D8,primary,221,127,1,0.05138932994330173,0.8206631332108647,0.14582403587782516,0.7025584355478507,0.019880396161816166,0.03348907204878936,False,False
D8,primary,221,127,2,4.254731131962592,0.1191507756042175,8.297614059894132,0.015783234183866846,0.17908352914304673,0.24939330069965132,False,True
D8,primary,221,127,5,7.433172436768241,0.19036578117112368,13.171835635242779,0.021820608124106133,-0.14735859863387785,-0.18724648449780928,False,True
D8,primary,221,127,10,11.092919673961953,0.35032469698073676,15.97504956494313,0.10034886627305795,-0.08113998058606267,-0.06643763255929672,False,False
D8,primary,222,103,1,1.2038829634726778,0.27254697793585336,0.06817548867906724,0.7940120267278932,-0.10655625741324191,-0.025357180016474114,False,False
D8,primary,222,103,2,1.242369899708627,0.5373073779281392,0.06819839371498965,0.9664756285370851,0.018958505337342987,-0.00046250125295400424,False,False
D8,primary,222,103,5,2.6513514155175426,0.7535483691340825,2.1237293583485304,0.8317734219630935,0.11181970568277737,0.09648632901963297,False,False
D8,primary,222,103,10,4.845274005145795,0.9012711772846802,3.0116830134504826,0.9811477844526547,-0.06476503086467117,0.0410345438776179,False,False
D8,primary,223,200,1,0.3059732550879147,0.5801617333264747,0.8217714025019851,0.3646627579731089,-0.03882197173213474,-0.06362259334239107,False,False
D8,primary,223,200,2,0.3109771387234261,0.8559968614635055,0.823966600858101,0.6623353366757152,0.004952169641100681,-0.0032800374096474305,False,False
D8,primary,223,200,5,0.5081908207061401,0.9918203071415121,1.5828650657335148,0.9033136611341063,0.01402091534502114,0.021041010596346627,False,False
D8,primary,223,200,10,7.108804332776564,0.7151347885389069,6.309133421892492,0.7886569878464157,-0.16262866213789987,-0.11599960829589306,False,False
D8,primary,224,179,1,0.7704346399740064,0.38008262655463887,1.9637243213910698,0.1611155684640193,-0.06505970635794187,-0.10386864299197356,False,False
D8,primary,224,179,2,1.8737301793835417,0.3918543400729312,1.9639323162404017,0.3745739028462336,-0.07763664535104452,-0.001065975248059241,False,False
D8,primary,224,179,5,6.666339910724155,0.24666083592334975,3.2136859948254637,0.6670799753596918,0.1232832525184066,0.057374716587739336,False,False
D8,primary,224,179,10,24.97894882745249,0.0053855505530154835,12.062383881985244,0.2809030818164999,-0.0801674647580461,-0.07348023834111127,True,False
D8,primary,225,156,1,0.9596682298645798,0.3272704811900222,0.3127468087664053,0.575999504818733,-0.07768471293023474,-0.04434773562717427,False,False
D8,primary,225,156,2,0.9778821303846666,0.6132754692007241,0.31429098199655375,0.8545797161165276,-0.01066770501191564,-0.003106114974860373,False,False
D8,primary,225,156,5,8.156912048066959,0.14779728820281113,4.394705963276505,0.4940937841602966,0.0933223023240033,0.07068439560870048,False,False
D8,primary,225,156,10,16.233247493280047,0.09314726712100452,15.727333701156457,0.10770836367564596,0.0010334737232248357,0.024533888101469007,False,False
D8,primary,226,158,1,0.3731649123973199,0.5412841537549208,0.00015642802730800434,0.9900210229638124,0.04814062143568951,-0.0009856405800996169,False,False
D8,primary,226,158,2,0.6494861030119344,0.7227130298110724,1.1918909281255758,0.55104132972727,-0.041293420633963906,-0.08575580349390285,False,False
D8,primary,226,158,5,1.2085811205464203,0.9440514778171488,3.479919905844806,0.6264281569860922,0.023855311299198385,0.08006935077908811,False,False
D8,primary,226,158,10,3.140391038778789,0.9779243192527153,8.318208573647317,0.5977853565369782,-0.02068703792957625,0.0720141889958369,False,False
D8,primary,227,74,1,0.1042549985902912,0.7467820137127292,4.007874183267079,0.04528821864927479,0.03678639394817593,0.22808452153726275,False,True
D8,primary,227,74,2,0.6442739579623663,0.7245989287086592,4.6701926356967,0.09680115839813275,0.08314728944232345,0.09208248259857676,False,False
D8,primary,227,74,5,1.888629071375188,0.8643307558495033,5.740867698798105,0.33225567348337226,0.027603751565124797,-0.0014187489591906191,False,False
D8,primary,227,74,10,5.4972117480112646,0.8555908179408026,7.105193781341486,0.7154781029967472,-0.021334234414247245,-0.05721780925114933,False,False
D8,primary,228,97,1,2.3771589910466955,0.12312127575523979,1.0834380884625574,0.2979297033962972,0.15415629604183878,0.1040720721342359,False,False
D8,primary,228,97,2,2.6246759272029876,0.26918996376771953,1.5567047611903144,0.45916191249247806,0.04948354426745902,-0.06842444753314621,False,False
D8,primary,228,97,5,3.8231981765707417,0.5751415992215227,3.5611732871389306,0.6141522210630974,0.007327976484205759,0.07159046537618191,False,False
D8,primary,228,97,10,5.248141974849517,0.8739973641240708,7.6386830360155376,0.6640825579054671,0.0590914533874681,-0.01321793066445599,False,False
D8,primary,229,150,1,0.4570092012303501,0.499025054020967,0.28883294825160694,0.5909693768288884,-0.054649750398028,-0.04344592792250825,False,False
D8,primary,229,150,2,0.8133683528636965,0.665854449625499,0.450169415865554,0.7984485809659663,-0.04809582651484725,-0.032361579184560875,False,False
D8,primary,229,150,5,5.996302754251198,0.3065788427766122,2.334344544301629,0.8012096598786553,0.1470796041776323,0.09956259381752199,False,False
D8,primary,229,150,10,12.172523982984677,0.2736760756215133,6.652829838128047,0.7577628922717737,-0.16690622056274598,-0.08075994354048179,False,False
D8,primary,230,100,1,0.24995751904352578,0.6171049911841173,1.2563680088266667,0.26233969825370196,-0.04925503297196658,-0.11042717095747127,False,False
D8,primary,230,100,2,0.43568861416708093,0.8042506480483925,1.3855151963264758,0.5001948291468926,-0.04224304945973582,0.03522535903459063,False,False
D8,primary,230,100,5,1.9391335121772102,0.8575013700609165,2.3120229482288774,0.8044994193177238,-0.08163602988842394,-0.07761430744301415,False,False
D8,primary,230,100,10,6.154737657347234,0.8020995674800744,9.74474162332569,0.4631662724222253,-0.10397495479001247,-0.17408066002191075,False,False
D8,primary,231,173,1,0.016820520904559426,0.8968085686143327,0.06297897953344797,0.8018480266008161,0.009775565006696003,-0.01891559284057528,False,False
D8,primary,231,173,2,1.0682324914866683,0.586187106650526,1.9218244523109496,0.38254376033476123,-0.07706238359366775,-0.1024654904900631,False,False
D8,primary,231,173,5,9.338816507843646,0.09628943146612823,5.254193667637789,0.3856521846745582,-0.10363360781572593,0.015018229978772663,False,False
D8,primary,231,173,10,12.886428950680115,0.23009121972021418,8.546361665492292,0.5756265457648152,-0.01071160308028713,-0.04931857833947316,False,False
D8,primary,232,100,1,0.4269432621095969,0.5134926673824709,0.2838961482594539,0.5941588401722712,0.06437282868894822,0.052492500563979666,False,False
D8,primary,232,100,2,0.42694340399680414,0.8077750182458991,0.707212591478257,0.7021513529241588,3.692194510304861e-05,-0.06377427368357033,False,False
D8,primary,232,100,5,1.0679401313068657,0.9569019237525825,3.031184716250982,0.695177895251079,-0.03977961224723769,-0.00016503427007601856,False,False
D8,primary,232,100,10,6.9594794135621845,0.7292647294270898,10.88551905614355,0.3665064715097519,-0.10050908832384599,-0.15649942430097444,False,False
D8,primary,233,116,1,0.0012998864712255368,0.9712393502917287,0.2884098663998974,0.5912413317272557,-0.003304696905728275,-0.04922480207569459,False,False
D8,primary,233,116,2,0.4602046981281463,0.7944522868941024,0.38918589172007406,0.8231696644883371,0.061822097122650126,0.0289708368329026,False,False
D8,primary,233,116,5,2.1604635474184994,0.8265258251046054,0.48666710291625126,0.9926033573370299,0.0903902429506112,0.015390392889054581,False,False
D8,primary,233,116,10,8.248684172529773,0.6045600195533416,7.346824865787816,0.6923468178499045,0.035077914321641326,0.12888992939571914,False,False
D8,primary,234,130,1,0.8565139552163458,0.3547160787376131,0.16207950628271003,0.6872491380197399,0.08024231230665455,0.03490601459523087,False,False
D8,primary,234,130,2,0.9734283206504395,0.6146426971061882,0.30472001166243134,0.8586790956086754,-0.029531144690555077,-0.032618784798234574,False,False
D8,primary,234,130,5,1.1597952914074625,0.9486758166156667,0.9125143067344946,0.9693090390841682,0.00459302369092133,0.01515543943581189,False,False
D8,primary,234,130,10,9.149195279504685,0.5180054506258771,8.495325137354381,0.5805715885116639,0.08702452200779594,0.07049958026976966,False,False
D8,primary,235,137,1,1.4706669020937515,0.22524050105475957,1.9877419261369793,0.15857718120684205,0.10248467536566358,0.11914663177440164,False,False
D8,primary,235,137,2,1.4932748164314935,0.47395760215609417,2.0945649787245735,0.3508900019595036,-0.012659875944891343,-0.027518939451430365,False,False
D8,primary,235,137,5,4.25090085310495,0.5138864932720227,4.747227707985088,0.4475009844647422,-0.05432980145276102,-0.08332501787535673,False,False
D8,primary,235,137,10,4.578687731770466,0.91749009581011,5.621720114540726,0.8459808014856176,0.02703230311815824,0.02868403032326543,False,False
D8,primary,236,177,1,0.43890687567693093,0.5076505322995769,0.170307508378261,0.6798386597689101,0.04937753180351908,-0.03075814095491104,False,False
D8,primary,236,177,2,0.9570593514884258,0.6196938732236208,0.8253628126106161,0.6618731178427426,-0.05349764499470547,-0.06015127807064656,False,False
D8,primary,236,177,5,8.506102873858913,0.13046119249129662,3.582948828021699,0.6108752552089325,-0.021406917304301824,0.05658657554981485,False,False
D8,primary,236,177,10,13.49983945385251,0.19705150513813208,6.663900315373163,0.7567479770753085,-0.027035243701200164,-0.013810003270714924,False,False
D8,primary,237,148,1,0.13686968599969343,0.7114130151035309,0.4568126722093554,0.49911735451678263,0.03010480480189387,0.05499855150212793,False,False
D8,primary,237,148,2,6.281046923447928,0.043260146942930344,3.349990455157594,0.18730907339761738,-0.20101654683666476,-0.13793913599558733,True,False
D8,primary,237,148,5,7.516940541049855,0.18494440812084656,4.192006829184486,0.5221159673761983,0.08437628816047356,0.001931139754659766,False,False
D8,primary,237,148,10,14.768412116489536,0.14073601583450457,7.990074098589596,0.6298065300555233,0.09499412652869328,0.036816300992672475,False,False
D8,primary,238,120,1,0.42149549721493995,0.5161917619922591,0.08425157483008039,0.7716164055867661,0.058532815143928885,0.026169290971364882,False,False
D8,primary,238,120,2,0.43193751994831525,0.8057604734583107,0.6275239910033664,0.7306929156664164,-0.009174085482252443,-0.06617276666719656,False,False
D8,primary,238,120,5,1.5420971383375097,0.9081612862754112,3.7718789740848875,0.5827045721410647,0.05278144778043723,0.04544638604594373,False,False
D8,primary,238,120,10,4.3526781033076904,0.930037846869112,5.709994417841037,0.8390113477878689,0.0003556950485412717,-0.06698169925569933,False,False
D8,primary,239,75,1,0.0012154631989865342,0.9721885906437998,1.6627530648241569,0.19723202018177377,-0.003946487873092751,0.14596668468674423,False,False
D8,primary,239,75,2,2.1682630504023312,0.3381953725480955,5.241131719762806,0.072761678261556,-0.16550825504364447,-0.2126809458533947,False,False
D8,primary,239,75,5,2.930410807584083,0.7107136604350655,5.450452215047008,0.36340956955479053,0.009537278968423187,-0.044349704784430136,False,False
D8,primary,239,75,10,9.52614462005031,0.4830011184808518,9.916033868027265,0.4478906075702447,0.17950677278132837,0.06558810533540207,False,False
D8,primary,240,113,1,1.159753005895042,0.28151677072043846,0.147620558640812,0.7008196875720398,0.0999778107972363,0.035669275783493104,False,False
D8,primary,240,113,2,1.1613274533124185,0.5595268703943383,0.148057755627848,0.9286448762201349,-0.003667223913208845,-0.0019324662936831302,False,False
D8,primary,240,113,5,3.24666625180093,0.662016420580205,5.302937465946933,0.38003839937327144,-0.11065797497106646,-0.1127136791548335,False,False
D8,primary,240,113,10,6.539434528189407,0.7680914721325987,9.030194391843049,0.5292404370783451,0.012897041007032999,-0.06167773741262492,False,False
D8,primary,241,131,1,0.9730839533217315,0.3239122523436233,0.9164307972803039,0.33841387681483825,-0.08520897935053424,-0.08269134303587612,False,False
D8,primary,241,131,2,3.3809854713430534,0.18442862703735008,1.7611060297222718,0.41455359398116864,0.13352197484045802,0.07908211338154231,False,False
D8,primary,241,131,5,5.152211076660651,0.3975881595904436,2.629602083369937,0.7568626111252046,-0.08438664144450846,-0.04105627757631924,False,False
D8,primary,241,131,10,7.400327649554782,0.6871877361476363,5.420742296917783,0.861360628415603,-0.010395218815508846,-0.009100043890781874,False,False
D8,primary,242,190,1,0.9775522348864087,0.322803867995471,1.1067655779853385,0.2927861223101098,0.07116615033687045,0.0757236098143254,False,False
D8,primary,242,190,2,2.8837395288872463,0.23648517347721087,2.238421393160041,0.3265374300436894,-0.09911383828999103,-0.07636752038863266,False,False
D8,primary,242,190,5,6.578626140287024,0.25391086263195906,5.1500578417573015,0.3978429481449579,-0.12558050969433746,-0.09949857223717265,False,False
D8,primary,242,190,10,9.674060745259666,0.46953918097825276,6.445526372252826,0.7765471316284178,0.028954882669234343,-0.01310993456374434,False,False
D8,primary,243,195,1,3.0946046767519277,0.07855222949062135,3.085333711824372,0.0790010579703373,0.1250123833293302,0.12482498382580524,False,False
D8,primary,243,195,2,3.363335540957425,0.18606340607586613,3.161437803836568,0.20582707552493473,-0.03674404887853337,-0.01955384823567969,False,False
D8,primary,243,195,5,5.431837898169565,0.36547800385562335,6.723684745311326,0.24201451426817877,0.06330663314216971,0.0934078256581344,False,False
D8,primary,243,195,10,12.564706083905152,0.24903757877252541,11.506094107104397,0.3194699154873728,-0.041082892053441,0.01222513387961675,False,False
D8,primary,244,164,1,0.23470326046346748,0.6280581502365409,1.817191271010865,0.17764797151151046,0.03748671596211382,0.10430812893363453,False,False
D8,primary,244,164,2,1.988595885301941,0.36998310274221746,3.891666305691829,0.14286814273909754,-0.10216050714053936,-0.11110552236631074,False,False
D8,primary,244,164,5,4.868430836373426,0.4321473400069966,7.896584443299909,0.1620279116652461,0.11059227674712066,0.1446823291816741,False,False
D8,primary,244,164,10,10.643882131425547,0.3859272132898528,10.317751141728142,0.41307208448769483,0.022420168659591524,0.014372310447499004,False,False
D8,primary,245,138,1,0.5842562227074897,0.4446488366565565,1.2701813108729259,0.25973266886237256,-0.06436627788142486,-0.09490510668464339,False,False
D8,primary,245,138,2,0.5862642679353507,0.7459235723440547,1.2745328912697855,0.5287357783955078,-0.0037596952033655184,0.005534640273699983,False,False
D8,primary,245,138,5,1.9471433555635917,0.8564093743729709,2.70880835029563,0.7447709131966015,0.08322015889483457,0.07742241541881913,False,False
D8,primary,245,138,10,5.667659464741405,0.8423695976656915,6.383051695001132,0.782120091941538,-0.05545915575573444,-0.05597142697494703,False,False
D8,primary,246,168,1,0.2514533337897786,0.6160535945280572,1.1229960839121618,0.2892742330830459,-0.03834491973063597,0.08103418245380753,False,False
D8,primary,246,168,2,0.2553605094959025,0.880134753066715,1.7476743400697277,0.4173470412704854,-0.004765477390827153,0.0602563938638552,False,False
D8,primary,246,168,5,6.9670640839024225,0.2231013414735643,7.928118333942342,0.1602419145759767,-0.137882835543736,-0.16686400357679534,False,False
D8,primary,246,168,10,9.71074890329236,0.4662262601963836,9.371227706049243,0.49727198279940077,-0.007703483793850074,-0.009839003287965635,False,False
D8,primary,247,125,1,4.073314245461718,0.04356571644177942,2.684566883606843,0.10132477223536451,0.17837251411392682,0.14480751134806097,True,False
D8,primary,247,125,2,4.991072668604744,0.0824522175781558,3.768742105366031,0.15192458194516512,0.0843256851041797,0.09165273463154967,False,False
D8,primary,247,125,5,5.696620229766461,0.33686692836434706,4.115839328477155,0.5328614556527079,0.0016378575913176912,0.03684385553011383,False,False
D8,primary,247,125,10,13.40071059225091,0.20212230901347905,11.933112404327009,0.2895579915004236,0.0691103858246426,0.09861026897744271,False,False
D8,primary,248,142,1,0.10137598407961686,0.7501846062957065,0.6798342004087364,0.4096438224523069,-0.026439405132141106,0.06846768477502552,False,False
D8,primary,248,142,2,3.125784998613294,0.20952913097077852,1.7972252823436738,0.4071341092037404,-0.14389935971186557,-0.08746638955163138,False,False
D8,primary,248,142,5,4.1521138780058635,0.5277297752034338,4.987875717553331,0.4173616461285181,-0.051424469934813546,-0.09230002585845981,False,False
D8,primary,248,142,10,10.620705057003534,0.38782143941959357,10.53318286280173,0.3950232333824457,-0.05430481070582813,-0.10193783702415715,False,False
D8,primary,249,79,1,0.5123077871535504,0.4741415356477029,0.05758537350563267,0.8103538809916242,0.07902358441953365,-0.026493988306476396,False,False
D8,primary,249,79,2,2.3208390084364705,0.31335469968775254,0.8321731759428556,0.6596231525808742,-0.14752047862627357,-0.09654385459430316,False,False
D8,primary,249,79,5,7.495345029679386,0.18632905769157881,4.758961607688884,0.4459993148048993,-0.04183580613278258,-0.010360749481627716,False,False
D8,primary,249,79,10,7.90707970956876,0.637912884699917,4.971577049117473,0.8930685861213702,0.012008587807197778,0.03827746992133919,False,False
D8,primary,250,123,1,0.3342558334119504,0.5631637801944284,0.6919237145068288,0.4055108238821731,-0.05150054806007721,-0.07409714264147722,False,False
D8,primary,250,123,2,1.599019606389841,0.44954927773396547,0.7708291981461913,0.680168580475592,-0.09976767044996586,-0.024919465105852745,False,False
D8,primary,250,123,5,2.5988538244176818,0.7615394076254327,4.862481214911376,0.43289283220866603,0.05187088642756493,0.06141178276737765,False,False
D8,primary,250,123,10,5.742005205599401,0.8364530336689635,7.931597148120191,0.6355184317769491,0.04230269442849854,-0.03521555752420383,False,False
D8,primary,251,195,1,0.009426531609970172,0.9226546624523569,0.31203149508838507,0.5764362461254903,0.006899639666242983,0.039696266467355155,False,False
D8,primary,251,195,2,0.10609416978172785,0.9483353591641694,1.6234183377810942,0.4440983780580702,-0.022037828024589222,-0.08116964503602993,False,False
D8,primary,251,195,5,10.82727660350858,0.05491419085936888,9.036882325646056,0.10760205822959068,0.013609187132460163,0.043507767630424944,False,False
D8,primary,251,195,10,12.096924625643993,0.27862208378455033,11.07582289937328,0.35164130504859936,0.07262858770377266,0.06849971061787444,False,False
D8,primary,252,151,1,0.08547407670267962,0.7700117711489907,0.08166795711002457,0.7750496442876198,0.023557470154821587,-0.023026996051089578,False,False
D8,primary,252,151,2,0.08632251731635222,0.9577569310158812,0.08299416915832093,0.9593521322525941,-0.002339212466843393,0.0029245929562064926,False,False
D8,primary,252,151,5,0.5252954657469573,0.9911677681925111,0.3880893482237629,0.995651314737818,0.03121591855007517,0.017445718782799362,False,False
D8,primary,252,151,10,5.245498215618206,0.8741866476672501,1.8802049660210192,0.9971785422361382,-0.13426139114472901,-0.06242360605358826,False,False
D8,primary,253,215,1,4.4387801256185995,0.035131341046535924,3.4833629622834987,0.06198864407166871,0.1426887082079601,0.1264029340003722,True,False
D8,primary,253,215,2,5.3467492056855175,0.06901892043000946,6.07925226282929,0.04785277680020672,-0.06438374498129967,-0.10886387502826561,False,True
D8,primary,253,215,5,6.412972152953759,0.26808227127400797,9.645809652447344,0.08591613024707634,0.04708875113220384,0.08293830775914567,False,False
D8,primary,253,215,10,8.068009402571477,0.6221938637120943,12.322561912710807,0.26404849967962296,-0.006283421095006271,0.07415664096313396,False,False
D8,primary,254,149,1,0.7379190529752343,0.39032829612493347,0.30846532406992927,0.578623454124946,-0.06967125149941136,-0.045045605073024936,False,False
D8,primary,254,149,2,1.2158690256936482,0.5444743131444807,0.3152909127129691,0.8541525626525075,0.055881528943882285,-0.006678010769532077,False,False
D8,primary,254,149,5,4.182806241780692,0.5234078949874388,2.6708748447522184,0.7505692689157,-0.03665778474796351,-0.050304255483304645,False,False
D8,primary,254,149,10,11.78055492720228,0.3000116336097345,11.829228647497137,0.296648210026333,0.059881349332745804,0.0757020273745006,False,False
D8,primary,255,86,1,0.16882185874174097,0.6811609884913029,0.021877035245265682,0.8824146841687707,0.0435444931640786,0.01567520157710999,False,False
D8,primary,255,86,2,2.3626870210658186,0.3068661835773472,0.7653802203154818,0.6820242189190133,0.15604650538854628,0.09084279711555143,False,False
D8,primary,255,86,5,3.1998642569268774,0.6692037642861322,2.4422135989766836,0.7851715508557787,0.03130143444534498,0.05322008119600861,False,False
D8,primary,255,86,10,10.13388095647582,0.42882707328698466,7.383257102483895,0.6888350545919805,-0.12048466424562729,-0.07787907412593259,False,False
D8,primary,256,131,1,0.07204209978951918,0.7883863642751623,0.23858438313772443,0.6252304224959928,-0.02318480188225293,0.042192107046545545,False,False
D8,primary,256,131,2,0.08882303329547066,0.9565602360054558,0.4219996174388475,0.8097742217753412,-0.011146575065825611,-0.03685115373637647,False,False
D8,primary,256,131,5,2.681527124896138,0.7489422994694096,3.719902846862702,0.590404928049207,-0.00978023523500682,0.07014157963961125,False,False
D8,primary,256,131,10,6.247091154801975,0.7940940241721557,7.764453248541404,0.65183245448371,-0.08360475221119072,-0.022917728960296507,False,False
D8,primary,257,96,1,1.943778236146766,0.1632588856979844,0.09442697533044363,0.7586228555698618,-0.14009947436087294,-0.030878854961205272,False,False
D8,primary,257,96,2,2.001398772753588,0.3676222412535277,0.7612348547708253,0.6834393047733107,-0.023994070007375575,-0.08162357906496481,False,False
D8,primary,257,96,5,3.9568919287770052,0.5556390452765728,1.0317948801131016,0.9599607456249879,-0.09071372313457657,0.03090038112686273,False,False
D8,primary,257,96,10,9.589496430630435,0.4772151476246649,4.8669818927303945,0.8998846721282096,0.10580104725722257,0.09572215359947173,False,False
D8,primary,258,139,1,0.05064196119647183,0.8219499550203806,0.19599229447731753,0.6579753855370172,0.01888329791118887,-0.03714856869137268,False,False
D8,primary,258,139,2,0.7113037510993464,0.7007165143314267,0.7855887265825157,0.6751675725493582,-0.06795680025717532,-0.06419788943993308,False,False
D8,primary,258,139,5,3.4129656915881204,0.6365959779857209,2.2997689374232815,0.8063008061379565,-0.016296690230514003,-0.05027776400645016,False,False
D8,primary,258,139,10,11.807262603959288,0.29816282837967933,6.993275324861905,0.7260796511139453,-0.0038063113474731385,-0.04755010500251705,False,False
D8,primary,259,118,1,2.6989799189094988e-06,0.9986891901603266,0.0006793511951522754,0.9792059989043262,0.00014933483651770327,-0.0023692368349921525,False,False
D8,primary,259,118,2,0.48462097583089553,0.7848124649326215,0.379695169095275,0.8270851848996603,0.06300822748867851,0.055721915271773254,False,False
D8,primary,259,118,5,3.986407124329063,0.5513746559000944,3.755494346450909,0.5851276699119375,0.0943722776382368,0.04126467090837179,False,False
D8,primary,259,118,10,11.548951217590131,0.3163765186167309,9.713374708916042,0.4659895594242013,-0.08276076112186122,-0.011256742501594424,False,False
D8,primary,260,158,1,0.03418997441569279,0.8533033044441349,0.015147764587103287,0.9020467139353034,-0.014571715361565084,0.009699192189087453,False,False
D8,primary,260,158,2,5.1829787536261716,0.07490839014216433,7.356905167108984,0.02526203549505135,0.17824867176401143,0.21285006114215815,False,True
D8,primary,260,158,5,13.358463432963093,0.020241427802894507,11.758836135549767,0.03824595366509165,-0.13826476072933946,-0.11750259849500941,True,True
D8,primary,260,158,10,14.711609399563267,0.14293513316033102,15.451644274135536,0.11644271654841754,-0.04885649628737738,-0.09701443245733181,False,False
D8,primary,261,114,1,0.34729777606555534,0.555646793823119,0.4917861292089767,0.4831316331913308,-0.05447645049149615,-0.06482550954590907,False,False
D8,primary,261,114,2,0.3628470013979631,0.8340820495567413,1.8194554195893895,0.40263384236055944,0.011475773546732754,0.10604069025003011,False,False
D8,primary,261,114,5,0.8764934812842856,0.9719000263519021,2.8926306185003936,0.7165346860470458,0.04648462862859293,-0.02400260658458081,False,False
D8,primary,261,114,10,7.823989552998097,0.6460246268166071,7.176788086381876,0.7086563221165076,-0.01168806526842378,-0.019443417895498825,False,False
D8,primary,262,143,1,0.28936779550605907,0.5906259468366735,0.2900160238711729,0.5902102619858012,-0.04451611443902659,-0.044565948017258085,False,False
D8,primary,262,143,2,0.8200147372232423,0.6636453599733907,0.302733405062388,0.8595324481367808,-0.06007037861850285,0.009299431098657858,False,False
D8,primary,262,143,5,3.415702445547125,0.6361795208155422,7.419847973018162,0.19124070394474935,-0.04757598759757304,-0.08129005965389415,False,False
D8,primary,262,143,10,9.495271480915036,0.4858315086362768,9.191070856379445,0.5140714750538397,0.06339723348590989,0.05144856399174134,False,False
D8,primary,263,168,1,0.1617200012187769,0.6875778654719608,1.0384153739227029,0.3081903005783365,-0.030751124528830907,-0.07792282494389621,False,False
D8,primary,263,168,2,1.7046561435298966,0.42642103669238396,1.3548483424372006,0.5079236331146433,-0.0946997687711524,-0.04288602606399731,False,False
D8,primary,263,168,5,4.215373921053753,0.5188424160494914,6.163125041617201,0.29066824994025153,0.05159491440968553,-0.029027796231509015,False,False
D8,primary,263,168,10,10.72058430052854,0.37969739867725316,20.345544984002203,0.026148705580029796,-0.05551893409792487,-0.06768469015724593,False,True
D8,primary,264,158,1,0.699963991382138,0.4027957939275688,0.1569785720365709,0.691953644771887,0.06593243888339162,0.03122349243463532,False,False
D8,primary,264,158,2,3.3389516630629563,0.18834576468004927,3.3192492716253987,0.19021036486206366,0.12761227322549035,0.1396925632540092,False,False
D8,primary,264,158,5,4.70413106935135,0.45304416740990183,4.642517790484899,0.46104435199003346,-0.010534517271857209,0.005438153555124823,False,False
D8,primary,264,158,10,8.546746447105543,0.5755892931610231,8.378991417194923,0.5918698063378858,-0.03755093022721244,0.010389013904997548,False,False
D8,primary,265,104,1,0.42425801029065296,0.5148199905454511,0.15843570007445704,0.6906008318942102,0.06295990086132171,-0.03847472582336792,False,False
D8,primary,265,104,2,0.4429218756255065,0.8013472239118834,2.099391717727412,0.35004419576238444,0.01314108667272404,0.13401034669961467,False,False
D8,primary,265,104,5,8.687312570025247,0.1222052241530216,4.177030951480905,0.52421970898628,-0.05678657050120752,-0.014835666917182825,False,False
D8,primary,265,104,10,14.183862560411248,0.16476906002366687,10.657861584546838,0.38478732552252004,0.0512684341219236,0.011321373598126284,False,False
D8,primary,266,153,1,0.002220066538332712,0.9624195144497643,0.05797751762683339,0.8097215926975434,0.003772187095144501,0.019277026206731763,False,False
D8,primary,266,153,2,0.009551513124884146,0.9952356292304602,3.3614375004984764,0.18624006782672553,0.0068323758128577975,0.1450311979660041,False,False
D8,primary,266,153,5,4.5614747857482945,0.4717006934259338,7.150792264876507,0.20966509227755314,-0.12845652868386923,-0.11950013811316197,False,False
D8,primary,266,153,10,6.797674184231422,0.7443977220008801,8.490271231153956,0.5810616848460519,-0.0979093791772164,-0.056044270865710136,False,False
D8,primary,267,152,1,0.0008915897573915504,0.9761791055245267,0.43424892013603444,0.5099113989036995,0.0023982190839657905,-0.05292680680777898,False,False
D8,primary,267,152,2,0.140318836921516,0.9322451909657717,0.6297971051006653,0.7298629132446162,0.029890783677370282,0.03539894914894943,False,False
D8,primary,267,152,5,7.717638380592523,0.1724990639932793,9.009668969027027,0.10867911624168858,0.15040481031343486,0.18529824300193662,False,False
D8,primary,267,152,10,12.94440260809266,0.2267969671881238,13.166269308008205,0.21452355239969645,0.0844461034174883,0.07921368479205079,False,False
D8,primary,268,142,1,0.0219753836497073,0.8821526036942725,0.11628382530338345,0.7331004630800156,0.01230983894730091,0.028316775201527162,False,False
D8,primary,268,142,2,0.02243409203032608,0.9888456304782259,0.14861407571191165,0.9283866002450263,0.00177217635189996,0.014877951333958424,False,False
D8,primary,268,142,5,10.119308515864779,0.0719244185626835,8.62897795091168,0.12480997067407662,-0.13201024950178744,-0.07936408390062048,False,False
D8,primary,268,142,10,15.230447713828385,0.12388329772251438,11.25829860699248,0.3377515141614664,-0.002587621174649146,-0.007543538797262688,False,False
D8,primary,269,121,1,1.4188472361085807,0.2335932355527095,0.03370245128062058,0.8543411701642027,-0.10695798224820899,0.016484513211385166,False,False
D8,primary,269,121,2,2.947486995044806,0.2290663687559933,3.16300172447314,0.20566618983075746,-0.11055561768686363,-0.15818007948809323,False,False
D8,primary,269,121,5,8.363225602914856,0.1373211296558946,7.976787280397307,0.1575195746020085,0.004730452537898166,-0.0017085302746812033,False,False
D8,primary,269,121,10,14.851224473465265,0.13758082261152305,13.376641592274408,0.20336892727191103,0.022519513568391825,0.046109632300633155,False,False
D8,primary,270,83,1,0.36660105463363674,0.5448628390171284,0.007908549402313902,0.9291375213317662,-0.0652762612879542,-0.009587532145555546,False,False
D8,primary,270,83,2,0.6621681193897431,0.718144799470565,0.14136221242880845,0.9317589769032376,0.058253499446529196,0.03914346344804147,False,False
D8,primary,270,83,5,1.7615182364577096,0.8810601762090406,6.412040065694417,0.26816380345537794,-0.0697651519860145,-0.07592575743842109,False,False
D8,primary,270,83,10,4.9182125765834535,0.896574049662506,12.237332886262775,0.26948671178086125,-0.02459576010815945,-0.00848858108861495,False,False
D8,primary,271,131,1,3.817282646727401,0.050726442438701946,1.6857199287806708,0.1941661390262429,-0.16876693642748158,-0.11215094010450999,False,False
D8,primary,271,131,2,3.94579635857411,0.13905327035750847,1.697889131056473,0.4278662785431312,-0.030846658151756814,0.009492146705740914,False,False
D8,primary,271,131,5,7.463754679703736,0.1883707672453424,6.553433085406725,0.25602546703574836,0.13994765623080657,0.05957720159661247,False,False
D8,primary,271,131,10,14.752348562235694,0.14135502190894167,11.318906370307527,0.33321796638081325,-0.10991778031551923,-0.14963939835095155,False,False
D8,primary,272,162,1,0.6726680875297556,0.4121229340526905,0.17849926249871223,0.6726661353082333,-0.06384603313806211,-0.03288907958720525,False,False
D8,primary,272,162,2,0.8565874917696599,0.6516199759965063,0.3721879996228002,0.830195553088613,-0.03328084433209919,-0.03415330557040789,False,False
D8,primary,272,162,5,2.0481362501700824,0.8424451868274547,2.8695062806663136,0.7200956753752357,0.02670172523486554,0.06937120499676949,False,False
D8,primary,272,162,10,5.757762236381519,0.8351877798569154,4.499717170585277,0.922001808334568,-0.08900260587458922,-0.03356179514511398,False,False
D8,primary,273,154,1,0.27515122130104636,0.5998970345423735,0.6311257801368056,0.4269426708629672,0.041860920905960435,-0.06339879684135342,False,False
D8,primary,273,154,2,2.7394192611157884,0.2541807551623574,0.8979655934816879,0.6382770790453238,0.12486568575612497,0.04108889372239483,False,False
D8,primary,273,154,5,3.4928189021506157,0.6244744970163806,1.5646923314761203,0.9054857644900429,0.061049951814064626,0.03234380038307077,False,False
D8,primary,273,154,10,9.35306118740251,0.498956392608896,6.865058140613928,0.7381199319431949,0.019426415348094583,0.019282908315340717,False,False
D8,primary,274,125,1,1.9843743023639941,0.15893034059720768,6.369811698980617,0.011607791229961584,0.12449897409516546,0.22305772716660252,False,True
D8,primary,274,125,2,2.366038665192158,0.3063523611142285,6.586685564191788,0.037129525804557084,0.054379660757653,0.04099201798312778,False,True
D8,primary,274,125,5,9.908844064603718,0.07785969811155447,11.12440136519556,0.04896850354816462,-0.17049746727183335,-0.09738067025771481,False,True
D8,primary,274,125,10,19.164170012526142,0.038226345726721234,23.273439960456916,0.009781044167570196,0.082406638253337,0.10465792557219128,True,True
D8,primary,275,217,1,5.218902690943675,0.02234264515859885,4.468081338887241,0.034533749647798206,-0.15401554283375313,-0.1425067666790827,True,True
D8,primary,275,217,2,5.326099545648705,0.06973522052662562,5.928727127133092,0.05159329465080187,0.02202207954512888,0.08129049366996345,False,False
D8,primary,275,217,5,5.825627507849847,0.32355762354977624,8.16463486309117,0.14739264516680395,0.04656400812916102,0.0918343761000285,False,False
D8,primary,275,217,10,9.568737310792372,0.4791077985329535,11.856123741843541,0.29480104038791366,0.001284229605705905,0.03150078098698976,False,False
D8,primary,276,150,1,2.592637178602039,0.10736144344294696,0.01684851858493879,0.8967232043268076,-0.130165707413582,-0.010493166676118404,False,False
D8,primary,276,150,2,2.6369017436226168,0.2675494494933024,0.8455963686714949,0.655210851582716,-0.016950852101758233,-0.07334569726697947,False,False
D8,primary,276,150,5,3.944960460447818,0.5573672617743601,1.202455582500568,0.9446415681271815,-0.012162827949941541,-0.014433028076620997,False,False
D8,primary,276,150,10,8.565659035998998,0.5737588431872107,4.90232290387586,0.8976066280420116,0.08292131099935934,0.018448395608909113,False,False
D8,primary,277,204,1,5.600581266668012,0.01795451963519268,3.1160354462652964,0.07752519027776139,0.16448105265994473,0.12268755728337341,True,False
D8,primary,277,204,2,5.625262207120301,0.060046795030634814,5.930045707270745,0.051559290914415024,0.01089200527327633,0.11630270858764014,False,False
D8,primary,277,204,5,6.858704797337607,0.2313624905413838,7.898794512077256,0.1619021688418142,0.0024022300385080995,0.07164174691482894,False,False
D8,primary,277,204,10,15.052360758886033,0.13016450683827296,14.703413461435558,0.14325480084967412,-0.10083845689743445,-0.07761233312300428,False,False
D9,correct_cd_modulated,0,75,1,0.6694102045229626,0.41325731215400974,0.013840429289880588,0.9063486672476619,0.09261600203446677,-0.013317252862398734,False,False
D9,correct_cd_modulated,0,75,2,0.685183730447398,0.709927898704616,0.13519543383094512,0.9346363863688854,-0.014120491955692815,-0.03916645647506877,False,False
D9,correct_cd_modulated,0,75,5,2.3846077149205867,0.7937641084730603,1.1037586047349264,0.9537704443120595,-0.06837872300477174,-0.027028865604785873,False,False
D9,correct_cd_modulated,0,75,10,8.383626424339308,0.5914190327605,2.6640617742517585,0.9882632296082449,0.13168345667485173,0.0372909425866389,False,False
D9,correct_cd_modulated,1,72,1,0.6050940552436904,0.4366409873943491,0.006585377267416722,0.9353223941659031,-0.08979631389105039,0.009367795389682038,False,False
D9,correct_cd_modulated,1,72,2,4.792275796303404,0.09106899270313262,1.3203049661026371,0.5167725294315085,-0.23454588490001751,-0.13137667004797757,False,False
D9,correct_cd_modulated,1,72,5,5.727424039823989,0.33365157726949524,1.743398713981629,0.8833875358100074,-0.020317014380606076,-0.02792649453912399,False,False
D9,correct_cd_modulated,1,72,10,9.852098322912672,0.4535637498701347,4.351756011850972,0.9300867327042222,-0.19132764405388344,-0.1490576155963699,False,False
D9,correct_cd_modulated,2,87,1,0.29261712219297453,0.5885482774781208,0.42412718326945975,0.514884811246873,0.05700913656277556,-0.06863452780091102,False,False
D9,correct_cd_modulated,2,87,2,0.2950640502699015,0.8628348054778193,0.43595095813903373,0.8041451598123671,-0.005182811757771197,0.011392863897496403,False,False
D9,correct_cd_modulated,2,87,5,1.6137738591024011,0.8995786770483409,1.6432269900386978,0.895973126205347,-0.08748634634510485,-0.08285879438524993,False,False
D9,correct_cd_modulated,2,87,10,9.675307544720548,0.4694264218793368,7.715754006350925,0.6565792779797106,0.05445330407153485,0.015853129250535083,False,False
D9,correct_cd_modulated,3,96,1,0.0029493076927376263,0.9566901512309487,0.05080405296093579,0.8216700218893198,0.005457241713394944,0.022649693442067898,False,False
D9,correct_cd_modulated,3,96,2,0.4835957827735604,0.7852148602021991,0.6442050005806144,0.7246239123618308,0.06929918917936981,0.07699976330984043,False,False
D9,correct_cd_modulated,3,96,5,2.0973534522377113,0.8355169844869235,2.3216417645582794,0.8030831098040263,0.08168250309714568,0.051802467861346436,False,False
D9,correct_cd_modulated,3,96,10,5.7024886068866945,0.8396088538456473,10.155228672824125,0.4269818035508375,-0.008775614359271261,0.06818878108778868,False,False
D9,correct_cd_modulated,4,119,1,0.010696727214162519,0.9176256844939924,0.06640558745072922,0.7966439908594423,-0.00936268254196606,-0.023327980805537107,False,False
D9,correct_cd_modulated,4,119,2,3.5625782376890327,0.16842089271860106,3.100339038069182,0.21221199680460723,-0.16988537756853056,-0.15701089535434648,False,False
D9,correct_cd_modulated,4,119,5,3.714297092801355,0.5912377864184375,4.378729531343992,0.4962710639521978,-0.004889809409307796,-0.0296613815700206,False,False
D9,correct_cd_modulated,4,119,10,5.948310991614047,0.8195870650426325,6.730314049094698,0.7506360105813185,-0.008330263230930368,0.010828533066263784,False,False
D9,correct_cd_modulated,5,66,1,1.7385951206087575,0.1873169327311458,0.939248762183363,0.33247111570523324,-0.15868266382462198,-0.11663276456292075,False,False
D9,correct_cd_modulated,5,66,2,1.7814385697370323,0.4103604804883879,2.722655644031045,0.25632020328404326,0.02471757019488432,-0.15947359402773806,False,False
D9,correct_cd_modulated,5,66,5,10.270337465351233,0.06792785892765019,3.8329186950310943,0.5737137130225742,-0.16545822243579436,0.002918863995298066,False,False
D9,correct_cd_modulated,5,66,10,13.887270025017125,0.17819595263700894,9.893317047567098,0.4499023579041548,0.019856724004683777,-0.10098165306057204,False,False
D9,correct_cd_modulated,6,88,1,0.017126829615867607,0.8958785317717552,0.14819201909060034,0.7002691515938892,0.01371625416635757,0.04034683229665024,False,False
D9,correct_cd_modulated,6,88,2,0.06514768749965248,0.9679509700628941,0.15004743832846967,0.9277214812894045,-0.02283503028975499,0.004488566485870092,False,False
D9,correct_cd_modulated,6,88,5,1.1955801097039465,0.9453006904536522,2.8449709776316463,0.7238718887595968,0.06186234201856524,0.1342799992688798,False,False
D9,correct_cd_modulated,6,88,10,4.6096705188250136,0.9156830185041626,6.078439091124034,0.8086306191755399,-0.03193447826762619,0.03243150964183619,False,False
D9,correct_cd_modulated,7,96,1,0.390182765296936,0.5322033482066055,0.10853204638622191,0.7418216092427683,-0.06276928612409224,-0.03310488961917267,False,False
D9,correct_cd_modulated,7,96,2,3.6257280046089724,0.16318610152474178,3.4223010187669054,0.18065782448315537,0.17979971983662904,0.18196019184486084,False,False
D9,correct_cd_modulated,7,96,5,4.2056330462500835,0.5202057068210163,4.183477639031328,0.5233135617933289,-0.03494868648505964,-0.05628290362879522,False,False
D9,correct_cd_modulated,7,96,10,11.71250054349198,0.30475849480535444,11.84623859842511,0.29547902058195386,-0.18538749281389588,-0.14391757300481034,False,False
D9,correct_cd_modulated,8,110,1,0.5801793110207255,0.44624204532229095,0.8263612116578567,0.3633268374015095,0.07164551586306024,0.085505264928041,False,False
D9,correct_cd_modulated,8,110,2,1.4384975630834627,0.4871180506178999,1.3392178790188993,0.5119087259264546,0.08674225293020185,0.06705088690433923,False,False
D9,correct_cd_modulated,8,110,5,5.090126479055508,0.4049804266281254,1.6495108712351296,0.8951981242936334,-0.04005707659007796,-0.040762376590637146,False,False
D9,correct_cd_modulated,8,110,10,11.969995337039746,0.2870696226566314,7.606958610241178,0.6671673055691094,0.10415477839111179,0.07532924406764979,False,False
D9,correct_cd_modulated,9,63,1,0.003597506771119843,0.9521721853289804,0.1041358990302468,0.7469217374241117,0.007380226689283254,0.03970718754001964,False,False
D9,correct_cd_modulated,9,63,2,0.025256833085037924,0.9874509873099031,0.5109823400569962,0.7745359756609183,-0.017962237591106676,0.0778490334897915,False,False
D9,correct_cd_modulated,9,63,5,2.3551255362519012,0.79813751974788,1.039840650390225,0.95928876628946,0.00948835848579337,-0.0767497236728529,False,False
D9,correct_cd_modulated,9,63,10,5.765268462348275,0.8345836781526457,2.54682370534196,0.9901756741240464,0.1166460788711391,0.029257339215881882,False,False
D9,correct_cd_modulated,10,71,1,0.31221010560701484,0.5763271323517452,0.7636624215049427,0.3821848019019636,-0.0649354558547758,-0.10155682751923646,False,False
D9,correct_cd_modulated,10,71,2,0.34158491516586903,0.842996512851176,0.7642941798243325,0.6823946724506393,-0.019775226696191577,0.002900076310741147,False,False
D9,correct_cd_modulated,10,71,5,1.0288283710867347,0.9602072121711984,2.9870806913119967,0.7019777298979252,0.03173000717362504,0.16591930446232178,False,False
D9,correct_cd_modulated,10,71,10,5.939731046137647,0.8203010955678725,9.910377896946313,0.44839107652153065,-0.02430773865700517,0.03132141620536349,False,False
D9,correct_cd_modulated,11,92,1,0.08065485040212522,0.7764119316902494,0.12793226061483565,0.7205856496101078,-0.02913252318059451,-0.03669043770211977,False,False
D9,correct_cd_modulated,11,92,2,0.8982019624217109,0.6382016490644302,0.12918904037928475,0.9374475023586061,0.09224010923825511,-0.0036165377607183208,False,False
D9,correct_cd_modulated,11,92,5,2.436715283415853,0.7859942425391236,10.024013325627205,0.07455769151815672,-0.06183541909749716,-0.058598049197548685,False,False
D9,correct_cd_modulated,11,92,10,13.318280984387787,0.20641675182573882,15.019592817566835,0.13134916859531343,0.1885682614471828,0.10815754808990295,False,False
D9,correct_cd_modulated,12,88,1,0.11724516258553465,0.7320417546811593,0.10230548573120747,0.7490803083966224,-0.035887607144856074,-0.03352327937308853,False,False
D9,correct_cd_modulated,12,88,2,0.17398450140242294,0.916684199265383,1.1272420152596503,0.5691444517144187,-0.024821542701906646,0.10549578809358039,False,False
D9,correct_cd_modulated,12,88,5,4.212475093268029,0.5192479238967207,4.3075003778971785,0.5060445173186657,-0.11969463465259736,-0.13834763440348122,False,False
D9,correct_cd_modulated,12,88,10,7.146657870436225,0.7115308166471053,13.870688415740542,0.1789720454012962,-0.054080100936189084,0.24828279679583337,False,False
D9,correct_cd_modulated,13,103,1,0.054642193022894504,0.8151738696259972,0.1494617111770958,0.6990502979455469,-0.0227013081843561,0.037544973235607515,False,False
D9,correct_cd_modulated,13,103,2,4.012022328494275,0.13452420083771266,2.753364491438974,0.2524146150382476,-0.19224334288415323,-0.15594081787126401,False,False
D9,correct_cd_modulated,13,103,5,4.900562378333633,0.4281359521468716,3.6243290306456895,0.6046641381233631,-0.0067547484551488774,-0.010015091609703894,False,False
D9,correct_cd_modulated,13,103,10,13.348327345943858,0.20484316073268383,11.425208922085977,0.32536333319848876,0.035612332137559016,-0.03234370128341224,False,False
D9,correct_cd_modulated,14,78,1,1.3881378720851536,0.2387198202880787,2.5576520447471482,0.10976148957439413,-0.13087881955741762,-0.1776535122758996,False,False
D9,correct_cd_modulated,14,78,2,1.4002579562711792,0.4965212592750252,2.6573610834590364,0.2648264583343962,0.012149749378402961,0.0348483135699625,False,False
D9,correct_cd_modulated,14,78,5,1.7332997748767114,0.8846781359236435,2.947688973096147,0.7080505488356632,0.033174847447235256,0.040629826422377745,False,False
D9,correct_cd_modulated,14,78,10,2.9619282911739258,0.9823058570934937,4.35813726145275,0.929748035828705,-0.02647836591704983,0.06796594327796376,False,False
D9,correct_cd_modulated,15,94,1,0.23077583473084243,0.6309491545376079,0.01306115821812322,0.909011536478,0.04876824152937093,0.011601997729576333,False,False
D9,correct_cd_modulated,15,94,2,1.2410688689596694,0.5376570183492074,2.2388829976008906,0.3264620731763843,-0.10148878415843306,-0.15063974436502398,False,False
D9,correct_cd_modulated,15,94,5,6.887527184964257,0.22914034849332243,9.192392412332717,0.10163198796261341,0.10506427250997458,0.12207668403487115,False,False
D9,correct_cd_modulated,15,94,10,12.376517527339841,0.26064747107932307,13.735017444676147,0.18542498275030828,0.05452700239563658,0.0326388327405955,False,False
D9,correct_cd_modulated,16,96,1,0.1916406154233668,0.661554641061775,0.32142193609554387,0.5707543639648881,-0.04399030030060972,-0.05697061459941897,False,False
D9,correct_cd_modulated,16,96,2,0.20201896186670834,0.903924462797649,1.0246382448256905,0.5991045696403435,0.010183084659775198,0.0838223320886806,False,False
D9,correct_cd_modulated,16,96,5,3.212509905865159,0.6672606509879987,3.4288654055303263,0.6341774634079926,0.10927611002335903,0.03489918923227635,False,False
D9,correct_cd_modulated,16,96,10,8.656466835670704,0.5649865615529361,7.138873269252309,0.7122726542027558,-0.18084366265572066,-0.13080364750962925,False,False
D9,correct_cd_modulated,17,106,1,0.7223205075019962,0.3953837939397551,1.4766194346461463,0.22430419306686422,-0.08139445353132461,-0.11637618848584289,False,False
D9,correct_cd_modulated,17,106,2,0.7943297731402846,0.6722231759202463,1.5627036039150521,0.45778675581149453,0.025576790739393583,-0.0279649151318912,False,False
D9,correct_cd_modulated,17,106,5,3.3571712542456034,0.645100803911345,3.626250994228337,0.6043761819680615,0.13166915739189827,0.13395967310174647,False,False
D9,correct_cd_modulated,17,106,10,8.66074947610378,0.5645735617459045,6.43097785178795,0.7778487405876205,-0.10005401831377667,0.035273917521825064,False,False
D9,correct_cd_modulated,18,91,1,0.07044429516121346,0.7906909822137815,0.6324417440027532,0.42646107827833823,-0.02737045381852438,-0.08201047892183792,False,False
D9,correct_cd_modulated,18,91,2,0.07117466359407633,0.9650384520075703,1.0804366703632098,0.5826210318173447,-0.0027714294657810753,-0.06863875234025234,False,False
D9,correct_cd_modulated,18,91,5,4.05678287861152,0.5412699367569032,5.948335857840428,0.31127857513829427,-0.14372693534686026,-0.11220201459646542,False,False
D9,correct_cd_modulated,18,91,10,8.009242597420563,0.627934087573481,11.878734249164197,0.2932543756865946,0.014052421007547626,0.021874364557902513,False,False
D9,correct_cd_modulated,19,73,1,0.04371195838416457,0.8343904321312846,0.5507577471582596,0.4580082442745306,0.023975866875866815,0.08510488591417525,False,False
D9,correct_cd_modulated,19,73,2,0.1327378688975252,0.9357855570690133,0.5873213226903969,0.7455294354797675,-0.03397780539742548,-0.021775164365774202,False,False
D9,correct_cd_modulated,19,73,5,0.6920648268428071,0.9834013359306206,2.3713643094218817,0.7957307651112305,-0.05181685173112725,-0.06501294158912248,False,False
D9,correct_cd_modulated,19,73,10,2.335882799221595,0.9930576589018922,3.686284654207257,0.9603915982828383,0.01802599222403917,0.005613288057467137,False,False
D9,correct_cd_modulated,20,100,1,0.9673292863712416,0.3253471515274017,2.2936033287729454,0.1299080202295272,0.09689573907078584,0.14920269459156718,False,False
D9,correct_cd_modulated,20,100,2,1.0505140311290537,0.5914033449674062,2.3001864117020365,0.31660725835482095,0.02827058504958196,-0.00795293833386433,False,False
D9,correct_cd_modulated,20,100,5,2.334619854022242,0.8011690183684211,5.574424759240259,0.34985393463020553,-0.05155572947685529,-0.05937234367582524,False,False
D9,correct_cd_modulated,20,100,10,6.364707148056723,0.7837482265688983,9.249921852546432,0.5085608383237519,0.05682402921116321,-0.010237431178014811,False,False
D9,correct_cd_modulated,21,82,1,0.9512012332459725,0.3294137221129948,1.2151524343491098,0.27031409091616687,-0.10576260581212663,-0.11953946858787952,False,False
D9,correct_cd_modulated,21,82,2,2.2922824528276,0.31786095939817893,1.8489268067664024,0.39674425359095655,0.12480327002465058,0.08579574726493755,False,False
D9,correct_cd_modulated,21,82,5,4.319662024576215,0.504368201860814,8.577826346484065,0.12713512845704145,0.14791159629621625,0.2030675182660788,False,False
D9,correct_cd_modulated,21,82,10,12.837247480501814,0.2329144108432284,17.567194735848105,0.06271832765102758,0.09081327663193775,0.06675656645611387,False,False
D9,correct_cd_modulated,22,85,1,0.21357809580314366,0.6439772681336705,0.21987361341950523,0.6391362354733502,0.04925483958053944,0.04997549572256877,False,False
D9,correct_cd_modulated,22,85,2,7.317925405652656,0.025759218837774767,6.070655918347235,0.04805889893399251,-0.2823787746548825,-0.25625770162644285,True,True
D9,correct_cd_modulated,22,85,5,12.179473530986977,0.03240963792366336,9.372666006153835,0.09509162407968541,-0.13308750876044192,-0.12716568525539906,True,False
D9,correct_cd_modulated,22,85,10,16.535740044076068,0.0852890925461044,12.972525419004358,0.22521201162621107,0.07325353070033924,0.028220407262182293,False,False
D9,correct_cd_modulated,23,82,1,0.5389723064607377,0.46285894827417473,0.0006315119680208503,0.9799513494657041,0.07961211572181584,-0.002725126913945349,False,False
D9,correct_cd_modulated,23,82,2,0.6873238251450016,0.7091686485280315,0.15520759777298937,0.925330971087172,-0.041509205657164525,-0.04237108422288284,False,False
D9,correct_cd_modulated,23,82,5,16.164935739284807,0.006388616616392451,14.916711151227114,0.0107242099501752,0.3171709137704844,0.34917838398175316,True,True
D9,correct_cd_modulated,23,82,10,20.383583787907945,0.025826406309985894,19.01250842861416,0.04010409365048884,0.11769699302106124,0.1529149544030704,True,True
D9,correct_cd_modulated,24,92,1,1.299115007749016,0.2543749409003305,1.0331001145390224,0.30943165052432164,-0.11691942089953634,-0.10426392276374667,False,False
D9,correct_cd_modulated,24,92,2,4.01420297988898,0.13437760557743605,2.6196260858220395,0.2698705058727747,-0.16809522125966958,-0.12849523032190752,False,False
D9,correct_cd_modulated,24,92,5,5.367877061250874,0.37265118980275935,4.288682441903598,0.5086444087002255,-0.03621082519097528,-0.10190605745471837,False,False
D9,correct_cd_modulated,24,92,10,6.061766582881875,0.8100474480972175,6.336631086687643,0.786232626191697,0.040563748860660706,0.04877730002826893,False,False
D9,correct_cd_modulated,25,80,1,0.016982579096728043,0.8963154528060187,0.02349109513636679,0.8781868953913081,-0.01430090260583906,-0.016819506839715795,False,False
D9,correct_cd_modulated,25,80,2,0.15051309771101157,0.9275055053271144,0.1606077658639897,0.9228358697029204,-0.03984608430878755,-0.04037760094460613,False,False
D9,correct_cd_modulated,25,80,5,2.496774588227681,0.7769807460358099,2.4061861861807436,0.7905525205514572,-0.06621783573752159,-0.07000405292685669,False,False
D9,correct_cd_modulated,25,80,10,5.602862832961723,0.847453061791231,4.188886430136612,0.9384239039834368,0.00856804057804974,-0.0219063615494407,False,False
D9,correct_cd_modulated,26,87,1,0.9846607725214827,0.32105083902905096,0.6080831116803338,0.4355104666632219,0.1045774178368922,0.08218187904273543,False,False
D9,correct_cd_modulated,26,87,2,1.0550939887138435,0.590050593327116,0.6330199194290501,0.7286877540016351,-0.027806324920524397,-0.01654532345090806,False,False
D9,correct_cd_modulated,26,87,5,6.284307472406946,0.2795292073046549,3.4154830532384843,0.6362129036179519,-0.1087232497572797,-0.13986142183068884,False,False
D9,correct_cd_modulated,26,87,10,9.926181010593867,0.44699342260441355,7.074724779918583,0.7183721501370492,-0.014203460348364063,-0.044859794670124825,False,False
D9,correct_cd_modulated,27,96,1,2.599391428986859,0.10690475839254088,2.698901738871814,0.10041739765383562,-0.1620126738219195,-0.16508464678151802,False,False
D9,correct_cd_modulated,27,96,2,4.267173325955824,0.11841182798759142,5.067143702384727,0.07937499766454292,-0.12908771107598846,-0.15382549048579205,False,False
D9,correct_cd_modulated,27,96,5,7.71247414708203,0.17280987771266543,6.345091436127437,0.27407301859569455,-0.03242015764491291,-0.021648691959038707,False,False
D9,correct_cd_modulated,27,96,10,10.359099778587614,0.40957298529962216,8.264142421975812,0.6030530406614655,-0.1335965275876484,0.01836000854365892,False,False
D9,correct_cd_modulated,28,144,1,0.24931476300867186,0.6175579876419266,0.03380575174240419,0.854120613810795,0.04117981039493583,0.015163716060965332,False,False
D9,correct_cd_modulated,28,144,2,0.2508378933280926,0.882127260886711,0.09081672276484998,0.9556071690795755,-0.003207414069200957,-0.01962301416188965,False,False
D9,correct_cd_modulated,28,144,5,2.761099725669041,0.7367588125851432,5.414496208653315,0.36741279424938134,-8.177447680896078e-05,0.04947041188046331,False,False
D9,correct_cd_modulated,28,144,10,4.639489166336945,0.913924284223149,9.959248050035946,0.4440758589824223,-0.041306105680318506,-0.054764009689454066,False,False
D9,correct_cd_modulated,29,67,1,0.1635318014898191,0.6859254713400265,0.011990892410267835,0.912803595292182,-0.04831824277164808,-0.013083856557523114,False,False
D9,correct_cd_modulated,29,67,2,2.035984476632887,0.3613196561622888,2.224539825933616,0.32881173930115215,-0.16225577256595658,-0.17637668421536917,False,False
D9,correct_cd_modulated,29,67,5,3.8728776742033943,0.5678599421572222,4.443906067500042,0.48742351123797845,-0.11310384598822047,-0.09578830941159332,False,False
D9,correct_cd_modulated,29,67,10,8.326861664415024,0.5969427652409958,9.017428909294823,0.5304503111391785,-0.07541086684414215,-0.11312195313999629,False,False
D9,correct_cd_modulated,30,115,1,0.6406742374952444,0.4234667514372473,0.10226402599029832,0.7491294467210106,-0.07367653705595327,0.029435540700453545,False,False
D9,correct_cd_modulated,30,115,2,0.6685561071909071,0.7158547085763768,0.1280132393908159,0.9379987902438933,0.015302356562273828,0.01470548504957181,False,False
D9,correct_cd_modulated,30,115,5,4.238075057024151,0.515672701425653,2.9782650276381446,0.7033368969513963,0.11332566855053484,0.08233645956867366,False,False
D9,correct_cd_modulated,30,115,10,11.90516504781094,0.2914536098691386,11.956307086032043,0.2879913528810091,0.15467236262447523,0.13135372689697938,False,False
D9,correct_cd_modulated,31,98,1,1.0330641390230009,0.3094400745317357,0.4535771673323723,0.5006410916157032,0.10111986294574592,0.06700364384794347,False,False
D9,correct_cd_modulated,31,98,2,1.2041907189583358,0.5476628823763581,0.5886256423889868,0.7450433896225034,-0.040943155808142256,-0.036372019978127224,False,False
D9,correct_cd_modulated,31,98,5,2.193169985444513,0.8218219077777927,1.2078920002375493,0.9441179969501587,0.02802837961755637,-0.0244360390412333,False,False
D9,correct_cd_modulated,31,98,10,11.222571493754694,0.34044267391261107,3.563775029734966,0.9648884268451846,0.07436495192187276,0.0044345474993243315,False,False
D9,correct_cd_modulated,32,88,1,1.5921347832144153,0.20702139783913587,0.32865695688207036,0.5664509927197012,0.13224734160302595,0.0600853299470089,False,False
D9,correct_cd_modulated,32,88,2,3.645863349198733,0.16155143975815178,2.313512933247698,0.31450463457464384,0.1493338138666897,0.14680847739927497,False,False
D9,correct_cd_modulated,32,88,5,4.020407275845975,0.5464815585624183,3.8257893408588286,0.5747608259839823,0.021628971122345388,0.10954819821168493,False,False
D9,correct_cd_modulated,32,88,10,11.564620069497023,0.315250618035652,12.194302629506222,0.2722630468258326,-0.015160037444037402,0.05013481423734353,False,False
D9,correct_cd_modulated,33,128,1,0.5329675059408322,0.46536192341776583,0.6943405027099631,0.4046919270480911,-0.0637786856909633,-0.07279665923930964,False,False
D9,correct_cd_modulated,33,128,2,0.7642657463833258,0.682404373933932,0.6995838744716405,0.7048347243246166,0.04184993386959022,-0.006301064670661222,False,False
D9,correct_cd_modulated,33,128,5,2.042096079150334,0.8432901221868669,0.8602419429566651,0.9730328774449247,-0.08682780954854785,0.032601915313606455,False,False
D9,correct_cd_modulated,33,128,10,8.98528647061772,0.5335005147487418,2.789074447543192,0.985961237843535,-0.1084460978605042,-0.01615205407281224,False,False
D9,correct_cd_modulated,34,87,1,1.1487962360076216,0.2838012813908054,0.14818345677453001,0.7002773913930935,-0.11295776687019175,-0.0405690143910273,False,False
D9,correct_cd_modulated,34,87,2,1.5651045043607628,0.45723753532034683,0.246151884902725,0.8841965119604581,0.06760243690620646,0.032794265111677344,False,False
D9,correct_cd_modulated,34,87,5,2.4029327118132637,0.7910373019887746,0.6320708523303196,0.9864878208540788,0.0659951394196953,-0.04231061373347138,False,False
D9,correct_cd_modulated,34,87,10,11.056171899143347,0.353158476975693,10.738856887932638,0.37822215709832596,0.13024986943708364,0.013617092956184787,False,False
D9,correct_cd_modulated,35,108,1,1.3320275515782498,0.2484448343572685,0.11828836000270498,0.7308983666828301,-0.10953181203059895,-0.0326403399896073,False,False
D9,correct_cd_modulated,35,108,2,1.4429244067268978,0.4860410452681897,0.1240426082159375,0.9398628636378792,0.03145606021723467,0.007165376384921908,False,False
D9,correct_cd_modulated,35,108,5,4.342855563401138,0.5011799282555578,1.9843438080249198,0.8513071030456183,0.08406605613610187,0.056676984066710324,False,False
D9,correct_cd_modulated,35,108,10,9.568051446155085,0.479170385372354,10.91613241564246,0.36408932566249397,0.14122149204505638,0.16060945745877186,False,False
D9,correct_cd_modulated,36,99,1,0.9654641436926242,0.32581401954251454,0.007426127052291972,0.9313273203524581,0.09727535585991698,0.008531314285900257,False,False
D9,correct_cd_modulated,36,99,2,1.0125314350007117,0.6027421910750415,0.03326221698133739,0.9835064248944115,0.021368162895462058,0.015831460318786864,False,False
D9,correct_cd_modulated,36,99,5,5.049706432123971,0.40984413991263424,4.9220787566435895,0.4254637119580681,0.15443304696455978,0.1565771760619721,False,False
D9,correct_cd_modulated,36,99,10,6.651350079674413,0.7578984671054373,8.113536605935836,0.6177477712057621,-0.034655313311488724,0.07226062519454926,False,False
D9,correct_cd_modulated,37,77,1,2.8624714301558902,0.09066809545927768,1.7411189948135617,0.1869971051474707,-0.1891117303030043,-0.14748984345276558,False,False
D9,correct_cd_modulated,37,77,2,4.882528721446277,0.08705071834346378,1.8606033205193613,0.39443470714704665,0.15781692127983435,0.03838196384287546,False,False
D9,correct_cd_modulated,37,77,5,5.077897906783504,0.4064476464204685,3.969086013686139,0.5538753644925284,-0.023504373790648424,-0.0851984513808298,False,False
D9,correct_cd_modulated,37,77,10,10.817801774266231,0.3718880982373076,15.638167640585372,0.11046937103702203,-0.005471072700752375,-0.016850796992930586,False,False
D9,correct_cd_modulated,38,108,1,0.2714222265845635,0.602379322490241,1.0073726606448719,0.31553309198186186,0.04944317747033104,0.09525301885024057,False,False
D9,correct_cd_modulated,38,108,2,0.2767934130409751,0.8707531897507729,1.3232501539708275,0.5160120933835357,-0.006922768784336436,0.0530889399640928,False,False
D9,correct_cd_modulated,38,108,5,0.5770464168517304,0.9890300460342255,2.415211082227864,0.7892067578529667,0.021687955019594425,0.023877466877325202,False,False
D9,correct_cd_modulated,38,108,10,8.536156647686196,0.576614710116426,5.866810514390405,0.8263263092394815,0.11233325808585032,0.10260170974629149,False,False
D9,correct_cd_modulated,39,102,1,0.12545378466362828,0.7231930819429718,0.032947693617264705,0.8559633638909647,-0.03456096141356305,-0.017711544750087842,False,False
D9,correct_cd_modulated,39,102,2,2.2691359592351583,0.32156101224186007,1.7114535567592657,0.42497421674530855,-0.14215542654339522,-0.12578958252514968,False,False
D9,correct_cd_modulated,39,102,5,3.170259025384158,0.6737557863284408,3.451523351191458,0.630735121867326,0.08623103039041798,0.0694842104441369,False,False
D9,correct_cd_modulated,39,102,10,6.284059188498657,0.7908599162878583,9.932914474919924,0.4463985536625559,0.09891742414338373,-0.04400316372754489,False,False
D9,correct_cd_modulated,40,117,1,1.1320703703162316,0.2873341556824106,2.005749179663721,0.15670385920292185,-0.09711790266662508,-0.12927093638543127,False,False
D9,correct_cd_modulated,40,117,2,2.1720115963921898,0.33756209574650875,2.769577977927775,0.25037662644936165,0.09268018802278172,0.07942926115191876,False,False
D9,correct_cd_modulated,40,117,5,6.6369205730792995,0.24907313607839554,10.583664863098953,0.0602889284345387,0.14960987273100088,0.22522755953811577,False,False
D9,correct_cd_modulated,40,117,10,29.29743583229845,0.0011150815296470107,29.39603004654855,0.001074699363449505,0.053841027633526654,0.03380166917753806,True,True
D9,correct_cd_modulated,41,82,1,0.21387980338778376,0.6437433014615601,0.5008714736545539,0.47911745432553177,-0.05015114216789927,-0.07674659019503652,False,False
D9,correct_cd_modulated,41,82,2,0.8523210884721947,0.6530114964728544,0.5008858054371236,0.7784559264619667,-0.0861110541562613,-0.0004079890710673424,False,False
D9,correct_cd_modulated,41,82,5,6.190723365730804,0.2881006447122786,4.31852581373032,0.504524681337235,-0.23905443613858732,-0.1944761687223414,False,False
D9,correct_cd_modulated,41,82,10,10.610580546354091,0.388650603396404,16.41579387677853,0.08833245562302083,0.018548371344753147,-0.07779330268442353,False,False
D9,correct_cd_modulated,42,81,1,3.552822679006743,0.05944424749798216,1.9098615863905246,0.1669786346761698,0.20561282690005178,0.15075245200854814,False,False
D9,correct_cd_modulated,42,81,2,4.696035626684629,0.09555838917606907,2.855983016423535,0.23979005526304853,0.11590323485242648,0.1054400078997264,False,False
D9,correct_cd_modulated,42,81,5,8.195219789048412,0.145799801768562,3.1384202303032502,0.6786552575519078,-0.034817356469389285,-0.04493140144678429,False,False
D9,correct_cd_modulated,42,81,10,11.689741722296251,0.30635743505681234,5.860761346637847,0.8268226064627162,-0.08494041170917341,-0.048649440824670716,False,False
D9,correct_cd_modulated,43,64,1,2.3839583560577267,0.12258657878335633,0.28663303050748923,0.5923862866881404,-0.1885635093857868,-0.06538399273636195,False,False
D9,correct_cd_modulated,43,64,2,2.5590235022721894,0.27817308499489024,0.5436059191266144,0.7620043919765809,0.050691335760071586,0.061415436546594294,False,False
D9,correct_cd_modulated,43,64,5,4.550280465602357,0.47318440079970214,2.134089762723305,0.8302973282268865,-0.0025186402525314436,-0.035740301370280655,False,False
D9,correct_cd_modulated,43,64,10,5.244250310124932,0.8742759475366307,4.651262625593527,0.9132246104148434,-0.05784569866674385,0.025121871821040417,False,False
D9,correct_cd_modulated,44,64,1,3.357826433421493,0.06688629616826947,0.36106151717475554,0.5479172863202533,-0.2237883332797095,-0.07338358446700295,False,False
D9,correct_cd_modulated,44,64,2,3.6971929169711113,0.15745801014965455,0.47915567965955624,0.7869600141242452,-0.07057784021471702,-0.04163399687230244,False,False
D9,correct_cd_modulated,44,64,5,4.904881597891037,0.42759862667180426,1.3100285384290478,0.9338963742132546,-0.05370093164628809,-0.014532512492383612,False,False
D9,correct_cd_modulated,44,64,10,6.997759108629551,0.7256564902755098,3.4322905256085208,0.9693475345451593,-0.015508531709017198,-0.055427558167078825,False,False
D9,correct_cd_modulated,45,83,1,0.12689869844633755,0.7216694982267435,0.24514235101314627,0.6205164600049774,-0.038404932046174116,-0.05337865058041167,False,False
D9,correct_cd_modulated,45,83,2,7.844649830721203,0.019795019459750374,4.4070651627640265,0.11041242773823035,-0.29767295961830054,-0.2185953961918251,True,False
D9,correct_cd_modulated,45,83,5,10.418764036825781,0.06420289635586074,11.040021105532237,0.050592231507581964,0.0698375991673743,0.05803163214929783,False,False
D9,correct_cd_modulated,45,83,10,11.472550570915661,0.3219052043715276,13.3659106501875,0.20392666802613346,-0.00230249401326038,0.03127131329284673,False,False
D9,correct_cd_modulated,46,115,1,0.45310686748546825,0.5008632332529703,1.8986195602309772,0.16823291557585862,0.0619599269288415,0.1268322071086027,False,False
D9,correct_cd_modulated,46,115,2,0.555189374933442,0.7576038256196106,2.5947599467035114,0.27324676981436546,0.029280132334183934,-0.07646202326134595,False,False
D9,correct_cd_modulated,46,115,5,3.1626757312536213,0.6749223794993373,2.9969900252402097,0.7004499146629418,0.1422072295619996,0.03784022444374111,False,False
D9,correct_cd_modulated,46,115,10,5.354806220298036,0.8662522506844155,7.08417054753647,0.7174755663334657,0.04566991001550609,0.11273211038796185,False,False
D9,correct_cd_modulated,47,102,1,0.5489506699513839,0.45874676704111605,0.07258861550997799,0.7876043850974366,-0.07229538770252907,-0.026289249487623793,False,False
D9,correct_cd_modulated,47,102,2,2.3330460278781193,0.31144796105032735,0.3682061844600269,0.8318500421301854,0.12968575540092925,0.052789599247814005,False,False
D9,correct_cd_modulated,47,102,5,2.812184891074013,0.7289139613365168,0.7547608746777916,0.9798286614216773,0.020531256416156433,0.05162794227816617,False,False
D9,correct_cd_modulated,47,102,10,4.581853119683861,0.9173064262841292,2.8697262852360645,0.9843256508697309,0.0016824096989446458,0.016032682152867277,False,False
D9,correct_cd_modulated,48,122,1,0.3811510355435997,0.5369878645139649,0.04006162335267464,0.8413601425371104,-0.055214161250919026,-0.017900542745143383,False,False
D9,correct_cd_modulated,48,122,2,2.0102791168390888,0.3659935537577774,2.26576318688647,0.32210374578766365,-0.1136782763444974,-0.13287195669613516,False,False
D9,correct_cd_modulated,48,122,5,2.4223515243499127,0.7881409549248426,2.3952053026722835,0.7921879310756219,-0.023902648434222625,-0.025085779829464125,False,False
D9,correct_cd_modulated,48,122,10,6.366889230700203,0.7835547600042996,8.66253392309039,0.5644014970828419,0.08473762790248392,0.08503556328174637,False,False
D9,correct_cd_modulated,49,97,1,0.5244782136721128,0.4689376298484019,0.03575468147360304,0.8500229973061006,0.07240955499330975,-0.01890595451867476,False,False
D9,correct_cd_modulated,49,97,2,2.255484561008888,0.32376339882120875,0.7525157032668821,0.6864253143324641,0.1308602267211809,0.08420648287288617,False,False
D9,correct_cd_modulated,49,97,5,7.481365181546818,0.18723020436451376,10.775956643204564,0.0560075746131955,-0.12134111046709074,-0.14325355677555576,False,False
D9,correct_cd_modulated,49,97,10,14.926797934695914,0.1347535513216096,14.205409878033427,0.16382672962138445,0.12035239219934976,0.06116582816253688,False,False
D9,correct_cd_modulated,50,83,1,0.23595304162172098,0.627144443790804,0.05347737517848581,0.8171192231183855,-0.05236862934904926,-0.024931215834405107,False,False
D9,correct_cd_modulated,50,83,2,6.149152021006428,0.04620921645124887,6.412617813133705,0.04050584855351347,-0.26055850098428035,-0.2702048925896019,True,True
D9,correct_cd_modulated,50,83,5,6.394743150592336,0.26968048332478345,6.56867624779478,0.2547442886112281,-0.029210072954478427,0.03301476825897924,False,False
D9,correct_cd_modulated,50,83,10,10.893411790712339,0.3658823414088601,11.460573477549715,0.3227777553036759,-0.14931871426209345,-0.044338667575577764,False,False
D9,correct_cd_modulated,51,59,1,0.18510632303668406,0.6670211814171371,0.2934931056125167,0.5879907126904234,0.054617736825299384,0.06877364227707448,False,False
D9,correct_cd_modulated,51,59,2,0.8174911954791313,0.6644832568637595,0.2955015057586128,0.8626461002053573,0.10007768270448017,-0.005639902895936888,False,False
D9,correct_cd_modulated,51,59,5,1.5249732259237785,0.9101700428896363,1.5943596352210252,0.9019305894662404,-0.048946264554077766,-0.06823084365907,False,False
D9,correct_cd_modulated,51,59,10,8.127590432277918,0.6163755634992087,8.290398893667579,0.6004942393741898,-0.21851551028731697,-0.20505897177449633,False,False
D9,correct_cd_modulated,52,87,1,1.117079237743103,0.2905482399335976,0.818951515562547,0.36548689645644483,-0.11138753316685114,-0.09537261518667062,False,False
D9,correct_cd_modulated,52,87,2,1.57139445493822,0.45580179344044613,0.9493145904355434,0.6220982159711717,0.07062093692905316,-0.03782963325954002,False,False
D9,correct_cd_modulated,52,87,5,3.6051688560370008,0.6075373788151885,2.426076620156322,0.787584575255455,0.053713700233797644,0.0132351267471537,False,False
D9,correct_cd_modulated,52,87,10,8.011633388929367,0.6277005477104224,10.772171761618232,0.375541316094403,0.0022709199498946744,0.0011759630145777627,False,False
D9,correct_cd_modulated,53,89,1,0.194951688478922,0.6588269320169362,0.5453786414755709,0.46021215126564097,-0.04602450614177101,-0.07697943150225553,False,False
D9,correct_cd_modulated,53,89,2,0.8511465843367274,0.6533950914468589,0.7415259027772905,0.690207534905931,0.08395766483815412,0.04590236385458967,False,False
D9,correct_cd_modulated,53,89,5,1.9085950733615609,0.8616426057801607,4.02713925121448,0.5455152178985351,-0.008145816475695877,-0.11278456576005624,False,False
D9,correct_cd_modulated,53,89,10,5.154086309052471,0.880649936597204,4.680517174453372,0.91147321525666,-0.014539998118355598,0.03561690623354627,False,False
D9,correct_cd_modulated,54,64,1,0.5443010913797497,0.4606556605346116,0.33691807269718127,0.5616135938176308,0.09010064968209425,0.07088763278590426,False,False
D9,correct_cd_modulated,54,64,2,0.8200677763179218,0.6636277606322145,0.7150519254839177,0.6994045402474021,0.06362162964030943,0.07450006811946763,False,False
D9,correct_cd_modulated,54,64,5,6.2813325985474915,0.27979847996765095,3.428318523589536,0.63426061045155,-0.03167904439305182,0.06494839604334676,False,False
D9,correct_cd_modulated,54,64,10,9.317800810445252,0.5022320556601174,6.306120925399901,0.7889220486684632,0.03735358499714089,-0.029181142364412153,False,False
D9,correct_cd_modulated,55,75,1,0.587770316172153,0.4432826211225913,1.2748623738545284,0.25885647993840344,0.08678480465946617,0.12781196664041644,False,False
D9,correct_cd_modulated,55,75,2,2.834092467209405,0.2424290391218642,2.336718654819904,0.31087656975130185,-0.16850836146387946,-0.11585594018552645,False,False
D9,correct_cd_modulated,55,75,5,6.033513983870984,0.3029715106143155,5.186709523355789,0.3935216494743715,0.056137532127048834,-0.02887054276691445,False,False
D9,correct_cd_modulated,55,75,10,12.240922761599538,0.2692560226187688,11.305159287938324,0.33424275711540163,0.13680827245757898,0.1811641197587524,False,False
D9,correct_cd_modulated,56,61,1,0.03782214851669805,0.84580070236401,0.0008443059677653368,0.9768191753643013,0.024300406063336902,-0.0036306999769526293,False,False
D9,correct_cd_modulated,56,61,2,1.5256472011999211,0.46634778633941276,1.0911531059758113,0.5795075701822044,0.15113559051683279,0.12937953093052604,False,False
D9,correct_cd_modulated,56,61,5,3.578428606423684,0.6115550247053034,5.14267308432627,0.3987176436751203,0.04489708367470195,0.10956432300935688,False,False
D9,correct_cd_modulated,56,61,10,7.131146938123474,0.713008594573953,9.214463102721064,0.5118785260786162,-0.09011608034605748,-0.1092727946946917,False,False
D9,correct_cd_modulated,57,86,1,7.911890516059321,0.004911092006953943,4.8306254117233856,0.027958486853520426,-0.2980979817017232,-0.23292740160432082,True,True
D9,correct_cd_modulated,57,86,2,8.333738892965265,0.015500710049164756,7.863886541728138,0.019605536642732346,0.06842696417747825,0.1834864428201284,True,True
D9,correct_cd_modulated,57,86,5,12.785109846243792,0.025477932860424324,9.18987997892396,0.10172598351794715,-0.14129960784592555,-0.0658444578970567,True,False
D9,correct_cd_modulated,57,86,10,17.72172016778159,0.05984322437824807,10.380720117125563,0.40774991392616533,0.003145530837307139,-0.06684846915168743,False,False
D9,correct_cd_modulated,58,104,1,0.059874483847373206,0.8066944339491913,0.12927180337925936,0.7191882559655313,0.023652110611579413,0.03475368926660927,False,False
D9,correct_cd_modulated,58,104,2,0.12108300755303893,0.941254702582885,0.19059903311665358,0.9091006030025915,-0.023797779488797164,0.023820844672132992,False,False
D9,correct_cd_modulated,58,104,5,3.0873692003432436,0.6865180386333294,1.0495575312599896,0.9584703992350347,-0.12858556371953783,-0.06560960875870173,False,False
D9,correct_cd_modulated,58,104,10,5.958881963450191,0.8187058861994772,4.569188298016302,0.9180399904601247,0.011420252750167838,0.07641469831331174,False,False
D9,correct_cd_modulated,59,85,1,3.1363174846796094,0.07656650082218985,0.6681336102198632,0.4137030731461365,0.1887472198750473,0.08711686000204023,False,False
D9,correct_cd_modulated,59,85,2,3.377602896728269,0.18474081275683463,0.8917810128424264,0.6402538719116031,0.052039784541479076,0.05010163357927632,False,False
D9,correct_cd_modulated,59,85,5,4.151690917276052,0.5277894629813027,1.3017706138275416,0.9347493787472594,0.08772784875607798,0.022167836761563562,False,False
D9,correct_cd_modulated,59,85,10,7.749492458351749,0.6532911238997294,3.651397941505007,0.9617060265675104,0.08653184899500582,0.034197337670199834,False,False
D9,correct_cd_modulated,60,78,1,0.0661430270533188,0.7970376094738331,0.9398295566688712,0.332321679173055,-0.028569004079376438,-0.10769055551605379,False,False
D9,correct_cd_modulated,60,78,2,0.3134153935215396,0.8549539280996818,0.9398492289432028,0.6250493861849273,0.054878507789854765,-0.0004894877046593224,False,False
D9,correct_cd_modulated,60,78,5,4.053464017694711,0.5417444246114782,3.0857654879976675,0.6867651480690724,-0.06805698654792318,0.040976923114900754,False,False
D9,correct_cd_modulated,60,78,10,16.282979773088645,0.09181326826244318,12.819380924828572,0.2339465185002978,-0.024631740010959826,-0.06618887508229752,False,False
D9,correct_cd_modulated,61,92,1,6.130065874681411,0.013290191917280647,6.919033549452693,0.008528305449283735,0.2539776067333843,0.2698271050657155,True,True
D9,correct_cd_modulated,61,92,2,6.1583557877361965,0.04599705557098688,7.8495298688221595,0.01974677811399983,-0.017158496110543247,0.09840581081017831,True,True
D9,correct_cd_modulated,61,92,5,11.260044989266648,0.0464609918877954,8.904113487913499,0.11295041409578,0.00935637300081299,-0.07377856730531061,True,False
D9,correct_cd_modulated,61,92,10,17.77945908721025,0.05879977643135492,14.590500970897963,0.1477199055536651,0.11015140082384679,0.09609832325506444,False,False
D9,correct_cd_modulated,62,94,1,0.3688927340645115,0.543608442376694,1.0101929812235801,0.3148566111266696,-0.061658361767061444,-0.10203381013280068,False,False
D9,correct_cd_modulated,62,94,2,0.3912834645425379,0.8223067878957994,1.0138835061526952,0.6023348536135449,-0.015108748830429796,0.006133924724188075,False,False
D9,correct_cd_modulated,62,94,5,10.37045882457566,0.06539369616864033,7.251460326454242,0.20260050571942967,0.23289053706961405,0.19280970322506225,False,False
D9,correct_cd_modulated,62,94,10,17.79373083764627,0.05854440195174104,12.776387765331577,0.2364443661676251,0.22189080946264364,0.13943550470144636,False,False
D9,correct_cd_modulated,63,107,1,0.15532809433879954,0.6934947685366801,5.12256436268109,0.023616692339302525,0.037572734344303235,0.21577022116821798,False,True
D9,correct_cd_modulated,63,107,2,0.21867533869018316,0.8964276702425455,6.618211572030222,0.03654884163084504,0.02388104766755461,0.11603903118831876,False,True
D9,correct_cd_modulated,63,107,5,3.573966254366688,0.6122263351854162,12.874711706650551,0.02458157473023259,-0.09854282582581134,-0.15749194823348503,False,True
D9,correct_cd_modulated,63,107,10,7.622443770517285,0.6656618973001515,13.774520732582593,0.18352707228298404,-0.07915123506071704,-0.08330511500741268,False,False
D9,correct_cd_modulated,64,92,1,0.527853399850956,0.4675107354219463,1.3447157886043135,0.24620403845210337,0.07452800865018654,0.11895374179769456,False,False
D9,correct_cd_modulated,64,92,2,1.2623744699668737,0.5319598645915877,1.3636228254872538,0.505700130547773,0.08743101966484058,-0.014027334387593045,False,False
D9,correct_cd_modulated,64,92,5,1.8914254381124473,0.8639552032364826,1.6211005240268557,0.8986859599030774,0.07087309395040509,0.05041185072092935,False,False
D9,correct_cd_modulated,64,92,10,10.217921552616199,0.42158693131169633,5.0719902780303165,0.8863173647698698,-0.18486649139587955,-0.13744767872504923,False,False
D9,correct_cd_modulated,65,82,1,2.8996016340805926,0.08860144654448288,6.140337951161732,0.01321320580603591,0.18465671620549823,0.26871510362644596,False,True
D9,correct_cd_modulated,65,82,2,6.194852450326945,0.04516529823527404,6.394495216145036,0.04087455208162294,0.19563324667292722,0.05433124893395709,True,True
D9,correct_cd_modulated,65,82,5,7.17289992032152,0.20809583430743572,8.442487761954508,0.1334765635430868,-0.0945793962360082,-0.08741743330739585,False,False
D9,correct_cd_modulated,65,82,10,9.751018591776,0.46260223989893423,11.704786156856935,0.3052998307782627,0.07173108065446004,0.07371554010392031,False,False
D9,correct_cd_modulated,66,87,1,6.297409528656359,0.012091454242966537,5.030540517572474,0.0249041249610632,-0.26446948191829295,-0.23637520670696766,True,True
D9,correct_cd_modulated,66,87,2,6.852019727148626,0.03251642724755299,5.549165006751643,0.062375512820330825,0.07802769162412099,0.07545383938445252,True,False
D9,correct_cd_modulated,66,87,5,9.431703662327093,0.09303521818376514,7.896895474699086,0.1620102101882127,0.05779014447511153,0.11283738467193569,False,False
D9,correct_cd_modulated,66,87,10,12.077647109900147,0.2798934897694798,9.117301251965285,0.5210086815243724,0.12055023147124197,-0.0035837582517225324,False,False
D9,correct_cd_modulated,67,105,1,1.038590587266073,0.30814949069880426,0.15238202554117666,0.6962693238201505,0.09805106662717364,0.03755752822914334,False,False
D9,correct_cd_modulated,67,105,2,1.8259082737516303,0.4013368670510308,0.17755906832652704,0.915047288004068,-0.08495854729318027,-0.01519268148507093,False,False
D9,correct_cd_modulated,67,105,5,5.546720192419771,0.3528500361501452,1.9772934389815882,0.8522779217696409,-0.13900155216621948,-0.10636902714954556,False,False
D9,correct_cd_modulated,67,105,10,7.316971701532371,0.6952201923015723,3.4000135204251603,0.9703847639155055,0.08798737202361359,-0.01046606699195659,False,False
D9,correct_cd_modulated,68,98,1,0.03475056627924924,0.8521193007413148,0.01923965768584207,0.8896816127770182,0.018546150183840003,0.013799758928413002,False,False
D9,correct_cd_modulated,68,98,2,1.2530695162982204,0.5344405617567709,0.8929847685861099,0.6398686332186905,-0.10924537967244966,-0.09251559749711138,False,False
D9,correct_cd_modulated,68,98,5,2.4615782100671066,0.7822700240068934,2.1871301841254622,0.822692745126534,-0.034556402057529426,0.03371268504849695,False,False
D9,correct_cd_modulated,68,98,10,9.512839119490831,0.48422008997840726,5.392832749027646,0.863440701919271,0.19529747814018183,0.13408484791038347,False,False
D9,correct_cd_modulated,69,73,1,0.5039262789512327,0.4777800107981822,0.21261153417581186,0.6447281654394288,-0.08140623884687397,-0.05287709616412765,False,False
D9,correct_cd_modulated,69,73,2,0.5041644001544433,0.777180851117249,0.21262843825589023,0.8991420760444468,-0.0017572604991087234,-0.0004682015890161423,False,False
D9,correct_cd_modulated,69,73,5,3.6567727171934523,0.5998097770297491,2.687567091137509,0.7480193291539596,-0.1815221193953501,-0.07117724174440587,False,False
D9,correct_cd_modulated,69,73,10,8.796892897135175,0.5514817013480428,7.503416990856524,0.6772165446161089,-0.09902224406636662,-0.06642133388759155,False,False
D9,correct_cd_modulated,70,133,1,1.4805015140948645,0.22369607225690458,0.053588628769461195,0.8169324609869668,-0.1043274731674553,-0.019848632147784404,False,False
D9,correct_cd_modulated,70,133,2,1.4850298585921102,0.4759155153348471,0.6173161966094238,0.7344318305927542,-0.005747945907676147,-0.06413241288070447,False,False
D9,correct_cd_modulated,70,133,5,6.97320299537175,0.22264087650362818,1.40075067412147,0.9242311394982595,0.058161253041952576,0.005611498321947554,False,False
D9,correct_cd_modulated,70,133,10,9.542653965292939,0.4814904356710439,4.629184946887937,0.9145342012212574,-0.036786342938017795,-0.11214115863118534,False,False
D9,correct_cd_modulated,71,76,1,0.07799982415875781,0.7800265111269554,0.21417409362082712,0.6435152796701562,-0.03141400771234205,0.05205470660776589,False,False
D9,correct_cd_modulated,71,76,2,0.45828670452569853,0.7952145295316664,0.3955288493104477,0.8205631348141329,0.06889971631845884,-0.047580197092590495,False,False
D9,correct_cd_modulated,71,76,5,6.142542726849816,0.2925949987939771,5.259950545600668,0.38498609450108,-0.13702061883453057,-0.1899024395153028,False,False
D9,correct_cd_modulated,71,76,10,10.477730369909105,0.399625666060759,18.299383004060044,0.050118632661028006,-0.09632505664438995,-0.09940067778285808,False,False
D9,correct_cd_modulated,72,91,1,2.514129933343056,0.11282989205530947,3.8961296048460397,0.048397482478628406,-0.16351324736302433,-0.20355219123612953,False,True
D9,correct_cd_modulated,72,91,2,2.9390937052640353,0.23002969892547576,3.896333871111921,0.14253510830391725,0.06685113527975271,-0.0014656529881678611,False,False
D9,correct_cd_modulated,72,91,5,4.2133786309531,0.5191215127077221,7.601078218459638,0.17963474567984195,-0.004061895272355834,0.1477032676684317,False,False
D9,correct_cd_modulated,72,91,10,10.3209726168179,0.4127988824322013,13.096938179048259,0.21830230021670793,0.06949728318125598,0.010091452483260144,False,False
D9,correct_cd_modulated,73,80,1,0.27936161817203664,0.5971199403087808,0.9255583999440057,0.3360197379154011,0.05800227055531346,0.10557559538448785,False,False
D9,correct_cd_modulated,73,80,2,0.28169829944566804,0.8686203334331373,1.137220650254521,0.5663118815149379,0.005271025542125541,-0.05016687932422274,False,False
D9,correct_cd_modulated,73,80,5,5.422778327781238,0.3664878335732795,3.190330422649697,0.6706692302560507,-0.13668522364584734,0.04903533300386792,False,False
D9,correct_cd_modulated,73,80,10,11.299586833522437,0.33465874887225233,12.416696826720354,0.2581357951114134,0.07543719747547084,0.13921569943148165,False,False
D9,correct_cd_modulated,74,96,1,0.03971504653403373,0.8420387615657176,0.5578016742737114,0.4551473398790803,0.020025837426154006,0.0750504075616538,False,False
D9,correct_cd_modulated,74,96,2,0.16340257016268536,0.921547197481471,0.8146743532391743,0.6654197884772379,0.03515428098581751,0.05066105504395686,False,False
D9,correct_cd_modulated,74,96,5,1.0411538718031397,0.9591786004232242,0.8828192953893407,0.9714529728323746,0.04155333062873977,-0.020852810597907282,False,False
D9,correct_cd_modulated,74,96,10,13.256186241568118,0.2096988151626079,14.592438679063918,0.14764231195340005,-0.06327204522933254,-0.15723715960706677,False,False
D9,correct_cd_modulated,75,98,1,0.6122267088719039,0.4339506446560727,0.025296035929600634,0.873631627171372,-0.07784468495388008,0.01582337293815464,False,False
D9,correct_cd_modulated,75,98,2,1.079917263802427,0.5827723600599027,0.09190665572739433,0.9550865370795435,0.06768647204042026,-0.025544318231997716,False,False
D9,correct_cd_modulated,75,98,5,1.2946688596338694,0.9354792924291944,1.0272106690458251,0.9603413211205479,0.032649257701350715,-0.041459189452013524,False,False
D9,correct_cd_modulated,75,98,10,6.8294208426031116,0.7414445722045067,9.443553688013658,0.49058827954618656,-0.05012555109454149,-0.11048293974892315,False,False
D9,correct_cd_modulated,76,95,1,0.032777601761947064,0.8563315832749485,0.09597590935835927,0.7567132119619531,-0.018285415960689975,-0.031289410057314206,False,False
D9,correct_cd_modulated,76,95,2,8.175044159629572,0.016780763475960914,1.6772763329011129,0.43229884180846234,0.2866595815041179,0.1263284007178947,True,False
D9,correct_cd_modulated,76,95,5,10.663397854999205,0.0584777010090165,2.863591924651938,0.7210061587260876,0.09262834420854246,-0.022720225674193545,False,False
D9,correct_cd_modulated,76,95,10,15.355062753687834,0.11964312298107604,4.788110312831195,0.9048754651167942,0.015220432163690565,-0.03373541312820163,False,False
D9,correct_cd_modulated,77,75,1,0.43991051839263007,0.5071656474793114,1.3599268596688892,0.24355015784764034,0.0750796153023499,0.13200720668737073,False,False
D9,correct_cd_modulated,77,75,2,0.6545857501903216,0.7208725864795054,1.3998667669203726,0.4966183856879589,0.052092644612498476,0.022469269940604972,False,False
D9,correct_cd_modulated,77,75,5,3.862891971740555,0.5693203597524459,1.6564565890832486,0.8943391748037236,0.007474944983404283,0.03994826936048521,False,False
D9,correct_cd_modulated,77,75,10,10.346307921207972,0.41065373818060014,14.673677578725542,0.14441961915885848,-0.1363357332435254,-0.12261962057469428,False,False
D9,correct_cd_modulated,78,88,1,0.5298593574516263,0.4666659945250101,3.0815683724214504,0.07918413459878182,0.0762917083298394,0.18398522132701522,False,False
D9,correct_cd_modulated,78,88,2,3.6949822335557063,0.15763215128048214,3.943564718881544,0.13920851535287992,-0.1853881293479989,-0.09674740997992788,False,False
D9,correct_cd_modulated,78,88,5,12.009417476652976,0.03465896693147452,8.799403018388134,0.11733780399712646,-0.042642595938339876,-0.13180427386552504,True,False
D9,correct_cd_modulated,78,88,10,15.37740728936571,0.11889608131217566,16.818435203952287,0.0784793374527768,-0.030577294160002873,0.006022828968646719,False,False
D9,correct_cd_modulated,79,80,1,0.7716432276885986,0.3797091862687485,0.840568021653835,0.35923436687929633,-0.09639841660363989,-0.10061160053994417,False,False
D9,correct_cd_modulated,79,80,2,1.634374891075125,0.44167213616465917,0.8786558163815905,0.6444694181771822,-0.10128222894477946,0.02128081692555631,False,False
D9,correct_cd_modulated,79,80,5,7.006756195336644,0.22013832589572935,5.991057161517547,0.30709006844157205,0.14179197456263348,0.1297665279727587,False,False
D9,correct_cd_modulated,79,80,10,9.39045468610027,0.4954916838296334,9.415149019649185,0.49320886046237755,-0.01182660109371469,-0.01161268515746422,False,False
D9,correct_cd_modulated,80,107,1,0.0666044511033657,0.7963464154693981,0.006279207257807656,0.93684057660005,-0.0246036432742077,0.00755440395151355,False,False
D9,correct_cd_modulated,80,107,2,0.4240626852708755,0.8089393428782454,0.16549535160820833,0.9205834033839815,0.056728612899740814,-0.0378602138791487,False,False
D9,correct_cd_modulated,80,107,5,2.374718142656856,0.7952330408687229,1.5059650509064197,0.9123804243754248,-0.026394852816460018,-0.10603420556844802,False,False
D9,correct_cd_modulated,80,107,10,8.285733395245568,0.6009488283939398,3.301994036699,0.9733978487658734,-0.16351064198215962,-0.004199304911056214,False,False
D9,correct_cd_modulated,81,87,1,0.2472198672691324,0.6190394932136732,0.20249736308574584,0.6527125532034133,0.05240060249239488,0.04742466612608762,False,False
D9,correct_cd_modulated,81,87,2,1.21169794895111,0.5456110201277227,1.3910526650636421,0.4988118379835169,0.10289659758726992,0.11422588460794433,False,False
D9,correct_cd_modulated,81,87,5,2.937929420592045,0.7095548634571422,4.7071568633418615,0.4526535611900546,0.029032890820583045,0.0661337574133461,False,False
D9,correct_cd_modulated,81,87,10,7.175734665610704,0.7087569059748959,7.812225485746372,0.6471725747564422,-0.11684391835359456,-0.02045747533578731,False,False
D9,correct_cd_modulated,82,112,1,0.7158757174562528,0.3975000898599862,0.3014625319209476,0.582966994105395,0.07888943906700509,0.0511937241023804,False,False
D9,correct_cd_modulated,82,112,2,0.7346722449249081,0.6925768152923344,0.3565786505529258,0.8367003099171856,0.012725466658947202,0.021790852383800734,False,False
D9,correct_cd_modulated,82,112,5,1.9754011820207613,0.8525381805780372,2.3326939652534224,0.8014532866118927,-0.03031348581374975,0.016666977375949476,False,False
D9,correct_cd_modulated,82,112,10,5.623567094131988,0.845836283615915,3.7786202433926666,0.9567816630345314,0.07274013291370085,-0.0028531977355173246,False,False
D9,correct_cd_modulated,83,119,1,1.5580172887531283,0.21195576360009816,0.7576800255035528,0.38405552926815645,0.11299545469154024,0.07879846489598974,False,False
D9,correct_cd_modulated,83,119,2,1.8464300587628835,0.39723984808176327,0.7940104341330863,0.6723305180304562,0.04840988019537627,0.017181532832290444,False,False
D9,correct_cd_modulated,83,119,5,8.12540784772029,0.14945824243676464,3.5610454958748194,0.614171468941671,0.16657499050816624,0.12441866615378316,False,False
D9,correct_cd_modulated,83,119,10,10.19784281119281,0.4233108001361533,5.725157003714733,0.837801575543802,0.054282345651185414,-0.008460285863196247,False,False
D9,correct_cd_modulated,84,70,1,5.192895232856876,0.022679403284195265,3.430525069452131,0.06400175003274688,-0.2666330972423798,-0.21671530122297797,True,False
D9,correct_cd_modulated,84,70,2,9.310389034497522,0.009512062801712018,7.8872903289700025,0.019377451853243022,0.23569787398259126,0.24521614924518725,True,True
D9,correct_cd_modulated,84,70,5,17.92932415969886,0.0030362977846720707,15.416334521717465,0.008723938438471746,-0.18297947303608852,-0.14525765448036532,True,True
D9,correct_cd_modulated,84,70,10,41.58915365547696,8.87181271147508e-06,33.220260993927845,0.0002501133082885021,0.1799319060068796,0.1149091689272926,True,True
D9,correct_cd_modulated,85,88,1,0.05719978317665259,0.8109778260183471,3.501790354185999,0.06130252360710697,-0.02506653050507218,0.19612913212074617,False,False
D9,correct_cd_modulated,85,88,2,0.5573435188505194,0.7567882710676661,3.5017952124917344,0.17361803285706423,-0.07369432607364391,0.00022968310768864988,False,False
D9,correct_cd_modulated,85,88,5,1.1607620438801525,0.9485858676353606,3.8113950974612028,0.5768774097986008,0.05526476054966723,0.04240656849893023,False,False
D9,correct_cd_modulated,85,88,10,6.041418120276898,0.811771545655933,9.453928929060355,0.4896324848210656,-0.12445045692580745,-0.12899528516616854,False,False
D9,correct_cd_modulated,86,104,1,0.014231090814733359,0.9050423293496038,0.03975101735243052,0.8419681856332868,-0.011531030081730998,-0.01927183790271272,False,False
D9,correct_cd_modulated,86,104,2,6.449913242736479,0.03975750616503548,3.3024523527330496,0.191814565876952,-0.24402132279271266,-0.17374773186875753,True,False
D9,correct_cd_modulated,86,104,5,10.142078505687941,0.07130816521337235,7.336689318974615,0.19678013098793234,-0.14951910917836408,-0.15688917935443103,False,False
D9,correct_cd_modulated,86,104,10,28.05123814373532,0.0017714600318271545,18.494189737109465,0.04717796521063433,0.19143311985297154,0.09362945120737705,True,True
D9,correct_cd_modulated,87,89,1,0.6600825005167283,0.4165308190060715,1.9268435196515148,0.16510419379457186,-0.08468855957660343,-0.14469344602913023,False,False
D9,correct_cd_modulated,87,89,2,1.2501745636313801,0.5352147119684226,2.0017255122879654,0.36756218779915373,-0.0796166341415255,-0.02836172378649874,False,False
D9,correct_cd_modulated,87,89,5,3.352140877715926,0.6458688847617635,3.8703635181195883,0.5682274854433947,0.011347121693768978,0.004344447358083393,False,False
D9,correct_cd_modulated,87,89,10,11.524602534574125,0.31813150152310166,15.792396808609118,0.10573150449983248,-0.004341458892094327,-0.0025931868181531402,False,False
D9,correct_cd_modulated,88,123,1,2.4300515104438034,0.1190289871083473,0.8123089774917236,0.3674384801839313,0.13886093746187175,0.08028473525961635,False,False
D9,correct_cd_modulated,88,123,2,3.0266225292599462,0.22017969630811673,0.9693106671039975,0.6159094435052023,-0.06851981769075424,-0.03515096773751168,False,False
D9,correct_cd_modulated,88,123,5,6.787280844927627,0.23694726021161594,5.325163738463273,0.3774982310448183,-0.15777067648782328,-0.1517385996293049,False,False
D9,correct_cd_modulated,88,123,10,11.553121303071157,0.3160766079791586,19.66801156608605,0.03255380601254754,-0.11586515748114722,-0.0631664304839782,False,True
D9,correct_cd_modulated,89,65,1,0.7099988928177907,0.39944417945311506,2.523742678604568e-07,0.9995991678213507,0.10214679464205455,-6.090016136248624e-05,False,False
D9,correct_cd_modulated,89,65,2,1.0202118205848931,0.6004319835176588,0.077661474632055,0.9619135114304964,0.06698940822996247,-0.03351801613753076,False,False
D9,correct_cd_modulated,89,65,5,11.039739904963874,0.050597726561678824,3.555508205602462,0.6150056794214249,-0.1798482259638505,-0.03775787937492572,False,False
D9,correct_cd_modulated,89,65,10,14.101116398936812,0.1684291426375878,4.972190377569197,0.8930279619130835,0.13539542822637143,0.005788084583974675,False,False
D9,correct_cd_modulated,90,94,1,1.261743634150755,0.2613213023301245,2.009047491645456,0.15636346344185903,0.11403219709491272,0.1438921270572469,False,False
D9,correct_cd_modulated,90,94,2,1.608125022784299,0.4475072629280352,2.0614251969974204,0.35675264856695377,0.05942533584378756,0.023108279110065997,False,False
D9,correct_cd_modulated,90,94,5,4.180687640740203,0.5237056230684491,5.2288247664849985,0.38859725472901807,0.010715446492061131,0.07433391797148386,False,False
D9,correct_cd_modulated,90,94,10,9.062575377702402,0.5261754354514799,11.125896488547944,0.34779403817038723,0.043659870990492566,0.02740421657445985,False,False
D9,correct_cd_modulated,91,96,1,0.5233894380499252,0.46939941454341805,0.11477430355773144,0.7347727835261377,-0.07269852935778513,0.03404360018007996,False,False
D9,correct_cd_modulated,91,96,2,1.4149839327056994,0.4928788052223626,1.3918235742631184,0.4986196057169481,0.09438412663535554,0.11295854746121638,False,False
D9,correct_cd_modulated,91,96,5,6.69229334411387,0.2445488694737067,4.260083458934777,0.5126097282652256,0.005847571785528992,0.06067415502611518,False,False
D9,correct_cd_modulated,91,96,10,13.778029688300455,0.1833592445374257,8.46112937412942,0.583889054490665,0.060913362896743053,-0.03227415852660902,False,False
D9,correct_cd_modulated,92,100,1,0.7335537975366776,0.3917336841945044,0.031224635939403944,0.8597401601180821,-0.08437882944461972,0.017408694464010607,False,False
D9,correct_cd_modulated,92,100,2,0.7542069359007332,0.6858451072371814,0.47819495689869757,0.7873381301318656,0.01408659340273108,0.06553182990566775,False,False
D9,correct_cd_modulated,92,100,5,7.810972231545416,0.16696562223386557,4.579722380281267,0.46928822894580935,0.02773917486013491,-0.05627552228003185,False,False
D9,correct_cd_modulated,92,100,10,12.753978958197946,0.23775427628017676,8.395994780782898,0.5902163944900677,0.16240621287921267,0.12461406386116647,False,False
D9,correct_cd_modulated,93,92,1,0.2720830991577959,0.6019378225530723,0.34061671991905185,0.5594734556495784,0.05350737413555677,0.05986814983403625,False,False
D9,correct_cd_modulated,93,92,2,0.2824077164865371,0.8683122810374805,0.39173450204123067,0.822121363206572,0.010365742024707789,0.023064785258762995,False,False
D9,correct_cd_modulated,93,92,5,17.535722278962396,0.003588252646864465,12.645322776876599,0.02693915291587845,0.03823350089898799,-0.03546960764960776,True,True
D9,correct_cd_modulated,93,92,10,18.70782399236228,0.044134588773882544,15.483498758683652,0.11540337526831301,-0.0336355106089592,-0.012583642752387117,True,False
D9,correct_cd_modulated,94,100,1,0.31929679431769165,0.5720305525497041,0.5628406007686446,0.4531179802368489,0.05566917568384475,0.07391119437892475,False,False
D9,correct_cd_modulated,94,100,2,2.6809250687730755,0.26172458395970066,2.833101347750069,0.24254920696366744,-0.15063251312207898,-0.1476899087198061,False,False
D9,correct_cd_modulated,94,100,5,4.591903169535569,0.46768205706929833,4.36966888278821,0.4975082942986421,-0.12315751885698187,-0.03409599972143329,False,False
D9,correct_cd_modulated,94,100,10,6.963864157451885,0.728851939262488,6.281542576985653,0.7910806025285978,0.020351452951807507,0.020708349931118784,False,False
D9,correct_cd_modulated,95,87,1,1.7970550635126037,0.18006893147011505,0.08975383395654078,0.764490338284399,0.14127824399671848,0.031573381743948956,False,False
D9,correct_cd_modulated,95,87,2,1.8533079551524012,0.39587610708464416,0.16652542729721617,0.9201093901700667,-0.02485004955956522,-0.029030539736115715,False,False
D9,correct_cd_modulated,95,87,5,11.90497298694827,0.03611332716519122,4.263936287400682,0.5120745401494375,-0.042690064955098715,-0.029666011330977796,True,False
D9,correct_cd_modulated,95,87,10,13.407497012293666,0.20177190707237758,5.0368817112491335,0.8887006951937225,0.08249787483645304,-0.05029391556521126,False,False
D9,correct_cd_modulated,96,96,1,0.7940960123477105,0.3728644479333969,0.43150649832509624,0.5112506568888489,-0.08954671445822458,-0.06600955705136785,False,False
D9,correct_cd_modulated,96,96,2,1.3729218298272712,0.5033543343116873,0.5146605204045196,0.773112843194439,-0.07604824906959878,-0.028824176116061813,False,False
D9,correct_cd_modulated,96,96,5,14.52287380294028,0.012607950944473423,9.940721414688486,0.07693240869121232,-0.2993928197700873,-0.23700048961415537,True,False
D9,correct_cd_modulated,96,96,10,20.03094152739432,0.02896138779827362,14.759809672735711,0.14106722619682444,0.17702867375059836,0.1195463354930651,True,False
D9,correct_cd_modulated,97,117,1,0.8543766652971664,0.3553171416662392,0.23131990966918797,0.6305468578276177,-0.0843698490808193,-0.04390046193590852,False,False
D9,correct_cd_modulated,97,117,2,2.487885929724791,0.2882454327064523,0.29004617326026594,0.8650023228915269,0.11615644438682879,0.02202412654100012,False,False
D9,correct_cd_modulated,97,117,5,6.7282578399043995,0.24164714280547095,5.977367450474934,0.3084273980470362,0.1260400960281093,0.021152088243239112,False,False
D9,correct_cd_modulated,97,117,10,10.847897498734321,0.3694904208157732,7.25513445779353,0.7011591038272253,0.11526699810851261,0.049624237855430194,False,False
D9,correct_cd_modulated,98,78,1,3.4463364396724594,0.06339213487571604,0.60976732700157,0.4348754290833383,-0.20622053241505311,-0.0867431407351769,False,False
D9,correct_cd_modulated,98,78,2,4.816843012615121,0.08995717940090753,2.3321463075788085,0.31158810059593045,0.1291977833964579,0.14483677955601842,False,False
D9,correct_cd_modulated,98,78,5,4.946244317332086,0.4224758128875771,3.493897768502327,0.6243111737575155,0.010056402667733886,-0.049695488499884755,False,False
D9,correct_cd_modulated,98,78,10,13.153358871919192,0.21522333225026724,10.590950615663937,0.39026117237022706,0.1729332602978891,0.1462590651365815,False,False
D9,correct_cd_modulated,99,100,1,1.7154168521781095,0.19028406725694103,1.6073281320473936,0.2048677914336149,0.12903346137143426,0.12490211268119007,False,False
D9,correct_cd_modulated,99,100,2,4.757591192404029,0.09266211293076176,4.763834461642645,0.0923733066794602,-0.17096413032292057,-0.17414711503927763,False,False
D9,correct_cd_modulated,99,100,5,8.361310234969258,0.1374152500509923,6.877337058057752,0.22992392291853925,-0.09321507090698804,-0.12289347115848386,False,False
D9,correct_cd_modulated,99,100,10,15.256993845599359,0.1229694526852414,11.126263901879073,0.347765908488761,0.1286824470246383,0.06735697586889874,False,False
D9,correct_cd_modulated,100,67,1,1.0481463166830933,0.30593439332779326,0.455358036940118,0.49980142937478156,0.12232662038647676,0.08062811825935487,False,False
D9,correct_cd_modulated,100,67,2,4.084445445091834,0.12974001409642189,1.5553002539023928,0.4594844738653875,-0.2066174555784741,-0.12435970040971263,False,False
D9,correct_cd_modulated,100,67,5,7.6074530270336025,0.17923792287169338,3.966883605250943,0.5541937143894593,0.1458872705495543,-0.053057104825443,False,False
D9,correct_cd_modulated,100,67,10,13.68064751899226,0.18806286770094938,6.230006883046377,0.7955829925481297,0.030929984955495284,0.03343454339780021,False,False
D9,correct_cd_modulated,101,70,1,0.005067490535135112,0.9432494779088115,0.24113202937182693,0.6233896964633432,0.008329247175869539,0.05745617727343338,False,False
D9,correct_cd_modulated,101,70,2,0.8277783724890471,0.6610742033222885,0.5207310031871039,0.7707698167169064,-0.10535685765498956,-0.061419598720860384,False,False
D9,correct_cd_modulated,101,70,5,2.182530790061519,0.8233552453563413,1.5726202897072883,0.9045403722798128,-0.12109302681735103,-0.046714309657165984,False,False
D9,correct_cd_modulated,101,70,10,5.1693985379550655,0.8795784072584536,3.207056234524811,0.9761226976141598,-0.07275992251177754,-0.0990342693373394,False,False
D9,correct_cd_modulated,102,103,1,0.14781669628467498,0.7006305940191158,0.00207299839008958,0.9636847100517628,0.0373377866470433,-0.004421669790310901,False,False
D9,correct_cd_modulated,102,103,2,0.35218788809982,0.8385392038678812,1.1151756714068073,0.5725885770959284,0.04368750711245016,0.10195652803222281,False,False
D9,correct_cd_modulated,102,103,5,3.331182320215573,0.6490711718047749,1.5749164811788119,0.9042659188674818,0.13469879622488362,0.03897340778899932,False,False
D9,correct_cd_modulated,102,103,10,9.497584259687937,0.48561923754446734,8.23103217439873,0.6062812887621045,0.06506972930803326,0.007533207227994002,False,False
D9,correct_cd_modulated,103,113,1,0.4331286890394923,0.5104577280611962,0.10132467503142319,0.7502457263175643,0.061098330710233004,0.02955142849358549,False,False
D9,correct_cd_modulated,103,113,2,0.4342888946704088,0.80481370771295,0.20973495231737221,0.9004438449567826,-0.00314804427622018,-0.030430464043138573,False,False
D9,correct_cd_modulated,103,113,5,2.9107590266128063,0.7137419492945097,2.231165915738483,0.8163216924602854,-0.08216314111063387,-0.07420347004847197,False,False
D9,correct_cd_modulated,103,113,10,5.798175964765797,0.8319249377262792,5.181925395619142,0.8786984458835451,0.11366559883097853,0.1272711174706087,False,False
D9,correct_cd_modulated,104,87,1,3.700281685812142,0.05440328275100348,1.0279574136463894,0.31063889571642245,-0.20272718459894756,-0.10685187748113573,False,False
D9,correct_cd_modulated,104,87,2,4.803040557136776,0.09058014151194749,1.0453633785220275,0.5929283644261831,0.110025946514646,0.013823050181319678,False,False
D9,correct_cd_modulated,104,87,5,7.13129030175577,0.2110577757496831,1.6847626290308197,0.8908137892183373,-0.12491284339524039,-0.05832902106906845,False,False
D9,correct_cd_modulated,104,87,10,11.601691434178369,0.3125976349659423,3.7375109583559047,0.9584123989419118,0.00028158702600442867,-0.03121036532522257,False,False
D9,correct_cd_modulated,105,107,1,0.001263163067280503,0.9716483494071715,0.5270765497043127,0.46783853846672796,-0.003388266051328068,-0.06921251680838494,False,False
D9,correct_cd_modulated,105,107,2,3.6328805644473587,0.1626035446608719,0.841662594844515,0.6565008454524237,-0.18081712344545933,-0.053218084474259554,False,False
D9,correct_cd_modulated,105,107,5,5.4159978099984345,0.3672449660560917,2.9809824476839193,0.7029179388162028,0.05861958982241597,0.06269224635479183,False,False
D9,correct_cd_modulated,105,107,10,10.821950424182711,0.37155702164909554,7.432537191277136,0.6840764186843875,-0.17913133458174083,-0.18745695591240763,False,False
D9,correct_cd_modulated,106,114,1,0.3468077987777169,0.555925744054483,0.46346085646387897,0.4960109635150197,-0.0544380084880031,-0.06293095630671067,False,False
D9,correct_cd_modulated,106,114,2,0.9177214781970253,0.632003252114004,0.50314598554163,0.7775766980605616,0.06953649810412216,0.018333335650143067,False,False
D9,correct_cd_modulated,106,114,5,1.3952314538956372,0.9248341890279976,2.586060152750748,0.7634821080117407,-0.013704426870935827,0.11026775529980466,False,False
D9,correct_cd_modulated,106,114,10,8.583135033534397,0.5720684483431333,9.22097937314854,0.5112682457209119,-0.010573908539494558,-0.011668577497198011,False,False
D9,correct_cd_modulated,107,78,1,0.27258167580473197,0.6016051965632478,0.8282150051210422,0.36278918720057574,-0.05799644805238513,-0.10109382177151992,False,False
D9,correct_cd_modulated,107,78,2,7.0086105639827325,0.030067654631179885,3.519230520210316,0.1721110690809512,-0.28642866037500375,-0.18103919179512182,True,False
D9,correct_cd_modulated,107,78,5,10.586308144120013,0.06022804950443161,4.484667931486335,0.48193743362219066,-0.16121271628201736,-0.052506635194472843,False,False
D9,correct_cd_modulated,107,78,10,29.139390802928702,0.0011829090233431705,9.099859694441735,0.5226535208445509,0.26369521190949574,0.1430197842759662,True,False
D9,correct_cd_modulated,108,111,1,2.213330170647646,0.13682303319451283,9.089776939746766,0.002570422201999545,0.1393216898665097,0.2823398920934057,False,True
D9,correct_cd_modulated,108,111,2,2.560296725913989,0.27799605307701114,10.480161555666081,0.005299828709900423,0.05491061970098368,0.10992083397656513,False,True
D9,correct_cd_modulated,108,111,5,4.929543809828855,0.4245392010966469,11.089295763508417,0.04963797596085184,-0.02854207078606915,0.029685443219473688,False,True
D9,correct_cd_modulated,108,111,10,10.953755085113206,0.36113225747134714,19.156094929482332,0.038324251880964555,0.08352966048222006,-0.002426411840556987,False,True
D9,correct_cd_modulated,109,92,1,0.06629389030486929,0.796811340548689,0.002705287967807531,0.9585188266973952,-0.026411897814763517,-0.005335432208269405,False,False
D9,correct_cd_modulated,109,92,2,2.3890101685443734,0.30285380420844765,0.24902710570158276,0.8829262951169624,0.15547533313638817,0.050630807584837616,False,False
D9,correct_cd_modulated,109,92,5,2.4355438067929387,0.7861694587122502,0.9062537716737143,0.9697672344263829,-0.014557590012928645,-0.015327861828278276,False,False
D9,correct_cd_modulated,109,92,10,9.036511999473689,0.5286419984238724,5.1942576575975625,0.8778292211592141,-0.15087309317266495,-0.14406568930757152,False,False
D9,correct_cd_modulated,110,78,1,0.00026666410745120967,0.9869712412576541,2.096206263748568,0.1476651264571286,-0.001813991926811076,-0.1608311157888042,False,False
D9,correct_cd_modulated,110,78,2,0.03401912017922304,0.9831342857381108,2.4872338305917467,0.2883394303279474,0.020275295460297223,0.06901097910617239,False,False
D9,correct_cd_modulated,110,78,5,2.917322371676824,0.7127306459745029,4.364655983166727,0.4981935608594352,0.11755272476458907,0.08987634408044631,False,False
D9,correct_cd_modulated,110,78,10,7.658166231568886,0.6621869340607953,14.03207764378534,0.17153346955164628,0.0023315404589089816,0.03497992885980777,False,False
D9,correct_cd_modulated,111,89,1,0.5564504868932397,0.4556939411385229,0.5600157574325222,0.4542538937282049,-0.07775689321278592,-0.07800559613281473,False,False
D9,correct_cd_modulated,111,89,2,0.6799716762287054,0.7117804028439041,0.9344755437746204,0.6267310536692384,-0.03642626637616203,0.06342296180742076,False,False
D9,correct_cd_modulated,111,89,5,3.810418234359532,0.5770211694846978,2.6219887979195695,0.758021569401678,-0.17002452181627867,-0.03815929045409666,False,False
D9,correct_cd_modulated,111,89,10,7.090427502486587,0.7168813598959838,4.599648599453273,0.9162698191405588,-0.09002579747835662,-0.08682026981235946,False,False
D9,correct_cd_modulated,112,73,1,0.7908871211572712,0.37383201429556867,0.001108269245497578,0.9734427874738586,0.10198385826554003,0.003817656305486059,False,False
D9,correct_cd_modulated,112,73,2,0.8308926603183235,0.6600456166860058,0.3858673872907521,0.8245366443457376,-0.022777034337904598,-0.07063689048888308,False,False
D9,correct_cd_modulated,112,73,5,2.591903538115716,0.7625950409607334,1.950406744855711,0.8559637909001533,-0.1324024488907055,-0.1276561030976366,False,False
D9,correct_cd_modulated,112,73,10,9.126247636284603,0.5201656662763341,4.154561596671638,0.940105147895807,-0.15991295858178353,-0.0839676155850986,False,False
D9,correct_cd_modulated,113,79,1,0.007246126110178733,0.9321626667947792,0.0005647442551005027,0.9810405778645901,0.00939818934154374,-0.0026237180141588027,False,False
D9,correct_cd_modulated,113,79,2,0.26732773866085213,0.8748840905601545,0.8950522259895055,0.6392075244096629,0.0559427913171994,0.10374721350012417,False,False
D9,correct_cd_modulated,113,79,5,3.789950843491277,0.5800366604628735,3.6724795426794326,0.5974646961524563,0.14684389299679565,0.1734228133899553,False,False
D9,correct_cd_modulated,113,79,10,5.041329155754623,0.8884001323913399,4.886198847309785,0.8986491518785696,0.027649432779041673,-0.05645469516654166,False,False
D9,correct_cd_modulated,114,110,1,0.002373353912231279,0.9611447639325098,0.030990654431319403,0.8602612394863329,-0.00458235938874622,0.01655858679087263,False,False
D9,correct_cd_modulated,114,110,2,0.19599529257949844,0.9066510377452509,0.05719198448064345,0.9718090035452062,0.04119872785206651,-0.0151554275491858,False,False
D9,correct_cd_modulated,114,110,5,1.4773375154473647,0.9156701491403287,4.642575240480296,0.46103685137219885,-0.08820179542771761,-0.1314346694496898,False,False
D9,correct_cd_modulated,114,110,10,7.609319441623431,0.6669378328275014,8.124621833599448,0.6166654037485149,-0.11411118349341831,-0.014925050848578618,False,False
D9,correct_cd_modulated,115,101,1,0.42506254820647843,0.5144216798035659,0.17791056401946787,0.6731750518940026,-0.0639215241052201,-0.04135438522744382,False,False
D9,correct_cd_modulated,115,101,2,0.4523825379468007,0.7975655375341633,0.5958061719074969,0.7423732826602304,-0.01612421439178286,-0.06306264779526329,False,False
D9,correct_cd_modulated,115,101,5,1.1445026568066858,0.9500894801241413,6.613200457145561,0.25103232896349226,-0.03956964240866214,0.03825355372957626,False,False
D9,correct_cd_modulated,115,101,10,4.135546894768707,0.9410250931294666,12.109057951776856,0.27782398183412216,-0.03492529017351219,-0.09515445738653046,False,False
D9,correct_cd_modulated,116,88,1,0.3266704333645661,0.5676262662978061,2.8945962778693333,0.08887703852635886,0.05990346580115003,0.1783162963309888,False,False
D9,correct_cd_modulated,116,88,2,1.1612093565988097,0.5595599105120959,2.904439300815235,0.23405020147698297,-0.09519407833615927,-0.010338341731927056,False,False
D9,correct_cd_modulated,116,88,5,6.538682456957523,0.2572702993469723,6.766968292778729,0.2385560079198107,-0.23574436445544364,-0.15811370019722018,False,False
D9,correct_cd_modulated,116,88,10,9.582109563621506,0.47788825189854167,12.41191164017488,0.2584339866252685,0.04711382653517637,0.04328940576861608,False,False
D9,correct_cd_modulated,117,60,1,0.10656908032189953,0.7440845181258708,1.0688372077146142,0.3012082407883191,-0.04111214579643242,-0.1301998001988398,False,False
D9,correct_cd_modulated,117,60,2,1.3613995090383582,0.5062626088408859,1.6196646897006253,0.4449326552210634,-0.13987337290467308,-0.09267238217538958,False,False
D9,correct_cd_modulated,117,60,5,6.335748376979081,0.2749060287627396,3.1477899664523146,0.6772130170531387,0.14902173472453703,-0.013237692621790339,False,False
D9,correct_cd_modulated,117,60,10,9.614106247843019,0.4749756378384963,5.107776922960538,0.8838630215110027,0.01874625393586825,0.03288693675558127,False,False
D9,correct_cd_modulated,118,99,1,6.921302409085123,0.00851749200557983,2.073327344799675,0.14989418635504748,0.2604525814111862,0.142550482437069,True,False
D9,correct_cd_modulated,118,99,2,9.568348729521185,0.00836102405507999,3.4783600857831725,0.1756643788370702,0.16024642648106008,0.11674836446649042,True,False
D9,correct_cd_modulated,118,99,5,12.297848711226571,0.03092680433024464,5.268711480966013,0.38397400456740893,-0.08860313555456963,-0.07575720019899118,True,False
D9,correct_cd_modulated,118,99,10,18.921069094828745,0.04127675382699758,9.058645248686855,0.5265471322777697,0.1420605961093263,0.1035653082985261,True,False
D9,correct_cd_modulated,119,79,1,0.11259126485696962,0.7372130859581472,0.3394496679265335,0.5601470563735087,0.03704619388202378,0.0643248734302236,False,False
D9,correct_cd_modulated,119,79,2,1.1083446357901239,0.5745476072245336,0.8503344237048366,0.6536604762121485,-0.10946245902690588,-0.07840626742496902,False,False
D9,correct_cd_modulated,119,79,5,2.476071533393645,0.7800943550399947,2.7669107575796597,0.7358672452803796,-0.01832147838240822,-0.026580949564956796,False,False
D9,correct_cd_modulated,119,79,10,10.266423767191146,0.417438269133213,8.265875723780809,0.6028840890306942,0.11783735175035687,0.029522595563865713,False,False
D9,correct_cd_modulated,120,99,1,1.4394823493023603,0.23022312593803762,0.6059039556453175,0.43633422468721006,-0.1187785243928751,-0.07706135614291491,False,False
D9,correct_cd_modulated,120,99,2,1.564745008077323,0.4573197303046218,1.0519539197559675,0.5909777207234987,0.03485927863636657,0.06578082823748624,False,False
D9,correct_cd_modulated,120,99,5,3.2687492783320513,0.6586294447038537,4.82034888420415,0.43819632465985014,-0.06653922397578482,-0.09941678426841816,False,False
D9,correct_cd_modulated,120,99,10,11.382135581493356,0.328531076576732,9.33471209103519,0.5006599793605961,-0.12449993677542444,-0.07992959283563583,False,False
D9,correct_cd_modulated,121,78,1,2.9574382304830467,0.0854832790563359,1.9149161304859466,0.16641818797131713,-0.19103410545414606,-0.15371914014221053,False,False
D9,correct_cd_modulated,121,78,2,4.454305006484879,0.10783505333905963,6.7344888290869065,0.034484531612579916,0.13502247852752008,0.24228067172850754,False,True
D9,correct_cd_modulated,121,78,5,6.238776242886135,0.2836734453393339,8.0898365962216,0.15135356078042872,-0.055709059998325136,0.05065882933615058,False,False
D9,correct_cd_modulated,121,78,10,13.03842388605529,0.22153142508620283,11.271183867659959,0.336784329596153,-0.13760112678590847,-0.03326948285346595,False,False
D9,correct_cd_modulated,122,85,1,0.1922648067924552,0.6610382854968874,0.1853229769196641,0.6668381102096044,0.04673265464553194,0.04588124433407668,False,False
D9,correct_cd_modulated,122,85,2,0.20259487486322553,0.903664209347286,2.0482701351792185,0.3591069343455836,-0.010767665328,0.1446006433697781,False,False
D9,correct_cd_modulated,122,85,5,1.3812281360052134,0.9263556470169994,2.4160092948791103,0.7890876598151054,-0.0989874445167061,-0.022055818179072186,False,False
D9,correct_cd_modulated,122,85,10,4.499349882997646,0.9220224742053413,2.7101280466788618,0.9874472583016802,-0.010711667220478213,-0.023346578223277972,False,False
D9,correct_cd_modulated,123,116,1,0.0912179926814672,0.7626344033370411,0.2388644896653299,0.6250274456375269,-0.027683384032449354,-0.04479759688529421,False,False
D9,correct_cd_modulated,123,116,2,0.30733385547020087,0.857557602102061,1.4283245758002638,0.4896020856435944,0.04242538087715038,0.09953077003209143,False,False
D9,correct_cd_modulated,123,116,5,3.7921244781924717,0.5797161079824981,4.542956288712404,0.47415668832035984,-0.11730359636401948,-0.07893994260311676,False,False
D9,correct_cd_modulated,123,116,10,6.729462998782953,0.7507145791372727,10.27914846641519,0.41635351315464086,-0.05585300660641419,-0.09473627524346909,False,False
D9,correct_cd_modulated,124,88,1,2.6350659053341707,0.10452772362935481,1.0293497618112053,0.3103114388495164,0.17013465172529071,0.10633555929890513,False,False
D9,correct_cd_modulated,124,88,2,2.6351001266460368,0.2677905688933395,1.090717345513074,0.5796338471818071,0.0006095859685825434,0.025814049983694812,False,False
D9,correct_cd_modulated,124,88,5,5.839639412755935,0.32213679128966943,4.060298441564502,0.5407675506520708,-0.09668530667572804,-0.012767414926663893,False,False
D9,correct_cd_modulated,124,88,10,11.045324184038915,0.35399775196669037,8.931380813708072,0.5386279732149007,0.01485187238417247,0.04147714867188512,False,False
D9,correct_cd_modulated,125,99,1,1.302637679534299,0.2537319826524743,0.23513413862046986,0.6277427994950715,-0.11299170753658577,-0.04800567688286358,False,False
D9,correct_cd_modulated,125,99,2,1.6609569695424913,0.4358406932867933,0.24374863390634807,0.8852596236377692,0.05895799112547185,0.00914160604976694,False,False
D9,correct_cd_modulated,125,99,5,4.928027697388034,0.4247268551305593,5.0355326392226445,0.41155915605544546,-0.11752727530833827,-0.17553372810610224,False,False
D9,correct_cd_modulated,125,99,10,7.210374044428625,0.7054462906111592,10.929389778163417,0.3630456196962504,0.09842664571124962,0.1147929159749304,False,False
D9,correct_cd_modulated,126,82,1,2.243770357338132,0.13415351364640515,0.9617465169808309,0.3267472360329079,0.16243706855417747,0.10634724686476536,False,False
D9,correct_cd_modulated,126,82,2,3.3635701818019053,0.18604157831894763,2.1186994890407567,0.3466811683813845,0.1140429969887712,0.11591944077100909,False,False
D9,correct_cd_modulated,126,82,5,3.8106571791592314,0.5769860038840473,3.0361203829417422,0.6944169839401915,-0.008901349389715117,0.05462271772234165,False,False
D9,correct_cd_modulated,126,82,10,10.543848482853907,0.39414150864570163,6.919524916682105,0.7330198313481113,-0.1723715477239436,-0.12132527719115589,False,False
D9,correct_cd_modulated,127,120,1,1.381079087882328,0.239917424927799,1.5887982197637385,0.20749791873716716,-0.10595274602013602,-0.11364159343747574,False,False
D9,correct_cd_modulated,127,120,2,1.3882619103384317,0.4995083545691623,1.6516002417819104,0.43788449173250854,0.0076088326308385995,0.022498692430348733,False,False
D9,correct_cd_modulated,127,120,5,7.464109920238648,0.18834770027494085,7.060344986494813,0.21619092453142064,0.20384502278286193,0.16708814543635522,False,False
D9,correct_cd_modulated,127,120,10,12.202883175713165,0.2717077798076888,12.725402922417363,0.2394326463999763,0.039459729202894464,0.12417123174764928,False,False
D9,correct_cd_modulated,128,74,1,2.9462700466956417,0.08607601236098072,3.6519571019628927,0.05600336702972675,-0.19555775787694377,-0.2177216453928328,False,False
D9,correct_cd_modulated,128,74,2,3.4566204162151286,0.17758423697978165,3.737564588225756,0.15431145341973485,0.08083097343817876,-0.03310544763922849,False,False
D9,correct_cd_modulated,128,74,5,5.126605007431361,0.40062549630498445,4.636912002298948,0.4617766049342973,-0.07903450827267677,-0.07981616915322313,False,False
D9,correct_cd_modulated,128,74,10,11.99258519753418,0.28555305230591976,11.53432832893335,0.3174297086893325,0.043517316382839004,0.0015929622214839738,False,False
D9,correct_cd_modulated,129,58,1,0.13662348736729826,0.7116610674609791,0.0006580814225341557,0.979534034130569,0.04730537495868317,-0.0032831265360708456,False,False
D9,correct_cd_modulated,129,58,2,0.3678660964534506,0.831991505268623,0.2652098493385632,0.8758110351018399,-0.061001192066797084,-0.06524687644634848,False,False
D9,correct_cd_modulated,129,58,5,1.0725029304174545,0.9565085233088714,1.8184023958514903,0.873658337928569,-0.003189720721814951,0.11561630554353668,False,False
D9,correct_cd_modulated,129,58,10,5.869904679660824,0.8260722406988188,5.801882555250934,0.8316244174685234,0.041471873027888406,-0.01095974864508987,False,False
D9,correct_cd_modulated,130,97,1,2.0111808470149515,0.15614374211190052,3.045365398441577,0.08096789300419094,-0.14179395436136485,-0.1744824925045668,False,False
D9,correct_cd_modulated,130,97,2,2.0382759694291117,0.36090591253557003,3.5463367025938854,0.16979416811674153,-0.01637208146443834,-0.07039872006642203,False,False
D9,correct_cd_modulated,130,97,5,2.89470183815563,0.7162156527795827,3.666972102801336,0.5982865945028769,0.08814448947176949,0.007955689741185122,False,False
D9,correct_cd_modulated,130,97,10,5.885187429027817,0.8248152525788399,4.859502595298364,0.9003634824393982,0.018967863712329662,-0.008842280030083582,False,False
D9,correct_cd_modulated,131,88,1,1.4517589663659234,0.22824592107945807,0.01730259243902273,0.8953486847210146,-0.12628282655234604,-0.01378645553932372,False,False
D9,correct_cd_modulated,131,88,2,1.650399414924021,0.43814748240533663,0.07301573883002997,0.964150506565997,-0.046443022787670846,0.024596056259870505,False,False
D9,correct_cd_modulated,131,88,5,5.642089049258888,0.3426166907914874,1.7812670996254822,0.8785066070734784,0.12806002509666764,-0.005020581910763751,False,False
D9,correct_cd_modulated,131,88,10,12.127036377073455,0.2766444206146357,7.924731875347387,0.6361889461423804,0.15460021764556592,0.09176657929751954,False,False
D9,correct_cd_modulated,132,64,1,0.8497655770086492,0.35661866334648706,0.03261166937409225,0.8566917501649284,-0.1125791297379038,-0.022054379088324985,False,False
D9,correct_cd_modulated,132,64,2,2.32016418732376,0.31346044671038853,0.5180784167812919,0.7717927616983596,0.1469100247081146,0.08441383553397176,False,False
D9,correct_cd_modulated,132,64,5,5.027154649655686,0.41257519927875774,2.4358262229086165,0.7861272202895805,-0.17244884852241188,-0.13930649724806468,False,False
D9,correct_cd_modulated,132,64,10,6.383302529188941,0.7820978032902399,3.569117673549323,0.9646992387366101,0.06836627450247369,0.05852061907982862,False,False
D9,correct_cd_modulated,133,83,1,0.03876337993275231,0.8439181747008576,0.31425497410150954,0.5750808250199866,0.021226052598818476,-0.06043652670308328,False,False
D9,correct_cd_modulated,133,83,2,0.19113672324821843,0.9088562286420669,1.0787794480754547,0.5831039981649813,-0.04182620857064558,-0.09368923583677145,False,False
D9,correct_cd_modulated,133,83,5,1.6965150012832444,0.8893385171743743,4.67129384933246,0.4572969395502452,0.04955742540347669,0.013874576999315687,False,False
D9,correct_cd_modulated,133,83,10,7.265745972667882,0.7001412550210742,11.10400027633621,0.3494730628859051,-0.024854419710953115,-0.007093861025562541,False,False
D9,correct_cd_modulated,134,76,1,3.3096719171472233,0.06887324100366699,0.19236727275460203,0.6609536171575852,0.20462985979216974,0.04933352275113717,False,False
D9,correct_cd_modulated,134,76,2,5.3213129704349775,0.06990231684068449,2.5181118333907717,0.28392194597972975,0.15846633270326124,0.17038947678807553,False,False
D9,correct_cd_modulated,134,76,5,8.205766503710208,0.14525410465220223,5.66611002839883,0.34007482473144,-0.1471524191660428,-0.12552295386023324,False,False
D9,correct_cd_modulated,134,76,10,10.67780557969705,0.38316452515093613,6.76338090682655,0.7475784547676034,-0.09977554648973,-0.053500757848626616,False,False
D9,correct_cd_modulated,135,126,1,3.813654844740455,0.05083640916134535,2.9148622325022324,0.08776690771380347,-0.1719235781985994,-0.15030511689924242,False,False
D9,correct_cd_modulated,135,126,2,3.8498356123522495,0.14588774743526312,3.1297540384607303,0.2091137285592809,-0.016678595403520412,0.04064718864351367,False,False
D9,correct_cd_modulated,135,126,5,5.148251753738902,0.39805674774402644,5.477646853571356,0.3604032110360652,0.05981649444537435,0.050617395743457076,False,False
D9,correct_cd_modulated,135,126,10,7.66526988267067,0.661495574346616,7.965292206922119,0.6322272680359986,-0.006405913814024174,-0.029445540155100623,False,False
D9,correct_cd_modulated,136,89,1,0.26275621573878577,0.6082328895587541,0.21365375873999015,0.6439185745891367,0.05343208678210361,0.048181565339481015,False,False
D9,correct_cd_modulated,136,89,2,0.31529576615489147,0.8541504898650948,0.5622683133721698,0.7549270501750223,0.023756754126212393,0.06119510499857883,False,False
D9,correct_cd_modulated,136,89,5,2.8182074419201095,0.7279881551549512,1.3549168434597076,0.9291806304753659,0.10084248559118988,-0.019962187525760164,False,False
D9,correct_cd_modulated,136,89,10,6.7435032357811355,0.7494175876792659,5.797232859438255,0.8320013684089347,0.013121194411675663,0.12769792096425533,False,False
D9,correct_cd_modulated,137,92,1,0.2918753657756483,0.5890212506970057,1.3920202466837688,0.23806422444399178,-0.05541936901711638,-0.12102793733348065,False,False
D9,correct_cd_modulated,137,92,2,5.724132110340343,0.057150561991354154,2.800438719501358,0.24654287642560702,-0.2377680840078401,-0.12106797281614644,False,False
D9,correct_cd_modulated,137,92,5,7.701978965007524,0.17344305179552955,3.511464605427794,0.6216536014738168,0.05730122670045094,0.08444880450707333,False,False
D9,correct_cd_modulated,137,92,10,9.305721221459471,0.5033561296565173,6.063282563791655,0.8099187754984437,-0.051714677197685764,-0.07637774914015719,False,False
D9,correct_cd_modulated,138,74,1,2.1799193940693162,0.1398217846608817,2.639271932834832,0.10425131002122545,-0.16821278128573966,-0.1850891000197299,False,False
D9,correct_cd_modulated,138,74,2,3.4071021917551882,0.18203594782670973,3.584960835023984,0.16654655192280576,0.12534246219677053,0.11003167861255411,False,False
D9,correct_cd_modulated,138,74,5,5.398566542488233,0.3691966519091524,5.73405443668951,0.33296256000967794,0.028811191431825978,0.11976838143697938,False,False
D9,correct_cd_modulated,138,74,10,6.807190072095767,0.7435133897425448,7.66059064573216,0.6619509912214079,0.09320542869820643,-0.025172962498929686,False,False
D9,correct_cd_modulated,139,78,1,1.1894966010543033,0.27543112133230907,1.0760165653997357e-05,0.9973827285888123,-0.12115313886929066,-0.0003643867247218167,False,False
D9,correct_cd_modulated,139,78,2,1.6246021043899073,0.4438356014168082,0.07957751940562552,0.9609924180368893,0.07279671626935039,-0.031130087119643213,False,False
D9,correct_cd_modulated,139,78,5,5.809913402025028,0.3251568155866448,4.238033666195369,0.5156784712276099,-0.09791361814743157,-0.13131578814371722,False,False
D9,correct_cd_modulated,139,78,10,13.254410151786082,0.20979328872114833,12.472681217279309,0.25466593163707696,-0.12596210971083024,-0.10656081628137072,False,False
D9,correct_cd_modulated,140,88,1,1.629556157381129,0.2017644492097762,2.1421557190076164,0.1433003998141501,0.13379247918468218,0.15339900913712035,False,False
D9,correct_cd_modulated,140,88,2,2.15535158027908,0.3403857348645184,2.1431839362887772,0.3424628932091365,-0.07556053694613918,0.0033414047388441153,False,False
D9,correct_cd_modulated,140,88,5,4.236971055407524,0.5158266090697042,5.470555097656898,0.36118542555772026,-0.12021592104653789,-0.1501991787385915,False,False
D9,correct_cd_modulated,140,88,10,12.192539196440675,0.2723772642374518,9.11854958450628,0.5208910236861739,0.07789302968090349,0.08713572365804738,False,False
D9,correct_cd_modulated,141,68,1,0.8564495762811214,0.35473416347232667,0.10467217639816183,0.7462932881584123,0.1097955717016925,0.03838394003568683,False,False
D9,correct_cd_modulated,141,68,2,1.9181905687008178,0.38323945190934405,0.5053422222888861,0.7767232954558136,0.12133267821348862,0.07453528721123508,False,False
D9,correct_cd_modulated,141,68,5,9.215841143941017,0.10075854663437622,4.314807730976094,0.5050369270771571,-0.1746789907682415,-0.1026027495678548,False,False
D9,correct_cd_modulated,141,68,10,13.184781920662502,0.2135232084403399,7.377603294484376,0.6893803934553226,0.013009341996662,-0.04134261222416015,False,False
D9,correct_cd_modulated,142,65,1,1.1330107988072435,0.2871340400968432,0.48182909099149446,0.4875949796592248,0.12903660613562212,0.08414773218585253,False,False
D9,correct_cd_modulated,142,65,2,4.547101170808831,0.10294601180495055,3.579967478561739,0.16696288458153874,-0.2222356365917049,-0.2117027997251428,False,False
D9,correct_cd_modulated,142,65,5,6.3684519189499085,0.27199920157032764,6.013895067573529,0.30486921538448164,0.04379436342369043,0.0212278213045237,False,False
D9,correct_cd_modulated,142,65,10,9.922451250372822,0.44732309621034383,8.714797858763564,0.5593672918909469,0.008286799201313965,0.03535796902296027,False,False
D9,correct_cd_modulated,143,102,1,0.09936712586539309,0.7525904335322522,0.8916576034432715,0.34502850810738306,0.0307585101352375,-0.09213889297356816,False,False
D9,correct_cd_modulated,143,102,2,2.403303620242155,0.3006971069390967,1.3645496748231738,0.5054658309269916,0.1473731941559886,0.0667673686581478,False,False
D9,correct_cd_modulated,143,102,5,5.989435661677543,0.30724823230791243,5.062995685467141,0.40824062691908813,-0.07772250207478974,0.034630135021434236,False,False
D9,correct_cd_modulated,143,102,10,10.449785364246516,0.401956531682948,8.53699363573892,0.5765336515406331,-0.04089550654984627,-0.08442072430777808,False,False
D9,correct_cd_modulated,144,71,1,0.34926295462819534,0.5545306503664746,0.4986150717311585,0.4801092805059789,0.06868069439059618,-0.0820618146763306,False,False
D9,correct_cd_modulated,144,71,2,0.4285653339702041,0.8071202065395413,0.5265282155091011,0.768538893423463,0.032492045286013294,0.01927694983749361,False,False
D9,correct_cd_modulated,144,71,5,3.9149269535555438,0.5617283669596054,1.884908184665111,0.864829992593869,0.16463086772027716,0.05180801946096292,False,False
D9,correct_cd_modulated,144,71,10,11.338554091043276,0.33175688866463393,6.129629885925883,0.8042572073719372,0.05850822863632427,-0.02939151689105124,False,False
D9,correct_cd_modulated,145,113,1,0.00043415435259815967,0.9833761842420459,0.3205575645350969,0.5712727616300585,0.0019343851482000836,0.05256224235245475,False,False
D9,correct_cd_modulated,145,113,2,1.4314678237011866,0.48883321962198656,0.664152144326781,0.7174327441175761,-0.1105600619691906,-0.05417469807266209,False,False
D9,correct_cd_modulated,145,113,5,4.4874675102752315,0.48156199148924195,2.392080125160372,0.7926529595393642,-0.002296075441414623,0.08074208617950838,False,False
D9,correct_cd_modulated,145,113,10,5.887058985395623,0.8246610812322002,6.610627775991111,0.7616213636577656,0.0057976541433395834,0.020095751448726742,False,False
D9,correct_cd_modulated,146,85,1,0.3188412915347112,0.572304819727627,4.228266776369403,0.03975601894271774,0.060180782963687666,0.21915518202556503,False,True
D9,correct_cd_modulated,146,85,2,2.614740212130595,0.2705305884168512,5.031810311039446,0.0807897518111419,0.16052635295962372,0.09496742502442214,False,False
D9,correct_cd_modulated,146,85,5,3.941692638429141,0.5578410222474619,6.348820906278446,0.2737410781423577,0.016768019455274966,-0.017133947025069658,False,False
D9,correct_cd_modulated,146,85,10,5.700928690399995,0.8397329190253391,7.878025689847061,0.6407499409439372,-0.04980450385622212,-0.04165532951486465,False,False
D9,correct_cd_modulated,147,95,1,0.006244384334154987,0.9370155880794411,0.14819279108728955,0.7002684086894413,0.007981069078546057,0.038880316883145735,False,False
D9,correct_cd_modulated,147,95,2,0.1648546777811803,0.9208783474682704,1.1199799395777212,0.5712147932250633,-0.04000916510651239,-0.09903287341747026,False,False
D9,correct_cd_modulated,147,95,5,1.8207623658835859,0.8733482138015134,2.2691839452088054,0.8107821163114817,-0.012374772098815465,-0.03211013884298045,False,False
D9,correct_cd_modulated,147,95,10,5.860988573147428,0.8268039738063793,4.602458279698366,0.9161055262689971,0.01809945079165277,0.034665210560688116,False,False
D9,correct_cd_modulated,148,88,1,0.960533027722265,0.32705261837408106,0.515861624496873,0.4726123538386632,-0.10271956860414597,-0.07527723284131765,False,False
D9,correct_cd_modulated,148,88,2,1.9856321955924232,0.3705317667164082,0.5262794039760776,0.7686345100410994,-0.10550415787011917,0.01063589925350734,False,False
D9,correct_cd_modulated,148,88,5,2.6433416979046105,0.7547694880763016,2.3299833477419707,0.8018532509840487,-0.08006276428465574,0.09595037650747329,False,False
D9,correct_cd_modulated,148,88,10,5.065336433154991,0.886770929130359,6.955856503392829,0.729605696721064,-7.293791472413872e-05,-0.029644769891392687,False,False
D9,correct_cd_modulated,149,82,1,2.6372334962685677,0.1043851727930637,3.9600420492522135,0.04659253948107711,-0.17610441005293434,-0.21579721669311572,False,True
D9,correct_cd_modulated,149,82,2,5.73771695729167,0.05676368657072006,4.723831863476065,0.09423949368195972,-0.1897636974538293,-0.09418578362829177,False,False
D9,correct_cd_modulated,149,82,5,7.752196051167219,0.17043176960063722,5.505143942250601,0.35738215860678224,-0.10664399482399847,-0.018366058405133317,False,False
D9,correct_cd_modulated,149,82,10,10.415545713356302,0.4048228486684098,8.755530679076992,0.5554512328903851,-0.10774931975760753,-0.11837662837068112,False,False
D9,correct_cd_modulated,150,95,1,0.076667219893665,0.7818657530382683,0.0007290292304711009,0.9784593022952408,0.0279654050876272,0.0027270225419008007,False,False
D9,correct_cd_modulated,150,95,2,0.6339087461259703,0.7283639873853291,0.006242419435788627,0.996883656193331,-0.07499210444213625,0.007459387521203368,False,False
D9,correct_cd_modulated,150,95,5,3.558612886896568,0.6145379046240278,2.6210058679669768,0.7581711532128145,-0.1088291866948903,-0.10459620238562922,False,False
D9,correct_cd_modulated,150,95,10,6.6419340871683215,0.7587606788562762,8.478894707065356,0.5821651699214867,0.008288509388639495,0.06828884263844473,False,False
D9,correct_cd_modulated,151,103,1,0.5765994635625062,0.44764831802893623,0.31349780974700486,0.5755416792794243,0.07374353308326094,0.054375602169951597,False,False
D9,correct_cd_modulated,151,103,2,3.677824170375558,0.1589902999561813,2.9400441661725227,0.22992040777846345,-0.17018216434277134,-0.1566173820037911,False,False
D9,correct_cd_modulated,151,103,5,6.950439134400026,0.224352385764525,4.1198997200957095,0.5322857750720669,-0.05946521125273168,-0.06770353299660682,False,False
D9,correct_cd_modulated,151,103,10,10.578078991799776,0.39131934784111255,9.504341137100106,0.4849993007633806,-0.06808886289811068,-0.0728488551421514,False,False
D9,correct_cd_modulated,152,89,1,0.22340357800330202,0.6364587105801642,0.014470817439545458,0.9042496938809106,0.04926865412791953,-0.01253926754664114,False,False
D9,correct_cd_modulated,152,89,2,0.6941195185357869,0.7067630913508254,0.025792992266610453,0.9871863073325388,0.07110880490050334,0.011028307199798588,False,False
D9,correct_cd_modulated,152,89,5,7.111593041738696,0.21247241427421382,2.6534627588080335,0.7532263771683965,-0.15903404013319683,-0.11271987640547451,False,False
D9,correct_cd_modulated,152,89,10,8.68083537173205,0.5626374692115863,6.697844537160526,0.7536290683034758,-0.057801762679706666,0.07683856867668139,False,False
D9,correct_cd_modulated,153,93,1,2.249769654974729,0.13363429334810784,5.069178162250767,0.02435492781793247,0.15305927931139898,0.2297520601862514,False,True
D9,correct_cd_modulated,153,93,2,2.722214026978152,0.2563768072195145,5.258534001951373,0.07213131504942405,0.06975779737452814,0.04416281730916967,False,False
D9,correct_cd_modulated,153,93,5,4.149826060495945,0.5280526713746071,6.322608191274847,0.2760810556524529,0.08557516678793471,0.09564925359022526,False,False
D9,correct_cd_modulated,153,93,10,4.485761400406718,0.9227849698819746,6.8831760351774225,0.7364259132967031,-0.001766282634358334,0.010393841503754785,False,False
D9,correct_cd_modulated,154,58,1,0.0550459950805558,0.8145045937369146,0.40097368074776674,0.5265868355952735,0.030026911873588934,0.0810411769230648,False,False
D9,correct_cd_modulated,154,58,2,2.077202006236118,0.3539495100074903,2.2635261014550734,0.3224642341594497,-0.1803896936047765,-0.17312454453204468,False,False
D9,correct_cd_modulated,154,58,5,8.551451290548066,0.12834924160367978,8.33694162238189,0.13861777014920118,-0.19090701635185645,-0.18273164490383803,False,False
D9,correct_cd_modulated,154,58,10,9.31979442125084,0.5020466310031488,9.082816531330817,0.5242624650952739,-0.07036373893884162,-0.09439342365350879,False,False
D9,correct_cd_modulated,155,78,1,0.0030072955376152658,0.9562668776903012,0.07382735509770132,0.785843552677536,-0.006091736684456452,-0.03018295266892528,False,False
D9,correct_cd_modulated,155,78,2,0.8901691219769362,0.640770089589165,0.9091464410263406,0.6347187951140381,-0.1039479489516178,-0.10086504894089335,False,False
D9,correct_cd_modulated,155,78,5,2.5814614306685426,0.7641799350939261,5.474786757403829,0.3607185263238639,-0.09195786307084759,-0.08163848635760013,False,False
D9,correct_cd_modulated,155,78,10,7.716061677904928,0.6565493011187918,6.82315356627412,0.7420282139685547,-0.06813213850863825,0.028019705546886264,False,False
D9,correct_cd_modulated,156,70,1,1.6967936043552383,0.19270783813882963,0.8653464384292912,0.3522468410298685,-0.1524136228838409,-0.10884394706105426,False,False
D9,correct_cd_modulated,156,70,2,2.238188801365835,0.32657540721530576,1.2639267674311663,0.5315471448038209,0.0854665921419896,0.07333260601929306,False,False
D9,correct_cd_modulated,156,70,5,2.9254643619064855,0.7114759695827441,1.9597423017533098,0.8546869568049723,0.05638299206888985,-0.0320654780593007,False,False
D9,correct_cd_modulated,156,70,10,10.106415402785425,0.4312072652586765,8.435753571583366,0.5863528721550948,-0.23909276153530953,-0.2396580186700087,False,False
D9,correct_cd_modulated,157,100,1,2.066251127766997,0.15059129381513936,0.756825408525517,0.384323832468608,-0.14161493691605592,-0.08570681639674474,False,False
D9,correct_cd_modulated,157,100,2,2.206038224412933,0.3318676240869016,0.9973736662484717,0.6073276588660184,0.036647680652211086,0.04807442071561666,False,False
D9,correct_cd_modulated,157,100,5,4.180849952432782,0.523682810171697,1.4686944569530667,0.9166539462105788,0.010592159266856565,0.06492779857307604,False,False
D9,correct_cd_modulated,157,100,10,5.8192662033991684,0.830212187856026,3.981183345293137,0.9481918419764361,0.016282993361159404,0.020006500430483753,False,False
D9,correct_cd_modulated,158,79,1,0.5981632399770479,0.439279692608609,1.6438581198218514,0.19979693959339062,0.08538883853067697,0.14155441257131413,False,False
D9,correct_cd_modulated,158,79,2,3.686638786321508,0.158291122616247,8.95894730926472,0.011339380014357636,0.19277974036806383,0.2966874120516962,False,True
D9,correct_cd_modulated,158,79,5,4.806942926952008,0.43989272296211634,10.384383977107092,0.06504831796987809,0.016067367613265195,-0.0017343565607725912,False,False
D9,correct_cd_modulated,158,79,10,13.823644806366124,0.1811887611727262,15.978861469595573,0.10023911612467962,-0.15139995121473598,0.07493820092917094,False,False
D9,correct_cd_modulated,159,112,1,0.07042151175774952,0.7907240455415011,0.6057939678357543,0.4363758650021037,-0.02474302103622822,-0.07257090260281424,False,False
D9,correct_cd_modulated,159,112,2,3.4850870482967045,0.17507452752437003,2.497554829407528,0.2868552876209006,0.17151771854262407,0.1276638753398918,False,False
D9,correct_cd_modulated,159,112,5,5.993667202618748,0.3068356150012166,3.541206331656354,0.6171619653969432,-0.14393554383609503,-0.07279294729053752,False,False
D9,correct_cd_modulated,159,112,10,14.383107116973877,0.15622305188317676,17.155000902084655,0.07100379730075213,-0.17989173037915077,-0.1366971806194968,False,False
D9,correct_cd_modulated,160,87,1,0.3024745576253921,0.5823352382039679,0.2963356920810993,0.586188784585887,0.057961420583802416,0.057370228224458725,False,False
D9,correct_cd_modulated,160,87,2,7.0925909845875275,0.02883124764634315,6.0852727960347215,0.04770894378083945,-0.2730193596555211,-0.252089205052801,True,True
D9,correct_cd_modulated,160,87,5,7.948396110184161,0.1591026442718707,6.231817467512036,0.2843111650602943,0.0820520385057362,0.008915664391676107,False,False
D9,correct_cd_modulated,160,87,10,14.040822449944457,0.1711377005819288,7.349370957688385,0.6921015766698082,0.09781011171941867,0.07594848140835239,False,False
D9,correct_cd_modulated,161,86,1,0.6570096132750235,0.41761765151880115,0.7282128364887166,0.39346309179451644,-0.08590229430004626,-0.09043739958006329,False,False
D9,correct_cd_modulated,161,86,2,0.6574346854297888,0.7198464578391331,1.1026574579402335,0.5761837095360378,0.0021721029708799845,0.06446780442056789,False,False
D9,correct_cd_modulated,161,86,5,5.78019407891714,0.328197940164229,3.6073800533255937,0.6072055516705166,0.03434772698510992,0.05567150286651055,False,False
D9,correct_cd_modulated,161,86,10,8.766690713345277,0.5543794918779847,5.021622250880886,0.8897289554444421,0.018865268093798855,-0.03880343867329609,False,False
D9,correct_cd_modulated,162,108,1,1.5511677438000016,0.21296313304244507,1.1367469779471369,0.286340758278264,0.11819879554476152,0.10118486874690598,False,False
D9,correct_cd_modulated,162,108,2,1.6116992594566872,0.4467082286899081,1.4149909229221718,0.4928770825606015,0.023239965901837654,0.049826177797268285,False,False
D9,correct_cd_modulated,162,108,5,4.869164671801491,0.43205544877195723,9.7724238467392,0.0819463826893908,-0.08446865410218656,-0.11873363735146032,False,False
D9,correct_cd_modulated,162,108,10,6.355085016847232,0.7846006906875931,11.345322448457154,0.331254545414552,0.040666957681113405,0.027041466680174344,False,False
D9,correct_cd_modulated,163,67,1,0.18258802597790247,0.6691585012946348,0.01796155592664831,0.8933861825658559,0.05105592721489622,0.016013342716681103,False,False
D9,correct_cd_modulated,163,67,2,3.634578480656343,0.1624655596438498,4.245743965768274,0.11968739428283492,0.2203076229872448,0.24380973663685512,False,False
D9,correct_cd_modulated,163,67,5,4.485089596032154,0.48188087446760963,5.086208293092275,0.40545014162526427,-0.05671104001473233,-0.08646196524032959,False,False
D9,correct_cd_modulated,163,67,10,7.344683587104833,0.6925530456833097,11.804648234502183,0.2983434541242952,-0.0833089833514755,-0.14807527605453508,False,False
D9,correct_cd_modulated,164,78,1,0.546395081124793,0.45979441460979154,0.02605784113297506,0.8717591399699987,0.0821119674577165,0.01793173382813792,False,False
D9,correct_cd_modulated,164,78,2,0.6666008951160688,0.7165548746489226,0.028418859590884492,0.9858910476799042,0.038262843208608587,0.005362461565236667,False,False
D9,correct_cd_modulated,164,78,5,3.224266420317727,0.6654548887894596,2.100727770553775,0.8350392295493216,-0.02086705560804505,-0.050416288671728225,False,False
D9,correct_cd_modulated,164,78,10,7.869650361256318,0.6415676602592355,5.913042863744962,0.8225153021953302,-0.1932017116601367,-0.17174594412612926,False,False
D9,correct_cd_modulated,165,69,1,0.002434600051664735,0.9606470148835929,0.021558985989828888,0.8832663738306645,-0.005813190432045447,-0.017298757147211605,False,False
D9,correct_cd_modulated,165,69,2,1.0610998352404446,0.5882813744177013,2.108496410769225,0.34845429492116264,0.12032697743143432,0.16894229721344678,False,False
D9,correct_cd_modulated,165,69,5,1.9510582454405967,0.855874788028939,2.351991892692789,0.7986013479337769,0.10433303067363503,0.051484482858912495,False,False
D9,correct_cd_modulated,165,69,10,3.1109188379910115,0.9786918419880352,3.625403560850482,0.9626678434560431,-0.09350374421923682,0.0847434397530146,False,False
D9,correct_cd_modulated,166,99,1,0.3147434935149227,0.574783870803202,0.875518312435885,0.349432122785142,-0.05554092829542764,-0.09263335012632996,False,False
D9,correct_cd_modulated,166,99,2,0.37345371742508027,0.8296703226590603,3.8169555994899254,0.14830596624284498,-0.023865165546066987,0.16892245310775175,False,False
D9,correct_cd_modulated,166,99,5,2.477310860443985,0.7799081566745129,5.643127654485596,0.3425064906021428,-0.12184290162215325,-0.12208151910979337,False,False
D9,correct_cd_modulated,166,99,10,5.590358464218843,0.8484260602180289,8.404862795315937,0.5893543275697101,0.03229165027141179,-0.007245068591066871,False,False
D9,correct_cd_modulated,167,102,1,2.0227243824566083,0.15496089937198643,6.926164589590006,0.008494365953997884,0.13877533556823934,0.2567972302297585,False,True
D9,correct_cd_modulated,167,102,2,2.144241715295372,0.3422818160687695,7.431329687848308,0.024339253929550497,-0.03384561101503119,0.06900807507467442,False,True
D9,correct_cd_modulated,167,102,5,8.525693172667832,0.12954503028029096,12.839245615373196,0.024932695255944437,0.11268301000039993,0.0693664217139773,False,True
D9,correct_cd_modulated,167,102,10,12.85300878029523,0.23200679829764181,15.165527807439371,0.12614254034299288,0.12632833028902435,0.05279066939144478,False,False
D9,correct_cd_modulated,168,80,1,0.7405042107306969,0.3894994093090677,0.1995750072631834,0.6550641067936884,0.094433349065951,0.04902467269233081,False,False
D9,correct_cd_modulated,168,80,2,0.9575802612602994,0.6195324919437382,0.2027528148366312,0.9035928498143577,0.05080440124807251,0.006146942908740269,False,False
D9,correct_cd_modulated,168,80,5,2.2026423409692586,0.8204542078875963,5.254542936188303,0.3856117496715332,0.012416536022390063,0.09937147200438486,False,False
D9,correct_cd_modulated,168,80,10,8.95225480947472,0.5366407063135512,9.306133137079097,0.5033177828477269,0.1434842965729939,0.15517414012853262,False,False
D9,correct_cd_modulated,169,113,1,1.0085290823656676,0.3152554833863278,1.767136671575174,0.18373683580460887,0.09323201755688018,0.1234115875734392,False,False
D9,correct_cd_modulated,169,113,2,1.0580705166628304,0.5891730954221649,3.180949706310431,0.20382880000154957,0.020571105686095836,0.10989282506872895,False,False
D9,correct_cd_modulated,169,113,5,2.633580658046355,0.7562567108643574,8.670994901939595,0.1229288417343658,0.10650640233304323,0.1637185742395317,False,False
D9,correct_cd_modulated,169,113,10,4.863757367314248,0.9000912416958141,10.140147825206917,0.42828494146058516,0.025507600641177415,-0.02989106056349366,False,False
D9,correct_cd_modulated,170,112,1,0.06525466707784941,0.7983756104966951,0.0005793089329830144,0.9807977002839267,0.023818030197140676,0.002244166964962422,False,False
D9,correct_cd_modulated,170,112,2,0.07415014450298794,0.9636037927273575,0.047912358866416906,0.9763284920884275,-0.008754261926454832,-0.020193758133004447,False,False
D9,correct_cd_modulated,170,112,5,0.7796351863237733,0.978314049604071,0.4852708954126316,0.9926526888927952,0.03142796054382445,0.014570076900068354,False,False
D9,correct_cd_modulated,170,112,10,3.6448852931452493,0.9619484079848958,1.7926782895060847,0.9976963104619373,-0.13298014173144382,-0.04659570747121646,False,False
D9,correct_cd_modulated,171,87,1,1.0490629917116534,0.30572298699631295,0.2091080505411403,0.647467404769169,0.10794322250815565,0.048192557322055234,False,False
D9,correct_cd_modulated,171,87,2,1.5443234446378573,0.4620132436884572,1.8566786792078314,0.39520947444254895,-0.07373465600485903,-0.1344859310047379,False,False
D9,correct_cd_modulated,171,87,5,7.242273252769496,0.20323664818349352,6.2278829480693965,0.2846722439824657,-0.033859460239463686,-0.04949965201122023,False,False
D9,correct_cd_modulated,171,87,10,9.623658508363333,0.474107618170327,9.189644644817461,0.5142052859785256,-0.12416925637692751,-0.052454536462323904,False,False
D9,correct_cd_modulated,172,77,1,1.9538348280012545,0.16217421013952305,2.4727239812710087,0.11583701684785452,-0.15623984927901124,-0.17576633952937704,False,False
D9,correct_cd_modulated,172,77,2,1.956681875086903,0.37593428021048636,2.604775869251182,0.2718817813304557,-0.005924736612953356,-0.04035004569380143,False,False
D9,correct_cd_modulated,172,77,5,5.329864960167217,0.3769625189622726,5.301594392387326,0.38019228868288035,-0.1427481593863474,-0.10999197630793511,False,False
D9,correct_cd_modulated,172,77,10,13.12842904977445,0.21657961083976407,11.665184329421736,0.30808918871898294,-0.13392512372339987,-0.11215509110784531,False,False
D9,correct_cd_modulated,173,108,1,1.163408293496427,0.2807598102502036,1.0338145081665122,0.30926443023282435,-0.10236458880272341,-0.09649503763074202,False,False
D9,correct_cd_modulated,173,108,2,1.1653482466274732,0.5584031294053496,1.0611702204165683,0.5882606716379213,0.004160450230295259,-0.01562315443243429,False,False
D9,correct_cd_modulated,173,108,5,1.905386180804961,0.8620756866595161,3.158220463814118,0.675607872374938,-0.04975718533649877,-0.05022604272994153,False,False
D9,correct_cd_modulated,173,108,10,3.858884406930455,0.9534884648707026,6.014686064553663,0.8140278785081665,-0.03208376753598895,-0.03307928416557786,False,False
D9,correct_cd_modulated,174,71,1,0.07572250129118649,0.783180088985965,0.20711248291605489,0.6490400857377718,-0.03197944270944638,-0.05288853692668196,False,False
D9,correct_cd_modulated,174,71,2,2.05882712169639,0.35721638482958307,2.9944541890507166,0.2237497376089348,-0.1624825604307626,-0.1926322722345599,False,False
D9,correct_cd_modulated,174,71,5,4.151090497074205,0.5278741996686461,3.61688496194595,0.6057798866854905,-0.09812912177187025,-0.076843359368534,False,False
D9,correct_cd_modulated,174,71,10,8.935124654635503,0.5382713878986457,5.348173637560625,0.8667399576636841,0.006259371614783335,-0.08741147701661006,False,False
D9,correct_cd_modulated,175,69,1,0.35602034392995696,0.5507247851461103,0.008098506825950234,0.9282938071647614,0.07029721898617801,0.010602376269527897,False,False
D9,correct_cd_modulated,175,69,2,0.6592941949928858,0.7191774881900321,0.04676834791393774,0.9768871170855582,0.06440226842467406,-0.022996930636872356,False,False
D9,correct_cd_modulated,175,69,5,5.431927459480464,0.3654680310699021,4.875981166967214,0.43120250250055436,0.11073718363339641,0.061918820192411905,False,False
D9,correct_cd_modulated,175,69,10,8.921599344714835,0.539559945494155,9.832834415663841,0.4552798170361908,-0.01308379658151095,-0.10126138793188148,False,False
D9,correct_cd_modulated,176,98,1,1.7562113520253502,0.18509778045929282,4.76522623454149,0.02904024248946968,0.13184425766885305,0.21717738089051006,False,True
D9,correct_cd_modulated,176,98,2,9.169379219006265,0.010206917426292428,11.644042110452139,0.002961613507648453,-0.26947873249736143,-0.2595848970653548,True,True
D9,correct_cd_modulated,176,98,5,16.750586104173742,0.004997932396087812,19.134448431651926,0.0018143818418905333,-0.02205018713418144,-0.06124380860284691,True,True
D9,correct_cd_modulated,176,98,10,18.623824879093373,0.045309158676204886,21.91770254533773,0.015529387487023816,-0.0546139628585787,-0.058821764102737976,True,True
D9,correct_cd_modulated,177,88,1,0.022739528415167826,0.8801363937590111,0.008285211393372316,0.927474207031631,0.01580475479903201,-0.009540010053513324,False,False
D9,correct_cd_modulated,177,88,2,0.08202039782846263,0.9598193407827453,0.10321312477818144,0.9497024420086689,0.025371369893954835,-0.032105807852557636,False,False
D9,correct_cd_modulated,177,88,5,1.5246726485566018,0.9102051554999859,0.8855808171075885,0.9712567446361953,-0.07594068521742256,-0.08983748886852036,False,False
D9,correct_cd_modulated,177,88,10,4.514876042153934,0.921146302473584,2.475205973389902,0.9912321230516016,-0.017304387761339066,0.019127839364727613,False,False
D9,correct_cd_modulated,178,84,1,0.11187927540374634,0.7380146679617561,2.1313705960199076,0.1443116674641831,0.035852958631764506,0.15648750364491476,False,False
D9,correct_cd_modulated,178,84,2,3.4759448813945166,0.17587663966394418,2.585410819488378,0.2745270693097628,-0.19541157537088683,-0.07179020970025095,False,False
D9,correct_cd_modulated,178,84,5,4.0831146935965,0.5375126533595594,3.3969884572575926,0.6390286286399999,-0.056520550373316526,-0.08756215167805204,False,False
D9,correct_cd_modulated,178,84,10,9.003451056356969,0.5317760894038598,6.885228066755653,0.7362338909531757,-0.1545327443525477,-0.15714121889553204,False,False
D9,correct_cd_modulated,179,98,1,1.3467322195038558,0.24585020798008195,0.4384884511903647,0.5078529192593726,-0.115455188449836,0.06587974493267583,False,False
D9,correct_cd_modulated,179,98,2,1.6132629971897319,0.44635909793849426,1.2649364253041107,0.5312788721456227,-0.051097101097775946,-0.08997675749479701,False,False
D9,correct_cd_modulated,179,98,5,6.383885932723985,0.2706360628027832,5.670922282721449,0.3395673214838911,0.1713532729172832,0.1569214572555076,False,False
D9,correct_cd_modulated,179,98,10,9.290869138399238,0.504739505399614,9.8050691288307,0.4577586239939656,0.04791799134053233,0.012299680575206825,False,False
D9,correct_cd_modulated,180,45,1,0.12038585873796515,0.7286163708940188,0.45131169016325623,0.5017127109484556,-0.050044792156345816,-0.09689680203459296,False,False
D9,correct_cd_modulated,180,45,2,0.7056247923345755,0.7027090119159403,1.1357285423884926,0.566734538364253,0.10908013005532295,0.11796125630266754,False,False
D9,correct_cd_modulated,180,45,5,1.9939895221458792,0.8499760744878774,1.6300447790667645,0.8975923727936057,-0.15498937455736753,-0.08044966391644866,False,False
D9,correct_cd_modulated,180,45,10,3.5433842384012006,0.9656047147501601,7.985664783454508,0.6302372449777438,0.06990495357376486,0.009611507562140294,False,False
D9,correct_cd_modulated,181,59,1,1.6889224991189715,0.19374306840960054,0.08514150660606273,0.7704470572294277,0.16497872163091157,0.0370419412759417,False,False
D9,correct_cd_modulated,181,59,2,2.344405340936119,0.3096840575297154,1.1791934101854469,0.5545508871912402,-0.10188896917944262,-0.13163320862410482,False,False
D9,correct_cd_modulated,181,59,5,5.166639378563189,0.39588384007832333,3.5274666097361584,0.6192357172570615,-0.17337318792462922,-0.14119265148847757,False,False
D9,correct_cd_modulated,181,59,10,6.514683847129318,0.7703289685244844,5.198668416681557,0.8775176294817277,-0.1152339184104425,-0.13596742792940875,False,False
D9,correct_cd_modulated,182,85,1,0.10318394641999486,0.7480417211601019,0.9026650340197186,0.3420681213106782,0.03423549573556043,-0.10125905354068956,False,False
D9,correct_cd_modulated,182,85,2,0.7014669739578547,0.7041713996965664,6.333514575041064,0.04214002457123278,0.08194515826804967,0.24689019491288142,False,True
D9,correct_cd_modulated,182,85,5,2.0833049540497397,0.8375023042541843,7.636120062101431,0.17746288417532474,-0.002499568092923966,0.01848726669742915,False,False
D9,correct_cd_modulated,182,85,10,8.473067688522658,0.5827305091910899,12.331657858723467,0.26347288239087296,-0.05478955041123923,-0.08771007934685392,False,False
D9,correct_cd_modulated,183,54,1,0.2880249476522307,0.5914889789383093,0.07528624213914871,0.7837900098339393,0.07104967481645419,-0.036324935470866196,False,False
D9,correct_cd_modulated,183,54,2,0.6134131159331592,0.7358665033913532,0.974822723237423,0.6142143167737439,-0.074801732533518,-0.12437129859041259,False,False
D9,correct_cd_modulated,183,54,5,0.6375105989077794,0.986221460153318,2.874554016527456,0.7193185064672569,-0.007672886270016376,-0.05857094112902323,False,False
D9,correct_cd_modulated,183,54,10,7.700865868084072,0.6580296430893003,5.4912107760373114,0.8560473054814407,-0.09897697350618569,-0.057324497966455244,False,False
D9,correct_cd_modulated,184,144,1,0.0900386720686695,0.7641279978581694,0.20077208929247647,0.6540983582628707,0.024747132601664452,-0.03695404760973277,False,False
D9,correct_cd_modulated,184,144,2,4.796151499783263,0.0908926853810682,5.73467013186178,0.056850226994243025,-0.1782861742492603,-0.19333125712907104,False,False
D9,correct_cd_modulated,184,144,5,6.453189720738626,0.2645835577519219,7.977639944512506,0.15747224708676755,-0.030125928028946498,-0.06896869445210355,False,False
D9,correct_cd_modulated,184,144,10,10.72966711911072,0.3789636666095342,13.897406616727517,0.17772285666878163,-0.01968794141357139,-0.09372167304630111,False,False
D9,correct_cd_modulated,185,72,1,0.8163321170073173,0.36625475581910083,2.309194625666745,0.12861067192204012,-0.10429908727916644,-0.17541928451446867,False,False
D9,correct_cd_modulated,185,72,2,1.9647586407687765,0.3744191750104804,2.3094915252151957,0.31513764649304743,-0.12283397864874292,-0.00197502083044744,False,False
D9,correct_cd_modulated,185,72,5,4.575557136911971,0.46983823789346635,5.952683886233539,0.3108502479344232,-0.03694112962007565,-0.0033653064417671907,False,False
D9,correct_cd_modulated,185,72,10,6.611661384027633,0.7615270641403169,8.151477980923783,0.6140435527025622,0.07432630315109638,0.011260056552904015,False,False
D9,correct_cd_modulated,186,100,1,5.40573116763592,0.02007073938783921,1.892864265908522,0.16887921430947894,0.22905761446566578,0.13554304805114306,True,False
D9,correct_cd_modulated,186,100,2,6.503927121554446,0.03869814701750962,3.150611121027018,0.20694430900993155,0.10271949405647016,0.10992831523476639,True,False
D9,correct_cd_modulated,186,100,5,10.546946236828559,0.06114060398050214,11.341328654849605,0.045017045368216047,-0.05694951072399697,0.08517498611617964,False,True
D9,correct_cd_modulated,186,100,10,12.41336247379176,0.258343550337347,14.327545743308947,0.15856860984831012,-0.09608119677933383,-0.10615061026615917,False,False
D9,correct_cd_modulated,187,68,1,4.326993144034562,0.037512457264876065,2.6001162336246337,0.10685587790268058,0.2467896991343152,0.1913067555445583,True,False
D9,correct_cd_modulated,187,68,2,4.402456477666869,0.1106671491633543,2.9302870399984107,0.23104482954393424,-0.03234718442584877,0.06766090877139365,False,False
D9,correct_cd_modulated,187,68,5,8.738746259763655,0.11994950948441085,6.993910661241418,0.22109357387823114,-0.18043285011864998,-0.16560719954562614,False,False
D9,correct_cd_modulated,187,68,10,10.53600013578557,0.39479021991249674,8.356720200988507,0.5940364233860319,0.06733984647791688,-0.02077590949578548,False,False
D9,correct_cd_modulated,188,83,1,0.7913683034140345,0.3736867010574929,0.4406045230528254,0.5068308220760012,0.0959064339092796,0.07156206971189608,False,False
D9,correct_cd_modulated,188,83,2,1.0038212264963196,0.6053729205468537,2.5866359585725816,0.27435895388507237,-0.04938844536673276,-0.15696833081356995,False,False
D9,correct_cd_modulated,188,83,5,3.8604590039824065,0.569676430782484,6.039767139279395,0.30236861630764367,-0.09938720291575125,-0.09950851506240141,False,False
D9,correct_cd_modulated,188,83,10,6.712878494202592,0.7522443871005456,10.991746350546373,0.35816140108245054,0.10813220864101576,0.14412965460998955,False,False
D9,correct_cd_modulated,189,83,1,3.389799142353316,0.0656009400878006,0.8846965695913894,0.34691854539307443,-0.19849309334053405,-0.10140411726047857,False,False
D9,correct_cd_modulated,189,83,2,4.659287896664897,0.09733039557048828,1.0618675482790876,0.5880556021117938,0.12072811767848897,0.04510142797770064,False,False
D9,correct_cd_modulated,189,83,5,7.15377790665334,0.20945257474181644,4.858267627499498,0.4334213121458771,-0.04993138787390533,-0.10701112893090824,False,False
D9,correct_cd_modulated,189,83,10,11.876176838922763,0.2934290287201009,14.41656125036063,0.15482464074302937,-0.06467357696886585,0.08023893114604483,False,False
D9,correct_cd_modulated,190,99,1,3.114427496161144,0.07760174528062891,2.509962559144794,0.11312861942581665,-0.17471245492685936,-0.15684416816996374,False,False
D9,correct_cd_modulated,190,99,2,3.302696736303591,0.19179112914462382,2.510029403638554,0.28507165712166116,-0.0427363342930652,0.0008052679275350967,False,False
D9,correct_cd_modulated,190,99,5,5.397246349614895,0.36934477532999566,2.916867082363326,0.712800801679613,-0.07688832850671531,-0.01681505559488569,False,False
D9,correct_cd_modulated,190,99,10,7.956972478275365,0.6330399288402928,4.143944274435122,0.9406198246535504,-0.0008307955951281021,-0.02039699544727929,False,False
D9,correct_cd_modulated,191,120,1,0.13550281782871212,0.7127933964871173,0.014169903740045387,0.905245721709491,-0.033187696179549156,0.010732141555526337,False,False
D9,correct_cd_modulated,191,120,2,0.16155584756801034,0.9223985114720049,0.0861263486755287,0.9578508765607967,0.014491040922735612,-0.024082707702256782,False,False
D9,correct_cd_modulated,191,120,5,4.9733240773513545,0.4191444338561323,4.351531780295488,0.4999901897775866,-0.04385379075643195,-0.017814503049883534,False,False
D9,correct_cd_modulated,191,120,10,7.321719186358859,0.6947635084601673,9.522507884184423,0.4833341661643775,0.07670985996138477,0.15068971099585288,False,False
D9,correct_cd_modulated,192,77,1,0.10773328343352491,0.7427396661731169,0.5811241565534969,0.4458720245133635,-0.03668789851226257,-0.08520838860359428,False,False
D9,correct_cd_modulated,192,77,2,0.5838487102040844,0.7468250273396738,0.8410229514566395,0.6567108422438627,-0.07661747762311771,-0.05660748450466333,False,False
D9,correct_cd_modulated,192,77,5,4.235793363464201,0.5159908171441716,1.4507160428756236,0.9186861370433569,-0.08533492628640178,-0.07976090867761644,False,False
D9,correct_cd_modulated,192,77,10,12.385435189078235,0.26008846761028925,14.259057874614234,0.1614997331481416,0.06974248008373354,-0.07176182570582477,False,False
D9,correct_cd_modulated,193,80,1,1.7562530123688858,0.1850925687405034,5.241611482271243,0.02205283730383467,0.145430389421356,0.25124303991677094,False,True
D9,correct_cd_modulated,193,80,2,1.9361607302310695,0.37981143803473083,5.830670929133078,0.05418585055082259,-0.046250909670108656,-0.08369026524168165,False,False
D9,correct_cd_modulated,193,80,5,3.7587507978296593,0.5846457580281895,6.679870937452868,0.2455578619870189,0.07312821658176409,0.003356530864203938,False,False
D9,correct_cd_modulated,193,80,10,8.746749094748106,0.5562949254294485,13.733513574407478,0.18549754538579388,-0.0015282372213695605,-0.001674195856456516,False,False
D9,correct_cd_modulated,194,106,1,4.43556398965484,0.035197588888659315,1.3489642114494769,0.24545927638917064,-0.20169924085766286,-0.11123207862238821,True,False
D9,correct_cd_modulated,194,106,2,5.040228739834166,0.08045040511718493,1.9233837738715207,0.3822456222064905,-0.07411552427148581,-0.0722381258646171,False,False
D9,correct_cd_modulated,194,106,5,5.311186495560397,0.37909421014970435,5.32655685931048,0.37733942523450503,-0.012033640587848265,-0.05405796239975609,False,False
D9,correct_cd_modulated,194,106,10,12.321790622825997,0.2640973513597715,11.424490876323757,0.3254159734894745,0.04411733238358863,-0.002654612358181494,False,False
D9,correct_cd_modulated,195,79,1,0.5903463507673746,0.44228521827360956,1.8663894798952625,0.1718891703266422,0.08482906648296436,0.15083161638496698,False,False
D9,correct_cd_modulated,195,79,2,1.0261840990161266,0.5986416843969173,2.0192446815350977,0.364356556208701,-0.07241886743486903,-0.042887370396202495,False,False
D9,correct_cd_modulated,195,79,5,4.677345771130359,0.45651126248004137,5.661385000008065,0.3405736884476589,-0.03896144262184888,0.04617508663073169,False,False
D9,correct_cd_modulated,195,79,10,7.797330996865859,0.6486257578336403,6.509603734554206,0.7707874417170314,-0.05360749944889968,0.007336418646675194,False,False
D9,correct_cd_modulated,196,79,1,0.06333198861889665,0.8013050553714882,0.4350525443910356,0.5095200989922362,-0.027784514266907142,-0.0728219162301778,False,False
D9,correct_cd_modulated,196,79,2,0.10561779392160348,0.9485612681036969,0.44827092370077515,0.799206864995571,-0.022557273767665607,0.012611838841249183,False,False
D9,correct_cd_modulated,196,79,5,2.639432203809614,0.7553652701993785,4.378486911510183,0.4963041707022273,0.04901218437548709,0.13476920357921335,False,False
D9,correct_cd_modulated,196,79,10,4.68304618489559,0.9113209509697665,7.615568416934965,0.6663303657139489,0.04178033430006927,-0.0010008545339844524,False,False
D9,correct_cd_modulated,197,92,1,3.4957323218480507,0.061527190161094314,0.9239179982777509,0.3364483324230252,-0.1917926415565691,-0.0986006026555721,False,False
D9,correct_cd_modulated,197,92,2,3.537765771463627,0.17052337656019723,1.3831625095184943,0.5007835762513646,0.020915147461029078,-0.06913299970327184,False,False
D9,correct_cd_modulated,197,92,5,3.628267591975318,0.6040740987241758,5.215735359617405,0.39012304653825614,0.010150941065994587,0.15418345213968943,False,False
D9,correct_cd_modulated,197,92,10,16.58576061511888,0.08404747286905945,8.278796018687332,0.6016248483164905,-0.17188409369558375,-0.06518498307025054,False,False
D9,correct_cd_modulated,198,68,1,0.4515284076719262,0.5016100301990334,0.6519296817884945,0.41942361173398446,-0.0797216840935381,-0.09579311640835478,False,False
D9,correct_cd_modulated,198,68,2,1.04593290116284,0.5927595453999279,0.9137379586508694,0.6332633052129926,-0.09078404582841004,-0.060250433718088726,False,False
D9,correct_cd_modulated,198,68,5,2.087152015588605,0.8369592456160485,1.250990187722566,0.9398930259132714,-0.0405499183711721,-0.0570086659877886,False,False
D9,correct_cd_modulated,198,68,10,7.225138831105798,0.7040332369324986,4.364862141575356,0.9293901215215684,0.1322414825535396,0.016205971627613506,False,False
D9,correct_cd_modulated,199,74,1,1.0442398782170759,0.30683743454682166,0.15237427203900553,0.6962766665599316,0.11642303356111099,0.04447281254859899,False,False
D9,correct_cd_modulated,199,74,2,1.172303148750764,0.5564646822311805,0.5120065205488716,0.7741394448810921,-0.04049075610227933,0.06785360189113024,False,False
D9,correct_cd_modulated,199,74,5,2.451126457257885,0.7838368592562835,1.539136968020851,0.9085097092262792,-0.1084604269304465,-0.11209012754684834,False,False
D9,correct_cd_modulated,199,74,10,12.217702300737074,0.2707507305762922,4.5820574726597885,0.9172945613812804,0.07785019599235189,-0.06187450947492242,False,False
D9,correct_cd_modulated,200,94,1,0.36336950089498404,0.5466408301826655,0.9694267868788963,0.32482317819898343,-0.06119503212975601,-0.0999538297558476,False,False
D9,correct_cd_modulated,200,94,2,0.5230413638314583,0.7698799526673825,1.3198012934375098,0.5169026879187204,-0.040346750857536896,-0.05976688480248036,False,False
D9,correct_cd_modulated,200,94,5,3.342534566647317,0.6473362201255921,3.8987249465978753,0.5640874153106378,-0.11576551062924902,0.0189026926708802,False,False
D9,correct_cd_modulated,200,94,10,4.1501444529900695,0.9403195778112874,7.407357727451947,0.6865089959483848,-0.07175434228423312,-0.10848170226460674,False,False
D9,correct_cd_modulated,201,98,1,0.6978808707650952,0.40349666980442667,0.19715699746066168,0.6570254887785537,-0.08311195084883649,-0.04417524095736483,False,False
D9,correct_cd_modulated,201,98,2,0.7667347794873783,0.6815624542279677,0.6737351612400848,0.7140033815280799,-0.025970892728519025,-0.0683265745376082,False,False
D9,correct_cd_modulated,201,98,5,3.5114970670344046,0.6216486936846213,2.0411814843800977,0.8434179571503719,0.13161031264358966,0.09909702256652173,False,False
D9,correct_cd_modulated,201,98,10,5.978743512341005,0.8170459480880679,9.221540454090864,0.5112157100597087,0.057239481477905384,0.13736421562086076,False,False
D9,correct_cd_modulated,202,74,1,0.03563152608283735,0.85027845609065,0.23739395116810105,0.6260947090599857,0.021505818971914573,-0.05551030307412411,False,False
D9,correct_cd_modulated,202,74,2,0.5396811494405339,0.7635012060279828,3.4112047017595173,0.18166292838794573,0.08033045733621422,0.20157381048744355,False,False
D9,correct_cd_modulated,202,74,5,1.3496812131191116,0.9297374553976689,7.5492040478449605,0.1828924243250808,0.042156596822741525,0.15826573606371633,False,False
D9,correct_cd_modulated,202,74,10,8.917991137925036,0.5399038523247606,19.814208395096276,0.031059754155266628,-0.18757012012203994,-0.2258315835737923,False,True
D9,correct_cd_modulated,203,82,1,0.6723777343939107,0.412223846921805,0.49828356361941173,0.48025528184439104,-0.0889206445260318,-0.07654806572738844,False,False
D9,correct_cd_modulated,203,82,2,0.729331606140516,0.6944286880382331,0.6191805278719312,0.7337475374685933,0.02571935368261415,0.03747193518191729,False,False
D9,correct_cd_modulated,203,82,5,1.0401421775610766,0.9592634832881166,1.7125507480751052,0.8873148003955653,0.022348971741468937,-0.044432982370961084,False,False
D9,correct_cd_modulated,203,82,10,3.645232715605112,0.9619355017246979,10.98382911091798,0.35877925500274266,-0.15342923414581494,-0.17616541864568117,False,False
D9,correct_cd_modulated,204,88,1,1.0888140683307925,0.2967341224048371,3.4694637191507494,0.06251157405306107,0.10936387689171055,0.19522175411195827,False,False
D9,correct_cd_modulated,204,88,2,1.4632606039652394,0.48112397298955756,4.2441172447484385,0.11978478288353145,0.06376487949205793,0.09171500323479657,False,False
D9,correct_cd_modulated,204,88,5,1.719311433120585,0.8864579218431116,5.001858310486104,0.4156534381040682,-0.0019557100354717304,0.04211739158508603,False,False
D9,correct_cd_modulated,204,88,10,5.626744084483477,0.8455875664260822,12.873633999616771,0.23082317044154554,-0.09951178241862696,-0.11478759735692817,False,False
D9,correct_cd_modulated,205,113,1,0.0009263103670126067,0.9757198548133931,0.07683381501787422,0.7816348840495561,0.002825524853339316,-0.02573339392817946,False,False
D9,correct_cd_modulated,205,113,2,1.1823369076641816,0.5536799571542711,0.09886161291193611,0.9517710122675412,-0.10045551363321988,-0.013716992117035452,False,False
D9,correct_cd_modulated,205,113,5,2.2201002806093357,0.8179273570261644,3.311096307768368,0.6521432761626912,-0.03848967853741516,-0.11114391550468129,False,False
D9,correct_cd_modulated,205,113,10,6.032324099326426,0.8125402375729522,4.9606491649332005,0.8937911285960215,-0.07511880811600083,0.012004555164457552,False,False
D9,correct_cd_modulated,206,88,1,0.21906248564225483,0.6397551875466804,0.19177710383136384,0.6614416469792952,-0.04905474710458169,-0.04589817456555966,False,False
D9,correct_cd_modulated,206,88,2,1.2129356880148017,0.545273462553949,1.0811920235969383,0.5824010310243266,-0.10388482805737312,-0.09827404677829107,False,False
D9,correct_cd_modulated,206,88,5,2.0290368105581034,0.8451128298049861,6.775352898113247,0.23789084608387212,-0.03613868901986625,-0.0418573161452156,False,False
D9,correct_cd_modulated,206,88,10,5.8914515911309415,0.824299032558854,9.028581124702093,0.5293932892600466,0.1095613313609487,0.0796632946114473,False,False
D9,correct_cd_modulated,207,104,1,0.1570013332431041,0.6919324572833103,1.0474252061456812,0.3061008310974923,-0.03830016811614459,-0.09892601628226368,False,False
D9,correct_cd_modulated,207,104,2,0.15868757369587788,0.9237223062716957,1.074323901011476,0.5844044698588491,-0.003949937606097715,-0.015775970583490246,False,False
D9,correct_cd_modulated,207,104,5,4.442190608242841,0.4876551947274057,5.442916076425897,0.3642459493667417,-0.11396847890871892,-0.10685837084258343,False,False
D9,correct_cd_modulated,207,104,10,18.062148166257444,0.05392429573399182,20.713665348209112,0.023181081186118835,0.18517672197725996,0.06419319323836066,False,True
D9,correct_cd_modulated,208,73,1,0.026915267105944118,0.8696849097051613,0.0028371399601790416,0.9575209181137138,-0.018813670496679303,-0.006108218539222583,False,False
D9,correct_cd_modulated,208,73,2,0.059301235293547194,0.9707846493297827,0.04571456688982191,0.977401965261301,0.020493472582895824,-0.023580416423852852,False,False
D9,correct_cd_modulated,208,73,5,1.0489182570510267,0.9585244681715872,1.5685699854079176,0.9050237897231125,-0.08461488559802113,0.001641531410146904,False,False
D9,correct_cd_modulated,208,73,10,2.8667559063338865,0.9843880362256913,3.497200504310331,0.9671933498489302,0.05103909490448221,0.05493987767689627,False,False
D9,correct_cd_modulated,209,80,1,0.0013632433904066685,0.9705470977548429,0.6744615586563626,0.41150041568915263,-0.004051803043431805,-0.0901239518509571,False,False
D9,correct_cd_modulated,209,80,2,0.16333215824539907,0.9215796420051101,0.6859023996444126,0.7096728428761024,-0.04388450640304889,0.011663378146872239,False,False
D9,correct_cd_modulated,209,80,5,1.9851209765277273,0.8511999812676289,4.790964703496858,0.44192020697329526,-0.13790585788151105,-0.10769890469978986,False,False
D9,correct_cd_modulated,209,80,10,5.0075841922923345,0.8906708117001688,6.836177164438959,0.7408150367780142,0.05851760387569825,0.05877819157460463,False,False
D9,correct_cd_modulated,210,110,1,3.5730582010931164,0.05872406785324835,2.0306832568625888,0.15415129245451786,0.17779843758880978,0.13403832407661637,False,False
D9,correct_cd_modulated,210,110,2,4.063433695568216,0.13111023149939005,3.106497078633561,0.21155959665438506,-0.06556482454640747,-0.09711248864378717,False,False
D9,correct_cd_modulated,210,110,5,7.088876106291261,0.21411395534581934,6.4067395052926175,0.2686278422970776,-0.04473591654643578,-0.05784664826457152,False,False
D9,correct_cd_modulated,210,110,10,10.621147847199461,0.3877851999772075,13.65211688227192,0.18945906766288112,-0.11373023423970036,-0.09184555230850949,False,False
D9,correct_cd_modulated,211,84,1,1.223530250136436,0.2686689500374746,0.5242615925054708,0.469029447589388,-0.11856528050890155,-0.07761116431548752,False,False
D9,correct_cd_modulated,211,84,2,1.2849617472893065,0.5259858994964808,0.5567431623871228,0.7570154765320063,0.026406668127831334,-0.01920156218517069,False,False
D9,correct_cd_modulated,211,84,5,2.7532755667477105,0.7379588921857395,1.7947345495353704,0.8767552885412094,-0.12636257293917844,-0.10995088413385612,False,False
D9,correct_cd_modulated,211,84,10,3.606723947108057,0.9633497629537943,3.2239359736656015,0.975651979172304,-0.04108712206960694,0.01708969651178224,False,False
D9,correct_cd_modulated,212,60,1,0.6361374512667608,0.4251129528012517,0.0020698772971513824,0.9637120395109445,0.10044539203389963,-0.0057296334147765105,False,False
D9,correct_cd_modulated,212,60,2,0.6520775276486013,0.7217772080445484,0.7548605410400305,0.685621007913867,0.01576477315472995,0.1083377068973498,False,False
D9,correct_cd_modulated,212,60,5,2.232600691000862,0.8161132757173417,2.118786939018876,0.8324764832800291,0.12448415918415487,0.12903586004934847,False,False
D9,correct_cd_modulated,212,60,10,7.055541620928931,0.7201912880984624,6.500303888819956,0.7716260487365822,-0.04310283120346611,-0.08745166322808462,False,False
D9,correct_cd_modulated,213,96,1,1.1169849468769697,0.29056860033936593,0.18114786438826486,0.6703886342420651,-0.10620300579039643,-0.04276906514459236,False,False
D9,correct_cd_modulated,213,96,2,2.5731735956112263,0.2762119432018191,1.7893725672921224,0.40873580563614964,-0.12062132452765435,-0.126761869854116,False,False
D9,correct_cd_modulated,213,96,5,3.1399337494123682,0.6784222678130138,3.315891446309101,0.6514096021779248,0.051455385431902645,0.11856061256723506,False,False
D9,correct_cd_modulated,213,96,10,5.44883907915535,0.8592526036249097,4.127734117069733,0.9414007228958157,-0.03727761650272827,-0.030039986831779244,False,False
D9,correct_cd_modulated,214,90,1,1.0168761741520658,0.313261137119906,0.4649001080726433,0.49534276113084696,-0.10454755262947701,-0.07069027293921308,False,False
D9,correct_cd_modulated,214,90,2,1.019004790615868,0.600794462586665,0.4739779739392691,0.78899997725047,-0.004756361730354112,0.009822409778063462,False,False
D9,correct_cd_modulated,214,90,5,2.400455282558733,0.7914063181012783,1.3887715883647955,0.9255375888130982,0.03193630070029478,-0.026815054796780032,False,False
D9,correct_cd_modulated,214,90,10,8.231222873802302,0.6062626910806902,10.230016524400645,0.42055032224330047,-0.15917319529206553,-0.099725369494525,False,False
D9,correct_cd_modulated,215,79,1,0.19528588167786373,0.6585531602421616,0.1329856990720532,0.7153562298473563,-0.04878953395308121,-0.04026184907908986,False,False
D9,correct_cd_modulated,215,79,2,0.9596373527910528,0.6188956020140037,2.1370713223996742,0.3435111660336656,-0.09590380989602627,-0.15529141376951258,False,False
D9,correct_cd_modulated,215,79,5,5.052884025770964,0.40946032974782376,7.244621644486146,0.20307387505949825,-0.021103656385513998,0.014648516034944518,False,False
D9,correct_cd_modulated,215,79,10,8.872804339393145,0.54421605324663,10.545203585000706,0.39402956374104914,-0.0943139165464705,-0.07491438101692897,False,False
D9,correct_cd_modulated,216,92,1,1.1893838702523012,0.27545387218532447,0.7312789000954194,0.3924689610604716,-0.11187263772407122,-0.08772116222505348,False,False
D9,correct_cd_modulated,216,92,2,1.6635792922116084,0.43526961029451205,1.0720732352417095,0.585062489603041,-0.07024931481681125,-0.05955381641334825,False,False
D9,correct_cd_modulated,216,92,5,2.3298905674366552,0.8018669384005183,3.4719634200549963,0.6276341021005865,-0.004413758662381307,-0.14886987934749518,False,False
D9,correct_cd_modulated,216,92,10,3.471555082383417,0.968055390267848,7.370336266731427,0.6900811444959798,0.0283533067459147,0.13715914865005152,False,False
D9,correct_cd_modulated,217,70,1,0.050241126546759274,0.8226442256313131,0.2493753318791498,0.6175152692811579,-0.02622641696402902,-0.05843001834317355,False,False
D9,correct_cd_modulated,217,70,2,0.7170422012846543,0.6987088824768279,1.3041251965690852,0.520970115747047,-0.09484999966757962,-0.1192927162178898,False,False
D9,correct_cd_modulated,217,70,5,1.05020366341969,0.9584157176173195,2.4315062886850867,0.7867731622274476,-0.06300925259256421,-0.028234710277260933,False,False
D9,correct_cd_modulated,217,70,10,5.224628613975802,0.8756762164062153,6.029468967060712,0.8127813391038211,-0.16104057647570588,-0.0213667993707021,False,False
D9,correct_cd_modulated,218,108,1,0.05318594607289188,0.8176094194229682,0.7574377591482344,0.3841315606966983,-0.021886792117051697,-0.08259564409401264,False,False
D9,correct_cd_modulated,218,108,2,0.13633149602372285,0.9341056345936387,0.9986942203219072,0.6069267867170068,-0.02723731023035967,0.046396389840914834,False,False
D9,correct_cd_modulated,218,108,5,1.2165963797091741,0.943275291779038,3.0718428871064294,0.6889106450040945,0.06589974517238645,-0.07976024108821407,False,False
D9,correct_cd_modulated,218,108,10,8.654569854306615,0.5651695199042588,8.121106284607917,0.6170086542199202,0.11872946825880544,0.09995697852659816,False,False
D9,correct_cd_modulated,219,84,1,1.392322292870345,0.2380133111799122,0.4814809619721336,0.487752266429217,-0.12647947841076237,-0.074377184998835,False,False
D9,correct_cd_modulated,219,84,2,1.5886299983882082,0.45189067440348885,0.4879265166702691,0.7835164214317879,0.04720486185658562,-0.008553585614316928,False,False
D9,correct_cd_modulated,219,84,5,3.6974819732663478,0.593738726429039,1.19573553778792,0.9452858278508482,-0.08420443911612609,0.0035172269307651724,False,False
D9,correct_cd_modulated,219,84,10,9.050188818331153,0.5273471987937517,4.987768148794545,0.8919936174896327,-0.011818739736616641,-0.06909653108308275,False,False
D9,correct_cd_modulated,220,95,1,1.7115124381006837,0.19078925692696103,1.0543122810946703,0.3045160160165945,0.13213147613870838,0.10370528508950913,False,False
D9,correct_cd_modulated,220,95,2,1.7147639243216184,0.4242713881300536,3.634300489564313,0.16248814320249172,-0.0057284188274147945,0.16136251903354945,False,False
D9,correct_cd_modulated,220,95,5,2.4718136664061694,0.7807338769725456,6.074340068382013,0.29905238261737654,-0.0716868095482308,-0.13116162499011638,False,False
D9,correct_cd_modulated,220,95,10,4.268103524096103,0.9344429044576406,8.397521468322877,0.5900679709958317,-0.10524621137284587,-0.1034726340583155,False,False
D9,correct_cd_modulated,221,105,1,0.002696258679841916,0.9585880469513947,0.037807572557298434,0.8458300453680669,-0.004995867475166077,-0.018707662590626353,False,False
D9,correct_cd_modulated,221,105,2,0.5497722408998502,0.759658627882073,0.042714877063987765,0.9788690165264465,-0.07081999607538514,-0.006707390288704122,False,False
D9,correct_cd_modulated,221,105,5,4.016632030648841,0.547023837385212,1.882239373290543,0.8651877327998436,0.004637190553646636,0.04678995515096544,False,False
D9,correct_cd_modulated,221,105,10,5.159405527145088,0.8802782162582077,3.8868012118977036,0.9523091029920863,0.004995123026888623,0.01984712570942943,False,False
D9,correct_cd_modulated,222,103,1,1.959626975199603,0.1615532184138737,3.150655450609843,0.07589647089205298,-0.1359482209059238,-0.172380160242243,False,False
D9,correct_cd_modulated,222,103,2,2.602961082073369,0.272128597078354,3.4607278178287673,0.17721990633014517,-0.07751142358010082,-0.05381197818104201,False,False
D9,correct_cd_modulated,222,103,5,5.9528052182631805,0.3108383020560854,9.46247377841,0.09197972023678802,-0.13945926605613804,-0.14008769931923548,False,False
D9,correct_cd_modulated,222,103,10,9.79289097022991,0.4588478608512573,12.50865331970016,0.2524547043707266,-0.07103211636527697,-0.048348618483218864,False,False
D9,correct_cd_modulated,223,98,1,0.9236339718509035,0.33652261553305096,1.3019492706790234,0.25385747367438605,-0.09561428425729313,-0.11351934082082409,False,False
D9,correct_cd_modulated,223,98,2,3.6655757817364534,0.15996697506955126,2.2170209323189796,0.33005021607980134,-0.1638897133369095,-0.09467823032618179,False,False
D9,correct_cd_modulated,223,98,5,5.947738509577152,0.31133745639428134,2.354573700353582,0.7982192145506153,0.13193205929923515,0.03453155559812129,False,False
D9,correct_cd_modulated,223,98,10,13.146449908502394,0.21559854415551494,5.152232734781034,0.8807793409075562,-0.037309198815393116,-0.09426415374469706,False,False
D9,correct_cd_modulated,224,57,1,0.45073576784405694,0.5019857569062147,0.3020777374468988,0.5825827885125496,-0.0866346432051917,-0.07092346412166461,False,False
D9,correct_cd_modulated,224,57,2,1.5972855125581686,0.44993922707649914,0.6775220061993242,0.7126527505360176,0.13693496718937193,0.07835931857430169,False,False
D9,correct_cd_modulated,224,57,5,1.8366777522628919,0.8712506086571667,2.2639611222372427,0.8115451934560858,0.04079460259647756,-0.0039363275139013675,False,False
D9,correct_cd_modulated,224,57,10,5.853110921856806,0.8274494926098922,5.887989917148941,0.8245843754987079,0.039346059566455475,-0.047441698045370705,False,False
D9,correct_cd_modulated,225,85,1,1.4186888671965655e-07,0.9996994729062156,0.040273914788042944,0.8409459695667163,4.01433982768417e-05,-0.021388605846735763,False,False
D9,correct_cd_modulated,225,85,2,0.20702255353039156,0.9016658548103951,0.3414275665578267,0.8430628376241104,-0.048203507299899674,-0.05813852695080726,False,False
D9,correct_cd_modulated,225,85,5,1.8803264415511276,0.8654439769937109,0.6296455980196612,0.9866057047830418,0.0035200767292112634,0.027520277698267388,False,False
D9,correct_cd_modulated,225,85,10,8.185239542456031,0.6107484973152919,6.486803727018471,0.7728418146592433,0.042136844003241226,0.026879522015423804,False,False
D9,correct_cd_modulated,226,62,1,0.7176255871887446,0.39692386572662874,3.422332724719287e-06,0.9985239504768678,-0.10503354976980606,0.00022937189404588062,False,False
D9,correct_cd_modulated,226,62,2,1.8212403004130726,0.4022746759396145,1.2759909587767744,0.5283504526411842,0.12918096794106493,0.1389034426415782,False,False
D9,correct_cd_modulated,226,62,5,3.021250816877627,0.6967094188795105,2.740605952967194,0.7399012755473089,0.01475855773991764,0.03091195833411191,False,False
D9,correct_cd_modulated,226,62,10,8.264217227968588,0.6030457489351793,8.256162370226072,0.603830947084659,-0.13477766353043577,-0.10338683603344036,False,False
D9,correct_cd_modulated,227,89,1,1.3366599801591106,0.2476238473734811,0.7833268165720507,0.37612560827862795,-0.12051361368981744,-0.09225653386234452,False,False
D9,correct_cd_modulated,227,89,2,2.2591930929571693,0.32316361162145457,1.529805944037468,0.46537908357674773,0.0995485431098424,0.08954735475150502,False,False
D9,correct_cd_modulated,227,89,5,3.627112889572616,0.6042470649249653,4.146570229563012,0.5285123667136469,-0.11026839709118977,-0.0950649577402836,False,False
D9,correct_cd_modulated,227,89,10,13.733039458988467,0.18552042646018285,7.90849226005188,0.6377749389020331,0.19021636127233515,0.057667824986070794,False,False
D9,correct_cd_modulated,228,77,1,0.4247818690694342,0.5145605774241666,0.07049600703092224,0.7906159590605237,-0.07285022101207814,0.029677693637588664,False,False
D9,correct_cd_modulated,228,77,2,2.104771987614927,0.34910379510896017,0.20110273018080246,0.9043386597827457,0.14392130460293642,0.040128644513756355,False,False
D9,correct_cd_modulated,228,77,5,4.00892579244201,0.5481315704952663,4.397419094242755,0.49372458346959314,-0.07414890812478526,-0.10530102378471587,False,False
D9,correct_cd_modulated,228,77,10,9.864026144450467,0.452502750719078,19.952531153281825,0.029704873932823395,0.10085325326759097,0.18158416602808272,False,True
D9,correct_cd_modulated,229,91,1,0.8360738291278641,0.3605220772965062,0.47697863953542974,0.48979406546714044,0.0942934224226247,0.07122107909731148,False,False
D9,correct_cd_modulated,229,91,2,0.9817763006109788,0.6120825314169623,0.5456605724978413,0.7612219665022477,-0.039144098191858184,0.026875347445670186,False,False
D9,correct_cd_modulated,229,91,5,6.0489626003549715,0.30148376313977354,5.527310423754641,0.35496048671494806,0.21018123318945883,0.17516728039472088,False,False
D9,correct_cd_modulated,229,91,10,11.43878307241833,0.32436927165429963,10.52516711530608,0.39568663856259545,0.16857024927020514,0.08463692134503122,False,False
D9,correct_cd_modulated,230,113,1,0.03971960039550769,0.8420298249025887,0.08905096627559127,0.7653871400559662,0.018502197168480304,-0.027703853856400982,False,False
D9,correct_cd_modulated,230,113,2,0.07799902401135071,0.9617511784753691,0.38080862618853994,0.8266248511190981,-0.018082398766765897,-0.04992113846293701,False,False
D9,correct_cd_modulated,230,113,5,1.0171063043833177,0.9611742642732204,0.8702222731803565,0.9723398522400113,-0.08276541748423155,-0.05362332650181175,False,False
D9,correct_cd_modulated,230,113,10,3.757907344672203,0.9576080377614241,3.485287626251514,0.9675955688007327,-0.015824136352275458,-0.020827273561517257,False,False
D9,correct_cd_modulated,231,74,1,2.3891421230291288,0.12218066132269778,0.4872383775083915,0.4851617939970958,0.17610016657184022,0.07952606946861326,False,False
D9,correct_cd_modulated,231,74,2,3.3307161259985705,0.18912292793408392,0.7219367437899021,0.6970010429404638,0.10979203169145463,0.054814899913592105,False,False
D9,correct_cd_modulated,231,74,5,7.142570760916231,0.21025125017227664,4.623253663312472,0.46356375077728507,-0.04879108517028888,-0.06441289535276071,False,False
D9,correct_cd_modulated,231,74,10,9.261380074902819,0.5074904416994596,8.09834799650039,0.619230929712233,0.02819255464001317,-0.02181032476656855,False,False
D9,correct_cd_modulated,232,95,1,0.6875943542388417,0.4069838372505561,1.003671407040265,0.31642376264360894,0.08374953570765684,0.10118404405716246,False,False
D9,correct_cd_modulated,232,95,2,1.7813443434882428,0.4103798143081866,3.8308321342743468,0.14728054124323287,-0.10506373488753434,-0.16891532539985746,False,False
D9,correct_cd_modulated,232,95,5,6.207642460046283,0.28653558008544766,6.734035027967833,0.2411837075982749,-0.0714648889104262,-0.067877223224953,False,False
D9,correct_cd_modulated,232,95,10,10.208619338683151,0.4223851114038075,10.376776482414282,0.4080821133042636,-0.10877792431648707,-0.16930613468131295,False,False
D9,correct_cd_modulated,233,80,1,0.004208776492923296,0.9482734590707435,0.012825727551709782,0.9098317786385421,0.00711933710496755,-0.012428039676921665,False,False
D9,correct_cd_modulated,233,80,2,2.290860572776175,0.31808701982500764,3.310193133343757,0.1910736034725724,0.1648904108120244,0.19800631982545425,False,False
D9,correct_cd_modulated,233,80,5,6.182403425930415,0.2888727705012497,7.866375202617833,0.16375533928520813,0.07597926642573322,0.15905025685407212,False,False
D9,correct_cd_modulated,233,80,10,15.2768629717556,0.12228922684816301,16.041208812068227,0.09845881193880157,0.08300604793653116,0.07164504913342458,False,False
D9,correct_cd_modulated,234,94,1,0.09759417233605504,0.7547360488834574,0.366543407998693,0.5448944620920513,-0.031714208247930774,-0.06146170979775234,False,False
D9,correct_cd_modulated,234,94,2,0.10669063939694774,0.9480525747209575,0.4903422204505456,0.7825706209496432,-0.009630098870497391,-0.03552651521012788,False,False
D9,correct_cd_modulated,234,94,5,1.2426142976525818,0.9407243605543755,0.9156689928034828,0.9690769060206134,0.007289117433591114,0.015216472112879844,False,False
D9,correct_cd_modulated,234,94,10,3.958232546025937,0.9492115121826297,4.657368704157424,0.9128605674322392,-0.048055944210223,-0.04209050145495537,False,False
D9,correct_cd_modulated,235,66,1,0.03696913500713665,0.8475279012955701,0.3602427340383464,0.5483714581390597,-0.02313928306058565,-0.07223170547897977,False,False
D9,correct_cd_modulated,235,66,2,1.3100995135618365,0.5194162174651307,0.3868292805657496,0.8241401815655076,0.1347410735946393,0.019471281115262147,False,False
D9,correct_cd_modulated,235,66,5,10.64308875767686,0.05893413783202961,8.975753234361877,0.11003519690349028,-0.007368632410025941,0.014139003843028602,False,False
D9,correct_cd_modulated,235,66,10,13.909692467949705,0.17715081267403765,11.89323496730199,0.29226545792932757,-0.04932329552095506,-0.055387099159427855,False,False
D9,correct_cd_modulated,236,97,1,0.34519799406491347,0.5568440982027896,0.22926144217385402,0.632071999498358,-0.05874437448743313,-0.04787377365061095,False,False
D9,correct_cd_modulated,236,97,2,0.34667448820655805,0.8408539939713923,0.25287746210987927,0.8812281398080188,0.003821854966969491,-0.015284867967604001,False,False
D9,correct_cd_modulated,236,97,5,2.8342447809311127,0.7255219829106714,3.622372240660114,0.6049573610823964,0.06248649611073661,0.14656485566329724,False,False
D9,correct_cd_modulated,236,97,10,6.401618971984973,0.7804683328690014,9.326103529761484,0.5014599968693902,0.047257806056314584,0.09318141114895426,False,False
D9,correct_cd_modulated,237,110,1,0.38766267093446294,0.5335305668195353,1.4605902054613042,0.2268362362434153,-0.058564560288126434,-0.11367686474186002,False,False
D9,correct_cd_modulated,237,110,2,0.5966635965852695,0.7420550862861239,1.8127364316974286,0.4039887629658768,-0.0428036326917963,-0.055560742787357585,False,False
D9,correct_cd_modulated,237,110,5,7.1702270905587,0.20828502321140085,6.142556968611817,0.29259366208206783,0.08028402109808115,0.09777790543725245,False,False
D9,correct_cd_modulated,237,110,10,9.05574721808354,0.5268212718158568,7.630766084181452,0.6648525935448135,0.0489991654593981,-0.008569913368604987,False,False
D9,correct_cd_modulated,238,58,1,0.703707274120928,0.40154079328166836,0.3257493281448765,0.5681728231122471,-0.10736032709869758,-0.07304484472092478,False,False
D9,correct_cd_modulated,238,58,2,2.9509217118289457,0.22867331730697438,1.6341315190626289,0.44172588475313956,0.19016327566434427,0.14510143369638165,False,False
D9,correct_cd_modulated,238,58,5,6.712130292168754,0.2429447955019034,2.693308006332529,0.7471417564557787,-0.18233429680249638,-0.10336566143489756,False,False
D9,correct_cd_modulated,238,58,10,10.832208205410142,0.37073918408900486,9.244933272131465,0.5090271175954478,-0.15739949059951225,-0.1510881894462187,False,False
D9,correct_cd_modulated,239,112,1,1.6718766357842831,0.19600736302175137,2.4720761929762274,0.11588475976307944,-0.12055970224521737,-0.14659899009101318,False,False
D9,correct_cd_modulated,239,112,2,2.0488935051898753,0.3589950235402046,3.589946242376942,0.1661319177153261,-0.05699218362143315,0.0981365001857574,False,False
D9,correct_cd_modulated,239,112,5,3.6443731358588205,0.6016634164032403,3.9765182103092154,0.5528017007089403,0.0720834845106119,0.031042603214529136,False,False
D9,correct_cd_modulated,239,112,10,10.313423850083623,0.413439222576118,5.877742360504401,0.8254280339552126,-0.051090357087186705,-0.021567175769750167,False,False
D9,correct_cd_modulated,240,114,1,0.11310703313626387,0.7366341760601852,0.07700025216036713,0.7814045029754909,-0.031088703206465947,0.025650974867530468,False,False
D9,correct_cd_modulated,240,114,2,3.00074701192169,0.223046835265709,1.2803018080293451,0.5272128595028094,-0.15638644740978,-0.10095197741301014,False,False
D9,correct_cd_modulated,240,114,5,5.38939132508458,0.37022699389357117,4.613791817790502,0.4648043164487249,-0.10731981084743689,-0.09188473287671098,False,False
D9,correct_cd_modulated,240,114,10,6.892734539544318,0.7355311886830013,7.68940366534177,0.6591459775809647,0.014741291430749589,0.10023333083716696,False,False
D9,correct_cd_modulated,241,64,1,3.541597989141225,0.059847776762521177,3.626228654751036,0.056875561668013885,-0.22983065308919842,-0.23256047867755952,False,False
D9,correct_cd_modulated,241,64,2,3.6424754870791043,0.1618253286686906,4.020042043082862,0.13398585804993401,0.03847964360055939,-0.07602897373813212,False,False
D9,correct_cd_modulated,241,64,5,4.4048928855252765,0.49270837926891486,4.040906453288006,0.543541591992357,0.07197236364802191,0.007624006484561219,False,False
D9,correct_cd_modulated,241,64,10,11.210432143390499,0.3413602276266894,14.466652972580942,0.1527501423882428,0.26021707451940473,0.32026449218227443,False,False
D9,correct_cd_modulated,242,90,1,0.20913075251680216,0.6474495659191153,0.018845235757909397,0.8908110981872628,0.04741205559963645,-0.014232481317428753,False,False
D9,correct_cd_modulated,242,90,2,1.9313801504411474,0.38072038336570546,0.5718348943086973,0.7513246373736513,-0.13529264533344576,-0.07666279917188178,False,False
D9,correct_cd_modulated,242,90,5,2.697623345642559,0.7464819121605575,2.235796094109432,0.8156489240597391,-0.03407659074663218,-0.10573827699261336,False,False
D9,correct_cd_modulated,242,90,10,7.628981728322172,0.6650261271632938,7.133459891221101,0.7127883197658955,-0.018326025377020112,0.12846667871502368,False,False
D9,correct_cd_modulated,243,82,1,0.054524098638739374,0.8153700960624152,0.33652556949013895,0.5618416277378874,-0.025321544235276078,-0.06290786905983103,False,False
D9,correct_cd_modulated,243,82,2,1.0594810592438912,0.5887577150479549,0.7691237941439106,0.6807488089311018,-0.10803691031665204,-0.07088278792709769,False,False
D9,correct_cd_modulated,243,82,5,5.246300939278204,0.38656673768202876,4.46544318839411,0.48452029272820285,0.03999971049445681,0.13572197342992154,False,False
D9,correct_cd_modulated,243,82,10,7.419677930307828,0.6853190455846183,6.330362211986587,0.786786105218159,-0.09788053409377102,-0.031704331295625804,False,False
D9,correct_cd_modulated,244,84,1,0.36125546096635847,0.5478098100790091,1.268291059939415,0.2600875208485558,-0.06442543921182635,-0.12071455649323855,False,False
D9,correct_cd_modulated,244,84,2,0.49218811411391855,0.7818486830808486,1.5804391880820934,0.45374514461149884,-0.03855156755251081,-0.059524865807997235,False,False
D9,correct_cd_modulated,244,84,5,0.7751114678878428,0.9785935768813117,3.47618704894913,0.6269938551750907,0.007090888569836382,0.03336337326578409,False,False
D9,correct_cd_modulated,244,84,10,10.985191459964518,0.3586728911967232,6.929113440348856,0.7321197082526187,-0.06143356608471697,0.11250514843689219,False,False
D9,correct_cd_modulated,245,94,1,0.564604357489162,0.45241100290886715,1.1612647859308283,0.2812033893459308,-0.07628059004932129,-0.10939754078348057,False,False
D9,correct_cd_modulated,245,94,2,0.9858211542727547,0.6108458902123931,1.522030074645999,0.4671919689688264,-0.06553106271055407,0.060646639738294754,False,False
D9,correct_cd_modulated,245,94,5,5.206914805900176,0.3911536272985625,6.391607404308865,0.2699561880935044,0.09598036994622439,-0.043627806875855095,False,False
D9,correct_cd_modulated,245,94,10,7.431783209228363,0.6841492950914064,8.33852603091606,0.5958071792663582,-0.06645102760271401,-0.07172366206653544,False,False
D9,correct_cd_modulated,246,94,1,3.196865387325997,0.07377955464453567,4.5057033838337,0.03378199944654714,-0.1815114832535238,-0.2154880693021867,False,True
D9,correct_cd_modulated,246,94,2,3.5141890581184603,0.1725454620600515,4.507190776170913,0.10502095386811716,0.05687816871473271,0.00389410036109622,False,False
D9,correct_cd_modulated,246,94,5,11.290908954162076,0.0459076337335822,8.42934582868201,0.13410724592878298,-0.10463087858947162,-0.11491953696262523,True,False
D9,correct_cd_modulated,246,94,10,20.177697115919702,0.027616069925886833,17.15494089170448,0.07100507159728553,0.14729109809712454,0.17414656604079545,True,False
D9,correct_cd_modulated,247,64,1,2.4627139937978204,0.11657719868301608,0.024512840272562467,0.8755870815203749,0.19165286199211487,0.019120759440074738,False,False
D9,correct_cd_modulated,247,64,2,2.480636657924557,0.28929211322183157,0.27971822771715327,0.8694807245544154,-0.016219414513578473,-0.06120385944046578,False,False
D9,correct_cd_modulated,247,64,5,5.629714089228228,0.34393178619549003,12.578732083617272,0.02766312803865123,0.14782607978854842,0.4045489977848784,False,True
D9,correct_cd_modulated,247,64,10,7.279139050486586,0.6988558224625834,15.002567594408726,0.13196827445911408,0.034988388571805966,0.14058473236438734,False,False
D9,correct_cd_modulated,248,76,1,0.6448068946785808,0.42197549226035336,0.03925182295757536,0.8429506074822095,0.09032154763447817,0.022284682448526657,False,False
D9,correct_cd_modulated,248,76,2,0.6546685392933581,0.7208427468996887,0.37722769859514743,0.8281062187602994,0.01109523324030651,-0.06495380741757843,False,False
D9,correct_cd_modulated,248,76,5,2.800765287546913,0.7306689036915927,1.120250968015242,0.9522955513825129,-0.15577839389724185,-0.0916033766311355,False,False
D9,correct_cd_modulated,248,76,10,4.930947140462762,0.8957427828019051,3.1797239565397613,0.9768724002030285,0.018921454047805798,0.017459718175867205,False,False
D9,correct_cd_modulated,249,120,1,1.1151664259882161,0.2909616331961281,0.05256356575289452,0.8186610472531513,0.09520785597658585,0.02067023202862288,False,False
D9,correct_cd_modulated,249,120,2,1.1275906132000797,0.5690452590674209,0.3190146550354471,0.8525637201977649,-0.010007012879090714,-0.046342474037916886,False,False
D9,correct_cd_modulated,249,120,5,3.0445609268350022,0.6931157936310225,1.3177288355951573,0.9330968648099229,0.04605714812653994,0.04028918538473173,False,False
D9,correct_cd_modulated,249,120,10,3.846824943080942,0.9539924997417909,3.100026284030114,0.9789710545345885,0.07137627762632273,0.04541628305224695,False,False
D9,correct_cd_modulated,250,96,1,0.012518059742832195,0.9109152757727454,0.004777197820995319,0.9448962697729631,-0.011242985698655875,-0.006945439954397097,False,False
D9,correct_cd_modulated,250,96,2,1.3810515082463224,0.5013124326896938,2.116158188751533,0.3471219588440486,-0.11693458554186159,-0.14524412548986093,False,False
D9,correct_cd_modulated,250,96,5,6.2519393886520565,0.28247028817189423,5.1621240857575215,0.3964166483825684,-0.18145023102110458,-0.15428807201202394,False,False
D9,correct_cd_modulated,250,96,10,11.499609864546745,0.3199397096119634,7.411232624836428,0.6861348004582977,-0.17214310589115647,-0.13679839370944313,False,False
D9,correct_cd_modulated,251,80,1,0.42758411005145486,0.5131767758543491,2.309161837510929,0.12861338502732222,-0.07175834350025188,0.16675881936460982,False,False
D9,correct_cd_modulated,251,80,2,0.8328681304570928,0.6593939883540677,3.3399123497486483,0.18825531577083676,0.06941848350680178,0.11070625543784976,False,False
D9,correct_cd_modulated,251,80,5,2.125723928463902,0.8314894900783266,5.780634438905928,0.32815271979534666,0.08790380552588158,0.05618269595232794,False,False
D9,correct_cd_modulated,251,80,10,10.529592221601815,0.39532032569533126,10.014788614366532,0.4391967862294893,-0.05814791094968485,0.0034977771950845155,False,False
D9,correct_cd_modulated,252,84,1,1.4719508737955034,0.22503814185604365,0.3819598771912163,0.5365562052144905,-0.1300459511412266,-0.06624590692016663,False,False
D9,correct_cd_modulated,252,84,2,1.6095744080689758,0.44718307518962075,0.45872627980042013,0.7950397704146759,-0.039524320369462095,0.0295191367016477,False,False
D9,correct_cd_modulated,252,84,5,10.109384439162868,0.0721945551606411,6.406783583957206,0.26862398072196214,0.097100611257746,0.045224452893119486,False,False
D9,correct_cd_modulated,252,84,10,27.668584303511107,0.0020393668709426382,19.83292278301148,0.030873155108329664,0.16547929244891285,0.2818453705918886,True,True
D9,correct_cd_modulated,253,82,1,0.33047305644318237,0.5653806679920701,2.2502111940482235,0.13359616836479438,0.06233959389412248,0.16267004268503912,False,False
D9,correct_cd_modulated,253,82,2,0.9995874057203533,0.6066557981603555,2.6896103964625753,0.26059046639965266,-0.08815533416454642,-0.07143779750985241,False,False
D9,correct_cd_modulated,253,82,5,4.3176166165585625,0.5046499159382895,4.182927211989453,0.5233908976728144,-0.09599129293836191,-0.025417348327167754,False,False
D9,correct_cd_modulated,253,82,10,11.141750560215687,0.3465815491517883,8.887418923638545,0.5428203052292557,-0.022000613694014064,0.0736209602465888,False,False
D9,correct_cd_modulated,254,62,1,0.11936808556922075,0.7297208647089961,0.45002773386707917,0.5023217842846032,-0.042837409517429134,0.08317613296028357,False,False
D9,correct_cd_modulated,254,62,2,0.26652602175568535,0.8752348655437476,0.5129318760701191,0.7737813506238367,-0.047171711926167474,-0.030841068481592692,False,False
D9,correct_cd_modulated,254,62,5,5.247364821631824,0.3864433723932109,4.90911612871113,0.4270722740714702,-0.19020909826385088,-0.20091223043267695,False,False
D9,correct_cd_modulated,254,62,10,10.427820728109406,0.4037939503575614,11.299480259781188,0.33466670805582566,-0.05966627922219053,-0.0037106772331705,False,False
D9,correct_cd_modulated,255,83,1,1.0179705963988113,0.31300087349675,0.10582371168150824,0.7449498182332621,-0.10877423410403245,-0.0350711423526888,False,False
D9,correct_cd_modulated,255,83,2,1.5554812197571415,0.459442900245989,0.8372236602493852,0.657959545779765,0.07855747690815316,0.0916371266541642,False,False
D9,correct_cd_modulated,255,83,5,2.1354651632576664,0.8301011341608897,2.1960098781049315,0.8214121080922482,0.027858990471937198,-0.020146967651196623,False,False
D9,correct_cd_modulated,255,83,10,6.2487284147311835,0.7939511416731286,9.60355766508827,0.47593500282970014,-0.05119850755443098,-0.05804972033813752,False,False
D9,correct_cd_modulated,256,84,1,0.5476652290935369,0.4592732525782697,0.650009547527995,0.42010926608142884,0.07932457645337725,0.0864191609505974,False,False
D9,correct_cd_modulated,256,84,2,1.3122975476711976,0.5188456837542244,1.4634332109871326,0.48108245209321354,-0.09316319684464151,-0.09608961620066152,False,False
D9,correct_cd_modulated,256,84,5,4.419334898723686,0.4907481445909355,4.766109870463016,0.4450860953256006,-0.10249427254533139,-0.11038970787132389,False,False
D9,correct_cd_modulated,256,84,10,6.675851662992455,0.7556510409975606,5.9431800589243124,0.8200141930918928,0.03971439659985108,0.08085721649500663,False,False
D9,correct_cd_modulated,257,62,1,2.9774204329654532,0.08443374200294174,0.8833876162676085,0.3472755143972378,0.2139435352915991,0.11653455958081528,False,False
D9,correct_cd_modulated,257,62,2,7.539682372216008,0.023055724565838043,5.421542178926826,0.06648552066003921,-0.26265150982560076,-0.26195665433404697,True,False
D9,correct_cd_modulated,257,62,5,19.344262855018854,0.0016579678546596588,13.272419059050682,0.020955352281133544,0.11615180495043635,0.038628983313978446,True,True
D9,correct_cd_modulated,257,62,10,31.43236843868023,0.0004976091040268527,19.642316993478488,0.032823159822596204,-0.2821068535745651,-0.25940202950881075,True,True
D9,correct_cd_modulated,258,96,1,0.7265217563635296,0.3940129512355357,0.23020713842609153,0.6313702810019064,-0.08565199054130529,-0.04821393094058043,False,False
D9,correct_cd_modulated,258,96,2,1.4396072780720686,0.48684784448678475,0.23244116266937084,0.8902788227461575,0.08440848040742062,0.004724536551663382,False,False
D9,correct_cd_modulated,258,96,5,3.4971524209440745,0.6238185465285595,2.843193906647308,0.7241453036688913,0.039469456367758816,0.02397530497974545,False,False
D9,correct_cd_modulated,258,96,10,11.969737632026284,0.2870869565208606,15.011041916695318,0.131659806198137,0.12908034180095584,0.22945868356456228,False,False
D9,correct_cd_modulated,259,72,1,5.205807428848571,0.022511556925157827,3.5197498201267305,0.06064160055981416,0.2633850471830666,0.21657232753399172,True,False
D9,correct_cd_modulated,259,72,2,5.282958457070922,0.07125578796505527,3.528684119995228,0.1712994541798767,0.031837412996106255,-0.010834208131648098,False,False
D9,correct_cd_modulated,259,72,5,8.322702417880613,0.13932478827597305,5.2395275108996895,0.38735282740263044,-0.0910177288470387,-0.06142453556539277,False,False
D9,correct_cd_modulated,259,72,10,12.858566026933213,0.23168742807524922,12.2352188587438,0.2696226285087221,-0.053420491307347794,0.09246335495431633,False,False
D9,correct_cd_modulated,260,110,1,0.6412607759889363,0.4232546203731298,0.6281450764526402,0.4280365294178592,-0.07532258794742067,-0.07454832245565786,False,False
D9,correct_cd_modulated,260,110,2,1.3976025312572786,0.49718093459360946,1.0275565504394244,0.5982310220006822,-0.08142646150881086,-0.059172074071171005,False,False
D9,correct_cd_modulated,260,110,5,3.1005040308991014,0.6844943666656915,3.840162425612782,0.5726506316506464,0.029230917773929638,0.01320406056614719,False,False
D9,correct_cd_modulated,260,110,10,6.792579005599689,0.7448709226962205,6.078160903931637,0.8086542902712537,-0.07051886790165622,-0.013993116909877748,False,False
D9,correct_cd_modulated,261,112,1,0.10851659421040082,0.7418393335966796,0.00660038763037993,0.9352488866006601,-0.03071483098642464,-0.007575037257719631,False,False
D9,correct_cd_modulated,261,112,2,0.2920263986050552,0.864146296980964,0.18169723897125561,0.9131559344518849,0.03976166314626381,0.038839539657579386,False,False
D9,correct_cd_modulated,261,112,5,5.819486287812274,0.32418187839998014,0.6077290890450294,0.9876466285327136,-0.1786260902082293,0.0028741313958792073,False,False
D9,correct_cd_modulated,261,112,10,10.74724046566772,0.3775464554991792,8.495031567146961,0.5806000551525997,-0.039604027154324914,0.0506705826814584,False,False
D9,correct_cd_modulated,262,94,1,0.07637992025510877,0.782264530728197,0.0028771547169731716,0.9572226916529479,-0.028056373294072547,0.005445321661823189,False,False
D9,correct_cd_modulated,262,94,2,0.3455573423460781,0.8413238034499222,0.6028640901103172,0.7397580948671558,-0.05238581261673897,-0.0782105369017986,False,False
D9,correct_cd_modulated,262,94,5,3.242004340257888,0.6627318106759235,1.5971775258635998,0.9015904547119454,0.12879758491118948,-0.010976527359681505,False,False
D9,correct_cd_modulated,262,94,10,10.430738851516436,0.40354956770553363,10.789599572662041,0.37414346887011063,0.0076869791094116725,-0.04993762610169606,False,False
D9,correct_cd_modulated,263,99,1,1.466848743968493,0.22584354980019095,0.1468474611574928,0.7015664272184853,-0.11990227415035076,-0.03793743592084017,False,False
D9,correct_cd_modulated,263,99,2,2.2895310084774447,0.3182985487002521,1.2147060732120871,0.5447910040864954,0.08933541317608357,0.10178047191566712,False,False
D9,correct_cd_modulated,263,99,5,7.835155039691982,0.16555761496155807,3.9564100679989807,0.555708792376949,0.023257497529322105,-0.017956299341064456,False,False
D9,correct_cd_modulated,263,99,10,9.776003233749499,0.46036034042072327,6.659228446755409,0.7571764209731127,-0.05839641342867052,-0.07939122114259715,False,False
D9,correct_cd_modulated,264,93,1,0.15172672017952746,0.6968906739908887,0.15227514791123936,0.6963705582984354,0.03974858488974898,0.03982035722822107,False,False
D9,correct_cd_modulated,264,93,2,0.26681975398502467,0.8751063326384171,0.33997633588262016,0.843674798947064,0.03443038969755572,0.04396943954059387,False,False
D9,correct_cd_modulated,264,93,5,5.635154234724237,0.3433531894615811,4.977477607984935,0.41863503992113016,0.17174825872219823,0.13416231172754867,False,False
D9,correct_cd_modulated,264,93,10,16.4411877488136,0.08768029056607651,16.48551085420395,0.08655212542191226,-0.04620118535606637,-0.06323820142136173,False,False
D9,correct_cd_modulated,265,84,1,1.033149823272044,0.3094200112448984,0.8882255077168789,0.345958631863056,-0.10895115294511698,-0.10102103134299319,False,False
D9,correct_cd_modulated,265,84,2,2.8687919490081053,0.23825923521209003,1.6896720419465427,0.4296278023837883,-0.14434843023761956,-0.09537956450053833,False,False
D9,correct_cd_modulated,265,84,5,3.302954481470074,0.6533893831649438,2.7306686291496614,0.741423958837702,0.0241818291936373,-0.06536721927519536,False,False
D9,correct_cd_modulated,265,84,10,7.063121110486603,0.7194728016125174,7.707292498848575,0.6574036270056489,-0.13370281696627495,-0.1431601836191336,False,False
D9,correct_cd_modulated,266,100,1,1.3382597524294402,0.24734109765608214,4.234747441868598,0.039604515552210895,0.11396925776171542,0.20273618440030683,False,True
D9,correct_cd_modulated,266,100,2,2.452934153106535,0.2933270512638564,4.340146340996995,0.1141692627833315,-0.10348727840086985,0.03182225777133023,False,False
D9,correct_cd_modulated,266,100,5,16.31129565084391,0.006009288900906684,13.779465979979861,0.01707265905765365,0.013079010507594902,-0.05824862190624735,True,True
D9,correct_cd_modulated,266,100,10,19.533783301720803,0.03398378922093004,15.642042222608117,0.11034813920542175,-0.017201423502884713,-0.020764225791882876,True,False
D9,correct_cd_modulated,267,77,1,0.5855437497759386,0.4441475151811425,0.2190252337909,0.6397836470696374,0.08553179033634768,0.05231123390678435,False,False
D9,correct_cd_modulated,267,77,2,0.9506449162956425,0.6216845568896529,0.2992020800851847,0.8610514329508175,-0.06709317339091185,-0.031440989694805715,False,False
D9,correct_cd_modulated,267,77,5,10.838218436998064,0.054683682933030275,7.392327506059388,0.1930588016050574,-0.09091721585696398,-0.11426809989875296,False,False
D9,correct_cd_modulated,267,77,10,17.120215992376856,0.07174587160169321,8.860814777763636,0.5453618517475254,-0.22390208641804588,-0.09743168800115648,False,False
D9,correct_cd_modulated,268,68,1,0.4399694969738802,0.5071371782376131,1.2110374568449676,0.27112675351590276,-0.07869465014603685,0.13056077306754235,False,False
D9,correct_cd_modulated,268,68,2,0.6218889547605098,0.7327545591926563,1.8108978396597724,0.4043603189861409,-0.050223626412104865,-0.09119973608820485,False,False
D9,correct_cd_modulated,268,68,5,5.975310873144421,0.3086286968308547,3.8600300006281034,0.569739226535882,0.16349865209699696,0.15478921615006874,False,False
D9,correct_cd_modulated,268,68,10,11.971822947776168,0.2869467143806329,10.973733486025658,0.35956807230118026,-0.09857298474469137,0.019648701506120827,False,False
D9,correct_cd_modulated,269,80,1,0.08460061153136189,0.7711569853012971,0.3780661180876571,0.5386400386406434,-0.03191893388081825,0.06747540578245415,False,False
D9,correct_cd_modulated,269,80,2,0.5722545313891919,0.7511670120719194,0.38415297003370147,0.8252437472958823,0.07614672709375007,-0.008507300055628853,False,False
D9,correct_cd_modulated,269,80,5,3.21369773926207,0.6670781711665507,1.3432166874597908,0.9304225212142568,0.14168325680093316,0.0012724252041881805,False,False
D9,correct_cd_modulated,269,80,10,6.855759846310685,0.7389883384951803,3.3540574754792494,0.9718229480316753,0.09930897222372433,0.06895749182375385,False,False
D9,correct_cd_modulated,270,78,1,1.7134075541395206,0.19054385399681462,2.0583199096225746,0.1513769937473597,-0.14540636121852232,-0.15937107614120816,False,False
D9,correct_cd_modulated,270,78,2,3.7945494045551693,0.14997679418646226,2.870956372454836,0.23800152774671557,-0.15920816714550676,0.09948615672870945,False,False
D9,correct_cd_modulated,270,78,5,7.730432500804562,0.17173114953887303,6.228415801404691,0.2846233213771442,-0.16658055869128546,-0.17219603013855228,False,False
D9,correct_cd_modulated,270,78,10,13.274777527377104,0.20871190494800618,21.004112474595978,0.021064907266845068,0.20720563539447795,0.36968928416654584,False,True
D9,correct_cd_modulated,271,98,1,0.23803365640084947,0.6256299327459471,0.31373459741746496,0.5753974780309723,-0.04853913282492965,-0.05572550798103411,False,False
D9,correct_cd_modulated,271,98,2,2.5083661515233127,0.28530882874539487,2.369354691414087,0.30584484573276816,-0.14913078752878206,-0.14190379358942082,False,False
D9,correct_cd_modulated,271,98,5,4.490202830362848,0.4811953350850967,2.6462213521278852,0.7543305464029891,-0.04404324728701837,-0.03765833488113753,False,False
D9,correct_cd_modulated,271,98,10,10.149895180914292,0.4274424335135967,6.693237048088197,0.7540530308525818,-0.1523273195174059,-0.12464718636332689,False,False
D9,correct_cd_modulated,272,94,1,1.9136576685760451,0.16655752435325977,3.9701519834540853,0.046313592033039086,0.1404345787884895,0.20227653112075614,False,True
D9,correct_cd_modulated,272,94,2,2.050105017474006,0.35877762595133433,4.667033282180572,0.09695419377960213,0.03729725942442938,0.08428955779110085,False,False
D9,correct_cd_modulated,272,94,5,10.037779156719477,0.07417184038347713,9.452449812576095,0.09232235287347779,-0.10501317269509239,-0.030229987652867125,False,False
D9,correct_cd_modulated,272,94,10,11.511362719221752,0.31908853739043974,11.074892738985625,0.3517130257109884,0.033136671470893206,0.027030272253638302,False,False
D9,correct_cd_modulated,273,84,1,1.0976792482324635,0.29477597697824776,0.09850355348831961,0.7536328725371251,0.11230210698878987,0.03364156000746215,False,False
D9,correct_cd_modulated,273,84,2,2.0494984409201358,0.3588864555018412,1.2559847292989494,0.5336621251848225,-0.10394300937135971,-0.11462385908722307,False,False
D9,correct_cd_modulated,273,84,5,3.127105356807763,0.680397299593969,2.350960787227191,0.798753923930523,-0.0006005583436195899,-0.013298927015204081,False,False
D9,correct_cd_modulated,273,84,10,9.19058963724141,0.5141166229190526,12.444734525157186,0.25639370689128727,-0.1435616561068372,-0.21775286944235228,False,False
D9,correct_cd_modulated,274,74,1,0.11138218179426079,0.7385759955036639,0.002489727512553898,0.9602043329998804,-0.03802302231533365,-0.00568479336541568,False,False
D9,correct_cd_modulated,274,74,2,0.11592290767688915,0.9436863222211738,0.624823676726567,0.7316801322212525,-0.0076244098662714855,-0.08925968270849192,False,False
D9,correct_cd_modulated,274,74,5,0.1989685811857057,0.9991249215815756,2.0481129515136565,0.8424484482693307,-0.0007155833891959952,-0.06551056285380723,False,False
D9,correct_cd_modulated,274,74,10,9.305990664914845,0.5033310460039048,7.973639958496241,0.6314118551851875,0.016993688303757356,-0.06109537881142838,False,False
D9,correct_cd_modulated,275,101,1,0.3741235119945082,0.5407651356779082,0.03933749191581565,0.8427815501007507,-0.05996919264157204,-0.019445720271365794,False,False
D9,correct_cd_modulated,275,101,2,0.4042774803709358,0.8169815719040898,0.15810570977569555,0.9239910857092077,0.01693988803729171,-0.03361928075469137,False,False
D9,correct_cd_modulated,275,101,5,2.2518566804171267,0.8133112060862822,1.4896461818948181,0.9142615408300582,0.08527224255458507,0.0814246883663017,False,False
D9,correct_cd_modulated,275,101,10,8.991183306745642,0.5329405185801056,5.8061193758588585,0.8312806490812223,-0.18241931866405275,-0.1556171688658204,False,False
D9,correct_cd_modulated,276,84,1,0.5046505245806144,0.4774638182259183,0.1674404983120599,0.682396607993268,-0.07614572780701558,-0.04386119212878973,False,False
D9,correct_cd_modulated,276,84,2,0.7467078682647375,0.6884215338415182,0.175810722719314,0.9158475471887009,0.05241760684097426,0.009747351071253251,False,False
D9,correct_cd_modulated,276,84,5,5.912422328028831,0.31483411505791015,1.3976156204533134,0.9245739205454128,-0.10007948577610014,-0.06160737319655341,False,False
D9,correct_cd_modulated,276,84,10,10.692697104405523,0.38195547590555146,7.234557498666512,0.7031312437492441,-0.12030837020122054,-0.13321774874745954,False,False
D9,correct_cd_modulated,277,61,1,0.2216198782415604,0.6378084147040579,0.7102876484962978,0.39934833610796516,0.05882267750304313,0.10530707845522978,False,False
D9,correct_cd_modulated,277,61,2,0.6308844682692653,0.7294662080700421,0.7190922388816232,0.6979930596662139,0.0792670870747848,-0.011626403510240461,False,False
D9,correct_cd_modulated,277,61,5,2.7253672375986855,0.7422359809493243,3.999734642139723,0.5494541571259677,-0.04694291052398176,0.06205589239885488,False,False
D9,correct_cd_modulated,277,61,10,7.931928494177314,0.6354860695013915,6.743937864000304,0.7493774109433188,0.2083994964023891,0.13819336758958772,False,False
D9,misspecified_constant_mu,0,75,1,1.1442090204104511,0.28476469391291825,0.012149682904114235,0.9122304600774959,0.12108561423976934,0.012477349416775328,False,False
D9,misspecified_constant_mu,0,75,2,1.1906529269060477,0.5513825302371438,0.06395038726358172,0.9685306075080762,0.024229798741300053,-0.025588997291402724,False,False
D9,misspecified_constant_mu,0,75,5,1.95754708985404,0.8549874844517997,1.0216779742164939,0.9607984119750049,-0.06919632366548285,-0.01846928764878328,False,False
D9,misspecified_constant_mu,0,75,10,4.363533856751683,0.929460895599246,1.8656520159541183,0.997269949189328,0.10389949785903813,0.01599967816690709,False,False
D9,misspecified_constant_mu,1,72,1,0.84143939233145,0.3589854281640833,0.84951894454415,0.35668846163681023,-0.10589086261428615,-0.10639803330294564,False,False
D9,misspecified_constant_mu,1,72,2,6.385805754270356,0.04105252735998566,2.8695778602736057,0.23816562829644572,-0.26989377753405086,-0.16291044497524135,True,False
D9,misspecified_constant_mu,1,72,5,7.008082155025666,0.22003992149075513,3.9038881744118146,0.5633351566109877,-0.0316306247675115,-0.04429191743542546,False,False
D9,misspecified_constant_mu,1,72,10,9.970611721350183,0.4430754045091284,5.351471506466336,0.8664975588686981,-0.17666680215084288,-0.11699466240204949,False,False
D9,misspecified_constant_mu,2,87,1,0.8745252079888465,0.34970557852076145,0.09733793918526407,0.7550479050256347,0.09855547654100096,-0.032880292293814985,False,False
D9,misspecified_constant_mu,2,87,2,0.8746288291719104,0.6457683604963803,0.17968454520305316,0.9140753486284214,-0.0010665448093516584,0.030066140684189786,False,False
D9,misspecified_constant_mu,2,87,5,1.96152563461165,0.8544426870304901,1.5060391351570248,0.9123718494793147,-0.06785588491484384,-0.05522309333739872,False,False
D9,misspecified_constant_mu,2,87,10,11.836685895353577,0.2961352346521263,8.225088740200777,0.6068609382691503,0.08130188900799153,0.03388046190850238,False,False
D9,misspecified_constant_mu,3,96,1,0.13074647260284408,0.7176593227179746,0.04048323603248586,0.8405387016903783,-0.03633524883578122,-0.02021858501910987,False,False
D9,misspecified_constant_mu,3,96,2,0.13474387681956174,0.934847430999339,0.22987578425396907,0.8914215064813156,0.006319814129760576,0.04350074713568272,False,False
D9,misspecified_constant_mu,3,96,5,3.965912582916519,0.5543340991861558,4.473425828552313,0.4834468254691927,0.07734540326683312,0.00012196831159650973,False,False
D9,misspecified_constant_mu,3,96,10,9.918657222825782,0.4476585726409483,14.344820802842635,0.15783624072661517,-0.03256910501867731,0.028966372483711176,False,False
D9,misspecified_constant_mu,4,119,1,0.05176611665660649,0.8200181099876216,0.0015989903215895477,0.9681031899171306,-0.020596699421243942,0.0036199098524582166,False,False
D9,misspecified_constant_mu,4,119,2,2.2043677715735366,0.3321449244825694,0.6125430157353497,0.7361867118347414,-0.13225393418018982,-0.07045754003020634,False,False
D9,misspecified_constant_mu,4,119,5,2.709743835743432,0.7446277623527182,1.441347932202088,0.9197373849326367,-0.006106636871798409,-0.042528322749758464,False,False
D9,misspecified_constant_mu,4,119,10,4.980556042885711,0.8924730995854886,4.4820260631096245,0.9229938632659505,-0.014149207904941199,-0.03424108381618597,False,False
D9,misspecified_constant_mu,5,66,1,0.040082564992344284,0.8413192354846285,0.7203528502605084,0.39602819226567476,-0.024093950119807105,-0.10214165575427943,False,False
D9,misspecified_constant_mu,5,66,2,0.2332646308879241,0.889912340039959,1.023790792179573,0.5993584798071765,0.052486421759338646,-0.06578070215518714,False,False
D9,misspecified_constant_mu,5,66,5,6.7606620908889985,0.23905731115295148,2.3429111016536894,0.7999443121518744,-0.2200538137533503,-0.01921403461522963,False,False
D9,misspecified_constant_mu,5,66,10,12.974861190271437,0.22508075480105938,9.526526466509907,0.482966155088288,0.05436382352170507,-0.03231413689348652,False,False
D9,misspecified_constant_mu,6,88,1,0.5771896219991486,0.4474160125603601,2.2907357208050994,0.13014821761729511,0.07962625537275765,0.15862970973898363,False,False
D9,misspecified_constant_mu,6,88,2,0.6048904724248158,0.7390089580804029,2.469528675898247,0.290903309161039,-0.017343357884301164,0.04406175954032283,False,False
D9,misspecified_constant_mu,6,88,5,1.3800530325204146,0.9264827581452976,3.9391414532969846,0.5582110151307591,0.025721563977305285,-0.02815595257562726,False,False
D9,misspecified_constant_mu,6,88,10,3.842839164697373,0.9541583693266559,4.669922568613742,0.9121096011347778,-0.029187099630856892,0.003025239033468482,False,False
D9,misspecified_constant_mu,7,96,1,0.25969880873157025,0.6103271527363476,8.785466666654762e-06,0.9976350506537224,-0.051209216008019004,-0.0002978486019480694,False,False
D9,misspecified_constant_mu,7,96,2,1.1698447169590263,0.5571491180375752,0.6586764476667003,0.7193996574845789,0.09536099698681974,0.08112382946154255,False,False
D9,misspecified_constant_mu,7,96,5,1.7945367740918423,0.876781065129549,1.9170371235747359,0.8605013489055734,-0.07389668689415962,-0.10674286610518317,False,False
D9,misspecified_constant_mu,7,96,10,9.299679001835589,0.503918750323087,7.253093728962352,0.701354785765449,-0.22173547915835348,-0.1593512187259366,False,False
D9,misspecified_constant_mu,8,110,1,0.823772577897861,0.3640794566707777,1.1704764665498453,0.2793033610992538,0.0853712342968202,0.10176284454726939,False,False
D9,misspecified_constant_mu,8,110,2,1.0898806688290956,0.5798763809714529,2.58068433696238,0.27517661021639994,0.048298713566609565,0.11118548399417513,False,False
D9,misspecified_constant_mu,8,110,5,2.179645710734789,0.8237705235140038,3.697301664286694,0.5937655657144412,-0.028146876526685485,0.06416094824616542,False,False
D9,misspecified_constant_mu,8,110,10,9.597657266215753,0.4764719969852067,11.57056343954741,0.3148242616954031,0.1075698011791692,0.10314890066584555,False,False
D9,misspecified_constant_mu,9,63,1,0.677077482599426,0.4105949026303627,0.09147559398719676,0.762309558563799,0.10124837859828927,0.03721529884580026,False,False
D9,misspecified_constant_mu,9,63,2,0.6780996499054062,0.7124469505692274,1.3877734791538785,0.49963035719468585,-0.00390210505365573,0.1389601808683041,False,False
D9,misspecified_constant_mu,9,63,5,2.7825565052821055,0.7334657016961599,3.3371229249777454,0.6481631515072512,0.08069575894333601,-0.059578298549092655,False,False
D9,misspecified_constant_mu,9,63,10,7.066466444409471,0.7191555705401,7.591693397548017,0.6686507421308273,0.14334156144319402,0.07063885666701081,False,False
D9,misspecified_constant_mu,10,71,1,0.9068097342371904,0.340962309486768,2.043113384556162,0.15289643030120859,-0.11066658342506693,-0.16611339334319145,False,False
D9,misspecified_constant_mu,10,71,2,0.916709501916025,0.632323119181978,2.053440918263591,0.3581797014613024,-0.011480120389598381,-0.01172552377249168,False,False
D9,misspecified_constant_mu,10,71,5,2.293558804409803,0.8072124421363975,7.309423425016002,0.1986262786202444,0.06309778011025306,0.21949577483017643,False,False
D9,misspecified_constant_mu,10,71,10,7.617586040307163,0.6661342106409811,11.6607928660429,0.3083995743820439,0.04058083890792078,0.030524947419067812,False,False
D9,misspecified_constant_mu,11,92,1,1.0529197424877828,0.30483560100282814,0.8469416452570349,0.35741897369282527,-0.1052593030546688,-0.0944038268815338,False,False
D9,misspecified_constant_mu,11,92,2,1.054121858870938,0.5903374659361227,1.139273027995029,0.5657310366442778,0.0035370131321285194,-0.05515706323073292,False,False
D9,misspecified_constant_mu,11,92,5,2.441059975610803,0.7853442060891911,2.823314870853646,0.727202883314193,-0.10340771872739914,-0.07980107171718913,False,False
D9,misspecified_constant_mu,11,92,10,13.815030220381653,0.18159707219533705,8.445519668578603,0.5854044546119591,0.16335308130487167,0.15519135405241224,False,False
D9,misspecified_constant_mu,12,88,1,0.08456521178605678,0.771203533399754,0.06276321436945893,0.8021806966911527,-0.030478452036790796,-0.02625727328323662,False,False
D9,misspecified_constant_mu,12,88,2,0.09742416401987387,0.9524553192457011,0.0853607462822049,0.958217613211704,0.011816515428939167,-0.015664521712030855,False,False
D9,misspecified_constant_mu,12,88,5,5.106450692520099,0.4030275341867178,4.091227294810734,0.5363576981022297,-0.11518161663867867,-0.08030423681928538,False,False
D9,misspecified_constant_mu,12,88,10,6.029065407342526,0.8128154086207235,11.158909647367869,0.3452723058026972,-0.06015613695163843,0.17864679666447894,False,False
D9,misspecified_constant_mu,13,103,1,0.020318523990918366,0.8866510695294338,0.6043306821200347,0.43693042897156076,-0.013843085524379711,0.07549603546476004,False,False
D9,misspecified_constant_mu,13,103,2,4.5084393136061385,0.10495541303159894,1.7952790843530495,0.4075304838209568,-0.2047291547181262,-0.10546148882024457,False,False
D9,misspecified_constant_mu,13,103,5,5.588811035269516,0.34830567265685397,2.58460886644358,0.7637023594533856,0.014484443359207552,0.028374850792772917,False,False
D9,misspecified_constant_mu,13,103,10,12.579575422335589,0.24813691702466734,4.6964999868809265,0.9105086449772849,0.05105188769915791,-0.03747085814005611,False,False
D9,misspecified_constant_mu,14,78,1,1.0345596709399802,0.3090901328758231,1.243079552026344,0.26487837344308507,-0.11298761466501034,-0.12385185882197494,False,False
D9,misspecified_constant_mu,14,78,2,1.2600028125206806,0.5325910520446967,1.6534482686486724,0.4374800674553857,0.05240020851662189,-0.07069710406349229,False,False
D9,misspecified_constant_mu,14,78,5,1.393698889681355,0.9250013037519443,2.315139271399542,0.8040407807270286,-0.0379035856861818,-0.07473832991307339,False,False
D9,misspecified_constant_mu,14,78,10,2.027796126323367,0.9961226439493387,6.2735672197613646,0.7917794737881888,0.031178299227755675,0.14191482158760638,False,False
D9,misspecified_constant_mu,15,94,1,0.5623232671832156,0.45332567461967377,1.0167922858665366,0.3132810981779832,0.07612634131045826,0.10236654659111817,False,False
D9,misspecified_constant_mu,15,94,2,1.4965571213200421,0.4731804034040903,2.0641919463597955,0.35625946719144475,-0.09759378705524764,-0.10333574735085968,False,False
D9,misspecified_constant_mu,15,94,5,5.2544351236053775,0.385624230867468,2.9064196852079385,0.7144105149040572,0.07909882173271679,0.04901730602831189,False,False
D9,misspecified_constant_mu,15,94,10,7.320944341258033,0.6948380514875994,4.296040777552095,0.9330054376070595,0.03422485203625625,-0.012909428729522339,False,False
D9,misspecified_constant_mu,16,96,1,0.045387864070441264,0.831292427088217,0.2572035764259268,0.6120478771793544,-0.021408341360155243,-0.05096260859236911,False,False
D9,misspecified_constant_mu,16,96,2,0.04564215847143799,0.9774373519670859,0.2681184466245303,0.8745382700165727,0.0015939829492851753,-0.010442982737893345,False,False
D9,misspecified_constant_mu,16,96,5,2.634560851498379,0.7561074106049434,3.524220011391191,0.6197260430253458,0.12688102404320692,0.03321129584570866,False,False
D9,misspecified_constant_mu,16,96,10,7.713917454567467,0.6567582121952517,5.075221982933619,0.8860967584812219,-0.1398808816706548,-0.08543148610501866,False,False
D9,misspecified_constant_mu,17,106,1,0.13664098244798528,0.7116434322720415,0.1358416898716087,0.7124504396036306,-0.035401391029354794,-0.03529769750326571,False,False
D9,misspecified_constant_mu,17,106,2,0.6550175890663114,0.7207169528785313,0.6758149852629485,0.7132612667693294,-0.06862376733881895,-0.07003868772213587,False,False
D9,misspecified_constant_mu,17,106,5,1.4480282263654034,0.9189882929395771,0.6967935871765462,0.9831441871007809,0.07328155248741458,0.004468438911139213,False,False
D9,misspecified_constant_mu,17,106,10,8.742922881318638,0.5566626288121397,6.507475475688028,0.7709794349909668,-0.1327184819310388,0.017266899151665613,False,False
D9,misspecified_constant_mu,18,91,1,0.925194318381192,0.3361147998466746,1.7072333749596351,0.19134471976277978,0.09919175238051565,0.13474278836972847,False,False
D9,misspecified_constant_mu,18,91,2,1.1673810954327513,0.5578358431887285,1.751866605279145,0.4164731427533629,0.050467064820953256,-0.02166516459704785,False,False
D9,misspecified_constant_mu,18,91,5,8.087392396931522,0.151484574361622,9.298281430698664,0.09774203788272184,-0.21593511938181123,-0.19845801878809163,False,False
D9,misspecified_constant_mu,18,91,10,13.961567765756016,0.17475185049951014,12.534653333536882,0.2508653648716017,0.037834338277454936,-0.01390458489849037,False,False
D9,misspecified_constant_mu,19,73,1,0.5425238804731052,0.4613886266859145,1.8311376772059809,0.1759932278185139,0.08446632832034483,0.15517962063089066,False,False
D9,misspecified_constant_mu,19,73,2,0.5438643260574573,0.761905944728471,1.8312336366122701,0.40026965627951516,0.004169286186378638,0.0011155290610860415,False,False
D9,misspecified_constant_mu,19,73,5,0.7167591833679675,0.9820362453643678,2.730018381938492,0.7415235696960838,-0.024463148965176568,-0.03976114598028776,False,False
D9,misspecified_constant_mu,19,73,10,1.9210073613603793,0.9969104860759876,3.3054099273678808,0.9732962808697819,-0.013904014672235045,-0.03310088003244197,False,False
D9,misspecified_constant_mu,20,100,1,1.268995516075424,0.25995520499604297,2.1809837141579247,0.13972512838047302,0.11098072438688594,0.14549354399181258,False,False
D9,misspecified_constant_mu,20,100,2,1.4907413981772382,0.4745583489820332,2.255993780293634,0.3236809760312851,0.046157335836965824,0.026845575969738668,False,False
D9,misspecified_constant_mu,20,100,5,2.971396302470702,0.704395862689895,5.597137995323765,0.34741187219322645,-0.09272348682229437,-0.11513059721602907,False,False
D9,misspecified_constant_mu,20,100,10,5.721678692033531,0.8380794218814082,8.398320289330048,0.5899903123125929,0.06490033930163397,0.052957091359931915,False,False
D9,misspecified_constant_mu,21,82,1,0.8671047489043561,0.3517580854505603,1.2312345515298595,0.2671670814876911,-0.10097915277227758,-0.12032790002359416,False,False
D9,misspecified_constant_mu,21,82,2,1.8972962604602581,0.3872642005068211,1.802467105027473,0.4060684439163935,0.10938490849392425,0.08145259008077393,False,False
D9,misspecified_constant_mu,21,82,5,3.5613367510667047,0.6141276004620483,5.400559245707701,0.3689731562178602,0.11954451908022258,0.10300324721156086,False,False
D9,misspecified_constant_mu,21,82,10,13.295230884555549,0.20763035075322667,14.280859085029073,0.16056189399846488,0.17043235033576865,0.20997449573809362,False,False
D9,misspecified_constant_mu,22,85,1,0.44356976097993933,0.5054044970659319,0.17955180628621523,0.671758694349466,0.07098253737037608,0.04516119686453103,False,False
D9,misspecified_constant_mu,22,85,2,6.4194690563826,0.04036732823734712,1.2543357521863363,0.5341023049366205,-0.2589831996551908,-0.1098324173759938,True,False
D9,misspecified_constant_mu,22,85,5,10.231553548887042,0.0689339211539618,4.419239530577706,0.49076107417240133,-0.13151004750798048,-0.08676513746444602,False,False
D9,misspecified_constant_mu,22,85,10,15.786000353156206,0.1059244513226949,8.539719249111519,0.576269702794064,0.07525203167605392,0.08356216492164235,False,False
D9,misspecified_constant_mu,23,82,1,0.1268766509814691,0.7216926724772721,0.03329269536412913,0.8552194983042345,0.03862662768183735,-0.019786565573424154,False,False
D9,misspecified_constant_mu,23,82,2,1.203403139354102,0.5478785889031637,0.8193166845346991,0.6638770301144143,-0.11181775908624222,-0.09554683919677524,False,False
D9,misspecified_constant_mu,23,82,5,19.605959330401042,0.001481340992774638,18.452824956028586,0.002429290713947818,0.3523734161996491,0.38590005713804865,True,True
D9,misspecified_constant_mu,23,82,10,28.16606538399037,0.001697948256867643,25.908712051676954,0.00386492241931935,0.1443705972939049,0.23097103109442949,True,True
D9,misspecified_constant_mu,24,92,1,1.4154958688865111,0.23414618595252523,1.5928805156644648,0.2069150708024874,-0.12204420389562995,-0.12946562005708426,False,False
D9,misspecified_constant_mu,24,92,2,4.030138987045523,0.13331113878338152,3.2304601965097692,0.19884491130938842,-0.16495657231116426,-0.1305463202446785,False,False
D9,misspecified_constant_mu,24,92,5,6.3360203728789655,0.27488174912390284,6.778713066040647,0.2376247152544716,-0.022907651544514237,-0.03076029434545851,False,False
D9,misspecified_constant_mu,24,92,10,6.728956801589873,0.7507613080256061,7.51672543405728,0.6759266602207441,0.01698551751089467,0.010166132288144326,False,False
D9,misspecified_constant_mu,25,80,1,0.06614097369728204,0.7970406910514405,0.2677028835394435,0.6048768763679171,-0.028222593337751976,-0.0567790537528006,False,False
D9,misspecified_constant_mu,25,80,2,0.3313138218452191,0.8473368963590513,0.29079984028804917,0.8646764224356308,-0.05615131201301888,-0.016571917485463373,False,False
D9,misspecified_constant_mu,25,80,5,1.7217531758101645,0.8861479130077663,3.197303159102213,0.6695973940368533,-0.08140314304239445,-0.1365164782435915,False,False
D9,misspecified_constant_mu,25,80,10,5.138262042146462,0.8817525479103475,4.933034038170178,0.8956062425358604,0.0435586898446885,0.011028635719397741,False,False
D9,misspecified_constant_mu,26,87,1,0.47239263493039174,0.4918884990505735,0.9972631954687932,0.3179736418725624,0.07243461480309642,0.10524452000031342,False,False
D9,misspecified_constant_mu,26,87,2,0.5470605182865954,0.7606893182005267,1.1493935031213425,0.5628755340559014,-0.028630026724242308,-0.04086605404296238,False,False
D9,misspecified_constant_mu,26,87,5,6.3470618398165675,0.2738976026935611,4.58577142366426,0.46849017280120786,-0.11437893274746745,-0.12106771166035223,False,False
D9,misspecified_constant_mu,26,87,10,10.873694129831923,0.3674427679962887,9.530928627322684,0.48256315289350094,-0.06173305758072877,-0.07448331815053545,False,False
D9,misspecified_constant_mu,27,96,1,2.171424509837552,0.1405959442470417,0.5890668641875065,0.4427801835555629,-0.1480762870309934,-0.07712504761476958,False,False
D9,misspecified_constant_mu,27,96,2,3.7326074011539534,0.1546944031830486,0.8226795767066409,0.6627616946315824,-0.12489416939329848,-0.04831294466842057,False,False
D9,misspecified_constant_mu,27,96,5,6.2776297751813654,0.28013393587589785,2.3405438235962555,0.8002941307734307,-0.02224326214178566,-0.0215000479567542,False,False
D9,misspecified_constant_mu,27,96,10,8.226357642329386,0.6067371811556911,5.0284655692307325,0.8892683909152354,-0.0893578146851687,-0.033861456637913095,False,False
D9,misspecified_constant_mu,28,144,1,0.3840603506211319,0.5354381761856944,0.09693369350600889,0.7555408213845861,0.05111049438206375,0.025677203638431175,False,False
D9,misspecified_constant_mu,28,144,2,0.49298040289432965,0.7815390194508611,0.1310617366595667,0.9365701359575941,0.027123168301187512,0.01518246161800553,False,False
D9,misspecified_constant_mu,28,144,5,1.6644685410084692,0.8933453599774122,2.833572072018898,0.7256254540697029,0.026260597016373132,0.0454742518279881,False,False
D9,misspecified_constant_mu,28,144,10,4.910542666922247,0.8970731174217883,11.45835636011978,0.3229394492063137,-0.11626154831246718,-0.11348311960218456,False,False
D9,misspecified_constant_mu,29,67,1,0.29162289552905357,0.5891824128195069,0.12582904697363645,0.7227964423647003,0.06452393275779839,0.04238385690372035,False,False
D9,misspecified_constant_mu,29,67,2,1.1760376620866204,0.5554265893373788,1.216002404978813,0.5444380035578917,-0.11151228734303416,-0.1238062341682962,False,False
D9,misspecified_constant_mu,29,67,5,2.026354113498669,0.8454865581374074,2.375702875769535,0.7950868601479351,-0.08940219226183709,-0.09989877961481937,False,False
D9,misspecified_constant_mu,29,67,10,5.307649824895903,0.8697022881798957,3.6565779942920082,0.9615125679687907,-0.10639989829963699,-0.11256654336710813,False,False
D9,misspecified_constant_mu,30,115,1,0.6479177031753309,0.4208581401911685,0.0024138690738936134,0.960814785967616,-0.07409186006660849,0.004522383937584275,False,False
D9,misspecified_constant_mu,30,115,2,0.6644317783546425,0.7173324418257443,0.5049894295031669,0.7768603187282324,-0.011776724063757817,-0.0649677839887651,False,False
D9,misspecified_constant_mu,30,115,5,3.257725178394214,0.6603198920822522,5.555360895707974,0.3519135391956262,0.11574588501460929,0.17857379172011947,False,False
D9,misspecified_constant_mu,30,115,10,10.087608641408517,0.43284101602026726,11.754554579055116,0.3018191022325294,0.1213366109043866,0.02066282179552625,False,False
D9,misspecified_constant_mu,31,98,1,1.07902236808089,0.29891636188754556,0.6689560621173801,0.41341580817642876,0.10334466293687032,0.08137136964872081,False,False
D9,misspecified_constant_mu,31,98,2,1.4696917057463523,0.4795793790608296,0.8256547265065551,0.6617765199122602,-0.06186246794621409,-0.039179169524489056,False,False
D9,misspecified_constant_mu,31,98,5,3.3059685861228325,0.6529280194212281,3.715538629632185,0.5910532899422817,0.06978738154404822,-0.04853444334328391,False,False
D9,misspecified_constant_mu,31,98,10,9.639540424394067,0.4726659679013514,6.734628743378367,0.7502375831221981,0.07057331870459686,0.057621742842059676,False,False
D9,misspecified_constant_mu,32,88,1,0.39164705386483906,0.5314349085383738,0.004470913133396069,0.946689266450718,0.06559103251392336,-0.007008017077553037,False,False
D9,misspecified_constant_mu,32,88,2,1.808723818108875,0.40480010199117156,0.3191612759922577,0.8525012206345306,0.1240461596050071,0.05845590067711289,False,False
D9,misspecified_constant_mu,32,88,5,2.630938921134914,0.7566590418880794,3.4523429575803513,0.6306106962082036,0.04938424103077517,0.09092668464337557,False,False
D9,misspecified_constant_mu,32,88,10,6.934895040957081,0.7315766373873085,6.544961708847274,0.767590957370438,0.018398676920720163,0.028957894760719683,False,False
D9,misspecified_constant_mu,33,128,1,0.21346470101911683,0.6440652548000061,1.2645627988280164,0.2607891788538794,-0.04036344576683643,-0.09824159396266127,False,False
D9,misspecified_constant_mu,33,128,2,0.40246326207410754,0.8177229995891276,1.4035170824813377,0.49571280544219476,0.037830132326422884,-0.03243729133280898,False,False
D9,misspecified_constant_mu,33,128,5,3.2250179244974873,0.66533948492462,3.3788684397805446,0.6417902790128798,-0.13032748162352556,-0.049098295364113115,False,False
D9,misspecified_constant_mu,33,128,10,11.419845886356555,0.32575663686052825,8.292273525837858,0.6003115925337338,-0.12807488126121258,-0.06777170167667869,False,False
D9,misspecified_constant_mu,34,87,1,2.211514215625679,0.1369841570378756,2.857754563891601,0.09093435586835175,-0.15672542769240896,-0.17815871002632253,False,False
D9,misspecified_constant_mu,34,87,2,2.7887458027977012,0.247988500858341,2.9737116804023205,0.22608237833901312,0.07960308104201025,0.03567824938886228,False,False
D9,misspecified_constant_mu,34,87,5,3.679508648475175,0.5964163154181173,4.633497699073852,0.4622229516517098,0.04314485716218334,-0.034591836866856,False,False
D9,misspecified_constant_mu,34,87,10,14.438532470750127,0.15391187106230286,14.923278895387275,0.1348841064161539,0.1316582118945062,0.03194927107701627,False,False
D9,misspecified_constant_mu,35,108,1,1.758162666066213,0.18485385339658422,1.9591213664667337,0.16160731791383676,-0.1258384022221702,0.1328355563645334,False,False
D9,misspecified_constant_mu,35,108,2,2.1015106456134443,0.34967353294512826,2.310392693229587,0.3149956824952277,0.055349278030085686,0.05598427556776103,False,False
D9,misspecified_constant_mu,35,108,5,3.525654145574306,0.6195094346291438,4.292739927375586,0.5080832010337237,0.029086853940616494,-0.013909403181791093,False,False
D9,misspecified_constant_mu,35,108,10,8.746416669481349,0.5563268694906004,10.117194371848125,0.4302723330145839,0.15179729591447855,0.09236974016155879,False,False
D9,misspecified_constant_mu,36,99,1,1.1194225772196413,0.29004282196878106,0.0353575812442816,0.8508483389725352,0.10474463423294075,0.018615556668790986,False,False
D9,misspecified_constant_mu,36,99,2,1.1314991231541072,0.5679342854541765,0.22693786544613379,0.892731930730487,-0.010823779884375813,-0.0431104930175797,False,False
D9,misspecified_constant_mu,36,99,5,3.2035545766830356,0.6686366334292726,4.946629882185397,0.42242825529993966,0.0830235581984203,0.09898439219887911,False,False
D9,misspecified_constant_mu,36,99,10,5.0930181741721485,0.8848782572341398,6.771644737376895,0.7468128763224418,-0.07710901754962059,0.040200685517629106,False,False
D9,misspecified_constant_mu,37,77,1,2.6770685989379164,0.10180296909508957,1.338155040587094,0.24735959273164065,-0.18288481102804674,-0.129300768189459,False,False
D9,misspecified_constant_mu,37,77,2,5.206079870673653,0.07404813418058442,1.7231079875191906,0.4225050017643013,0.1765822742682865,0.06889307153069145,False,False
D9,misspecified_constant_mu,37,77,5,5.512793345324047,0.3565450834191979,2.2742931840462814,0.8100350130107596,-0.010140934927391834,-0.06720487298074375,False,False
D9,misspecified_constant_mu,37,77,10,12.076221010079074,0.2799877096556813,13.294583833280273,0.20766449883302862,-0.033035032475765544,-0.023377897935853844,False,False
D9,misspecified_constant_mu,38,108,1,0.012320546179766006,0.9116179677944052,0.0020977726159919175,0.9634685048858865,0.010534129402035805,-0.004346732101113406,False,False
D9,misspecified_constant_mu,38,108,2,0.05295666300695478,0.9738691458871105,0.3378489277328001,0.8445726967327079,0.01904148488890979,0.05473353144871014,False,False
D9,misspecified_constant_mu,38,108,5,0.5802145767167589,0.9888911947682678,1.2416924158204725,0.940815560947801,-0.0335683396620411,-0.05107210003823432,False,False
D9,misspecified_constant_mu,38,108,10,5.198366959492011,0.8775389372888457,3.1000442956223075,0.9789705948146645,0.07673343650828966,0.06661312417459646,False,False
D9,misspecified_constant_mu,39,102,1,0.006572575914380467,0.9353851505937236,0.038397144296718824,0.8446478199127673,-0.007910642111210325,-0.019120242421211842,False,False
D9,misspecified_constant_mu,39,102,2,1.417865042508616,0.4921692974088512,0.23117173249262238,0.8908440755160689,-0.11534313629042768,0.04262929363776625,False,False
D9,misspecified_constant_mu,39,102,5,1.9257287892607435,0.859323500848414,3.3756452637626957,0.6422818168337606,0.055723455086569264,0.11647010301853727,False,False
D9,misspecified_constant_mu,39,102,10,8.122171913411243,0.6169046076051989,7.521687801528787,0.6754455542194052,0.13008330169403437,-0.00221492939573415,False,False
D9,misspecified_constant_mu,40,117,1,1.0621881064849594,0.3027166586781289,0.12620548028636566,0.7223992335077862,-0.09407263310690522,-0.032426620582747576,False,False
D9,misspecified_constant_mu,40,117,2,2.1531041330499696,0.34076844934522055,0.16616176825763732,0.9202767084298735,0.0949244675119468,-0.01816665948436358,False,False
D9,misspecified_constant_mu,40,117,5,5.551754439407766,0.35230418817152653,1.4427192778309768,0.9195838295034314,0.15437470542317372,0.07044616197274403,False,False
D9,misspecified_constant_mu,40,117,10,25.74016835672069,0.004105817067868944,10.0033387089592,0.4402004167400546,0.08242415813917184,0.04754743718295634,True,False
D9,misspecified_constant_mu,41,82,1,0.1221952192528492,0.7266656861618879,0.134069985991566,0.7142489072933136,-0.03790731705536241,-0.0397065105256533,False,False
D9,misspecified_constant_mu,41,82,2,0.4913906504701062,0.782160493190884,0.462445024024253,0.7935628691177474,-0.0654827007873619,-0.061756616260507546,False,False
D9,misspecified_constant_mu,41,82,5,4.594388478609528,0.4673547573600323,4.507528009142829,0.47887684857445345,-0.19784433959175432,-0.1684948524203057,False,False
D9,misspecified_constant_mu,41,82,10,9.939459546908422,0.44582070166888577,20.815528225241515,0.022417263303687318,-0.012891646404801352,-0.10087127855554175,False,True
D9,misspecified_constant_mu,42,81,1,1.4415158297589963,0.2298942036948184,0.09030023729065853,0.763795812553168,0.13097039755818532,0.032779919570740404,False,False
D9,misspecified_constant_mu,42,81,2,2.9365827307126113,0.23031867965336705,1.632037020803912,0.4421887241131198,0.132544680751654,0.13459753522742343,False,False
D9,misspecified_constant_mu,42,81,5,8.192443312834037,0.14594376295341027,2.551326739744874,0.7687460995717912,-0.03634432093234006,-0.0609076140656101,False,False
D9,misspecified_constant_mu,42,81,10,12.138483304064184,0.275895267176147,4.506901046215806,0.9215970056109408,-0.12438388941962036,-0.059455342215668054,False,False
D9,misspecified_constant_mu,43,64,1,0.6450559079790358,0.42188588756293544,0.8516146070601615,0.3560959742294615,-0.09808599422900229,-0.11270154531118008,False,False
D9,misspecified_constant_mu,43,64,2,0.66889003236162,0.7157351976007018,0.8523552810723539,0.6530003324877873,-0.01870395679886385,0.003297216340434522,False,False
D9,misspecified_constant_mu,43,64,5,4.1436661277620885,0.5289225755736137,3.5239356676010565,0.619768992417118,-0.0735849059332241,-0.11906569628495434,False,False
D9,misspecified_constant_mu,43,64,10,4.682042419759621,0.9113814010511923,7.309989488948102,0.6958916615131688,-0.014330815372331098,0.08408408626868859,False,False
D9,misspecified_constant_mu,44,64,1,2.956969499983601,0.08550806719906745,1.1243302057434905,0.28898795560786106,-0.21000601908929345,-0.12949567363071227,False,False
D9,misspecified_constant_mu,44,64,2,3.322349355944663,0.18991575916194192,1.218202694293806,0.5438393723477811,-0.07323289286866468,-0.0371195801641451,False,False
D9,misspecified_constant_mu,44,64,5,4.763215905546802,0.4454556655178423,2.2373478944117484,0.8154233269572294,0.002329568257988123,-0.05211732867975281,False,False
D9,misspecified_constant_mu,44,64,10,5.726464107553245,0.8376971148749052,3.322981037222319,0.9727699209520854,-0.039310179514313356,0.061626126632060844,False,False
D9,misspecified_constant_mu,45,83,1,0.08208582033050903,0.7744904218602067,0.2963915475670177,0.5861534899331657,-0.03088819202207983,-0.05869367789045389,False,False
D9,misspecified_constant_mu,45,83,2,7.23135449694684,0.026898701942254744,6.013780696262971,0.04944519729230701,-0.2865001209781088,-0.25620811245535086,True,True
D9,misspecified_constant_mu,45,83,5,9.08456394408731,0.10573835434822754,12.239135945788817,0.03165399309491612,0.044831686772078626,-0.026449406740340478,False,True
D9,misspecified_constant_mu,45,83,10,10.463655964061788,0.4007986400183958,15.166759683051227,0.12609934667956035,-0.05300316853917638,-0.04033902600177723,False,False
D9,misspecified_constant_mu,46,115,1,0.6148229623951192,0.43297763704269565,3.7507813876155733,0.05278283106428183,0.07217480416995192,0.178267203106237,False,False
D9,misspecified_constant_mu,46,115,2,0.6186057015025128,0.7339584564941124,3.96382869582643,0.13780517758630106,-0.005636383895853815,-0.04229951583175219,False,False
D9,misspecified_constant_mu,46,115,5,4.660214132159595,0.45873754333545047,5.656652084207282,0.3410739406454739,0.17084526055767052,0.09158014625444934,False,False
D9,misspecified_constant_mu,46,115,10,8.424779496740735,0.5874188855962552,9.99299891799859,0.44110773065065323,0.06444971387906666,0.06567423673135697,False,False
D9,misspecified_constant_mu,47,102,1,1.3935510257789148,0.23780633062525902,1.2031927988743998,0.2726844732641177,-0.11518750436455177,-0.1070314831038359,False,False
D9,misspecified_constant_mu,47,102,2,2.3978038991572297,0.30152511998713827,1.2698646687815627,0.5299713479384498,0.09729819552080878,-0.025070013182385033,False,False
D9,misspecified_constant_mu,47,102,5,4.923612231490701,0.42527368839443835,3.4817534661931773,0.6261503421713864,-0.05747896701392879,0.09379304506063367,False,False
D9,misspecified_constant_mu,47,102,10,6.064540485479198,0.8098119826550685,4.042303505957322,0.9454184149026477,-0.02742831760684009,-0.029798447844251008,False,False
D9,misspecified_constant_mu,48,122,1,0.30871120542975283,0.5784721199932308,0.13741031805061588,0.7108692010365303,-0.04969104431165831,0.03315214243651408,False,False
D9,misspecified_constant_mu,48,122,2,1.6298156317987424,0.4426801335504589,1.690732635520777,0.4294000325386744,-0.1023689948318047,-0.11100196224594283,False,False
D9,misspecified_constant_mu,48,122,5,2.969410758691918,0.7047019719823879,2.5789804606723656,0.7645562988413354,-0.0688057916743661,-0.06687082569867232,False,False
D9,misspecified_constant_mu,48,122,10,6.187816888455617,0.7992444962589774,8.76824846066025,0.5542299368458796,0.050863855044009434,0.10129013390926596,False,False
D9,misspecified_constant_mu,49,97,1,0.09195416068589926,0.7617073909332371,0.18785290952219158,0.6647096623969161,0.03031920744145171,-0.043335230912877984,False,False
D9,misspecified_constant_mu,49,97,2,1.4138997059134697,0.49314607386374465,0.8807641693951567,0.6437903916270007,0.11435762336059209,0.08279367258386451,False,False
D9,misspecified_constant_mu,49,97,5,12.07461896381554,0.03377951066445628,9.100373296054531,0.10512695982072695,-0.20531811288970767,-0.1854961329657663,True,False
D9,misspecified_constant_mu,49,97,10,22.65711417184379,0.012085490374835195,14.424885211263032,0.15447830544656826,0.14664106992552967,0.11325913114188729,True,False
D9,misspecified_constant_mu,50,83,1,0.36364103963718963,0.5464910161980603,0.041385542619176624,0.8387955385901211,-0.06501219996749599,0.02193222759635715,False,False
D9,misspecified_constant_mu,50,83,2,4.95906515820492,0.08378237807549671,0.11977329408142397,0.9418712914316276,-0.2296977811687487,-0.029999782348471116,False,False
D9,misspecified_constant_mu,50,83,5,5.333025928971285,0.3766026305978336,1.7651928485968302,0.8805863683406722,-0.0035395930817190818,0.020784750703401765,False,False
D9,misspecified_constant_mu,50,83,10,9.10983868358938,0.5217122309509946,3.7059958762778322,0.9596369583714099,-0.14638780638932056,-0.06204472160290424,False,False
D9,misspecified_constant_mu,51,59,1,0.20250068835562343,0.6527098890858212,1.6097590229696206,0.20452567935055088,0.05712633013822479,0.16106586432685902,False,False
D9,misspecified_constant_mu,51,59,2,0.39009972744844623,0.8227936294784752,1.6758390848930482,0.4326096137838281,0.05450819604968569,0.032350554211263115,False,False
D9,misspecified_constant_mu,51,59,5,1.5413370592480284,0.9082507969872647,2.429192249724125,0.7871190369733354,-0.02499295207521091,-0.027334043340654778,False,False
D9,misspecified_constant_mu,51,59,10,4.682220083952661,0.9113707030869969,7.535846277002398,0.6740724627584169,-0.13417291856528468,-0.09237056029200448,False,False
D9,misspecified_constant_mu,52,87,1,1.7785820381527098,0.18232354042072496,0.267209624778388,0.6052097513549141,-0.14055022559628408,-0.054477935929664004,False,False
D9,misspecified_constant_mu,52,87,2,1.7987168085349554,0.4068305967983621,1.0250673399579766,0.5989760470006646,-0.014867165427147146,-0.09121130540135285,False,False
D9,misspecified_constant_mu,52,87,5,3.6381357348464363,0.6025966289928634,3.2514337793244716,0.6612849542991003,0.020732563760509724,-0.063749328623088,False,False
D9,misspecified_constant_mu,52,87,10,7.544723912906045,0.6732112013797036,8.753044185007937,0.5556900910308437,-0.06550553888187957,-0.02146835748736432,False,False
D9,misspecified_constant_mu,53,89,1,0.25672675316229104,0.6123778902603171,0.4664546302893695,0.4946227419168765,-0.05281547630557791,-0.07119186018322779,False,False
D9,misspecified_constant_mu,53,89,2,0.27466810908871087,0.8716789891627522,0.46653748896780795,0.7919407152245526,0.013882623888523064,-0.0009434370508100981,False,False
D9,misspecified_constant_mu,53,89,5,1.9834203780753523,0.8514343572164079,3.486031074902155,0.6255023506721122,-0.06950666124617712,-0.0949287099124498,False,False
D9,misspecified_constant_mu,53,89,10,4.278590152042891,0.9339053757311596,6.8354251565947415,0.7408851247468461,-0.01527481061170021,0.038850467912831026,False,False
D9,misspecified_constant_mu,54,64,1,0.7284868811647658,0.393374089284251,0.09744338821316133,0.7549195106834334,0.10423634811030276,-0.03812277520032752,False,False
D9,misspecified_constant_mu,54,64,2,0.9535815188267406,0.6207724064876703,0.4704949967601141,0.7903752088355205,0.057479960965993115,0.07399772168686257,False,False
D9,misspecified_constant_mu,54,64,5,8.515905853569905,0.13000201862157923,3.8088902844830432,0.5772460595905595,-0.03274078431507708,0.018710807206130435,False,False
D9,misspecified_constant_mu,54,64,10,13.014342841025012,0.22287099833739688,8.634348699442459,0.56712060045119,0.0766880515082238,-0.003519435363128234,False,False
D9,misspecified_constant_mu,55,75,1,0.39746278317130385,0.5284024987875722,0.30139847584675733,0.5830070274599639,0.07136546505517485,0.06214560087262751,False,False
D9,misspecified_constant_mu,55,75,2,3.26089583198763,0.19584183378861397,3.2296619368432467,0.1989242920862485,-0.1902518779599524,-0.19239355077919706,False,False
D9,misspecified_constant_mu,55,75,5,4.609950698137706,0.4653085216018257,5.799972092890379,0.3261716659799323,0.0372801783021685,-0.04861565125589201,False,False
D9,misspecified_constant_mu,55,75,10,11.561167991416838,0.31549843728362115,9.949305667940903,0.4449521014171982,0.13358986809880935,0.16012708344417095,False,False
D9,misspecified_constant_mu,56,61,1,0.08876710453798242,0.765750416944044,0.06744419526192869,0.7950950363019611,0.037227721814195605,0.03244985208385863,False,False
D9,misspecified_constant_mu,56,61,2,0.23940582126477644,0.887183970493427,0.07282293806114813,0.9642434555255747,0.04809048059579615,0.00908722334902946,False,False
D9,misspecified_constant_mu,56,61,5,1.3146755530491596,0.9334143547507259,1.41518334327214,0.922645200836125,0.06275305979546432,0.11363153237936897,False,False
D9,misspecified_constant_mu,56,61,10,5.734664732314978,0.8370411222409364,4.569918462782471,0.9179977927617998,-0.13110636090624112,-0.09141441049654016,False,False
D9,misspecified_constant_mu,57,86,1,8.169599073337997,0.004259832185263046,3.6346685195228683,0.05658787211757832,-0.30291394921352754,-0.20204648801492545,True,False
D9,misspecified_constant_mu,57,86,2,8.3709296914398,0.015215131609000121,4.107695008438628,0.12824054713219313,0.04727200193657846,0.07245891256542812,True,False
D9,misspecified_constant_mu,57,86,5,12.280342164858276,0.031141947089342037,6.237333782949752,0.2838055414216514,-0.15610480149884856,-0.06444204810250628,True,False
D9,misspecified_constant_mu,57,86,10,17.101801273351175,0.07214150992700619,7.232456451780347,0.703332492899093,0.015490097186204553,-0.03050375070226881,False,False
D9,misspecified_constant_mu,58,104,1,0.022384611711602456,0.8810684693856295,0.277915762535155,0.5980705650389977,0.014461848005730214,0.050957205092384855,False,False
D9,misspecified_constant_mu,58,104,2,0.0504109637992503,0.9751095240836387,0.3622008466554912,0.8343515661277154,-0.016103258716931614,-0.02792581431018621,False,False
D9,misspecified_constant_mu,58,104,5,4.766807670508104,0.4449970132773773,2.422837704806664,0.7880683530740483,-0.15970714930927665,-0.10975534215943752,False,False
D9,misspecified_constant_mu,58,104,10,6.951963730066829,0.729971958643338,5.486694703013214,0.8563904260310271,-0.03368028611183886,0.055749097891485605,False,False
D9,misspecified_constant_mu,59,85,1,6.10294725284187,0.01349566177245809,3.064336957477768,0.08002780443622948,0.26329363603147415,0.1865687120178705,True,False
D9,misspecified_constant_mu,59,85,2,6.357156852397548,0.041644814238563144,4.717132814427591,0.09455568041919804,0.05341533177952879,0.13620077061357475,True,False
D9,misspecified_constant_mu,59,85,5,7.366769015965063,0.19476064989109232,7.530643771483442,0.18407043824126834,0.027496973486890723,-0.09161407091846474,False,False
D9,misspecified_constant_mu,59,85,10,10.056181562264134,0.43557819267299336,9.142106344292502,0.5186724499124595,0.027788175656415275,-0.04316465591365191,False,False
D9,misspecified_constant_mu,60,78,1,0.3805539391320896,0.5373069265302824,1.8194532078038856,0.17737837670748102,-0.06852691464641375,-0.14983853328779087,False,False
D9,misspecified_constant_mu,60,78,2,0.4160641255846675,0.8121809955038681,2.7204979372193923,0.2565968844307005,-0.020796534822906707,-0.1047581153422524,False,False
D9,misspecified_constant_mu,60,78,5,2.308761313968554,0.8049792160545457,3.3372829022510135,0.6481387027596459,-0.09210603396000386,0.02153174531337704,False,False
D9,misspecified_constant_mu,60,78,10,12.810873171538326,0.2344392109028568,14.097500205576125,0.16859059922248987,0.0011488404229457224,-0.07784951089378842,False,False
D9,misspecified_constant_mu,61,92,1,4.166557220993313,0.04122949681353605,3.912748796016373,0.047921156188163505,0.20938787573741455,0.2029101813086536,True,True
D9,misspecified_constant_mu,61,92,2,4.603873904948441,0.10006483506082786,4.034173455708861,0.1330424900322753,-0.06746234564565667,-0.035548138350488416,False,False
D9,misspecified_constant_mu,61,92,5,13.591266684404866,0.018425181400086754,9.01768107248555,0.1083609942814544,-0.01211340783010117,-0.048141198753173665,True,False
D9,misspecified_constant_mu,61,92,10,20.674907697108107,0.023478037895033776,12.56125429324742,0.24924700807397837,0.11938929360463962,0.07987864017312273,True,False
D9,misspecified_constant_mu,62,94,1,0.0070717822248001294,0.9329817830341491,0.2618604411249713,0.6088448783050187,-0.008537021398862076,-0.05194896250881939,False,False
D9,misspecified_constant_mu,62,94,2,0.015461869121228898,0.9922988722530074,0.26356386742310745,0.8765321163453788,-0.00924863413861221,-0.0041673122650799695,False,False
D9,misspecified_constant_mu,62,94,5,8.927355292224725,0.11199702956340696,6.300831885101471,0.2780372963575384,0.1655492615926787,0.12289376659672734,False,False
D9,misspecified_constant_mu,62,94,10,14.951674404478345,0.1338336789212009,12.25327696699583,0.2684632243406795,0.1906820493184494,0.1648208883927233,False,False
D9,misspecified_constant_mu,63,107,1,0.8232959675898626,0.3642182614663282,7.705896691399459,0.0055040724435228006,0.08650192832090291,0.26464237536290597,False,True
D9,misspecified_constant_mu,63,107,2,0.93979183532097,0.6250673233664696,7.706926374423704,0.02120616819110821,-0.03238506492286197,0.0030446774321504027,False,True
D9,misspecified_constant_mu,63,107,5,6.535351092540185,0.2575521280382149,14.139896429071264,0.014744775001694133,-0.08713056705521609,-0.11294165184075347,False,True
D9,misspecified_constant_mu,63,107,10,8.877848306432742,0.5437342211864429,16.73326870811408,0.08047838463858548,-0.0951473065101642,-0.09942130785157761,False,False
D9,misspecified_constant_mu,64,92,1,0.0034456211794193932,0.9531915262615994,0.12414541581226,0.7245812287536146,-0.00602138809833752,-0.036143333030295,False,False
D9,misspecified_constant_mu,64,92,2,0.14970577347799022,0.9278799797379519,0.14433602195806738,0.9303745695370124,0.03901453408535395,-0.014495663300583982,False,False
D9,misspecified_constant_mu,64,92,5,1.3756173399362552,0.9269617773116757,1.0538180300881002,0.9581092320870593,0.09090362462700063,0.06971042403238502,False,False
D9,misspecified_constant_mu,64,92,10,6.429788846954963,0.7779550152789904,5.708390559824733,0.8391390998859367,-0.08940572757623905,-0.11121761114327033,False,False
D9,misspecified_constant_mu,65,82,1,2.6747579500494885,0.1019508257492775,2.121894383638037,0.1452068411538734,0.1773528548597078,0.1579638906470612,False,False
D9,misspecified_constant_mu,65,82,2,5.897839891156857,0.052396266217852094,2.6667558394644733,0.26358538553058164,0.1934791174423339,0.07955023510379428,False,False
D9,misspecified_constant_mu,65,82,5,6.581569367662725,0.25366476293583895,2.7631758598027933,0.7364403036544863,-0.061075139829019964,-0.026475440637802786,False,False
D9,misspecified_constant_mu,65,82,10,8.372161221342074,0.5925341570448831,5.34417619109513,0.8670335109430314,0.04913524691193556,0.06279453634466263,False,False
D9,misspecified_constant_mu,66,87,1,7.237998592902209,0.007137650010760721,4.491414206047244,0.03406548598817305,-0.28353315020850056,-0.22335009942832063,True,True
D9,misspecified_constant_mu,66,87,2,7.381583610580968,0.024952236905047886,4.630190462557473,0.09875677881997391,0.039701726772319715,0.0390312461606412,True,False
D9,misspecified_constant_mu,66,87,5,11.624895640242412,0.040305214311539994,7.454379756205977,0.18898039896772612,0.03540588795765588,0.09309172466343678,True,False
D9,misspecified_constant_mu,66,87,10,14.736562228239878,0.14196556645410507,10.040213995819544,0.4369722853686824,0.0876993681222477,-0.012656646910323276,False,False
D9,misspecified_constant_mu,67,105,1,1.6745808654672687,0.19564608704525555,0.47362070181755894,0.49132617521868693,0.12450396819380176,0.06621333607002879,False,False
D9,misspecified_constant_mu,67,105,2,2.318260662067032,0.31375892866849253,0.7507382995311712,0.6870356129380426,-0.07681871054726634,-0.050403898313947204,False,False
D9,misspecified_constant_mu,67,105,5,4.611622434746653,0.4650890392478646,3.0249557639304396,0.6961382142527642,-0.11027855189442827,-0.12566748184301138,False,False
D9,misspecified_constant_mu,67,105,10,5.787442298334117,0.832794000320885,4.989740242359551,0.8918623248119222,0.06576861388967141,0.03250296635309456,False,False
D9,misspecified_constant_mu,68,98,1,0.014886233409123368,0.9028917694067038,0.7846661155070346,0.3757178639438129,-0.01213850611410397,-0.08812827687014106,False,False
D9,misspecified_constant_mu,68,98,2,1.64616533989586,0.4390760396107031,1.1859345716261704,0.5526848752010508,-0.1264115380869275,-0.0626960368726317,False,False
D9,misspecified_constant_mu,68,98,5,2.4909669091365085,0.7778548539266192,5.861643073262117,0.3199153313723029,-0.03243819268652359,0.17681315050186955,False,False
D9,misspecified_constant_mu,68,98,10,7.956287416329726,0.6331068440776738,8.370025914125561,0.5927418721387554,0.19731759618392888,0.12935831713165202,False,False
D9,misspecified_constant_mu,69,73,1,0.6620129045553278,0.41585021048498927,0.7761385407925105,0.3783247190984764,-0.09330553642951114,-0.10102847822847666,False,False
D9,misspecified_constant_mu,69,73,2,0.9925455146695241,0.6087955649689729,0.9278495540613028,0.628810853707656,0.06547029068372535,0.044355314924195054,False,False
D9,misspecified_constant_mu,69,73,5,3.792384220996105,0.5796778077903199,2.2559911074251033,0.8127083973001179,-0.15202796313102548,-0.012694933005175886,False,False
D9,misspecified_constant_mu,69,73,10,10.004179275017522,0.44012669851909925,7.7918236902315465,0.6491630089421716,-0.12039699854149881,-0.1546630242121546,False,False
D9,misspecified_constant_mu,70,133,1,1.3824173229982915,0.2396898181161975,0.822311098767861,0.36450532028844607,-0.10081237460005621,-0.07775213745074609,False,False
D9,misspecified_constant_mu,70,133,2,1.5918091381239066,0.4511729332049145,1.2198994708200332,0.5433781810695582,0.03908614095823827,-0.053859185367449214,False,False
D9,misspecified_constant_mu,70,133,5,4.669746377744533,0.4574979732230334,1.5875318806082606,0.9027529835142993,0.04042876039029415,-0.0037319549859024925,False,False
D9,misspecified_constant_mu,70,133,10,6.310472945024018,0.7885390927086948,6.3029340689629745,0.7892023342038569,-0.018815547623302217,-0.10386193396298693,False,False
D9,misspecified_constant_mu,71,76,1,0.026842680800980293,0.8698591793785917,0.14553719887543293,0.7028371825904542,-0.01842847839084595,-0.04291049655407307,False,False
D9,misspecified_constant_mu,71,76,2,0.08949514351988828,0.9562388330555874,0.8531925131682095,0.6527270332770143,0.02796603106609172,0.09398805202448805,False,False
D9,misspecified_constant_mu,71,76,5,7.428903824202928,0.1906456924362463,9.326752336604482,0.09671967566714057,-0.16827218471644295,-0.20255459863619246,False,False
D9,misspecified_constant_mu,71,76,10,10.725973292848481,0.3792619606838834,15.120190956224548,0.1277409679683289,-0.05408336114020194,-0.10020250529493713,False,False
D9,misspecified_constant_mu,72,91,1,1.2438240843481052,0.2647353303076875,2.765009016103993,0.09634614407414799,-0.11501078433850984,-0.1714775856584175,False,False
D9,misspecified_constant_mu,72,91,2,1.4402525514203506,0.486690794853775,3.0372049723526238,0.2190177535142288,0.045450121296527424,-0.053502449701715755,False,False
D9,misspecified_constant_mu,72,91,5,2.7332279202617746,0.7410318720984221,3.9280411779128968,0.5598221716504969,-0.03283030242183951,0.031716109843454555,False,False
D9,misspecified_constant_mu,72,91,10,9.383218551168957,0.49616140921548957,8.667930524898374,0.5638812032454974,0.07602129326100909,0.055617984322788014,False,False
D9,misspecified_constant_mu,73,80,1,0.00011193062110523195,0.9915587567280768,1.2950869958794322,0.2551125942582938,0.0011610103271605177,0.12488523553261148,False,False
D9,misspecified_constant_mu,73,80,2,0.08375108384422932,0.9589891270889819,1.569224063363793,0.4562966961110704,0.03153553442731571,-0.057092526613283096,False,False
D9,misspecified_constant_mu,73,80,5,2.5661115970857837,0.7665072743092782,4.024976107276072,0.5458256358977527,-0.11166899074392098,0.14596297015541188,False,False
D9,misspecified_constant_mu,73,80,10,6.307056695805388,0.7888397244173924,10.000021959694207,0.4404913584624365,0.01667376104995372,0.16874092076616723,False,False
D9,misspecified_constant_mu,74,96,1,0.056497305640148036,0.8121202846439104,0.036058673740038266,0.8493943762116026,0.023885097403117846,0.019081742143127235,False,False
D9,misspecified_constant_mu,74,96,2,0.056987616734052664,0.9719083118270578,0.15207924972266468,0.9267794823233179,0.0022133552871202757,0.034047308121239225,False,False
D9,misspecified_constant_mu,74,96,5,2.609894670417217,0.7598613259517193,0.45011638911874174,0.9938361777750031,0.06509788498854809,0.018429959552049763,False,False
D9,misspecified_constant_mu,74,96,10,11.385621146935263,0.32827398063117585,4.9380136878030205,0.8952800791767894,-0.05785083802814225,-0.08739683318632836,False,False
D9,misspecified_constant_mu,75,98,1,0.49705741795455866,0.480795928511755,0.3679313221014593,0.544134039707626,-0.0701416711723947,0.060347072907932,False,False
D9,misspecified_constant_mu,75,98,2,1.3716132487333665,0.5036837820599157,0.43909035091037635,0.8028838862287233,0.09255850866342048,-0.026402046081920243,False,False
D9,misspecified_constant_mu,75,98,5,2.1553546101955474,0.8272579496271079,0.8461107945288832,0.973999502115071,0.05765295776710961,-0.0019197494598503437,False,False
D9,misspecified_constant_mu,75,98,10,7.022326280520616,0.7233355480383937,5.164764774686502,0.8799031476929847,-0.01841957430831981,-0.042096084494328986,False,False
D9,misspecified_constant_mu,76,95,1,0.8769040517254449,0.3490510390418293,0.7545570896956751,0.38503725349442275,-0.09457847245083383,-0.08773286442308788,False,False
D9,misspecified_constant_mu,76,95,2,4.356929299773532,0.11321522227193159,2.926158527688556,0.23152225785301428,0.18740665191396771,0.14804163223940855,False,False
D9,misspecified_constant_mu,76,95,5,5.137346945858555,0.3993493397984915,3.656549320864128,0.5998431548556942,0.08624871775690374,-0.03158054205061156,False,False
D9,misspecified_constant_mu,76,95,10,7.724693427478356,0.6557082294685695,4.83556000906638,0.9018884605578137,0.017229458719733574,-0.02644423425745712,False,False
D9,misspecified_constant_mu,77,75,1,0.1372930054520924,0.7109871006110906,0.01095627630461514,0.9166358959707169,0.04194344244616319,-0.011848717734642918,False,False
D9,misspecified_constant_mu,77,75,2,0.6235482242726201,0.7321468926481892,0.13569715930116502,0.9344019503355293,0.07840027274214698,-0.039709081602172444,False,False
D9,misspecified_constant_mu,77,75,5,3.4905924507735024,0.6248115857249106,0.8082600677331367,0.9765035014124364,0.0462015040798717,0.07236915876783251,False,False
D9,misspecified_constant_mu,77,75,10,6.0026519674150975,0.8150403884657608,3.396492268585665,0.9704965627906181,-0.11708276421498515,-0.09035478063477108,False,False
D9,misspecified_constant_mu,78,88,1,0.1714453651851578,0.6788304476405904,0.9953293125606352,0.31844332300175215,0.04339702017406812,0.10456357726764601,False,False
D9,misspecified_constant_mu,78,88,2,6.527400357686751,0.038246616549535206,4.954184127637155,0.08398709996154374,-0.26271026435863903,-0.2073344277036123,True,False
D9,misspecified_constant_mu,78,88,5,14.187868909644255,0.014459073461795868,13.398076458603832,0.019920670624016035,-0.07813197716266423,-0.16251191049260671,True,True
D9,misspecified_constant_mu,78,88,10,16.620580026371996,0.08319261714543258,20.728945314509236,0.023064974910533387,-0.010699355688703628,-0.007420258153930455,False,True
D9,misspecified_constant_mu,79,80,1,0.9226898582529798,0.3367696931153483,0.5794692346986047,0.4465204392064481,-0.10541186556902253,-0.08353660430809783,False,False
D9,misspecified_constant_mu,79,80,2,2.011512893847963,0.36576784616713276,0.6308581768104236,0.729475797498465,-0.11378212276020515,-0.024718961458723272,False,False
D9,misspecified_constant_mu,79,80,5,6.562592693845839,0.2552549721289953,4.490518477766382,0.48115303478572113,0.12909076174994236,0.07366129929041595,False,False
D9,misspecified_constant_mu,79,80,10,8.619063306630943,0.5685964080614564,6.106227636522958,0.8062608574167931,-0.010724414944158512,0.0026598802938965606,False,False
D9,misspecified_constant_mu,80,107,1,1.5122617176254065,0.2187942924528803,0.5209064163223293,0.47045528652677016,-0.11723607605141816,-0.0688062118527069,False,False
D9,misspecified_constant_mu,80,107,2,1.626709321246266,0.4433682187488249,0.8884274654035397,0.6413283333403959,-0.03209910057280384,-0.057521555334423546,False,False
D9,misspecified_constant_mu,80,107,5,3.8674248250227765,0.5686572232974598,2.1532559581926973,0.8275584801866565,-0.036404081849896075,-0.05462254608976627,False,False
D9,misspecified_constant_mu,80,107,10,10.362804616012873,0.40926026618650935,4.22705106512578,0.9365235237295211,-0.12371397664183732,-0.03839154813482559,False,False
D9,misspecified_constant_mu,81,87,1,0.06052399018740645,0.8056696613275794,1.1154327684257712,0.29090402683607586,0.025927364429960725,0.11130541554417275,False,False
D9,misspecified_constant_mu,81,87,2,0.4402425860007524,0.8024214639527016,1.4364802512009751,0.48760963301081583,0.06456330685486886,0.0593662296536049,False,False
D9,misspecified_constant_mu,81,87,5,2.6039066959108337,0.7607716039635658,2.7120655724037697,0.7442724521730639,-0.009474102320464936,0.03435803988198334,False,False
D9,misspecified_constant_mu,81,87,10,8.3909900893855,0.5907029844531976,6.714632875151326,0.7520826717348438,-0.13938044558803694,-0.07799516356973395,False,False
D9,misspecified_constant_mu,82,112,1,0.0643322156969494,0.7997752660899041,0.29818711615441285,0.5850211744340171,-0.02364908308632796,-0.050914852483436246,False,False
D9,misspecified_constant_mu,82,112,2,0.17618507495384927,0.9156761384431212,0.3083413506024028,0.8571257183365415,-0.031042625868166515,-0.009353162910400142,False,False
D9,misspecified_constant_mu,82,112,5,2.934929155310139,0.7100172873248081,3.8541717463482694,0.5705970336769747,-0.04314724969216593,0.04786082227796739,False,False
D9,misspecified_constant_mu,82,112,10,6.268250811798402,0.7922449188694644,6.424164935783749,0.7784574779925812,0.017482243594742434,-0.014045159059147069,False,False
D9,misspecified_constant_mu,83,119,1,2.559718003821455,0.10961813484804095,1.9817975152337228,0.1592011703004408,0.1448341247999659,0.1274396228652828,False,False
D9,misspecified_constant_mu,83,119,2,2.733248837354271,0.25496616760694946,2.0328649996358443,0.3618836600752441,0.03755044529185694,0.020370373754233354,False,False
D9,misspecified_constant_mu,83,119,5,7.116345157693691,0.21213038359580438,4.524800879367431,0.47657203900560197,0.15055635072747223,0.10803990316388618,False,False
D9,misspecified_constant_mu,83,119,10,9.787013742108513,0.45937396590900137,7.407410108009525,0.6865039379890442,0.04640175407461283,-0.004924730203402891,False,False
D9,misspecified_constant_mu,84,70,1,4.785658286652,0.02869767663593492,3.044035622388818,0.08103423186111625,-0.25596472575174156,-0.20414283531702865,True,False
D9,misspecified_constant_mu,84,70,2,7.8890108506347,0.01936078935845631,9.317651052214993,0.009477587046178959,0.20462314099708429,0.29093644959682163,True,True
D9,misspecified_constant_mu,84,70,5,18.04476305191441,0.002890824084519128,17.432774084037817,0.003748117760476899,-0.21014353177098472,-0.1876788448647166,True,True
D9,misspecified_constant_mu,84,70,10,39.02883258799391,2.509507620918061e-05,31.49149618910902,0.00048649924755306273,0.1461126650826193,0.07290280851881914,True,True
D9,misspecified_constant_mu,85,88,1,0.2839910857513084,0.5940971701374771,0.5138062070451548,0.47349580404426506,-0.05585337096385263,0.07512711451244294,False,False
D9,misspecified_constant_mu,85,88,2,0.9329368672064777,0.6272134073854414,1.0870011791177507,0.580711856299216,-0.08394422842279302,-0.0788928819220087,False,False
D9,misspecified_constant_mu,85,88,5,1.5175301091957876,0.9110380219070183,1.107506856628631,0.953437057291253,0.03271467163644245,0.002781742792654116,False,False
D9,misspecified_constant_mu,85,88,10,8.881916071365767,0.543345729694498,8.973199280385021,0.5346489461867598,-0.1451996437951551,-0.1489693576303212,False,False
D9,misspecified_constant_mu,86,104,1,0.6352964701464147,0.4254191634332013,1.0963954711408612,0.29505851075982636,0.07704371769480861,0.10121214442546268,False,False
D9,misspecified_constant_mu,86,104,2,2.6939077099906394,0.2600311480381561,3.548703269593243,0.16959337230188343,-0.13801225547696408,-0.1506322534649832,False,False
D9,misspecified_constant_mu,86,104,5,7.4863515627442565,0.18690834699415404,8.786610666686807,0.11788427661690082,-0.14533249799556183,-0.139980690052576,False,False
D9,misspecified_constant_mu,86,104,10,15.602651278145927,0.1115860004981829,15.91711904274496,0.10202967018610776,0.1396482264332311,0.05895029368438789,False,False
D9,misspecified_constant_mu,87,89,1,0.2966613228545713,0.5859830816746707,1.0725845166363226,0.3003623936244417,-0.056774863804721985,0.10795466107815525,False,False
D9,misspecified_constant_mu,87,89,2,0.5876412849101464,0.74541017439325,1.103704060395839,0.5758822707719139,-0.05590819461685464,-0.018283550575364793,False,False
D9,misspecified_constant_mu,87,89,5,3.378439796094738,0.6418556425314721,1.9906278002970414,0.8504403343405358,0.035987705197759366,0.08826266079095407,False,False
D9,misspecified_constant_mu,87,89,10,10.363913696546184,0.4091666762371782,6.881213243712169,0.7366095549363748,0.03167778404213654,-0.019036085520634596,False,False
D9,misspecified_constant_mu,88,123,1,2.474808898569568,0.11568350282950957,1.3627889083418323,0.24305472366373615,0.140133893145669,0.10398881954214759,False,False
D9,misspecified_constant_mu,88,123,2,2.73271246583144,0.25503455507260675,1.4124947884187442,0.4934926103365963,-0.045051971173093376,-0.01977830212826255,False,False
D9,misspecified_constant_mu,88,123,5,6.341438096633116,0.2743984996145019,6.300176644623269,0.27809633214724305,-0.15937425396578653,-0.1670937714932742,False,False
D9,misspecified_constant_mu,88,123,10,10.837659158140712,0.3703050336328404,14.966003620300887,0.13330622773620537,-0.11759389510783208,-0.09710937648653041,False,False
D9,misspecified_constant_mu,89,65,1,0.3947496357234492,0.5298132976624871,0.20686587448052954,0.6492350688806359,0.0761652332255857,-0.05513664471591486,False,False
D9,misspecified_constant_mu,89,65,2,0.4634307682091263,0.7931718404974283,0.25536259102621994,0.8801338370536056,0.03152063216057046,-0.026486975082032484,False,False
D9,misspecified_constant_mu,89,65,5,6.630590040585384,0.24959477092191862,5.287936964442705,0.381759703925697,-0.10640327589981491,-0.0950265108273787,False,False
D9,misspecified_constant_mu,89,65,10,10.404464764851484,0.40575291846403005,8.820922759244619,0.5491789461331573,0.14814000963376198,-0.014434791657308285,False,False
D9,misspecified_constant_mu,90,94,1,0.7154749692228992,0.397632224515133,1.2314225015805864,0.2671305736634484,0.08586954333586153,0.11265370343640828,False,False
D9,misspecified_constant_mu,90,94,2,0.7690258289464179,0.6807821545935286,1.3738876453887023,0.5031113192688416,0.023365635318731,0.038110854006164645,False,False
D9,misspecified_constant_mu,90,94,5,3.078670759774376,0.6878584102483932,4.40144301540558,0.493177304552578,-0.05036759197645317,0.007425126007896106,False,False
D9,misspecified_constant_mu,90,94,10,6.5201601425902895,0.7698344429333631,9.433454414356643,0.4915193797055014,0.0401891130979798,0.01676087030623626,False,False
D9,misspecified_constant_mu,91,96,1,0.00811893135584378,0.9282036863088053,0.0019625345644720066,0.9646648707479993,0.009054460595514149,-0.004451658136493075,False,False
D9,misspecified_constant_mu,91,96,2,0.5153165023513119,0.7728593107409056,1.3337311055784256,0.5133150176461498,0.07118751860712251,0.11535320172175909,False,False
D9,misspecified_constant_mu,91,96,5,6.650541582384739,0.2479538311052749,6.066737986357114,0.2997790931740255,0.0018903482706303584,-0.032674526389261,False,False
D9,misspecified_constant_mu,91,96,10,15.258928939763104,0.12290306267839668,9.895368229267666,0.44972052959964703,0.048971750444724044,-0.031378309427518,False,False
D9,misspecified_constant_mu,92,100,1,1.2052171399122515,0.27228142798499044,0.3422039441478042,0.5585598178061528,-0.10815588643128288,-0.05763151240954067,False,False
D9,misspecified_constant_mu,92,100,2,1.2947985690055213,0.5234052363204285,0.6102733611999659,0.7370226308115577,-0.029337421814795848,0.050750063142153176,False,False
D9,misspecified_constant_mu,92,100,5,6.8528978656058355,0.23181237868993487,5.4213352551650384,0.3666488752995538,0.02804353212579609,-0.046842866854465585,False,False
D9,misspecified_constant_mu,92,100,10,11.560071426568568,0.3155771855291696,8.106713704166067,0.6184140051736817,0.13774794287050193,0.11063519239746904,False,False
D9,misspecified_constant_mu,93,92,1,0.5285514420525004,0.4672165007229856,0.3799753576035685,0.5376164248357901,0.07457727091444438,0.0632325319140944,False,False
D9,misspecified_constant_mu,93,92,2,0.5608058052864597,0.7554792955237365,0.6196456313876171,0.7335769230280551,-0.018321357559255808,-0.0499425255243909,False,False
D9,misspecified_constant_mu,93,92,5,13.326354321445237,0.020505063271126223,8.75672054907878,0.11917014934392312,0.05295048056421213,-0.10107340481756959,True,False
D9,misspecified_constant_mu,93,92,10,14.916533305708603,0.1351346634760897,10.429354877787134,0.4036654603212748,0.0541189956922596,0.00384791732198121,False,False
D9,misspecified_constant_mu,94,100,1,0.2180959810836905,0.6404945305275551,0.024785323247892028,0.8749031725943077,0.04600884625860101,-0.015510107398843436,False,False
D9,misspecified_constant_mu,94,100,2,5.6777256352727745,0.0584921443933023,2.9858221012062574,0.22471753833689934,-0.2290311448361422,-0.16866883792291523,False,False
D9,misspecified_constant_mu,94,100,5,7.537208215935421,0.1836530428778994,5.27702441577787,0.38301543244951797,-0.11584228942650203,-0.10538222896347024,False,False
D9,misspecified_constant_mu,94,100,10,9.076186073763617,0.5248888504112923,6.194799450876707,0.7986400499470097,0.01668316025044434,-0.013181371855709122,False,False
D9,misspecified_constant_mu,95,87,1,1.9815520138629001,0.1592270007872436,0.09135834883467854,0.762457347059208,0.14835334202214587,0.03185434774817036,False,False
D9,misspecified_constant_mu,95,87,2,2.129470607730381,0.34481911497551754,1.0729328463730536,0.5848110805211252,-0.04029639714319296,-0.10380456824398442,False,False
D9,misspecified_constant_mu,95,87,5,16.004549711468925,0.00683109628964329,4.6281180058301885,0.46292677601504817,-0.04714049132363062,-0.01036895324497805,True,False
D9,misspecified_constant_mu,95,87,10,17.444134130590594,0.06509616483333525,5.24680255200151,0.8740932783360992,0.09805727976155917,-0.016869500559897947,False,False
D9,misspecified_constant_mu,96,96,1,1.2647432110090366,0.26075517138397963,0.7185613122260164,0.3966162306445645,-0.11300933691609091,-0.0851814568877544,False,False
D9,misspecified_constant_mu,96,96,2,2.250510583481885,0.32456959684328557,0.7703167044984965,0.6803428938466897,-0.09924359601058506,0.02274013689166659,False,False
D9,misspecified_constant_mu,96,96,5,16.992619982231023,0.00451381467034162,11.226320604175516,0.04707283934022133,-0.3333519975097882,-0.2653537478871657,True,True
D9,misspecified_constant_mu,96,96,10,24.476784910193697,0.0064305952567371705,17.416847075528263,0.0656342509132064,0.21660687595131556,0.14651542092566716,True,False
D9,misspecified_constant_mu,97,117,1,2.01677742353477,0.15556899684555914,0.0004690509577261185,0.9827210986539054,-0.12962583548050985,0.0019768448997904003,False,False
D9,misspecified_constant_mu,97,117,2,4.505966652491818,0.10508525286180559,0.001591422778189292,0.9992046051052611,0.1433875569102758,-0.0030447447180572055,False,False
D9,misspecified_constant_mu,97,117,5,9.37321961838882,0.09507214807946374,4.524702188237177,0.47658518888367873,0.10146959386781848,0.014621804543550845,False,False
D9,misspecified_constant_mu,97,117,10,13.5596671116908,0.19404021235328361,8.162734324733451,0.6129448318858268,0.09190605601609242,0.04675930341324853,False,False
D9,misspecified_constant_mu,98,78,1,3.3651902700744203,0.06658789171013291,0.8709597155850234,0.35068975578119144,-0.2037782742674457,-0.10366976206838324,False,False
D9,misspecified_constant_mu,98,78,2,4.503312993035408,0.10522477564031485,2.4717366109070382,0.2905823385639571,0.11773593806899568,0.13963037518317342,False,False
D9,misspecified_constant_mu,98,78,5,4.596899596020945,0.4670242021731632,3.2609195254684873,0.6598299903181765,0.000833443928588403,-0.08692588482887166,False,False
D9,misspecified_constant_mu,98,78,10,13.576620424747128,0.19319358902625505,10.254460510471542,0.41845950424096423,0.18313869473364103,0.13646292750261355,False,False
D9,misspecified_constant_mu,99,100,1,1.39254056573943,0.23797652706827788,2.3344255895623234,0.12654166061666083,0.11625762298776393,0.15052461637216438,False,False
D9,misspecified_constant_mu,99,100,2,3.9993732985128214,0.13537769729313975,5.031869456216134,0.08078736268439568,-0.15825940724503004,-0.16098638930779252,False,False
D9,misspecified_constant_mu,99,100,5,5.5404364808227236,0.35353224539519057,6.21441157998566,0.28591132974121014,-0.05794930887034365,-0.039725983242559236,False,False
D9,misspecified_constant_mu,99,100,10,12.41014836578039,0.2585439299992678,9.057695301401004,0.52663698754151,0.022838187930756364,0.007596538399998742,False,False
D9,misspecified_constant_mu,100,67,1,0.02314136005172201,0.8790900459853147,0.09690331625616766,0.7555779073493629,0.018176257254967448,-0.03719455276135544,False,False
D9,misspecified_constant_mu,100,67,2,2.76668740137517,0.2507387544788907,1.435714967126664,0.487796248655346,-0.19640423947457783,-0.13720011429299966,False,False
D9,misspecified_constant_mu,100,67,5,6.904317218161261,0.2278541776445817,3.231663860465902,0.6643190422487139,0.17432276711640157,0.006670883643296968,False,False
D9,misspecified_constant_mu,100,67,10,9.760852156254934,0.4617192598309632,5.144734809281357,0.8813021199536192,0.016774771308978045,0.04083653427251665,False,False
D9,misspecified_constant_mu,101,70,1,0.058868507357348096,0.808293331367329,0.03833757245621326,0.8447668450804842,-0.028389045393331678,-0.022909814990794742,False,False
D9,misspecified_constant_mu,101,70,2,0.07417566125881761,0.9635914987844353,0.890501012302188,0.6406637657146527,-0.014370980910202828,0.10722613131143509,False,False
D9,misspecified_constant_mu,101,70,5,0.6197614767493269,0.9870805857560304,0.9015009716536018,0.9701128775689782,-0.0572684262488663,0.006794094925500185,False,False
D9,misspecified_constant_mu,101,70,10,2.904669492462437,0.9835792581172585,3.3013341383866543,0.973417441727829,-0.06307192065016283,-0.08731566467912952,False,False
D9,misspecified_constant_mu,102,103,1,0.15224596624145273,0.696398206286802,0.10338199430665442,0.7478082472482348,0.03789306382871613,0.031225491055510514,False,False
D9,misspecified_constant_mu,102,103,2,0.1537565110367388,0.9260025824486877,0.22643165313715768,0.8929579152742958,0.0037559018045728457,0.03389905815053529,False,False
D9,misspecified_constant_mu,102,103,5,5.277856973074714,0.38291952412616903,1.0158561724113824,0.9612767509978043,0.18846154999630219,0.0033907466987216413,False,False
D9,misspecified_constant_mu,102,103,10,9.091551391118678,0.5234376530189669,2.268264959156243,0.9938399211500983,-0.004023674617782022,-0.08233731558844955,False,False
D9,misspecified_constant_mu,103,113,1,0.023995460446371613,0.8768964626531038,0.05137703156327428,0.8206842287081365,-0.01438087837883335,-0.021042889445986077,False,False
D9,misspecified_constant_mu,103,113,2,0.24794078456814264,0.8834059961293335,0.19651779278753448,0.9064142060048374,-0.043736532343659644,-0.03521016382335255,False,False
D9,misspecified_constant_mu,103,113,5,4.325213960290931,0.5036039774924151,1.7614786024873397,0.8810652833195632,-0.12128511411586722,-0.030801241792889875,False,False
D9,misspecified_constant_mu,103,113,10,12.136869678281126,0.27600078379704374,5.054703189542039,0.887493938498583,0.16871875317041002,0.13381286579775875,False,False
D9,misspecified_constant_mu,104,87,1,3.855111677405586,0.04959462505928458,1.7218306113027135,0.189457575551912,-0.2069250542536146,-0.13828969165686245,True,False
D9,misspecified_constant_mu,104,87,2,5.404978633915531,0.06703842497072254,2.6332334209088644,0.26804062866784717,0.13043737276679038,0.10002533504233953,False,False
D9,misspecified_constant_mu,104,87,5,7.979917592769743,0.15734588688431594,4.278585284331298,0.5100424727731889,-0.11063860769468586,-0.09219960215441558,False,False
D9,misspecified_constant_mu,104,87,10,11.329077118737406,0.33246110510295535,6.634423171477675,0.7594478503737394,-0.0019207452625061247,-0.0550926223387449,False,False
D9,misspecified_constant_mu,105,107,1,0.023966550350754463,0.8769700526036953,0.6232404281799365,0.42984566538413094,0.014758783389753779,-0.07526197373609009,False,False
D9,misspecified_constant_mu,105,107,2,4.975683367854958,0.08308910573853101,1.0656575174670468,0.5869423009827845,-0.21113849020396377,0.0631110577105603,False,False
D9,misspecified_constant_mu,105,107,5,6.6577174098950636,0.24736583851646077,2.8099672573597902,0.7292548166702988,0.0771507494396919,0.0715897954729734,False,False
D9,misspecified_constant_mu,105,107,10,12.735172454530609,0.23885784398148435,5.893353007590035,0.8241422251123012,-0.18385285399116824,-0.1500887914999939,False,False
D9,misspecified_constant_mu,106,114,1,1.0867479445005546,0.29719288408687417,1.7618057981600004,0.18439943588204732,-0.09636564113485219,-0.12269781218484942,False,False
D9,misspecified_constant_mu,106,114,2,1.121309505721588,0.5708351854924669,3.217447755238966,0.20014285795963216,0.01710898585280127,0.1110337157122431,False,False
D9,misspecified_constant_mu,106,114,5,1.405873723035642,0.9236696738580628,4.598599589392616,0.4668005024893389,0.014225224235619885,0.06993565996215685,False,False
D9,misspecified_constant_mu,106,114,10,12.659127933460272,0.24335959620493375,13.911835720564008,0.17705117305822626,-0.008195270268528928,0.06012191463346356,False,False
D9,misspecified_constant_mu,107,78,1,0.12626291426146807,0.7223386884043543,0.6579593574410803,0.4172812925219642,-0.03947216724326516,-0.09010576986683695,False,False
D9,misspecified_constant_mu,107,78,2,2.4125116067744,0.29931588149970834,4.140508915244808,0.12615367685587997,-0.166869220168312,0.205950643823221,False,False
D9,misspecified_constant_mu,107,78,5,4.7255978344635325,0.4502776134910611,4.594002539396753,0.4674055738949341,-0.04800631202706408,0.033181100418944016,False,False
D9,misspecified_constant_mu,107,78,10,21.84809326024063,0.015897450753806885,6.7928527839157065,0.7448455017263995,0.21742875389015373,0.12633293006658908,True,False
D9,misspecified_constant_mu,108,111,1,1.5718083635855722,0.20994458973234376,3.756830049686625,0.0525921949286241,0.11740738876650762,0.1815124446335478,False,False
D9,misspecified_constant_mu,108,111,2,2.065982997576479,0.35594057052673755,3.92030680191167,0.14083681476188337,0.06553190039443611,0.03769124979530527,False,False
D9,misspecified_constant_mu,108,111,5,4.884072248573152,0.4301915184019188,5.532784162140924,0.3543643695796439,-0.013135663419538979,0.08091390605718798,False,False
D9,misspecified_constant_mu,108,111,10,12.377087211258814,0.26061173408039706,13.070685728619848,0.21974651675507462,0.05352175177629024,-0.052646444005834125,False,False
D9,misspecified_constant_mu,109,92,1,0.13976179046821463,0.7085179396927734,0.5063456584878401,0.4767250860457918,-0.038349268429292434,0.07299387188868488,False,False
D9,misspecified_constant_mu,109,92,2,2.088424956360914,0.3519688934461993,1.996892989905003,0.36845138788620047,0.14240715240060808,0.1245478686306128,False,False
D9,misspecified_constant_mu,109,92,5,2.2737246363794927,0.8101181796541091,2.9118447265622054,0.7135746676399722,0.036060862674426986,0.0212523813868139,False,False
D9,misspecified_constant_mu,109,92,10,9.819512271725866,0.45646838508312304,7.77951515888912,0.6503635915298256,-0.15194346461546848,-0.06843916377778396,False,False
D9,misspecified_constant_mu,110,78,1,0.6995687270040805,0.4029286461687549,0.35514608752514243,0.5512144111247443,0.09291124105636349,-0.06619978592836152,False,False
D9,misspecified_constant_mu,110,78,2,2.356147001567084,0.30787128143366826,3.3219844100099607,0.18995041681600933,0.14204321123115,0.19009095010629803,False,False
D9,misspecified_constant_mu,110,78,5,4.05112780788158,0.5420785484775694,4.808639690559838,0.4396777766764878,0.08395042093148088,0.09478660786796103,False,False
D9,misspecified_constant_mu,110,78,10,7.843785524985497,0.6440925810282092,5.8636610153060165,0.8265847746219508,0.033844646632069646,-0.02432921702521831,False,False
D9,misspecified_constant_mu,111,89,1,0.4985250478591215,0.4801489212269582,0.602659361648653,0.43756515430468756,-0.07359852802719082,-0.08092106506247904,False,False
D9,misspecified_constant_mu,111,89,2,0.6306212591178953,0.7295622154782002,0.7090177525861203,0.7015178906854461,0.037669435109429966,0.033801020001617235,False,False
D9,misspecified_constant_mu,111,89,5,3.6824462927948036,0.595978371354183,1.25247208472634,0.9397454337043569,-0.15189460643779656,0.039206626824194825,False,False
D9,misspecified_constant_mu,111,89,10,8.265276481106122,0.6029424990007092,4.142835613771263,0.9406734209714616,-0.10063204470187359,-0.042817640269981964,False,False
D9,misspecified_constant_mu,112,73,1,0.03223672951517566,0.8575090813611985,0.36097289428352325,0.5479664108200007,0.020589683656537384,-0.06889877213373793,False,False
D9,misspecified_constant_mu,112,73,2,0.3146340497562646,0.8544331393139796,0.46668519493059635,0.7918822302013191,-0.060515607612997534,-0.03702540987521674,False,False
D9,misspecified_constant_mu,112,73,5,2.100643143807429,0.8350512157059102,1.7506815060633782,0.8824539037673828,-0.1229691113265094,-0.09559908018682348,False,False
D9,misspecified_constant_mu,112,73,10,5.150801482117527,0.8808792161724555,3.5067453288946253,0.9668688501868332,-0.08408414098072162,-0.027479419849687832,False,False
D9,misspecified_constant_mu,113,79,1,0.5101699179434113,0.4750653091597087,0.843239020212774,0.35847204957978707,-0.07885852865568012,-0.10138333979119146,False,False
D9,misspecified_constant_mu,113,79,2,0.6567595201897665,0.7200895065145725,0.8997091271462566,0.6377208927256218,0.04199918768696552,-0.0260674538038635,False,False
D9,misspecified_constant_mu,113,79,5,4.7828208519922315,0.4429559180255461,2.801502577593889,0.7305556194537209,0.17215911204347334,0.13601434571563215,False,False
D9,misspecified_constant_mu,113,79,10,6.6219101262093085,0.76059148459995,3.6465732941167692,0.9618856759913514,0.019310144022806446,-0.01936484629103585,False,False
D9,misspecified_constant_mu,114,110,1,0.24571682468868614,0.6201072724001849,0.21053615030368047,0.6463474991252496,-0.046625697560210295,0.0431589861215938,False,False
D9,misspecified_constant_mu,114,110,2,0.9731926094886021,0.6147151404471554,0.3244178845376386,0.8502635299879674,0.07985751554381361,0.03159610583598845,False,False
D9,misspecified_constant_mu,114,110,5,1.2927620239180124,0.9356746964350684,2.2772650596965764,0.8096001670818804,-0.0154868576509811,-0.0340806667459858,False,False
D9,misspecified_constant_mu,114,110,10,10.110207400897327,0.43087823987543095,3.9683694012131476,0.9487626113867369,-0.1427238506987316,-0.03487297887475585,False,False
D9,misspecified_constant_mu,115,101,1,0.23767196811932256,0.6258926213989755,0.005965487617902715,0.9384353505280221,-0.04779799527787841,-0.007572576599158137,False,False
D9,misspecified_constant_mu,115,101,2,0.23897083654577247,0.8873769472132023,0.1566093392880294,0.9246826608858789,-0.003515773416257289,-0.037862911266011726,False,False
D9,misspecified_constant_mu,115,101,5,1.0504541113319834,0.9583945135989621,5.812247950307558,0.32491884849965835,-0.0206607908643037,0.005621030388898679,False,False
D9,misspecified_constant_mu,115,101,10,2.286939253685349,0.9936304016319516,9.477307060039312,0.48748162925260263,-0.034641137535547636,-0.06222559717555006,False,False
D9,misspecified_constant_mu,116,88,1,0.2187885097373052,0.6399645675584955,0.8053029824146994,0.3695125793615629,0.049024061742068,0.09405387416912754,False,False
D9,misspecified_constant_mu,116,88,2,1.4476889620686968,0.48488453864581293,0.9486777120907277,0.6222963479570405,-0.11551675667752888,0.039456898156579545,False,False
D9,misspecified_constant_mu,116,88,5,6.069983911467451,0.29946863251048916,4.1089489462628,0.5338390960080213,-0.21288860056604827,-0.138349168133336,False,False
D9,misspecified_constant_mu,116,88,10,12.15142927671838,0.2750497673046882,9.637003521789874,0.47289612009141124,0.013093470088977212,-0.02816085350347045,False,False
D9,misspecified_constant_mu,117,60,1,0.7779811609751819,0.37775928449499707,0.29698287658185185,0.5857800978567251,-0.1110808197703048,-0.06863098636821022,False,False
D9,misspecified_constant_mu,117,60,2,1.3262706126637807,0.5152333849391497,0.4864257566426096,0.7841045771374832,-0.09245863387450909,-0.054347762720973664,False,False
D9,misspecified_constant_mu,117,60,5,4.914052740469055,0.4264591996647611,1.9828524444756712,0.8515126069116276,0.10829011637497371,0.012795958387583585,False,False
D9,misspecified_constant_mu,117,60,10,8.025092303049782,0.6263858495687802,3.8886683756239084,0.9522295975559952,0.05161594554921464,0.03932907929403716,False,False
D9,misspecified_constant_mu,118,99,1,5.993481559313457,0.014358835109708035,3.8497787724179786,0.04975255266301004,0.24236747611967233,0.19424624869018503,True,True
D9,misspecified_constant_mu,118,99,2,6.242218851088568,0.04410820649391234,3.8663157868916413,0.1446905589077776,0.04912222541295879,0.012665902372228314,True,False
D9,misspecified_constant_mu,118,99,5,19.832666027982732,0.0013433788205392538,13.57728031060394,0.01852971636204226,-0.216960186032589,-0.2271464163451447,True,True
D9,misspecified_constant_mu,118,99,10,30.37998662045563,0.0007422146734666901,17.14481719103116,0.07122033664083183,0.17537608660856077,0.059645156171206,True,False
D9,misspecified_constant_mu,119,79,1,0.00354983699753652,0.952489742719817,0.10612233448537926,0.7446027429081719,0.006578023974369791,0.035966207355679576,False,False
D9,misspecified_constant_mu,119,79,2,0.036177466646340514,0.9820738858124697,0.1784911747621162,0.9146209266323214,-0.01981445217303847,0.029509721716390883,False,False
D9,misspecified_constant_mu,119,79,5,3.6108100659567257,0.6066909431715297,3.2030798711358055,0.668709582798922,-0.0523975910617998,-0.033930308903183694,False,False
D9,misspecified_constant_mu,119,79,10,11.691612492892288,0.3062257854099084,8.025940589324026,0.6263029877576012,0.1411545654832955,0.0863546405070721,False,False
D9,misspecified_constant_mu,120,99,1,4.786493459784553,0.028683763865315903,4.97215043430106,0.025758602798854224,-0.21659253712582638,-0.2207531368993326,True,True
D9,misspecified_constant_mu,120,99,2,5.2511359074949375,0.07239862628406557,5.464222439291328,0.0650817426695568,-0.06713778735585373,-0.06909106893069612,False,False
D9,misspecified_constant_mu,120,99,5,7.965799881997934,0.15813056254870617,5.599887103496157,0.34711716680838745,-0.08491180016109963,0.005362549947182194,False,False
D9,misspecified_constant_mu,120,99,10,15.218811581950582,0.12428568860812628,8.979607610816597,0.534039981855437,-0.168229425651475,-0.10075876018020871,False,False
D9,misspecified_constant_mu,121,78,1,2.270040801980878,0.13189642974995863,2.232873123165292,0.13510241494645636,-0.1673670261273108,-0.16599121003321127,False,False
D9,misspecified_constant_mu,121,78,2,4.141570205986983,0.1260867517495301,5.4002824114998225,0.06719602360490118,0.1509777082291476,0.19641135613670363,False,False
D9,misspecified_constant_mu,121,78,5,7.821903666323357,0.16632785599808286,6.320679593114601,0.2762538573774329,-0.045507680396192546,0.018382595701975757,False,False
D9,misspecified_constant_mu,121,78,10,14.278771144454657,0.16065151809707234,12.091038114126162,0.2790098761665949,-0.12774639436323712,-0.06081894228702294,False,False
D9,misspecified_constant_mu,122,85,1,0.024416858612502118,0.8758289140879834,0.3195641361466425,0.5718697009511482,-0.01665388065381961,-0.06024896222450822,False,False
D9,misspecified_constant_mu,122,85,2,0.21562703898756364,0.8977950020874733,0.4479498324121377,0.799335184476947,-0.04632607037767105,-0.037960181248033,False,False
D9,misspecified_constant_mu,122,85,5,3.1283445514257866,0.6802064925893664,2.4886744934579257,0.7781997407273558,-0.12113496740438907,-0.07966290034217825,False,False
D9,misspecified_constant_mu,122,85,10,3.6605604787032813,0.9613634294665828,3.296020530104529,0.9735748722914647,0.004046822157673098,-0.039125281415932696,False,False
D9,misspecified_constant_mu,123,116,1,0.2374089844218972,0.6260837777985364,0.7746302861398084,0.3787884368360306,-0.04466090271027896,-0.08067261936766296,False,False
D9,misspecified_constant_mu,123,116,2,0.8603326321930707,0.6504009135863029,2.382285058626262,0.30387388084037825,0.07202774800048765,0.11571211305686255,False,False
D9,misspecified_constant_mu,123,116,5,4.796360660323174,0.4412348326316431,6.380999824121326,0.2708905418492771,-0.15372158512407272,-0.09838886357779854,False,False
D9,misspecified_constant_mu,123,116,10,7.775284286866701,0.650776225935567,11.052226692775337,0.3534635675457207,-0.0465923294858104,0.015039231688672767,False,False
D9,misspecified_constant_mu,124,88,1,2.6638540223395686,0.1026517362821947,1.4341345256902327,0.23109086513373356,0.1710614884220126,0.12551394532719165,False,False
D9,misspecified_constant_mu,124,88,2,2.6639517489616678,0.26395520335878886,1.5208033684113471,0.4674786105166405,0.0010301324753325416,0.030677370649250465,False,False
D9,misspecified_constant_mu,124,88,5,4.7705463987086905,0.4445199186771811,4.309774289522942,0.5057308541042113,-0.024686605296747224,0.044454402382921074,False,False
D9,misspecified_constant_mu,124,88,10,10.940229319034373,0.36219363694199025,8.904213521219738,0.5412176157078358,-0.004804511421750402,0.0068311025032652805,False,False
D9,misspecified_constant_mu,125,99,1,2.2379021318595114,0.13466357307290466,0.48994090648514377,0.48395366589104216,-0.14810008188940604,-0.06929575076194626,False,False
D9,misspecified_constant_mu,125,99,2,2.2740783507685784,0.32076735307714666,0.683519752549918,0.7105187966469343,0.0187335105588819,-0.043334773532211046,False,False
D9,misspecified_constant_mu,125,99,5,5.528469714763862,0.3548341718974777,1.181074806052001,0.9466800451989292,-0.1288268860515509,-0.06411115098026543,False,False
D9,misspecified_constant_mu,125,99,10,6.754324970340103,0.748416751456808,3.862833798868864,0.9533226857123808,0.06376397319552364,0.10142294961431257,False,False
D9,misspecified_constant_mu,126,82,1,0.12888773773023945,0.7195880692811284,0.006216202634976453,0.9371575822044534,0.03893155410928665,-0.008549850517886697,False,False
D9,misspecified_constant_mu,126,82,2,0.2052044018884609,0.9024859101273478,3.901344804477406,0.1421784383378778,0.029772007087511456,0.21269600107094852,False,False
D9,misspecified_constant_mu,126,82,5,1.7077723257802284,0.8879191274379629,5.22622504594478,0.3888999579422475,0.06887000864053083,0.03193175230802928,False,False
D9,misspecified_constant_mu,126,82,10,9.38731864376269,0.49578188973238724,9.238555574742861,0.5096234647769278,-0.1444921473867345,-0.11396707943352356,False,False
D9,misspecified_constant_mu,127,120,1,0.666562331248356,0.41425270835009065,0.21943927073720365,0.6394674984300082,-0.07360771326489532,-0.04223379601457866,False,False
D9,misspecified_constant_mu,127,120,2,0.7336839056383504,0.6929191503089105,0.2836557610612391,0.8677706038486293,-0.023259562018115167,-0.02275064680855007,False,False
D9,misspecified_constant_mu,127,120,5,6.071964234641168,0.2992793470832109,4.515015775974556,0.4778768961535824,0.18846500926497467,0.14974495438221605,False,False
D9,misspecified_constant_mu,127,120,10,9.400820566830973,0.4945329166556809,8.406946792344474,0.5891517670957123,0.03751809874885021,0.053646297847501995,False,False
D9,misspecified_constant_mu,128,74,1,3.216844794341755,0.072883990461864,2.7475285682154778,0.09740488232948641,-0.204340206477958,-0.1888469097255671,False,False
D9,misspecified_constant_mu,128,74,2,4.023628831988414,0.1337457838935322,2.9982135528634335,0.22332955430479196,0.10163007374893157,-0.05665102251975936,False,False
D9,misspecified_constant_mu,128,74,5,5.0545831424632235,0.40925520114223857,3.323913824932089,0.6501825242805953,-0.04492058633319447,-0.0006885187757453259,False,False
D9,misspecified_constant_mu,128,74,10,10.336432436181878,0.4114891671040264,10.140387414153665,0.42826422230317185,-0.015407021130759039,-0.024525518280252866,False,False
D9,misspecified_constant_mu,129,58,1,0.3631845453432939,0.5467429179894783,0.01604831252435593,0.899192144820312,0.0771278962543574,-0.016212966765746767,False,False
D9,misspecified_constant_mu,129,58,2,0.36320238793287546,0.8339338519592765,0.04641537861208749,0.9770595378817748,-0.0005358377844059411,0.022105778233231912,False,False
D9,misspecified_constant_mu,129,58,5,0.616109656818007,0.9872537785825785,0.19731530465395078,0.9991424835642561,-0.03676816646039972,0.01511629251612451,False,False
D9,misspecified_constant_mu,129,58,10,2.9505381972079263,0.982564192310417,2.1142557202604015,0.9953870680053652,0.05176076384299458,0.06860950022741817,False,False
D9,misspecified_constant_mu,130,97,1,2.1147890862507563,0.14588215063608145,2.6519078592941434,0.10342570005810925,-0.14540042713551968,-0.1628213560004518,False,False
D9,misspecified_constant_mu,130,97,2,2.159336893984636,0.3397081382303513,2.690174011271143,0.26051704042321333,0.020992855021690942,-0.019456545509388443,False,False
D9,misspecified_constant_mu,130,97,5,3.9634181452296553,0.554694806643761,3.3752868557248275,0.6423364799049109,0.13113459464833913,0.07750965040638724,False,False
D9,misspecified_constant_mu,130,97,10,7.369025529581726,0.690207514281144,4.853569618203425,0.9007424783133017,0.014562933827656731,-0.030619947928249312,False,False
D9,misspecified_constant_mu,131,88,1,1.4182048321032588,0.2336991049993834,0.18206795980132223,0.669602058975676,-0.12481492379172565,-0.044721236033488716,False,False
D9,misspecified_constant_mu,131,88,2,1.449319838052587,0.48448930653683353,0.18238471842720153,0.9128421004210818,-0.018381103437802315,-0.0018546025815677825,False,False
D9,misspecified_constant_mu,131,88,5,4.96661492576072,0.4199681390775585,3.225223229902131,0.6653079579648566,0.0978003171875345,0.006176361288622079,False,False
D9,misspecified_constant_mu,131,88,10,13.818627234980376,0.18142649214213258,11.069537570170471,0.35212611984927733,0.19269731429396392,0.1723781907697217,False,False
D9,misspecified_constant_mu,132,64,1,1.9935544797286446,0.15796972295639577,0.11249159834836667,0.737325123879596,-0.1724337901473756,-0.040960793731244234,False,False
D9,misspecified_constant_mu,132,64,2,2.396088506106031,0.30178384797411884,0.4534075449178654,0.7971568871425563,0.07686616054655047,0.07073877716311869,False,False
D9,misspecified_constant_mu,132,64,5,6.919026416782158,0.2267324118027485,2.9622618595339234,0.7058040831911994,-0.20156702776902324,-0.13015620127184666,False,False
D9,misspecified_constant_mu,132,64,10,9.72604319414017,0.4648483419065641,4.677173327248719,0.9116743289222372,0.16192780015280275,0.12837750610423018,False,False
D9,misspecified_constant_mu,133,83,1,0.7427612574213802,0.3887777821452051,5.585321907901208,0.018111604139118498,0.09291440251866702,0.25479008367596057,False,True
D9,misspecified_constant_mu,133,83,2,0.7502924377904265,0.6871887914586878,6.655771502153918,0.03586886065636352,0.00929877040782726,0.11086057104872181,False,True
D9,misspecified_constant_mu,133,83,5,1.298404237728516,0.9350957962214144,7.87116679753685,0.16348026665260784,0.02272278558746337,-0.05642820079317222,False,False
D9,misspecified_constant_mu,133,83,10,7.325953219101512,0.6943561313387244,9.57721435247807,0.47833453841538964,0.02229400645030652,0.0637088941913625,False,False
D9,misspecified_constant_mu,134,76,1,1.896360393877996,0.16848627314598275,0.047158221403844354,0.8280840943500641,0.1548948478489741,-0.024426162542376846,False,False
D9,misspecified_constant_mu,134,76,2,3.3118376858160303,0.19091655276746433,0.9693574093882912,0.6158950491662554,0.1329270037545483,0.10729367727569789,False,False
D9,misspecified_constant_mu,134,76,5,6.344784207912594,0.27410037791085895,3.846643695352647,0.5717001617537651,-0.16275416776338797,-0.1172160548105967,False,False
D9,misspecified_constant_mu,134,76,10,8.54472921513661,0.575784596418661,6.8487653440115395,0.7396411406848564,-0.07263525503489053,-0.0337826176781391,False,False
D9,misspecified_constant_mu,135,126,1,3.7357421692495696,0.05326000097782546,0.6687692416432974,0.4134810347229042,-0.1701583229183783,-0.07199509256546713,False,False
D9,misspecified_constant_mu,135,126,2,3.805711900344869,0.14914206809308994,2.0797245614849267,0.35350336282722195,0.023194001858473687,0.10415430273658535,False,False
D9,misspecified_constant_mu,135,126,5,6.545478614814257,0.2566961413849429,2.666033942223174,0.7513082906815758,-0.010910309882956614,-0.022416573799666287,False,False
D9,misspecified_constant_mu,135,126,10,9.092216369323127,0.5233748783816299,4.142120243429756,0.9407079896573454,-0.07376788960697099,-0.09007856666894407,False,False
D9,misspecified_constant_mu,136,89,1,0.25792174749799573,0.6115515504943692,0.22389542702305926,0.6360876941760873,0.05293825455085552,0.04932285965210171,False,False
D9,misspecified_constant_mu,136,89,2,0.28480121452426743,0.8672737507210981,0.3859266764604216,0.8245122016615333,0.016992381634710934,0.0417199056193306,False,False
D9,misspecified_constant_mu,136,89,5,2.2654371848719457,0.8113295996939578,0.9506923847875807,0.9664439293805245,0.10355221584911965,0.028373949510636348,False,False
D9,misspecified_constant_mu,136,89,10,4.861788404159481,0.9002172718869689,3.549816053955019,0.9653797642865228,-0.028594177421011027,0.06423263005393644,False,False
D9,misspecified_constant_mu,137,92,1,0.20922219293301522,0.6473777253521042,0.3267949056972307,0.5675524864901824,-0.046920942865452134,-0.0586408821119035,False,False
D9,misspecified_constant_mu,137,92,2,4.275364262955139,0.11792786777443509,2.4225987944903964,0.2978100543405614,-0.20570966105415797,-0.14768579840283433,False,False
D9,misspecified_constant_mu,137,92,5,5.049392353696193,0.4098820897690981,2.719366740587891,0.7431548241988443,0.016090008308189997,0.03710750862191797,False,False
D9,misspecified_constant_mu,137,92,10,9.504522101825692,0.48498270198190685,8.259202010690412,0.6035346272377181,-0.07963166846612568,-0.058185356025304696,False,False
D9,misspecified_constant_mu,138,74,1,5.405987531283624,0.02006779180041507,5.096824789784543,0.023969682310364337,-0.2648965449926119,-0.25721046008626197,True,True
D9,misspecified_constant_mu,138,74,2,5.522320619051815,0.0632183729068575,6.23953809484423,0.04416736780931385,0.03859181639813208,0.12095177168910269,False,True
D9,misspecified_constant_mu,138,74,5,6.021256578858613,0.30415605340144336,6.429567903942311,0.2666339789689336,-0.01158265668136306,0.03617528685230993,False,False
D9,misspecified_constant_mu,138,74,10,7.458173417531503,0.6815973110477901,7.101454842433648,0.7158335431011554,0.07706797593367556,-0.028786251857171093,False,False
D9,misspecified_constant_mu,139,78,1,1.2826954811590543,0.25739845715229404,0.9582097960770163,0.3276383308756924,-0.12580990955097898,0.10873850830672119,False,False
D9,misspecified_constant_mu,139,78,2,3.3696579025283655,0.18547615470461198,1.1453262331117622,0.5640213821688096,0.15943064967295043,0.04773868709899769,False,False
D9,misspecified_constant_mu,139,78,5,6.144376713460005,0.29242290343131194,1.5412820620285583,0.9082572724861679,-0.11754170069307654,-0.01583188138506336,False,False
D9,misspecified_constant_mu,139,78,10,13.63366775411407,0.19036631173345264,11.548993342333597,0.3163734880633484,-0.08596998562475631,-0.10641909111734825,False,False
D9,misspecified_constant_mu,140,88,1,1.339565891523106,0.247110538618331,5.338246040933751,0.020862453713336837,0.12130510440147314,0.24215661034648536,False,True
D9,misspecified_constant_mu,140,88,2,1.5114090914484573,0.46967958738723026,5.6300465054214035,0.05990332580921243,-0.04319692281405659,0.05628978945789726,False,False
D9,misspecified_constant_mu,140,88,5,1.999526346555494,0.8492105712354932,6.510831770848592,0.2596342519153054,-0.061787699823852585,-0.08614880442137855,False,False
D9,misspecified_constant_mu,140,88,10,9.17323997880902,0.5157453002134581,9.351349558944156,0.4991152102803137,0.06847439983423513,0.020771149599051707,False,False
D9,misspecified_constant_mu,141,68,1,0.6252339934492087,0.4291089249187072,0.8151850772984299,0.3665917077951609,0.0938113133520446,0.10711789642764155,False,False
D9,misspecified_constant_mu,141,68,2,2.18687105045356,0.3350633953443529,2.638954898826501,0.2672749301528524,0.14714941654793084,0.15902064253511233,False,False
D9,misspecified_constant_mu,141,68,5,12.239770520038208,0.031646047054268434,6.490162699146583,0.26140014699470393,-0.16966344849284354,-0.08283239893895629,True,False
D9,misspecified_constant_mu,141,68,10,17.216348127039478,0.0697117388284898,8.430500185900472,0.5868631448645425,0.12099531664559293,0.018471820148414638,False,False
D9,misspecified_constant_mu,142,65,1,1.8310195160303957,0.1760071727925755,0.507825409026392,0.4760817381246586,0.16403721751956277,0.08638794056472648,False,False
D9,misspecified_constant_mu,142,65,2,5.593593841572007,0.06100515435314513,2.1208444775161235,0.3463095541386697,-0.23330214884183662,-0.15275517982453782,False,False
D9,misspecified_constant_mu,142,65,5,7.9264968250537455,0.16033332668794054,3.7683747827425016,0.5832224625898921,-0.008180385609745926,-0.04768082041963243,False,False
D9,misspecified_constant_mu,142,65,10,14.035947300629998,0.1713582463602813,13.007315520597711,0.22326308565036412,0.0022537509718424547,0.2475789223310581,False,False
D9,misspecified_constant_mu,143,102,1,0.02938739904322297,0.8638876070680526,0.01963312350155939,0.8885665627825933,0.016727248408112565,-0.01367220717459431,False,False
D9,misspecified_constant_mu,143,102,2,2.2505344910474876,0.3245657170320103,0.024547532900974157,0.9878012489999286,0.1447011239470289,0.006806422610863998,False,False
D9,misspecified_constant_mu,143,102,5,4.959795927480788,0.42080645243372117,1.8553648950969435,0.8687741779252318,-0.11419687626801626,-0.07911202910265008,False,False
D9,misspecified_constant_mu,143,102,10,9.868158621365676,0.45213543866800554,2.832651306808743,0.9850924892638565,-0.04059486686418844,-0.007287906361995739,False,False
D9,misspecified_constant_mu,144,71,1,0.5364936696108293,0.463889507161274,0.06777307499804519,0.7946072097842687,0.08512178388856073,-0.030254293173434248,False,False
D9,misspecified_constant_mu,144,71,2,0.5368755676805951,0.7645729901253663,0.6997539505338364,0.7047747891158329,0.002254798164461956,-0.0917246174326923,False,False
D9,misspecified_constant_mu,144,71,5,4.996678963502759,0.4162856259302081,3.778330072152497,0.5817516392367076,0.13992777823509875,0.03819690896479031,False,False
D9,misspecified_constant_mu,144,71,10,16.296303054297262,0.09145874434318069,6.581615001844082,0.7642640876429255,0.1318122658826827,0.03929111165949436,False,False
D9,misspecified_constant_mu,145,113,1,0.0018595813951384765,0.9656035934542446,0.14802910651547196,0.7004259746367756,-0.00400339521408161,-0.035718600004505593,False,False
D9,misspecified_constant_mu,145,113,2,2.4223357196502553,0.29784923008326203,1.588264419072861,0.4519732828949279,-0.14378836660393826,-0.11091494673533087,False,False
D9,misspecified_constant_mu,145,113,5,3.8836457228597867,0.5662869466677638,3.9362749133644934,0.5586268774962202,-0.021356554841427865,0.020504660157296045,False,False
D9,misspecified_constant_mu,145,113,10,7.134408906320751,0.7126979310586686,7.485826152449931,0.6789206143598127,-0.0463136208252924,-0.04202793237843414,False,False
D9,misspecified_constant_mu,146,85,1,0.22552673646177362,0.6348607081612889,5.610617813977781,0.017851967771988053,0.05061387306284483,0.2524503034189092,False,True
D9,misspecified_constant_mu,146,85,2,2.3585571377413315,0.30750049903136123,6.8321408419516825,0.03284123393436211,0.15472784600529815,0.11709026431002362,False,True
D9,misspecified_constant_mu,146,85,5,2.6694459966545114,0.750787422788573,6.859894329097854,0.23127042300238687,0.003794902883862803,-0.009835405723480477,False,False
D9,misspecified_constant_mu,146,85,10,7.157650774919782,0.7104826556388133,10.963206404709599,0.3603917511992205,-0.1133166927299162,-0.11237802929010073,False,False
D9,misspecified_constant_mu,147,95,1,0.08544225521582957,0.7700533810561604,0.1262854265894567,0.7223149608419621,0.029522464459972506,-0.03589160461085482,False,False
D9,misspecified_constant_mu,147,95,2,0.753140816118242,0.6862108012151933,0.4232138026061672,0.8092827630464317,-0.08208882221671367,-0.05474187340818816,False,False
D9,misspecified_constant_mu,147,95,5,4.194296606837844,0.5217947036769414,2.235331819800935,0.8157164075544937,-0.10310578578060835,-0.07460225040026643,False,False
D9,misspecified_constant_mu,147,95,10,8.667510334708624,0.5639217104891263,4.601918328608147,0.9161371125319884,0.033302030601605,-0.04693433394429761,False,False
D9,misspecified_constant_mu,148,88,1,0.38661501839084916,0.5340840799921602,0.27033038511435414,0.6031102332676742,-0.06516830056853093,-0.05449347044676014,False,False
D9,misspecified_constant_mu,148,88,2,1.1542485757575838,0.5615107904069806,0.5245329020316871,0.7693060140273377,-0.0912984933643397,-0.052538365557138186,False,False
D9,misspecified_constant_mu,148,88,5,3.578049947240047,0.611611980325636,2.005806147190036,0.8483410626749106,-0.13124463199802808,-0.014127810471311645,False,False
D9,misspecified_constant_mu,148,88,10,7.034919017729802,0.7221443235949194,7.831641429270433,0.6452778678690918,0.030004157437464533,0.049401884844532666,False,False
D9,misspecified_constant_mu,149,82,1,2.043214506218341,0.1528862693294577,1.3641705146895835,0.2428160006857497,-0.15500757493558437,-0.12665731272952743,False,False
D9,misspecified_constant_mu,149,82,2,5.3794380868469975,0.0679000136474931,3.1577743884904885,0.20620443606007832,-0.19684572983575765,-0.14433168801387664,False,False
D9,misspecified_constant_mu,149,82,5,5.610036641821166,0.34603076095134,3.704041230463054,0.5927626813279694,-0.012269286366011626,0.0022581281930587854,False,False
D9,misspecified_constant_mu,149,82,10,8.29125749179493,0.6004105847579935,7.357663151354262,0.6913026763349758,-0.1442986348551265,-0.14755535617157275,False,False
D9,misspecified_constant_mu,150,95,1,0.03374021319412671,0.8542605044060272,0.011121132839824426,0.9160133617869766,0.018551975762522113,0.010651009479099796,False,False
D9,misspecified_constant_mu,150,95,2,1.0484923967332735,0.5920014478748152,0.11851543095233211,0.9424638503365157,-0.10119843626166278,-0.03292186399763879,False,False
D9,misspecified_constant_mu,150,95,5,5.290730874162196,0.38143867926960384,1.7029677918013089,0.888525656301105,-0.149618045907042,0.012131928556405458,False,False
D9,misspecified_constant_mu,150,95,10,9.402612854531514,0.4943672182604477,11.565613998710353,0.31517928986134325,0.12318218260728574,0.23569458249787184,False,False
D9,misspecified_constant_mu,151,103,1,0.504273116295814,0.47762854525364107,0.03520753603466229,0.851161444623203,0.06896356945779392,-0.018222360752517035,False,False
D9,misspecified_constant_mu,151,103,2,3.2643487282276697,0.19550401472030532,1.9371975427294883,0.37961459243913453,-0.16054911459557122,-0.13327587435393567,False,False
D9,misspecified_constant_mu,151,103,5,7.624747052021887,0.1781652455476126,8.277825387026576,0.14157422765535277,-0.03960848580004862,-0.07510735380702936,False,False
D9,misspecified_constant_mu,151,103,10,13.142765509626884,0.2157988440152332,11.810646695811505,0.2979291358552072,-0.09306232979575108,-0.13822768922357997,False,False
D9,misspecified_constant_mu,152,89,1,0.32312261600244885,0.569737082550652,0.008166420626514586,0.9279945861834327,0.059252859606553646,-0.009419796252774977,False,False
D9,misspecified_constant_mu,152,89,2,1.9239844064524907,0.38213084485479254,0.4055601496186658,0.8164577813154414,0.13113567205621238,0.06533628418539053,False,False
D9,misspecified_constant_mu,152,89,5,6.074771706323646,0.2990111626948566,2.9553656903373375,0.7068671847921322,-0.1525902508625426,-0.15072956298959786,False,False
D9,misspecified_constant_mu,152,89,10,8.441035879197464,0.5858398600008392,6.881291150705706,0.7366022664021732,-0.06485482922639088,0.07241008522910793,False,False
D9,misspecified_constant_mu,153,93,1,1.2304738756774034,0.26731490033212346,1.4972498829560494,0.22109499768661733,0.11319489358895447,0.1248641544723492,False,False
D9,misspecified_constant_mu,153,93,2,1.3331090176948004,0.5134747060063911,1.5789286855631615,0.4540879656451565,0.0325136302854477,0.02900494861910576,False,False
D9,misspecified_constant_mu,153,93,5,5.536213708998559,0.3539912553250699,4.190707234442613,0.5222983515392726,0.1949233934495457,0.14796085889021696,False,False
D9,misspecified_constant_mu,153,93,10,5.922873766113667,0.8217008768057446,4.930947434759229,0.8957427635531048,0.04002265618870226,0.015255767970079631,False,False
D9,misspecified_constant_mu,154,58,1,0.0017905017287973713,0.9662481293142646,0.2838090689057098,0.5942154173147616,0.005415457828191672,0.06818061908110822,False,False
D9,misspecified_constant_mu,154,58,2,0.9998178760252625,0.606585894114746,1.595749053256782,0.45028501653760145,-0.12672888629220513,-0.14529858192390493,False,False
D9,misspecified_constant_mu,154,58,5,6.386484963710248,0.2704070629820984,8.601057574947331,0.12607432329752544,-0.1268369187736243,-0.18016697537133852,False,False
D9,misspecified_constant_mu,154,58,10,7.617334487104371,0.6661586674020875,9.592062634472686,0.4769814069767301,-0.08908087057614879,-0.10992095436143026,False,False
D9,misspecified_constant_mu,155,78,1,0.13088365043097927,0.7175175936274782,0.002678871171627012,0.9587216710853403,-0.04018794205241066,0.00574948548722695,False,False
D9,misspecified_constant_mu,155,78,2,1.4752240318230054,0.4782546174066077,0.01776358894107989,0.9911575321495248,-0.12795849498970785,0.013554487326314993,False,False
D9,misspecified_constant_mu,155,78,5,2.7338890542923426,0.7409305775217051,1.91506341708369,0.8607684137216147,-0.0972578175213595,0.00133443621932007,False,False
D9,misspecified_constant_mu,155,78,10,7.094994610062201,0.7164474830968791,4.6963216743906635,0.9105194362387341,-0.05701633877319205,0.09523383787992543,False,False
D9,misspecified_constant_mu,156,70,1,1.3935924325197484,0.2377993594469029,1.3508193322610427,0.24513493111182827,-0.13812655073026117,-0.13599029342550428,False,False
D9,misspecified_constant_mu,156,70,2,1.5211636842222998,0.4673943981353057,1.4492771326164589,0.48449965181085064,0.04148734057194841,-0.036447206939410115,False,False
D9,misspecified_constant_mu,156,70,5,2.5801262124587625,0.7643824974586709,1.7642416138076642,0.8807090799754969,0.07547102573079274,0.03475223927232167,False,False
D9,misspecified_constant_mu,156,70,10,8.282424659370028,0.6012712416557445,6.138602257372634,0.8034871067376332,-0.22042714173262368,-0.17394914253163618,False,False
D9,misspecified_constant_mu,157,100,1,1.152376384527363,0.2830522411406624,0.2005936010763205,0.6542421343884814,-0.10575835482140541,-0.04412411917307337,False,False
D9,misspecified_constant_mu,157,100,2,1.8924405317081592,0.38820556775694737,1.1917727728182557,0.5510738849177327,0.08432330779576555,0.09758634127279672,False,False
D9,misspecified_constant_mu,157,100,5,3.350122900251391,0.6461770639809363,1.9523758477840136,0.8556947399587671,0.0030980530981983955,0.05514519067849727,False,False
D9,misspecified_constant_mu,157,100,10,5.153541373079029,0.8806879873025814,5.118637582565744,0.8831132143851292,-0.011632368238787947,0.0018930595401443731,False,False
D9,misspecified_constant_mu,158,79,1,0.9703508973493971,0.3245926817105943,2.967655068990665,0.08494490252881126,0.1087566075528139,0.190194501321018,False,False
D9,misspecified_constant_mu,158,79,2,2.1511148541184273,0.34110755971194884,4.031894891928547,0.1331941493067188,0.11919851676773219,0.11316420073734772,False,False
D9,misspecified_constant_mu,158,79,5,5.332195753575451,0.37669712515075493,8.57682205852893,0.12718116816073677,-0.00662055207949859,-0.08102506676474872,False,False
D9,misspecified_constant_mu,158,79,10,12.531215699538489,0.25107507400627704,12.200108848737536,0.2718872232367435,-0.15832058068200774,-0.06968834971416663,False,False
D9,misspecified_constant_mu,159,112,1,0.20413942151966402,0.6514001679868335,3.863056083293937e-06,0.9984317861378017,-0.042127287080736556,-0.00018325910405861292,False,False
D9,misspecified_constant_mu,159,112,2,3.4942676988264307,0.17427272018360007,1.0665075659670424,0.5866928892782831,0.16836093190400198,0.09585529087569039,False,False
D9,misspecified_constant_mu,159,112,5,7.671762478677664,0.1752773734201234,4.1563596103812,0.5271308160292172,-0.17923971678427422,-0.14960466248851015,False,False
D9,misspecified_constant_mu,159,112,10,17.801548069915157,0.05840494724356238,12.377795956632433,0.2605672786040265,-0.1927672356618081,-0.13099877296467413,False,False
D9,misspecified_constant_mu,160,87,1,0.06324119068286485,0.801444559710748,0.12598885033996862,0.7226277377611103,0.02650297427555835,-0.03740766950066411,False,False
D9,misspecified_constant_mu,160,87,2,7.640095299492441,0.021926756065006936,6.477228600708397,0.039218202112468736,-0.28840268264160995,-0.2640487322843323,True,True
D9,misspecified_constant_mu,160,87,5,8.448507322548462,0.13318857512252014,8.183015171797603,0.14643356139780817,0.058255363944755556,0.12302475122937576,False,False
D9,misspecified_constant_mu,160,87,10,18.225190757457153,0.051281738950727074,16.767042215887628,0.07968031389921149,0.07783625036342708,-0.03166894113869368,False,False
D9,misspecified_constant_mu,161,86,1,2.0295001828922565,0.15427133503882684,1.3489511334117013,0.24546156478451353,-0.15097792371569893,-0.12308836695994506,False,False
D9,misspecified_constant_mu,161,86,2,2.038720446534324,0.3608257142398479,1.3700962229415923,0.5040659776358696,0.010116277896519293,0.015319826452017427,False,False
D9,misspecified_constant_mu,161,86,5,8.621186260730697,0.1251616547110076,4.839853664354631,0.4357358388478939,-0.013174551788024874,0.04247634451480237,False,False
D9,misspecified_constant_mu,161,86,10,10.970843453393071,0.35979408259725876,6.619936689015466,0.7607717121124217,0.07364708963894602,-0.033491684286708796,False,False
D9,misspecified_constant_mu,162,108,1,3.4868177931992093,0.0618593876350777,2.8026076654389342,0.09411113233277346,0.17721410890020167,0.1588783867234378,False,False
D9,misspecified_constant_mu,162,108,2,4.582167810595324,0.10115675806440416,4.595376196843818,0.10049090044461495,0.09886012882372132,0.12647562158759884,False,False
D9,misspecified_constant_mu,162,108,5,6.623458552329711,0.25018348825490877,8.968124282345864,0.11034234759313555,-0.10955779356865489,-0.14146026613537008,False,False
D9,misspecified_constant_mu,162,108,10,10.316298416609456,0.41319531738344506,14.392916542539016,0.15581193199980714,-0.0012338709735420159,-0.05396077519415958,False,False
D9,misspecified_constant_mu,163,67,1,1.5162014585071144,0.21819523204569036,1.3798186357826827,0.24013204266798027,0.14712567761739626,0.14035278159425738,False,False
D9,misspecified_constant_mu,163,67,2,3.609342715393807,0.16452851872443264,3.919934730344365,0.14086301788636857,0.17155129491580226,0.18898246730771084,False,False
D9,misspecified_constant_mu,163,67,5,4.666126416442242,0.4579684634596618,5.8687532498699655,0.3192000422012131,-0.08694788170269836,-0.1300921228024165,False,False
D9,misspecified_constant_mu,163,67,10,9.275162305808745,0.506204048985594,11.754453252699431,0.3018261608610878,-0.18414564137773773,-0.1819064599315984,False,False
D9,misspecified_constant_mu,164,78,1,0.06813812589472208,0.7940672083701694,0.004110527999863923,0.948879932512386,0.028996672261253333,0.007121998422969664,False,False
D9,misspecified_constant_mu,164,78,2,0.1512086261180532,0.9271830081935228,0.028609282585930013,0.9857971839853826,0.03180811362630057,-0.017273745030953615,False,False
D9,misspecified_constant_mu,164,78,5,2.7979162099300954,0.7311066349824756,2.1677682488245966,0.8254777799783599,0.003887210466853475,-0.038660590365312754,False,False
D9,misspecified_constant_mu,164,78,10,7.611651299620393,0.6667111626450242,4.785105212383858,0.9050630554509311,-0.1672435003017326,-0.13445849602608856,False,False
D9,misspecified_constant_mu,165,69,1,0.013306490745443766,0.908164725650111,0.5210121191078427,0.4704102598653218,0.013590408306461932,-0.08504027370927338,False,False
D9,misspecified_constant_mu,165,69,2,0.9182454914912788,0.6318376847517664,1.383359523444411,0.5007342480117963,0.11124828751852973,0.10859874635486803,False,False
D9,misspecified_constant_mu,165,69,5,1.5534465893939544,0.9068209037648999,2.406680467928039,0.790478853417112,0.07920772790781837,0.042263043327279204,False,False
D9,misspecified_constant_mu,165,69,10,4.599458801343891,0.9162809112217789,3.178048160622793,0.9769178648085114,-0.14362092974794838,0.03793569110922637,False,False
D9,misspecified_constant_mu,166,99,1,0.006750733469371078,0.9345172171125612,0.2741481806487499,0.6005626138772893,-0.008134113619828198,-0.05183551738377841,False,False
D9,misspecified_constant_mu,166,99,2,0.2893487511937657,0.8653040113432949,3.6161123790376677,0.1639725588048595,-0.05235909586135507,0.18005636549105364,False,False
D9,misspecified_constant_mu,166,99,5,4.395615915896026,0.49396994081009904,6.428429074447845,0.26673315876702886,-0.16099664293823515,-0.14507603791481388,False,False
D9,misspecified_constant_mu,166,99,10,6.982105559220927,0.7271332118982985,9.095157670291965,0.5230972465846684,0.07627343016028518,0.05744686920658918,False,False
D9,misspecified_constant_mu,167,102,1,1.2033485837785265,0.2726534300373271,1.0043760289693155,0.31625394873121493,0.10703841189765273,0.09778947192211768,False,False
D9,misspecified_constant_mu,167,102,2,1.9472584455506887,0.3777097547906274,1.0243401809293962,0.5991938620150439,-0.08374201419413747,-0.013718564765730053,False,False
D9,misspecified_constant_mu,167,102,5,6.079131579298135,0.29859506238090106,3.7493332565084163,0.5860398615289174,0.09415816991864079,0.045443047953851845,False,False
D9,misspecified_constant_mu,167,102,10,11.143454177324545,0.3464514207962204,7.992236979900326,0.6295952529587066,0.08537562181648886,0.02235199829246846,False,False
D9,misspecified_constant_mu,168,80,1,0.852260013334885,0.3559137762284861,6.922906153117725,0.008509856984860953,0.10130891921152503,0.28873926600688055,False,True
D9,misspecified_constant_mu,168,80,2,1.6017358703838565,0.44893914488989595,8.688166536584278,0.012983405092951816,0.09440048060948521,0.14487710830469508,False,True
D9,misspecified_constant_mu,168,80,5,3.511369895807802,0.6216679204509296,11.30977397074973,0.04557247836897527,0.09133062693415762,0.09633143930388839,False,True
D9,misspecified_constant_mu,168,80,10,10.908740504177148,0.3646720685256246,15.917546227282138,0.1020171868516141,0.18547967044329755,0.11715659052241222,False,False
D9,misspecified_constant_mu,169,113,1,1.1353055860851349,0.28664647065193993,0.0011943237560031906,0.9724314035799053,0.09891843956978268,-0.0032083512211840298,False,False
D9,misspecified_constant_mu,169,113,2,1.2766434249270389,0.5281781153608606,1.1534772228408283,0.5617273936666698,0.034745820414539656,0.09920941888534941,False,False
D9,misspecified_constant_mu,169,113,5,2.04584543112208,0.8427657805421218,4.957263992539274,0.42111801097602475,0.06830604556376622,0.07096004070857372,False,False
D9,misspecified_constant_mu,169,113,10,4.423900905284692,0.9262049208263081,6.701686083417356,0.753275439498968,0.026338914490463827,-0.003789799290827027,False,False
D9,misspecified_constant_mu,170,112,1,0.24535440191203373,0.6203653503838129,0.13827660499041913,0.7100003466283726,-0.04618457796912714,-0.034671641737206126,False,False
D9,misspecified_constant_mu,170,112,2,0.9832156299834677,0.6116421957000719,0.6048328577281904,0.7390302472755055,-0.0797300893427657,-0.06339965763658596,False,False
D9,misspecified_constant_mu,170,112,5,1.3915349364335032,0.925237015498008,0.832048386743746,0.9749443191753793,0.044372306947166526,-0.01774525956723376,False,False
D9,misspecified_constant_mu,170,112,10,6.5850697475884985,0.7639498299000338,4.309932011355979,0.9322842010040698,-0.20162666996495826,-0.15044842447797047,False,False
D9,misspecified_constant_mu,171,87,1,2.0206801873337996,0.1551696206815356,0.4165286038986084,0.5186743055760517,0.1498108912155133,0.06801692773409926,False,False
D9,misspecified_constant_mu,171,87,2,2.7589576828320483,0.2517096995533199,2.51985277868462,0.28367490722773003,-0.09002531473256165,-0.1519525315777101,False,False
D9,misspecified_constant_mu,171,87,5,7.161059847329839,0.20893501928655844,5.26289229042465,0.384646042530431,-0.05012007764902265,-0.0980340509031534,False,False
D9,misspecified_constant_mu,171,87,10,10.154847016579337,0.4270147568490019,7.056897762021144,0.7200627613883892,-0.14090219398615447,-0.057527045348457595,False,False
D9,misspecified_constant_mu,172,77,1,1.0786121407107052,0.299008237145337,2.777957914272273,0.09556995352626219,-0.11608618529173335,-0.1862990837119902,False,False
D9,misspecified_constant_mu,172,77,2,1.1675222729829349,0.5577964676296081,2.871903428857687,0.23788885399055104,-0.033109098177342734,0.034033745604417305,False,False
D9,misspecified_constant_mu,172,77,5,5.344518860385731,0.3752962129793995,6.212835352051187,0.28605659241667425,-0.17783992797142276,-0.11611292714137239,False,False
D9,misspecified_constant_mu,172,77,10,12.900506575908254,0.22928794106672568,10.942823495463173,0.36198991975655126,-0.14100150719713966,-0.1190478985308257,False,False
D9,misspecified_constant_mu,173,108,1,0.9185197577365902,0.337863935930776,0.6311214741488088,0.4269442480344172,-0.09095528097841943,-0.07539458364893445,False,False
D9,misspecified_constant_mu,173,108,2,1.1607099190564876,0.5596996605737203,0.9155410477044267,0.6326926474215242,-0.046486083776124176,-0.050376089603889285,False,False
D9,misspecified_constant_mu,173,108,5,2.317746421510692,0.8036569161585965,2.7610604170292317,0.7367648428225427,-0.05754052931625191,0.06162605964861785,False,False
D9,misspecified_constant_mu,173,108,10,4.32234122797582,0.9316362731825137,6.696684756576251,0.7537358045471758,0.011030740139719481,0.05985367160667775,False,False
D9,misspecified_constant_mu,174,71,1,0.38693052545750417,0.5339172767139028,0.05712601791819555,0.8110974427860864,-0.07228944860831096,0.027776363785743382,False,False
D9,misspecified_constant_mu,174,71,2,3.2486268356151657,0.19704691767609195,4.260117730234296,0.11883029868707307,-0.1951846735818414,-0.23654469239664772,False,False
D9,misspecified_constant_mu,174,71,5,5.401437729962867,0.3688746594551586,5.027747333773611,0.412503264856921,-0.1111467891966177,-0.0379440165262164,False,False
D9,misspecified_constant_mu,174,71,10,9.148830774435224,0.5180397397506786,7.922595617556162,0.6363975848398029,-0.12029549948065826,-0.14019388398550311,False,False
D9,misspecified_constant_mu,175,69,1,0.0244293830126188,0.8757973303876202,0.004102895734015762,0.9489273484916665,0.01841437511930592,-0.007546506958964843,False,False
D9,misspecified_constant_mu,175,69,2,0.036902335644726676,0.9817180128497098,0.14225677712427395,0.9313423107511812,0.013060756062280512,-0.04346755647187098,False,False
D9,misspecified_constant_mu,175,69,5,4.582230818743445,0.4689571870670072,5.202797488508257,0.39163534887519,0.11806708679393224,0.04779330811635846,False,False
D9,misspecified_constant_mu,175,69,10,8.36377551911002,0.5933499444964427,8.95623200286846,0.5362623144332731,-0.02522522176506229,-0.07894668013441428,False,False
D9,misspecified_constant_mu,176,98,1,3.6427837103524503,0.05631270577492675,7.5210233781817495,0.0060983025304093275,0.1898845030012169,0.27284204664365225,False,True
D9,misspecified_constant_mu,176,98,2,8.483327003131468,0.014383644715087684,7.997660419335872,0.01833707688256614,-0.2177557506695794,-0.06833079500488458,True,True
D9,misspecified_constant_mu,176,98,5,17.008476936156505,0.00448374826352671,13.56490195559592,0.018622709156201567,0.026894549448815055,-0.016306567583473246,True,True
D9,misspecified_constant_mu,176,98,10,19.341994420481843,0.036127791369998885,14.776757563166539,0.14041532367560305,-0.06130595481271785,-0.0637323848910159,True,False
D9,misspecified_constant_mu,177,88,1,0.3271063648202776,0.5673679536710465,0.04011545014379756,0.841255020597931,0.05994342212436926,0.020991954214200963,False,False
D9,misspecified_constant_mu,177,88,2,0.45886846821158767,0.7949832497029622,0.2178422989824895,0.8968011279356118,0.037825257601005274,-0.043930197444250654,False,False
D9,misspecified_constant_mu,177,88,5,1.222181202343612,0.9427317607852366,1.725673498272205,0.8856495928362642,-0.04660583831210743,-0.10152520882702443,False,False
D9,misspecified_constant_mu,177,88,10,3.2563277433097038,0.9747320772873992,2.8421857437873332,0.9848977334765519,-0.024416230947609297,-0.050705201794340064,False,False
D9,misspecified_constant_mu,178,84,1,0.39515947370510385,0.5295997546161296,0.051746432894180114,0.8200517454920632,-0.06738083316046237,0.024383182331164564,False,False
D9,misspecified_constant_mu,178,84,2,6.77649451213931,0.033767811387076185,3.4502275677208214,0.17815277970858534,-0.26913726267766896,-0.19640859514805403,True,False
D9,misspecified_constant_mu,178,84,5,7.797650069063258,0.16774577740695784,5.66185321088736,0.34052423047433467,-0.010654900803440953,-0.05393502839692874,False,False
D9,misspecified_constant_mu,178,84,10,13.128293770400306,0.21658698860790193,10.774405433748708,0.37536198256947884,-0.1400503085227859,-0.14193111657593216,False,False
D9,misspecified_constant_mu,179,98,1,0.9851793162287035,0.32092345285815516,1.5887806851869122,0.20750042641034638,-0.09874849194104711,0.1254020987614993,False,False
D9,misspecified_constant_mu,179,98,2,1.0092576246463296,0.6037296308402719,2.323043821603613,0.3130094457438999,-0.015358031894838252,-0.08481026909808818,False,False
D9,misspecified_constant_mu,179,98,5,5.871113189661524,0.318962905009055,7.5164161394149405,0.1849779251745064,0.17833438603102994,0.1496964654576195,False,False
D9,misspecified_constant_mu,179,98,10,7.552267455068216,0.6724791852279028,10.060942885400133,0.43516293179546817,0.05736202279854404,0.05344762261116274,False,False
D9,misspecified_constant_mu,180,45,1,0.524300819670699,0.4690128184938528,1.1909162371033524,0.27514481830226756,-0.10443869120254068,-0.1574025488340487,False,False
D9,misspecified_constant_mu,180,45,2,0.8397905730619855,0.6571156250692152,1.5096347392447396,0.47009646078540646,0.08008877874144205,0.08049755320446252,False,False
D9,misspecified_constant_mu,180,45,5,2.3970187770398175,0.7919180006860118,2.149264613018478,0.8281297052052378,-0.16922232566687584,-0.10563364510662225,False,False
D9,misspecified_constant_mu,180,45,10,4.2777491469999696,0.9339485750255732,10.27970488082792,0.4163061147655519,-0.024549682850407872,-0.05458912660973742,False,False
D9,misspecified_constant_mu,181,59,1,1.6496221556305748,0.19901036552952356,0.33253250344083846,0.5641716497810682,0.16304793914762344,0.07320489539694336,False,False
D9,misspecified_constant_mu,181,59,2,1.7144287891144443,0.4243424882267033,0.5507319319246378,0.7592941965408969,-0.032037324147517095,-0.05878591858931143,False,False
D9,misspecified_constant_mu,181,59,5,4.450757254142323,0.4864988598078478,3.249371712548777,0.6616013141055989,-0.1249464184909509,-0.1237090389443177,False,False
D9,misspecified_constant_mu,181,59,10,6.276163578936558,0.7915520418303333,5.038994334518104,0.8885579709424941,-0.11538333231696282,-0.1326705938615438,False,False
D9,misspecified_constant_mu,182,85,1,0.057650888599619574,0.8102480871833582,0.11951850573645406,0.7295572966555639,0.025590192727079374,-0.036845811950125096,False,False
D9,misspecified_constant_mu,182,85,2,0.06807377337488367,0.9665358516740888,0.23944406441161037,0.8871670063021924,0.010815931431511524,0.03668815161930491,False,False
D9,misspecified_constant_mu,182,85,5,4.729455557630164,0.4497815908876077,2.8255727371713806,0.7268556940823516,-0.141973394988531,-0.143808259470675,False,False
D9,misspecified_constant_mu,182,85,10,8.611164128175949,0.5693593939913819,4.256605205289501,0.9350294649154182,-0.036564828450044856,-0.05233003359746591,False,False
D9,misspecified_constant_mu,183,54,1,0.9082794543870866,0.3405713425880982,0.24472154896721077,0.6208165689489926,0.12617019857624218,0.06549123011501792,False,False
D9,misspecified_constant_mu,183,54,2,1.4515355679289055,0.48395285503398233,0.8240177685576624,0.6623183918047157,-0.0966524994821261,-0.09980702845724564,False,False
D9,misspecified_constant_mu,183,54,5,2.152111802636102,0.8277222730221792,1.9739376544523244,0.8527393848933229,-0.09059765562888479,-0.09387319174910919,False,False
D9,misspecified_constant_mu,183,54,10,9.64901529133496,0.4718068310049759,4.320010085361298,0.9317582518633005,-0.1935251180914981,-0.07498338524223373,False,False
D9,misspecified_constant_mu,184,144,1,0.13560777844859778,0.7126871186384935,0.011893540253309094,0.9131568767687316,0.03037054919924701,-0.008994269950565492,False,False
D9,misspecified_constant_mu,184,144,2,1.5049711791711589,0.47119390132575345,1.609262929956627,0.44725272448310505,-0.09617138186098181,-0.10386977172227956,False,False
D9,misspecified_constant_mu,184,144,5,3.772579921262542,0.5826010002188653,3.3115882592267853,0.6520679981172384,0.015865535103826184,0.011831860138189144,False,False
D9,misspecified_constant_mu,184,144,10,9.259412117990236,0.5076742237754666,8.068548665198165,0.6221411943317553,0.044543765020146606,-0.024014756759508787,False,False
D9,misspecified_constant_mu,185,72,1,2.168525517183841,0.14086123726742306,1.2836755005725657,0.25721675509081876,-0.1699923331825607,-0.1307900460184558,False,False
D9,misspecified_constant_mu,185,72,2,3.2558699192736014,0.19633459465376335,1.4977815298519281,0.47289080899707603,-0.11952272151514329,-0.053037294320888134,False,False
D9,misspecified_constant_mu,185,72,5,6.098490514002969,0.2967530156065774,3.195044996890418,0.669944489700531,-0.012808330112038883,-0.03927631784366582,False,False
D9,misspecified_constant_mu,185,72,10,7.96689423397674,0.6320707822137323,4.196485835999378,0.9380481032879242,0.10938801380494802,0.038900273322898936,False,False
D9,misspecified_constant_mu,186,100,1,1.5064026455608248,0.21968883239328085,0.023892912711539965,0.8771577010033393,0.1209171900681318,0.01522832229260005,False,False
D9,misspecified_constant_mu,186,100,2,1.517611622454999,0.4682252426055652,0.050173361633201734,0.97522537503264,0.010377576389906195,-0.015890199206302167,False,False
D9,misspecified_constant_mu,186,100,5,7.331633103408563,0.19712136100357558,9.720666920030315,0.08354816302480705,-0.028302191326302004,0.06148778937589192,False,False
D9,misspecified_constant_mu,186,100,10,10.303114512682283,0.4143146099465641,14.083334724528177,0.16922427976047683,-0.028973533315070087,-0.08694768021445223,False,False
D9,misspecified_constant_mu,187,68,1,1.3879441455913912,0.2387525912101126,0.4616038435359178,0.4968753672098868,0.1397719163634542,0.08060623440255839,False,False
D9,misspecified_constant_mu,187,68,2,1.496550696958811,0.473181923347451,0.6642872799842011,0.7173842703824614,-0.03880578768193585,0.053012418882706386,False,False
D9,misspecified_constant_mu,187,68,5,5.419290193192315,0.3668771857793991,3.35390776117384,0.6455990786497114,-0.16954591001012054,-0.16017572388409498,False,False
D9,misspecified_constant_mu,187,68,10,8.905289222505683,0.5411150090675614,4.450162584467169,0.92476333106227,0.1625374738189042,0.07779360094067135,False,False
D9,misspecified_constant_mu,188,83,1,1.9864634313967922,0.15871115042206707,0.6178631544931962,0.43184246117448477,0.15194930025360487,0.0847431427107275,False,False
D9,misspecified_constant_mu,188,83,2,1.9930782185232272,0.36915483745279154,1.0272250062273405,0.5983302002373645,0.008714689873700983,-0.06855634957751285,False,False
D9,misspecified_constant_mu,188,83,5,6.270826695751516,0.28075110401336056,5.507290795011731,0.35714708103848025,-0.1520569546046432,-0.11758359091721349,False,False
D9,misspecified_constant_mu,188,83,10,7.605908897334959,0.6672693331433899,8.679042987845003,0.5628101769081371,0.03952416261068812,0.12390322153329125,False,False
D9,misspecified_constant_mu,189,83,1,1.6754750280544173,0.19552680149279633,1.509072231982482,0.21928071013256734,-0.13954921467662265,-0.13243824926561798,False,False
D9,misspecified_constant_mu,189,83,2,3.650908740537567,0.16114440826484067,1.5521682555581424,0.46020458987443724,0.15060008984194484,-0.022243985353943098,False,False
D9,misspecified_constant_mu,189,83,5,6.260152189751054,0.28172169312762296,4.8755524768249,0.43125611146114307,-0.05370986853729804,-0.08932913574871855,False,False
D9,misspecified_constant_mu,189,83,10,10.560220281117756,0.3927902617812493,12.988572843069253,0.2243114239461529,-0.0038276548747015965,0.04643043542105807,False,False
D9,misspecified_constant_mu,190,99,1,1.1217646632153082,0.28953879340873423,1.1569065645611345,0.2821080167755514,-0.10485415174814922,-0.10648388711218505,False,False
D9,misspecified_constant_mu,190,99,2,1.1224292803258396,0.5705156715747424,2.1204571120957882,0.34637663480764536,0.0025391791420112473,0.09668182377567668,False,False
D9,misspecified_constant_mu,190,99,5,3.391866588660376,0.639808955259284,4.062851485675425,0.5404028563033051,-0.09332795337498867,-0.0686392277861746,False,False
D9,misspecified_constant_mu,190,99,10,5.698403262918956,0.8399336916753819,5.916881337006934,0.8221974776443072,0.02690579722936954,-0.014051312401000125,False,False
D9,misspecified_constant_mu,191,120,1,1.3590556568598755,0.24370121154548618,0.005418325864961032,0.9413212880837637,-0.10510456124980502,-0.0066364450471691405,False,False
D9,misspecified_constant_mu,191,120,2,1.3649373066262627,0.5053678731044693,0.012355147156200992,0.9938414683983083,0.006885255254551895,-0.00747740180343009,False,False
D9,misspecified_constant_mu,191,120,5,4.840144931268611,0.4356991650894867,3.478731298683232,0.6266082694656107,-0.05542788701600584,-0.066864317860082,False,False
D9,misspecified_constant_mu,191,120,10,8.68840799360199,0.5619079327891974,8.029183762653613,0.6259861910481243,0.0864920140890062,0.11763484471469408,False,False
D9,misspecified_constant_mu,192,77,1,0.06098503306033921,0.8049457752046275,0.021262554938845855,0.8840659704717923,-0.027603205565995815,-0.016298799311884556,False,False
D9,misspecified_constant_mu,192,77,2,1.015077179429421,0.6019754653630512,1.247146841772278,0.5360255662152165,-0.10845932167382055,-0.1229409211068816,False,False
D9,misspecified_constant_mu,192,77,5,5.262212683755751,0.384724582793315,6.256889518424963,0.28201889337226715,-0.09148452027085369,-0.09220371608016695,False,False
D9,misspecified_constant_mu,192,77,10,15.440634912570308,0.11680378889727461,13.270494729903017,0.2089389326018809,0.11900426623903142,0.019520509521904896,False,False
D9,misspecified_constant_mu,193,80,1,2.5688169502052367,0.10898921291657682,4.131251362091037,0.0420982098905297,0.17588475780574686,0.22305010702686043,False,True
D9,misspecified_constant_mu,193,80,2,2.697044037822136,0.25962369613401703,4.699246159814317,0.09540511554436648,-0.03904678407582821,-0.08218026940967228,False,False
D9,misspecified_constant_mu,193,80,5,5.677204460615095,0.3389056641745245,7.669476746165747,0.1754168194029857,0.04719000776324714,0.029169112115220285,False,False
D9,misspecified_constant_mu,193,80,10,13.66396886584753,0.18887806591982947,17.042211397555118,0.07343515188865013,-0.11772617297647817,-0.1061126132793554,False,False
D9,misspecified_constant_mu,194,106,1,1.823584964239639,0.17688714057560684,1.040219345343698,0.3077704634768663,-0.12932808310153623,-0.0976769977136134,False,False
D9,misspecified_constant_mu,194,106,2,2.3988055635205074,0.30137414431336995,1.603884437707539,0.4484571158656907,-0.07228847690218737,-0.0715586978654769,False,False
D9,misspecified_constant_mu,194,106,5,3.027347690227663,0.6957694471780798,4.048672010900791,0.5424298848457924,0.008531171062812756,-0.08325774430585242,False,False
D9,misspecified_constant_mu,194,106,10,9.268505513676145,0.5068252228338224,12.251095352911411,0.2686031001576734,0.02165898441171035,-0.027498179204010778,False,False
D9,misspecified_constant_mu,195,79,1,0.3882633814777208,0.5332136574401181,0.17657598969213184,0.6743324450945484,0.06879461785669114,0.04639349286296501,False,False
D9,misspecified_constant_mu,195,79,2,2.614914611526769,0.2705069992597169,2.0147288315775165,0.3651801754634785,-0.16368745861868786,-0.1487236781110387,False,False
D9,misspecified_constant_mu,195,79,5,5.628845119952079,0.34402427516246004,4.47873596355213,0.4827335248145468,-0.025669489003341504,0.02158817167194272,False,False
D9,misspecified_constant_mu,195,79,10,8.753747870913896,0.5556224908051073,5.747246938244016,0.8360325675921398,-0.08143207757592956,-0.02765900318769285,False,False
D9,misspecified_constant_mu,196,79,1,0.3367685835029446,0.5617004221172175,0.0007963931527664838,0.9774863360980063,-0.06407034040040083,0.003115695485013666,False,False
D9,misspecified_constant_mu,196,79,2,0.3485891308195334,0.8400494117106363,0.001354089953457042,0.9993231841665053,-0.011926365105054258,0.0025905285564489164,False,False
D9,misspecified_constant_mu,196,79,5,1.2048696628409614,0.9444093342225093,2.292450676187646,0.8073750219409126,0.060894915337316335,0.12312947096015517,False,False
D9,misspecified_constant_mu,196,79,10,4.02644507497446,0.9461461117298919,6.934536361628653,0.7316103354854964,0.0332538108483022,-0.025164616931055133,False,False
D9,misspecified_constant_mu,197,92,1,4.547433429257546,0.032968129426622195,0.4142926500190202,0.5197987276402689,-0.21874897701952864,-0.06602622536993633,True,False
D9,misspecified_constant_mu,197,92,2,5.1768092731221556,0.07513981983517726,0.46036143626420156,0.7943900288483704,0.08093166018461265,-0.021896101589296193,False,False
D9,misspecified_constant_mu,197,92,5,6.135384614851657,0.2932674656678236,1.2602305501677558,0.9389702269331496,0.05945096322062709,0.06073392565319626,False,False
D9,misspecified_constant_mu,197,92,10,19.475870898720473,0.034618482699311004,2.7260077139004726,0.9871573222187324,-0.17209189879158854,-0.06039980090193921,True,False
D9,misspecified_constant_mu,198,68,1,1.1947519154130755,0.27437313000578856,2.067327427614278,0.1504850269988992,-0.12967993755528923,-0.1705841038348103,False,False
D9,misspecified_constant_mu,198,68,2,1.701605602878763,0.4270719403216523,2.2679651789639412,0.321749305993698,-0.08383199406888907,-0.052744213090273155,False,False
D9,misspecified_constant_mu,198,68,5,2.2000284617965398,0.8208318580738404,2.7977251009500805,0.7311359952952452,-0.015454212724574406,-0.03101085399636904,False,False
D9,misspecified_constant_mu,198,68,10,7.4843069613797795,0.6790677345543528,7.970817631752102,0.6316875430126938,0.11530603170179643,-0.007597320738274076,False,False
D9,misspecified_constant_mu,199,74,1,0.46532230725760304,0.49514703380883585,0.0029538702397657393,0.9566566971900299,0.07771694321554089,-0.006192050372903338,False,False
D9,misspecified_constant_mu,199,74,2,0.5550946017079035,0.7576397267493375,0.0029552368165336154,0.9985234727323175,-0.033901175306033954,0.00013226977320274545,False,False
D9,misspecified_constant_mu,199,74,5,1.9138331678499014,0.8609348048634629,0.7440928120448331,0.9804614103332516,-0.11537622776819852,-0.08397935962035873,False,False
D9,misspecified_constant_mu,199,74,10,12.03462567258058,0.2827458185100683,3.701344212179371,0.9598158271609764,0.06795045194680116,-0.024781797572439458,False,False
D9,misspecified_constant_mu,200,94,1,0.2404226666952474,0.6239010091738114,0.056315281641707626,0.81241753789258,-0.04977710513207864,0.02409101295539618,False,False
D9,misspecified_constant_mu,200,94,2,1.0233583907164017,0.5994880755578362,1.5416529957667826,0.46263054708855167,-0.0893423610057056,-0.12305718454058376,False,False
D9,misspecified_constant_mu,200,94,5,3.738193427625501,0.5876906134577786,3.919693106135775,0.5610352515253059,-0.0550197067258243,0.06960184629255324,False,False
D9,misspecified_constant_mu,200,94,10,6.0826337706168605,0.8082735655837573,6.477016344042384,0.7737220287911574,-0.09311334781845942,-0.08851563211278542,False,False
D9,misspecified_constant_mu,201,98,1,0.9324209125481697,0.33423464160102223,0.14299933277517374,0.7053172902973617,-0.09606801827041793,-0.03762182291039616,False,False
D9,misspecified_constant_mu,201,98,2,1.297793764409955,0.5226219724946315,1.0155640245924717,0.6018289487747042,-0.05982610325336923,-0.09245308264883054,False,False
D9,misspecified_constant_mu,201,98,5,3.03009014377304,0.6953466436843492,1.7800801221043547,0.8786605782465992,0.047187952659639876,-0.012058753548361134,False,False
D9,misspecified_constant_mu,201,98,10,5.496425013576855,0.8556506995612045,6.742087890122695,0.7495484099884661,0.0012358242870500063,0.004144586795580145,False,False
D9,misspecified_constant_mu,202,74,1,0.0018577733311068818,0.9656203089119837,0.003165786602092733,0.95513044308023,-0.004910606520171044,0.006410318267474849,False,False
D9,misspecified_constant_mu,202,74,2,0.09419247596216743,0.9539955825635669,0.2393946562283291,0.8871889232279343,-0.0343815989125453,-0.054993337584786244,False,False
D9,misspecified_constant_mu,202,74,5,0.22486327607317474,0.9988226844188265,1.7482964169522128,0.8827599334080608,0.021149334849892527,0.09025702242082344,False,False
D9,misspecified_constant_mu,202,74,10,6.6464476699157995,0.7583474783507851,4.005517425327324,0.9470977385605124,-0.12754221810493224,-0.011421271606853786,False,False
D9,misspecified_constant_mu,203,82,1,0.0247157840383199,0.8750773424336233,0.0979223771124945,0.7543372532241545,-0.017048380749059767,-0.033934145218183144,False,False
D9,misspecified_constant_mu,203,82,2,0.04551193927390488,0.9775009945927423,0.8400966648366569,0.657015063920726,-0.015541393245580104,-0.09284347271902953,False,False
D9,misspecified_constant_mu,203,82,5,1.5741103828520606,0.9043623006897913,2.204975375724812,0.8201169828079463,-0.032766398751065164,-0.01176937311581536,False,False
D9,misspecified_constant_mu,203,82,10,8.052959649510765,0.6236638068002593,7.5937423941464255,0.6684516604373555,-0.1501227410316348,-0.11941812110153986,False,False
D9,misspecified_constant_mu,204,88,1,1.1672701254443538,0.2799628670022105,4.332085450825412,0.037400395757406835,0.11323553094720892,0.21814514044721164,False,True
D9,misspecified_constant_mu,204,88,2,1.3005942847887009,0.5218906778733174,4.644927667818058,0.09803175385076124,0.03804880853935342,0.058283995002101456,False,False
D9,misspecified_constant_mu,204,88,5,1.4161623448110905,0.9225371552380345,4.9623377506760145,0.4204938338522787,0.014760883807887705,0.02921394889816844,False,False
D9,misspecified_constant_mu,204,88,10,5.042475000591327,0.8883226314296001,9.40782466616121,0.493885508137865,-0.12621297590498304,-0.09741471259038272,False,False
D9,misspecified_constant_mu,205,113,1,0.37355273609182404,0.5410740627901867,0.029130787769110506,0.8644774045299772,0.056740979721065544,0.015845172955024335,False,False
D9,misspecified_constant_mu,205,113,2,1.8269258910012511,0.4011327153331026,0.30466047417709685,0.8587046577861813,-0.1114196819799284,-0.048512934607815035,False,False
D9,misspecified_constant_mu,205,113,5,3.0642755531215133,0.6900769350275427,1.1034425389180427,0.9537985077190568,-0.02647565653993294,-0.005228868725066925,False,False
D9,misspecified_constant_mu,205,113,10,7.980631069326325,0.6307289509231827,3.670039223242286,0.9610070456535946,-0.14305648672090526,-0.044413989551234795,False,False
D9,misspecified_constant_mu,206,88,1,0.3756272359869631,0.5399528068440519,0.4049475011469788,0.5245451588667547,-0.06423556860571264,-0.06669547919025375,False,False
D9,misspecified_constant_mu,206,88,2,2.122341174244897,0.34605049089712514,1.193462546659102,0.5506084864324102,-0.13772016289912822,-0.09253193136685371,False,False
D9,misspecified_constant_mu,206,88,5,3.793868879935735,0.5794589084067595,4.476791632063947,0.48299463080409777,-0.047151593936079636,-0.044565333325538574,False,False
D9,misspecified_constant_mu,206,88,10,8.438148012105135,0.5861203178917347,7.025423851970181,0.7230426259507303,0.15028666788875528,0.11171874838045906,False,False
D9,misspecified_constant_mu,207,104,1,0.02323689395749241,0.8788426514063771,0.023953755181856207,0.877002636905552,0.014734589738519786,0.014960145359499605,False,False
D9,misspecified_constant_mu,207,104,2,0.057334565357751215,0.9717397253246195,0.027737865034749534,0.986226798055911,0.017762040017082283,0.005917146901062959,False,False
D9,misspecified_constant_mu,207,104,5,1.7972112254453847,0.8764323520972209,1.7938758067554177,0.8768671982979936,-0.0844684082086641,-0.06377465191378641,False,False
D9,misspecified_constant_mu,207,104,10,16.53821235687021,0.08522734668495924,17.347988187138363,0.06700987759766663,0.18775789059719722,0.09378459063701068,False,False
D9,misspecified_constant_mu,208,73,1,0.6329081409808797,0.4262905910423499,1.6749451286851533,0.19559748231411989,-0.09123143949661908,-0.1484138661476772,False,False
D9,misspecified_constant_mu,208,73,2,0.6434437753539473,0.7248997658561281,2.1656042912427145,0.33864526154071095,-0.011688733524779168,-0.07976769987701054,False,False
D9,misspecified_constant_mu,208,73,5,1.362982785869316,0.9283193267489571,2.6973749818434185,0.7465198930020459,-0.08454388709244252,-0.041595550744166584,False,False
D9,misspecified_constant_mu,208,73,10,3.158798231162644,0.9774359814359531,3.9176287108852668,0.9509863862760009,0.028059508967520373,0.07308713337591681,False,False
D9,misspecified_constant_mu,209,80,1,0.016610649512428233,0.8974507754687246,0.7943858708336032,0.3727772205742945,0.014143436120224265,-0.09780867632271809,False,False
D9,misspecified_constant_mu,209,80,2,0.039853122899746365,0.9802706603194378,1.0813148610251688,0.5823652618003629,0.016624039144298258,0.05840938003487326,False,False
D9,misspecified_constant_mu,209,80,5,0.7968231115939356,0.9772355329983475,3.8327699670051216,0.5737355489591773,-0.07204616222448627,-0.05643100151933348,False,False
D9,misspecified_constant_mu,209,80,10,3.067390034164327,0.9797933303746122,6.448873214114461,0.7762473763604725,0.04653327991646385,0.09726610664000782,False,False
D9,misspecified_constant_mu,210,110,1,2.920967060492927,0.08743544824166838,0.6821727203232074,0.4088395582957154,0.16075749300711478,0.07768820179193711,False,False
D9,misspecified_constant_mu,210,110,2,4.022901522735685,0.13379443001125857,1.502804851181723,0.47170455810679257,-0.09828435832363719,-0.08481658502432342,False,False
D9,misspecified_constant_mu,210,110,5,7.886515096544787,0.16260190312448375,6.664653356791319,0.2467986024196438,-0.04752159855667076,-0.09913882852338353,False,False
D9,misspecified_constant_mu,210,110,10,13.845595006047095,0.1801517179784592,15.450782479521916,0.11647094613785403,-0.10829784944602454,-0.055129248025459196,False,False
D9,misspecified_constant_mu,211,84,1,2.4379846953303206,0.11842828924519389,2.1134381068721066,0.1460109520745274,-0.1673653943004945,-0.15582780185301082,False,False
D9,misspecified_constant_mu,211,84,2,2.812132612581019,0.24510555945986812,3.3598882287503153,0.18638439195656265,0.06516879991710205,0.11894755234800335,False,False
D9,misspecified_constant_mu,211,84,5,3.88041938553956,0.5667580483636956,4.030821514824355,0.5449869984059698,-0.10269724705003562,-0.029551595803620264,False,False
D9,misspecified_constant_mu,211,84,10,5.183792726215074,0.8785670160253206,4.877964989045894,0.8991794641987017,-0.08075468268304338,-0.03399336096662437,False,False
D9,misspecified_constant_mu,212,60,1,1.4383344601622905,0.2304090512295568,1.4284824305632204,0.23201226634248495,0.15103739224911383,0.1505192298321227,False,False
D9,misspecified_constant_mu,212,60,2,1.4814073183772836,0.4767783080208474,1.662234187689135,0.43556245031923546,0.025914591815103694,0.06036983222902838,False,False
D9,misspecified_constant_mu,212,60,5,3.4591258630260797,0.6295812306611895,2.653909049351141,0.7531583096059437,0.08974084643042528,0.08042240348566934,False,False
D9,misspecified_constant_mu,212,60,10,11.451368497126827,0.3234494265630845,9.251163029166282,0.5084448507679687,-0.09012332356447614,-0.07857631918247723,False,False
D9,misspecified_constant_mu,213,96,1,0.5285962924250723,0.46719760580895564,0.050900014823792084,0.8215045164607461,-0.07305924916272315,-0.02267107442698561,False,False
D9,misspecified_constant_mu,213,96,2,3.951130638108023,0.13868288999806788,2.8959521234138554,0.23504552464478767,-0.18492225467373558,-0.16860109271867021,False,False
D9,misspecified_constant_mu,213,96,5,5.475434596161156,0.3606470865758362,3.601230682764124,0.6081285200087303,0.05679334455584829,0.022064429497930853,False,False
D9,misspecified_constant_mu,213,96,10,7.204002908571716,0.7060556843910134,4.5470388056979765,0.9193145522406935,-0.027680159413697218,-0.05259647376205233,False,False
D9,misspecified_constant_mu,214,90,1,3.1375822035907612,0.07650714404655035,0.8060730044438287,0.3692838210582795,-0.18364427390505061,-0.09308228230791211,False,False
D9,misspecified_constant_mu,214,90,2,3.204138286172651,0.2014791971074994,0.806398360444176,0.6681789980272059,-0.026596227773656125,0.001859540227788422,False,False
D9,misspecified_constant_mu,214,90,5,6.687259200000552,0.24495734440203232,2.021684776518934,0.8461364718342059,0.08450988432203739,0.01479863450672673,False,False
D9,misspecified_constant_mu,214,90,10,14.544430186087741,0.14957478915753697,6.840459592867846,0.740415824246062,-0.20276981112530032,-0.08850408093655315,False,False
D9,misspecified_constant_mu,215,79,1,0.2381242655749635,0.6255641633972304,0.38566998133672176,0.534584270480464,-0.053875718249075354,0.06856447653453047,False,False
D9,misspecified_constant_mu,215,79,2,0.5770554306967098,0.74936603591896,1.6499714966141361,0.43824123809999904,-0.06386237414012515,-0.12334303675438363,False,False
D9,misspecified_constant_mu,215,79,5,4.594658537390609,0.46731920080082534,3.9865928971360245,0.5513478641471207,-0.10374255076358836,-0.08809747198255947,False,False
D9,misspecified_constant_mu,215,79,10,6.923791210556824,0.7326194156140089,5.610115057618938,0.8468875518732462,-0.045593912605696854,-0.0011013887687258003,False,False
D9,misspecified_constant_mu,216,92,1,0.31759514631408603,0.5730564707503183,0.1281322595011806,0.7203764908197936,-0.05780957599009212,-0.036719105924497626,False,False
D9,misspecified_constant_mu,216,92,2,1.0407798804687607,0.5942887656819318,0.8672633710720897,0.6481509348922605,-0.08675370657912822,-0.08770496018919288,False,False
D9,misspecified_constant_mu,216,92,5,1.7549866033370796,0.8819008596423742,3.260471549856563,0.6598986904414083,0.0010535650866482086,-0.09903058594183492,False,False
D9,misspecified_constant_mu,216,92,10,4.052611520443034,0.9449423690876089,4.3113575858254425,0.9322099413340295,0.0805077897354181,0.0473880632701648,False,False
D9,misspecified_constant_mu,217,70,1,0.27552333725918776,0.5996505060317284,0.02667858433598865,0.8702540461836246,-0.061416982086939534,0.019111319254501078,False,False
D9,misspecified_constant_mu,217,70,2,0.624187907726137,0.7319127589666603,1.6797118399475341,0.4317727287737867,-0.06858720377864318,-0.14934131926296684,False,False
D9,misspecified_constant_mu,217,70,5,1.3212228239242676,0.9327327890344664,3.457362848047385,0.6298487653500957,-0.08881535255856574,-0.09049933661582335,False,False
D9,misspecified_constant_mu,217,70,10,7.387804619829713,0.6883963296382033,12.512379217714132,0.25222648811161485,-0.1027213192112729,-0.08021180661149054,False,False
D9,misspecified_constant_mu,218,108,1,0.1207474074704886,0.7282252754440814,0.01625133820660785,0.8985599187398344,0.03297786804948764,-0.012098408179607372,False,False
D9,misspecified_constant_mu,218,108,2,0.2468915551130615,0.8838695655123314,0.01991441015063581,0.9900922037638392,0.033548898492749786,-0.005716990052305667,False,False
D9,misspecified_constant_mu,218,108,5,2.1917483442448984,0.8220269718669069,1.0221490451347024,0.9607595888388973,0.06903770203445579,-0.009539004651890403,False,False
D9,misspecified_constant_mu,218,108,10,8.126086784829198,0.6165223718494639,5.9208954565548115,0.8218648798397121,0.08445909318685577,0.08014806357578369,False,False
D9,misspecified_constant_mu,219,84,1,1.8309997646541607,0.1760095039060814,0.039772796344041836,0.84192547066901,-0.1450421810502627,-0.02137682691044354,False,False
D9,misspecified_constant_mu,219,84,2,1.8628771379375997,0.3939865257122759,0.05841529538641991,0.9712147730197187,0.019022137716802404,-0.01454688890960424,False,False
D9,misspecified_constant_mu,219,84,5,3.733393039266915,0.5884025187107468,3.484990860114655,0.6256599093843798,-0.002314976590796932,0.17532169870787614,False,False
D9,misspecified_constant_mu,219,84,10,6.684848324410171,0.7548244373156907,6.3821595404435545,0.7821993613683287,-0.0009637939962625341,-0.04265457903174266,False,False
D9,misspecified_constant_mu,220,95,1,1.5359144507459925,0.2152269569005809,2.0876420452215645,0.1484951112915459,0.1251698610924175,0.14592989652209826,False,False
D9,misspecified_constant_mu,220,95,2,1.5377542195194454,0.4635332731785802,3.322415894944713,0.18990944086469186,-0.004308989403937428,0.11163169425703882,False,False
D9,misspecified_constant_mu,220,95,5,3.433915288146777,0.6334098222028026,6.522188532465573,0.258668148043532,-0.09323653588516082,-0.11297331435274965,False,False
D9,misspecified_constant_mu,220,95,10,4.685839312284977,0.9111526264285799,8.858891434279741,0.5455457209768704,-0.10019359892718462,-0.0997917632692286,False,False
D9,misspecified_constant_mu,221,105,1,0.215900696251424,0.6421812923366712,0.05011083202408708,0.8228705299362523,-0.04470510844382847,-0.021537532118712673,False,False
D9,misspecified_constant_mu,221,105,2,1.051983475612282,0.5909689873617299,0.4739662266595553,0.7890046115657936,-0.08755011345110887,-0.062336287158464586,False,False
D9,misspecified_constant_mu,221,105,5,5.747739365575384,0.33154389096147985,3.1761417099178115,0.6728509733595964,-0.027344522672698462,-0.02754807087048214,False,False
D9,misspecified_constant_mu,221,105,10,6.3483309851306275,0.78519842479576,4.197615322986641,0.9379921379835775,0.005557925637991408,0.02488929368075802,False,False
D9,misspecified_constant_mu,222,103,1,1.6574221245796719,0.19795174314713382,1.8419006705457948,0.17472834034040885,-0.1250268789250271,-0.1318013707481215,False,False
D9,misspecified_constant_mu,222,103,2,2.65200359698561,0.2655368114205535,1.8739843771563103,0.3918045389875813,-0.0963757137361415,0.01730970606229943,False,False
D9,misspecified_constant_mu,222,103,5,7.50828309076784,0.18549842423761465,8.81633739804226,0.11661792382476421,-0.20107424024861223,-0.18239680360580263,False,False
D9,misspecified_constant_mu,222,103,10,13.378114321411804,0.20329247596117817,10.603296846876715,0.38924775354046504,-0.04149187404546639,-0.07353825983410742,False,False
D9,misspecified_constant_mu,223,98,1,0.4808335038622263,0.48804501602249495,0.8571799416200879,0.35452907001410616,-0.06898746549461732,-0.09211043412784047,False,False
D9,misspecified_constant_mu,223,98,2,1.9153879371889868,0.3837768678483614,1.836919800569286,0.39913327301405443,-0.11854441413404763,-0.09796658450462764,False,False
D9,misspecified_constant_mu,223,98,5,2.872476684079564,0.7196383511637426,3.138133067864107,0.6786994639537136,0.07816590887956763,0.10660077531235608,False,False
D9,misspecified_constant_mu,223,98,10,11.575856691028479,0.31444487157769196,7.253751565419638,0.7012917092144395,0.031543790128958527,-0.06178698430026205,False,False
D9,misspecified_constant_mu,224,57,1,1.4873375946247802,0.2226300069644369,1.754505854032217,0.18531128500005067,-0.15737486030008577,-0.1709259453867803,False,False
D9,misspecified_constant_mu,224,57,2,2.0865135505026053,0.3523054319384331,1.95380006054607,0.37647635709551397,0.09899086057177763,0.057090684231900585,False,False
D9,misspecified_constant_mu,224,57,5,3.689482678803996,0.5949298722162262,3.988565736755602,0.5510633834903673,0.06078846890466145,-0.017008640414812946,False,False
D9,misspecified_constant_mu,224,57,10,7.229276931294569,0.7036370011481118,6.44712802683186,0.7764036967227959,0.05805979626708822,-0.060351994055583946,False,False
D9,misspecified_constant_mu,225,85,1,0.22994818103561873,0.631562254129912,0.01203457614224613,0.912645543103885,-0.05110760659555378,0.011691923184041973,False,False
D9,misspecified_constant_mu,225,85,2,3.117674370804956,0.2103805626133658,1.823322889948943,0.4018560074407743,-0.18003127733323446,-0.14258168722374348,False,False
D9,misspecified_constant_mu,225,85,5,4.531173280789543,0.4757234258285209,2.1437002739284168,0.8289252973920285,0.06650416823833268,0.053071052351029484,False,False
D9,misspecified_constant_mu,225,85,10,6.39458825858863,0.7810942439351326,6.954650419776361,0.7297191857659164,0.0080430248037371,-0.05200876629311866,False,False
D9,misspecified_constant_mu,226,62,1,2.8878307385318123,0.08925102319215894,1.3688099014907578,0.24201646435222424,-0.21070020257592162,-0.14506099592253724,False,False
D9,misspecified_constant_mu,226,62,2,2.9789940707088767,0.22548603852867866,1.5679673009629516,0.4565835144829191,-0.03712785753442748,-0.05487670373652924,False,False
D9,misspecified_constant_mu,226,62,5,4.035167782627579,0.5443638477224472,3.22461026051266,0.665402086995183,-0.023678303326588972,-0.002886910025498968,False,False
D9,misspecified_constant_mu,226,62,10,6.655289995497467,0.7575374487623157,5.000257149211634,0.8911608404417748,-0.07125286453096887,-0.03480601702370774,False,False
D9,misspecified_constant_mu,227,89,1,2.8730801212425257,0.09007233630288891,0.22407125377871243,0.6359551838217948,-0.17668492855765155,-0.049342222656907936,False,False
D9,misspecified_constant_mu,227,89,2,3.20345726466773,0.20154781462234928,0.9784029573283871,0.6131157847994699,0.05957292492500769,0.09001711859861901,False,False
D9,misspecified_constant_mu,227,89,5,6.286474802907418,0.2793331617153275,4.076520417538032,0.5384523677250754,-0.1472952086490251,-0.14872944791173376,False,False
D9,misspecified_constant_mu,227,89,10,19.21082337972171,0.03766518664278318,9.607060073470524,0.475616374362298,0.2457527593290469,0.14919292457165534,True,False
D9,misspecified_constant_mu,228,77,1,1.6378576712556328,0.20061965773853563,0.6954380777181688,0.40432082510431955,-0.1430493759319964,-0.09321313635699961,False,False
D9,misspecified_constant_mu,228,77,2,3.3150666319534965,0.19060857181501922,1.3502540606988547,0.509091746397407,0.14380212721744992,0.08985274702101212,False,False
D9,misspecified_constant_mu,228,77,5,5.469860172716206,0.36126214261423173,6.900305482883661,0.22816093504249058,-0.10299101830701402,-0.22142584250457342,False,False
D9,misspecified_constant_mu,228,77,10,11.908060901177217,0.29125678492410223,13.577700768400337,0.19313973805234885,-0.019967113987019697,0.039177826122170786,False,False
D9,misspecified_constant_mu,229,91,1,1.117719995635393,0.29040992803694576,0.019534600641503932,0.8888446913968533,0.10902487426156317,0.01441323119003892,False,False
D9,misspecified_constant_mu,229,91,2,1.7162782343302057,0.42395027050860035,0.06032805847128178,0.9702863651639002,-0.07933887524035653,-0.020712288783106277,False,False
D9,misspecified_constant_mu,229,91,5,5.562593328891452,0.35113110282142923,3.888869300219558,0.5655245797103328,0.1336313932537224,0.015959239079447126,False,False
D9,misspecified_constant_mu,229,91,10,8.049267074383893,0.6240244807852457,5.413813081438465,0.8618783547621771,0.13051862224337546,0.05169672565707245,False,False
D9,misspecified_constant_mu,230,113,1,0.3638928754071056,0.546352140941252,0.9944500762089113,0.3186571638675838,0.05600252979334752,0.09257897371652697,False,False
D9,misspecified_constant_mu,230,113,2,0.49157498406223504,0.7820884072862329,0.9975216132332213,0.6072827343797073,-0.033024661183786795,0.005122137408096967,False,False
D9,misspecified_constant_mu,230,113,5,1.9241769823429933,0.8595340039159363,1.6498787619005784,0.8951526897347813,-0.07054412743266018,-0.03363688414417361,False,False
D9,misspecified_constant_mu,230,113,10,4.462392061799924,0.9240868321952413,3.422465653575849,0.9696656378882461,0.01781619260861796,0.025825734484263462,False,False
D9,misspecified_constant_mu,231,74,1,1.4225310298025717,0.2329872568650031,0.5732433271465159,0.4489729753115058,0.1358844147712904,0.08625976647211349,False,False
D9,misspecified_constant_mu,231,74,2,1.6758721037577755,0.4326024717036253,0.842934341032755,0.656083526923407,0.05695034978663903,-0.058759329333730986,False,False
D9,misspecified_constant_mu,231,74,5,3.4333559482907967,0.6334948363854644,2.817442563537427,0.7281057448593602,-0.0718028627946279,-0.08218178390639454,False,False
D9,misspecified_constant_mu,231,74,10,6.281661864270442,0.7910701437235437,5.713890116829506,0.8387008726111495,0.0011420661776945183,-0.04330361401247474,False,False
D9,misspecified_constant_mu,232,95,1,0.6549954202996997,0.41833232794284825,0.42621484637931023,0.5138521345310936,0.08174014216960272,0.06593720648537083,False,False
D9,misspecified_constant_mu,232,95,2,3.177394602532005,0.20419143847893828,3.983175138936198,0.13647858413252523,-0.1595514344097332,-0.18946688413896304,False,False
D9,misspecified_constant_mu,232,95,5,6.839575529906934,0.2328472963310919,5.732964608587631,0.3330757379658693,-0.1799960155642459,-0.11216365695742551,False,False
D9,misspecified_constant_mu,232,95,10,10.76458887200402,0.37615050356435065,12.100602066894583,0.27838001690498004,-0.1004331705518963,-0.19749294318256497,False,False
D9,misspecified_constant_mu,233,80,1,0.16598253036938201,0.6837072239771004,0.43633478081845645,0.5088968263888074,-0.04470877972648412,-0.07248890546383092,False,False
D9,misspecified_constant_mu,233,80,2,0.6494607497712827,0.722722191427825,2.253818042957134,0.3240332900245497,0.07582001022293208,0.14700448726290433,False,False
D9,misspecified_constant_mu,233,80,5,8.374202462130816,0.13678284498512516,7.793752101578627,0.16797465054701322,0.12521648267664506,0.10755984205819806,False,False
D9,misspecified_constant_mu,233,80,10,13.673050334407428,0.1884338435783901,13.581537933026233,0.19294856673707406,0.0832834278501275,0.12553636028591234,False,False
D9,misspecified_constant_mu,234,94,1,0.009720675348856237,0.9214610427751828,0.01322488514398747,0.908445517862018,-0.010008987580427604,-0.011674489137867661,False,False
D9,misspecified_constant_mu,234,94,2,0.0999992781204447,0.951229767837313,0.25185632963447047,0.881678180021813,-0.03033798867138751,-0.049323990498422114,False,False
D9,misspecified_constant_mu,234,94,5,2.13451000661387,0.8302373883221075,0.3908588008321569,0.9955776384822684,-0.005063564085897658,0.00997709046963252,False,False
D9,misspecified_constant_mu,234,94,10,5.248386368324381,0.8739798598118882,4.996825404918866,0.8913899838504218,-0.09076083027633379,-0.07039489735314448,False,False
D9,misspecified_constant_mu,235,66,1,0.0016763200395829942,0.9673414267872454,0.20400779995385857,0.6515051294024581,0.0049272967936499126,-0.054356769788055134,False,False
D9,misspecified_constant_mu,235,66,2,1.6827790294805323,0.43111107186308983,0.8055587782973987,0.6684595524890127,0.15483198688627228,0.09261893473179565,False,False
D9,misspecified_constant_mu,235,66,5,10.617581881126613,0.059512127283493865,6.063967902675625,0.30004424288762377,-0.002337125021978005,0.002518172847841096,False,False
D9,misspecified_constant_mu,235,66,10,15.757029838835297,0.10680215584951491,11.326965148205732,0.3326181754853561,-0.038099608212664456,0.03620027079890251,False,False
D9,misspecified_constant_mu,236,97,1,0.5605859512731998,0.4540242502155267,0.13708602791810473,0.7111952535369953,-0.07486059196206281,-0.03701934655251299,False,False
D9,misspecified_constant_mu,236,97,2,0.6176463254017336,0.7343106120508285,0.5728289357305878,0.7509513062525682,-0.02375886258228422,-0.0656558611291705,False,False
D9,misspecified_constant_mu,236,97,5,2.55144308761232,0.7687284925857988,5.520591777752999,0.3556932008508462,0.06391230598507817,0.21056886617965473,False,False
D9,misspecified_constant_mu,236,97,10,5.905678494544596,0.8231244671020721,9.925701904865873,0.44703576409856105,0.05557659719884475,0.05813512853953586,False,False
D9,misspecified_constant_mu,237,110,1,0.03306812278622162,0.8557032489118891,0.00018151410945063036,0.98925065212738,-0.017104589893652673,-0.001267252304562405,False,False
D9,misspecified_constant_mu,237,110,2,0.04129238734792938,0.9795654797297112,0.6205346996690659,0.7332508955114714,0.008490926080427407,0.0737438881687383,False,False
D9,misspecified_constant_mu,237,110,5,3.9929453662160976,0.5504320958528948,2.1476686708009463,0.8283579838471629,0.0625761755868151,0.08456105985273905,False,False
D9,misspecified_constant_mu,237,110,10,8.12416296336549,0.6167102063092592,9.102221856564674,0.5224306533025802,0.07806840937085938,0.1173920036584378,False,False
D9,misspecified_constant_mu,238,58,1,1.1714432741101533,0.2791048849097517,0.17793197387149554,0.6731565261915068,-0.1385187097038199,0.05398521112590909,False,False
D9,misspecified_constant_mu,238,58,2,2.9162933088235854,0.23266708790448298,2.32329738826556,0.312969763879295,0.16756505165343533,0.18580398706954318,False,False
D9,misspecified_constant_mu,238,58,5,9.825751740363344,0.08032575884021842,6.037138185409015,0.30262196982812783,-0.27557589625995477,-0.2236424950248706,False,False
D9,misspecified_constant_mu,238,58,10,13.151213886153887,0.21533976777987818,7.270367252125347,0.6996978141190795,-0.12041886404054548,-0.06822461080013267,False,False
D9,misspecified_constant_mu,239,112,1,1.3004651314459263,0.2541282794807721,0.9304001568718405,0.33475896615320266,-0.10632843175867068,-0.08993628410363036,False,False
D9,misspecified_constant_mu,239,112,2,2.0224584777691605,0.3637715424991964,1.0517088242891843,0.5910501481414756,-0.07886812265988732,0.03232814769595415,False,False
D9,misspecified_constant_mu,239,112,5,3.2406448815497026,0.6629404489210677,1.8965601176296523,0.8632648137545953,0.09590733604288129,0.07867617797018657,False,False
D9,misspecified_constant_mu,239,112,10,7.977080893730779,0.6310757393072632,5.319170513541002,0.8688631798256387,-0.05927700972299374,-0.09026243977891424,False,False
D9,misspecified_constant_mu,240,114,1,0.5142493269852478,0.47330511823578036,0.08587360446116452,0.769490060884737,-0.06628948842509189,-0.027088667822326624,False,False
D9,misspecified_constant_mu,240,114,2,7.502076473941047,0.023493341533725065,6.090500423641642,0.04758440431742561,-0.24327566470267478,-0.22551249084259048,True,True
D9,misspecified_constant_mu,240,114,5,12.689710084520256,0.026466683779184375,13.70897168015108,0.017567672201079243,-0.14230423597621153,-0.1588085015976087,True,True
D9,misspecified_constant_mu,240,114,10,16.377547501525516,0.08932274312926913,22.84014520424659,0.011352258534600312,0.13056320081505798,0.22872618440281692,False,True
D9,misspecified_constant_mu,241,64,1,1.8938687353515775,0.1687662112628462,2.9536253848484444,0.0856851417318919,-0.16806731319044818,-0.20988723481078594,False,False
D9,misspecified_constant_mu,241,64,2,2.1938788502335265,0.3338914211893824,2.9841432981018663,0.22490624577696372,0.06635930648712997,-0.021164660533988786,False,False
D9,misspecified_constant_mu,241,64,5,2.907302544779237,0.7142744957746172,3.5677674567311954,0.6131592732067503,0.07468319485972355,0.06351971848605303,False,False
D9,misspecified_constant_mu,241,64,10,8.6541093552386,0.5652139356850745,9.853214055766767,0.4534644530807913,0.24150930866441447,0.25044966035230026,False,False
D9,misspecified_constant_mu,242,90,1,0.43404798454571614,0.5100093194143618,0.05936828206756117,0.8074971965113215,0.06830440411367869,0.025261380235500386,False,False
D9,misspecified_constant_mu,242,90,2,2.2510741603554116,0.3244781497689394,1.7938272794200893,0.4078264186012268,-0.13896542486576424,-0.13577136568503154,False,False
D9,misspecified_constant_mu,242,90,5,2.406471931605422,0.7905099339578363,2.486119311489907,0.7785840641708094,-0.030581084543735183,-0.06571351776937176,False,False
D9,misspecified_constant_mu,242,90,10,7.194868668295988,0.7069289921770883,6.6550441117236065,0.7575599835427812,-0.03371982462441193,0.12620463325180253,False,False
D9,misspecified_constant_mu,243,82,1,0.1471134983166424,0.7013092063616128,0.00033471332100611307,0.9854033789546545,-0.041593187294716165,-0.001983957838566954,False,False
D9,misspecified_constant_mu,243,82,2,0.7502742544559116,0.6871950391789239,0.6639701676684822,0.717498025094099,-0.08369797731701856,-0.0877936720624553,False,False
D9,misspecified_constant_mu,243,82,5,3.4119669120515583,0.6367479814057055,7.4278506090735155,0.19071481108004007,0.06244994138819533,0.23302271518174875,False,False
D9,misspecified_constant_mu,243,82,10,5.435841486118542,0.8602295147701329,9.43043721175168,0.4917976888174993,-0.08925917595612001,-0.07162799384371853,False,False
D9,misspecified_constant_mu,244,84,1,0.05232648514743925,0.8190633619870555,0.6155985248488383,0.4326876199438432,-0.02451946327053169,-0.08410057454810173,False,False
D9,misspecified_constant_mu,244,84,2,0.3700994673001594,0.8310629510303174,1.0569865841789525,0.5894924938943191,-0.06005878503678337,0.07078289931291662,False,False
D9,misspecified_constant_mu,244,84,5,1.611694522544641,0.8998315235677482,2.3590560811598253,0.7975554564585925,-0.01671604343274389,-0.01170177664453928,False,False
D9,misspecified_constant_mu,244,84,10,11.434132335092627,0.3247096261283766,6.274131853967316,0.7917300207198438,-0.011252864317685499,-0.0059517591747484735,False,False
D9,misspecified_constant_mu,245,94,1,3.2424508308415567,0.07175322798749739,2.14654585502493,0.14289104444184408,-0.1828010266504109,-0.14873460217302528,False,False
D9,misspecified_constant_mu,245,94,2,4.0290124437725625,0.1333862503187978,9.283657859304455,0.009640050520552279,-0.08954900075426517,0.2697463808333819,False,True
D9,misspecified_constant_mu,245,94,5,9.223851741131831,0.10046173895622579,12.4896010778193,0.02866133488143041,0.10444398327929705,0.0466980238231179,False,True
D9,misspecified_constant_mu,245,94,10,11.07083616218583,0.3520259191435121,13.869447127944307,0.1790302528615535,-0.05137133143901887,-0.06725355152393538,False,False
D9,misspecified_constant_mu,246,94,1,3.1209420197378064,0.07729208866907045,1.737887188471424,0.1874067567363552,-0.17934314493246167,-0.1338297669807595,False,False
D9,misspecified_constant_mu,246,94,2,3.1269993226593433,0.2094019514529295,2.7356459560718496,0.25466075858257287,0.007858397933614843,-0.1008572556497693,False,False
D9,misspecified_constant_mu,246,94,5,10.881786544732654,0.05377484409035205,4.238466583157099,0.5156181251611249,-0.1279908181062548,0.016050588448071484,False,False
D9,misspecified_constant_mu,246,94,10,21.430775228406702,0.01828214175153442,5.5828936525401565,0.8490056697645141,0.1514360708744957,0.09424589651388822,True,False
D9,misspecified_constant_mu,247,64,1,2.617698060219855,0.10567764581782613,1.6780699680617606,0.19518110585913906,0.19759142602046734,0.15820250375421674,False,False
D9,misspecified_constant_mu,247,64,2,2.6610916396443187,0.2643329437573667,2.008143700249645,0.36638453680171534,-0.025237517186704955,-0.06960482916643125,False,False
D9,misspecified_constant_mu,247,64,5,3.2596277217620138,0.6600281005867502,7.408168371771886,0.19201048133305143,0.07460763723886657,0.27053553119359136,False,False
D9,misspecified_constant_mu,247,64,10,6.54459618454049,0.7676240669969245,13.205297222018658,0.21241889298135175,0.05942770308515712,0.17378310861293095,False,False
D9,misspecified_constant_mu,248,76,1,1.5334912352583394,0.21558922789235924,1.2378923953306513,0.2658776275755934,0.13928911635860416,0.1251462906780656,False,False
D9,misspecified_constant_mu,248,76,2,1.9396346734178886,0.37915228898332654,1.248039464867511,0.5357863851937932,0.07120352311803696,0.011254652252400832,False,False
D9,misspecified_constant_mu,248,76,5,3.5936666478609376,0.609264467033362,4.771889359255585,0.4443486258648691,-0.13266853966914158,-0.11344282881281703,False,False
D9,misspecified_constant_mu,248,76,10,5.0284845770683075,0.8892671103632603,5.881195553133068,0.8251439141478,0.038961675362053395,0.018366061207407785,False,False
D9,misspecified_constant_mu,249,120,1,0.3910155141702855,0.5317660869145178,0.009229337139864662,0.9234654230328769,0.0563767371185384,0.008661402035558534,False,False
D9,misspecified_constant_mu,249,120,2,1.1930142185573094,0.5507319268961273,1.6377455599067352,0.44092839781303894,-0.08040023138953668,-0.11456883841348847,False,False
D9,misspecified_constant_mu,249,120,5,3.820242636819071,0.5755760473459098,3.9433268708502687,0.5576040722663562,0.016917508290203578,0.032820686736247065,False,False
D9,misspecified_constant_mu,249,120,10,5.047390164185098,0.8879898914369072,5.593364607480295,0.8481923827857235,0.07154268178679872,0.01355672009533929,False,False
D9,misspecified_constant_mu,250,96,1,0.014603752969362645,0.9038130233383317,0.04297569749878658,0.8357710395469407,0.012143542225463575,-0.02083169533284685,False,False
D9,misspecified_constant_mu,250,96,2,1.1520502097683445,0.5621283328529926,2.4199369287327097,0.298206683418325,-0.10660578035098063,-0.1541084035897186,False,False
D9,misspecified_constant_mu,250,96,5,5.462964810377814,0.3620240165458426,8.829686782139675,0.11605326917545489,-0.17192106048381892,-0.19764740659471203,False,False
D9,misspecified_constant_mu,250,96,10,9.423766402090193,0.4924132354202737,9.58572670052243,0.47755860065492195,-0.14671217245951773,-0.07279733258442209,False,False
D9,misspecified_constant_mu,251,80,1,0.5563091725852594,0.4557511672411847,0.006762975884773195,0.9344580012989677,-0.08185019837930156,-0.009024653689871773,False,False
D9,misspecified_constant_mu,251,80,2,0.587174801513464,0.7455840554056494,0.3306937533956743,0.8475996405245723,-0.01915724030643586,-0.06206138857704784,False,False
D9,misspecified_constant_mu,251,80,5,3.048868015787884,0.6924518448318902,2.730360854073034,0.7414711070580662,0.07325108044775867,0.06546245552212203,False,False
D9,misspecified_constant_mu,251,80,10,9.896645307927455,0.4496073401898777,4.9295981330282075,0.8958309976648642,-0.028211490106402604,-0.03092529331227287,False,False
D9,misspecified_constant_mu,252,84,1,1.0273248177840635,0.3107878202519596,0.002346635138071009,0.9613639234689957,-0.10864357986947297,-0.005192457639955447,False,False
D9,misspecified_constant_mu,252,84,2,1.5015881589179807,0.4719916050531999,0.11533155210401737,0.9439653905591391,-0.07337157399166253,-0.03581197667263698,False,False
D9,misspecified_constant_mu,252,84,5,6.227356332668588,0.2847206005052306,5.5759672903395545,0.34968767970562853,0.02710031229577005,-0.052860654374311436,False,False
D9,misspecified_constant_mu,252,84,10,21.682302892547842,0.016807450756575193,14.711359024587699,0.14294488973680786,0.11131369883032008,0.21269860375235133,True,False
D9,misspecified_constant_mu,253,82,1,0.3155803432621688,0.5742758818532658,0.9476635288194202,0.330314739835433,0.06091874002959842,0.10556574663826603,False,False
D9,misspecified_constant_mu,253,82,2,1.3420276903902453,0.5111900474028352,2.556546428021979,0.27851782613114073,-0.10918595136708682,-0.13669752204883673,False,False
D9,misspecified_constant_mu,253,82,5,6.054676591477931,0.3009349538959961,3.773917823020492,0.582403332556289,-0.08636000505135476,-0.034115815744577,False,False
D9,misspecified_constant_mu,253,82,10,11.041742655120872,0.3542751265261598,7.4662480680825425,0.6808159819495218,0.035046029902585346,0.08347464663535611,False,False
D9,misspecified_constant_mu,254,62,1,0.030699106194290626,0.8609133666609188,0.4276164338848385,0.513160851504151,0.02172410790752881,0.08107860717274543,False,False
D9,misspecified_constant_mu,254,62,2,0.13185193044312532,0.9362001730983445,0.8259410177415721,0.6616817962834627,0.03910918808249921,0.07760833191943727,False,False
D9,misspecified_constant_mu,254,62,5,2.9165056636049442,0.7128564925108954,3.0518298503142467,0.6919952836280482,-0.11394996244241272,-0.11091653495132629,False,False
D9,misspecified_constant_mu,254,62,10,8.936734031706195,0.5381181228633428,9.742451738301185,0.46337211466855655,-0.06331504807254693,-0.009681344695883786,False,False
D9,misspecified_constant_mu,255,83,1,1.542113654480135,0.21430346594315453,2.8123731354666086,0.09353990867514428,-0.13388027891041251,0.18079852686106931,False,False
D9,misspecified_constant_mu,255,83,2,1.730818332459114,0.42087930779187144,2.900516322471039,0.2345097389544638,0.04654631814652465,0.031811809643489314,False,False
D9,misspecified_constant_mu,255,83,5,3.232004560218507,0.6642667363874236,4.9334759581034655,0.4240527661284691,-0.03487930466911227,-0.07865536565775255,False,False
D9,misspecified_constant_mu,255,83,10,7.024155506758882,0.7231625747371953,9.462510931022486,0.4888424638694192,-0.04984380973136627,-0.025682882292373657,False,False
D9,misspecified_constant_mu,256,84,1,0.30910802812719484,0.5782280513352626,1.3386331768888078,0.24727515409898615,0.05959438191968619,0.12401692812246141,False,False
D9,misspecified_constant_mu,256,84,2,1.1076276823190707,0.5747536060958716,1.8940910023568323,0.38788533895956145,-0.09520524227511341,-0.07940422336223664,False,False
D9,misspecified_constant_mu,256,84,5,5.3232278919711495,0.3777189838975902,5.698898240569039,0.3366283406732833,-0.11306897155553564,-0.13337255615046867,False,False
D9,misspecified_constant_mu,256,84,10,7.909389278241205,0.6376873379846932,8.081861471535149,0.6208409830297289,0.05577645146897653,0.09467310811208271,False,False
D9,misspecified_constant_mu,257,62,1,4.786909651408787,0.028676833339405183,3.2289606206421793,0.07234659209317273,0.27127308171450976,0.22279757525862398,True,False
D9,misspecified_constant_mu,257,62,2,6.2219403012405765,0.044557706678036046,3.7524564834079044,0.15316672550573762,-0.1473059814291165,-0.08897057970990868,True,False
D9,misspecified_constant_mu,257,62,5,13.204112785805021,0.021539274546158005,8.623914180951168,0.1250384262297327,0.10523742725390775,0.04285514717719573,True,False
D9,misspecified_constant_mu,257,62,10,28.370834020094687,0.0015741290442179423,17.042810558349036,0.07342204250540962,-0.2945002030480558,-0.25424065186614486,True,False
D9,misspecified_constant_mu,258,96,1,0.852769424187246,0.35577005990275923,0.09311878281266574,0.7602490909072513,-0.09279593638578092,-0.030664210923289123,False,False
D9,misspecified_constant_mu,258,96,2,1.146530471885887,0.5636818761817135,0.3565746032680933,0.8367020031011356,0.05417667864398606,-0.05130611984911909,False,False
D9,misspecified_constant_mu,258,96,5,4.259320752561417,0.5127157103526891,3.6930072798469635,0.5944049265016498,0.018118247068993978,0.05634291749496291,False,False
D9,misspecified_constant_mu,258,96,10,9.569599784242953,0.4790291006983356,10.49075180940012,0.39854218411454934,0.12235648923096162,0.20263493499530025,False,False
D9,misspecified_constant_mu,259,72,1,6.943533923914983,0.00841227539957301,4.3428766423686795,0.037164081739733734,0.30418468680359967,0.2405668674594494,True,True
D9,misspecified_constant_mu,259,72,2,6.950501102022341,0.030954077276150738,4.46500208292426,0.10725983309984022,0.0095674316515705,-0.0400562218413093,True,False
D9,misspecified_constant_mu,259,72,5,11.142495935920063,0.04862677227614387,5.172548793140496,0.3951872860057606,-0.12258406284480747,-0.0738548906335825,True,False
D9,misspecified_constant_mu,259,72,10,16.436952266099297,0.08778877114496908,12.905764228109607,0.22898848617888468,-0.07950162683498639,-0.019906936470453555,False,False
D9,misspecified_constant_mu,260,110,1,1.1570677511667478,0.28207449413828956,0.8001762752372562,0.37104067135350005,-0.1011782794232214,-0.08413965566790749,False,False
D9,misspecified_constant_mu,260,110,2,2.2959121117360315,0.3172846191045743,1.8064956052928045,0.4052513436977373,-0.0999168448666558,-0.09392353533990665,False,False
D9,misspecified_constant_mu,260,110,5,3.1149705568248898,0.6822660221102327,2.7950222616383935,0.7315512140793079,0.02403335378153207,-0.010942032761462668,False,False
D9,misspecified_constant_mu,260,110,10,6.271599562962366,0.7919517795192671,4.940218692170298,0.8951354920106255,-0.11545567642741845,-0.01027567866894337,False,False
D9,misspecified_constant_mu,261,112,1,0.43480841907267254,0.5096389133752728,0.22479188328214586,0.6354127514505032,-0.06148214696262377,-0.044206930957702846,False,False
D9,misspecified_constant_mu,261,112,2,1.1062690597662388,0.5751441753456815,1.1202718957679185,0.5711314144635407,0.07605804985884901,0.08783403897867773,False,False
D9,misspecified_constant_mu,261,112,5,6.50766910741199,0.259903822495684,2.0828819505329417,0.8375619882543792,-0.1872045556490862,-0.08229016851706701,False,False
D9,misspecified_constant_mu,261,112,10,11.882914649692907,0.29296904088859776,6.098348724204107,0.8069338042680132,-0.0243533812897779,0.08002666550891364,False,False
D9,misspecified_constant_mu,262,94,1,0.4062598214571294,0.52387400290073,0.10076968689116689,0.750907927557012,-0.06470589782357754,-0.03222603582274939,False,False
D9,misspecified_constant_mu,262,94,2,1.2627981990640704,0.5318471730930916,0.5214963496342297,0.770474920174622,-0.09344752074509038,-0.06549292516028528,False,False
D9,misspecified_constant_mu,262,94,5,3.988581704159312,0.5510610812971322,3.004428937062987,0.6993029812733718,0.1279632896059238,0.02240288219718742,False,False
D9,misspecified_constant_mu,262,94,10,12.516902234718136,0.2519496532096518,12.352885034610816,0.2621331402445759,-0.0468458605647194,-0.015134163088192558,False,False
D9,misspecified_constant_mu,263,99,1,0.4009972624666573,0.5265746779822351,0.13805880045592572,0.7102185045644278,-0.06269103754758028,0.036784664680048866,False,False
D9,misspecified_constant_mu,263,99,2,2.8767732554127283,0.23731031988741436,3.0467460794546346,0.21797540585695452,0.15497557508996163,0.1679794282497681,False,False
D9,misspecified_constant_mu,263,99,5,8.322011531438157,0.1393591747889229,7.3082935834418326,0.19870310002356972,-0.10942575077526448,-0.11463759237456334,False,False
D9,misspecified_constant_mu,263,99,10,12.705009515906625,0.2406358810017275,11.785003987352377,0.29970310176067794,0.013374090572896576,0.009571571362231938,False,False
D9,misspecified_constant_mu,264,93,1,0.02014286717050107,0.8871387975116543,0.29012671275258356,0.5901393412165237,-0.01448275824301209,-0.05496478017593823,False,False
D9,misspecified_constant_mu,264,93,2,0.3107926899405435,0.856075808893513,0.6722315381252542,0.7145403793576399,0.0547145019693885,-0.06273482347822125,False,False
D9,misspecified_constant_mu,264,93,5,3.648797241400101,0.6010018127635388,3.4325317154760953,0.6336201171732564,0.11405457185904357,0.11196898306943984,False,False
D9,misspecified_constant_mu,264,93,10,13.429694444663884,0.20062913683193084,10.50462465217171,0.39738970035624843,-0.013426776090543482,-0.01748235998621171,False,False
D9,misspecified_constant_mu,265,84,1,0.5896397045114422,0.44255847657203884,0.21021715939790947,0.646597249944132,-0.08230828211595433,-0.04914555672823025,False,False
D9,misspecified_constant_mu,265,84,2,0.8562060469149726,0.6517442663921402,0.6891965375206383,0.7085049248651487,-0.0550073488459598,-0.07373547213748434,False,False
D9,misspecified_constant_mu,265,84,5,1.7144118073872634,0.8870791379850448,1.327945446967534,0.9320300133412711,0.0726890942160716,-0.01863299426953241,False,False
D9,misspecified_constant_mu,265,84,10,5.411856912999532,0.8620243578330843,4.57351540096865,0.9177897496441394,-0.10197658699201145,-0.0765441859835964,False,False
D9,misspecified_constant_mu,266,100,1,0.7189779067176854,0.39647937903618613,0.5356744959816516,0.46423090474197126,0.08353630933292283,0.07210543417433232,False,False
D9,misspecified_constant_mu,266,100,2,2.0211140337124767,0.36401615995275716,1.1470440562214477,0.5635371456744163,-0.11185132834042956,-0.07664165208081355,False,False
D9,misspecified_constant_mu,266,100,5,16.160216013143085,0.006401229453364965,4.706692329832386,0.4527135148956166,0.058230165759762594,-0.012999422098587603,True,False
D9,misspecified_constant_mu,266,100,10,19.853327949992114,0.030670881180832943,7.120419781465294,0.7140297915245492,0.03325997915040136,0.0030967759937353253,True,False
D9,misspecified_constant_mu,267,77,1,0.7510768246163857,0.386135515750343,0.13596135092637326,0.7123294522141619,0.09687017150993987,0.041215030301289486,False,False
D9,misspecified_constant_mu,267,77,2,2.331488874772042,0.3116905415517842,0.5436660346882547,0.7619814881598035,-0.13959083003301814,-0.07089972877741042,False,False
D9,misspecified_constant_mu,267,77,5,9.63163346948957,0.08637149126801413,6.417106329213503,0.26772088744537026,-0.010281063151241117,0.004691353797513152,False,False
D9,misspecified_constant_mu,267,77,10,19.328457014717607,0.03628373963361631,8.154572776246528,0.613741460920053,-0.22184272899681967,-0.0873767845036434,True,False
D9,misspecified_constant_mu,268,68,1,1.0528204926434146,0.3048583952188353,0.33011514268419745,0.5655912957571765,-0.1217337750021881,-0.06816581759974918,False,False
D9,misspecified_constant_mu,268,68,2,3.9135197573794156,0.14131555948467156,3.4000698732089614,0.18267714182219708,-0.19916113544662756,-0.20631674484819484,False,False
D9,misspecified_constant_mu,268,68,5,8.515642059774883,0.13001435571221198,4.874983875139773,0.43132722359083664,0.1450855782036382,0.11551980122954815,False,False
D9,misspecified_constant_mu,268,68,10,14.741758601336043,0.14176435065103687,8.139677282591457,0.6151955306791,-0.09199286699233927,-0.09108926016243202,False,False
D9,misspecified_constant_mu,269,80,1,0.0001566788108765892,0.990013027495526,0.5350883569077848,0.4644754293173249,-0.0013736204864297171,0.08027390248442208,False,False
D9,misspecified_constant_mu,269,80,2,0.002414492294864891,0.9987934822810375,1.0911646458737787,0.5795042264627355,-0.005181308040527654,-0.08131348414727309,False,False
D9,misspecified_constant_mu,269,80,5,2.7768579001267755,0.7343405849292807,1.4013749318488795,0.9241628109462304,0.17468314685460012,0.05888666196621669,False,False
D9,misspecified_constant_mu,269,80,10,9.165120281100625,0.5165081489661041,8.432127923253281,0.5867050318611583,0.16879267971303272,0.21053154045465067,False,False
D9,misspecified_constant_mu,270,78,1,2.8157580035309695,0.09334279432662729,2.695191369412429,0.10065140361293368,-0.18640207019864477,-0.1823676792193158,False,False
D9,misspecified_constant_mu,270,78,2,6.390271535288753,0.040960963824982266,2.7386263019840618,0.25428155261856034,-0.20865220279917332,-0.023000330528018427,True,False
D9,misspecified_constant_mu,270,78,5,13.253501509227812,0.021115529254392085,7.880192847051164,0.16296321186673834,-0.2394493850444929,-0.19182868766535588,True,False
D9,misspecified_constant_mu,270,78,10,20.371206963122134,0.02593086576512016,17.450927074327563,0.06496282816755572,0.2515468807927957,0.30919672434974876,True,False
D9,misspecified_constant_mu,271,98,1,0.5898516898012227,0.4424764750804562,0.49605069181668265,0.4812405729657272,-0.07640895202836724,-0.07007060368395945,False,False
D9,misspecified_constant_mu,271,98,2,0.5956751113276393,0.74242193219067,0.4984264649890001,0.7794137593240624,-0.007552864482527674,0.004824197348301048,False,False
D9,misspecified_constant_mu,271,98,5,5.625198359123504,0.34441262375725357,3.601477559215477,0.608091456792145,0.01674418494542407,0.03835066038856694,False,False
D9,misspecified_constant_mu,271,98,10,9.987879233013883,0.44155732829479666,9.172519572566076,0.5158129666830369,-0.15842700671134918,-0.16433915361467702,False,False
D9,misspecified_constant_mu,272,94,1,0.7465943870657522,0.3875566146547387,2.054990819482363,0.1517081690603448,0.08771710527708339,0.1455281049252094,False,False
D9,misspecified_constant_mu,272,94,2,0.9532863631767214,0.6208640254895461,2.178109428914115,0.3365344645604814,0.04590459700241393,0.035428781930301335,False,False
D9,misspecified_constant_mu,272,94,5,7.110506676824595,0.2125506707474083,6.329526253922206,0.2754619197489545,-0.06562433377152038,0.0335020226107745,False,False
D9,misspecified_constant_mu,272,94,10,9.926668935080443,0.44695030376569655,7.118807206647642,0.7141832461180501,0.10019975571614555,0.05704097753214642,False,False
D9,misspecified_constant_mu,273,84,1,0.5135258545844319,0.4736165111563062,0.9662221045147087,0.32562418581542274,0.07681239994628296,0.1053631295784904,False,False
D9,misspecified_constant_mu,273,84,2,0.7774135625662539,0.6779330235247061,1.0535554315060036,0.5905046812614652,-0.05473027597519305,0.03148531626435782,False,False
D9,misspecified_constant_mu,273,84,5,1.8806955126049842,0.8653945499273887,2.4657311130000323,0.781646957433626,0.04525447270673066,0.10675149653879767,False,False
D9,misspecified_constant_mu,273,84,10,5.796348565141379,0.8320730205177513,6.891794163751029,0.7356192432199492,-0.09966365519682656,-0.11177234586696413,False,False
D9,misspecified_constant_mu,274,74,1,1.02663034138757,0.3109514196642037,0.7460792003843746,0.3877204253682546,-0.1154372099999689,-0.0984081891802435,False,False
D9,misspecified_constant_mu,274,74,2,1.0449456023592316,0.5930522330315218,0.7494301818498884,0.6874851216410662,-0.015312642660290842,-0.006549823620443856,False,False
D9,misspecified_constant_mu,274,74,5,1.8927381625062625,0.8637787978361193,2.370821138657994,0.7958113533676304,0.07256817126657818,-0.06447922367320152,False,False
D9,misspecified_constant_mu,274,74,10,8.791911341989687,0.5519593942876739,5.256344706408909,0.8734092435234984,0.04918948738037132,-0.05788800627943462,False,False
D9,misspecified_constant_mu,275,101,1,0.22556916157596857,0.6348288708392511,2.7617773502433464e-05,0.9958069272814908,-0.0465651025150646,0.0005152464788669101,False,False
D9,misspecified_constant_mu,275,101,2,0.3946010200273718,0.8209438943798193,0.0007835715406074625,0.9996082909677192,0.040107221940948797,0.002682167623574889,False,False
D9,misspecified_constant_mu,275,101,5,1.4919877786329732,0.9139925666600802,1.0805989724113765,0.9558065141317691,0.0313330993764406,-0.025342990216374206,False,False
D9,misspecified_constant_mu,275,101,10,6.318791170796864,0.7878065100201204,5.5956191302540175,0.8480170320820053,-0.13503919323178362,-0.13484614691550875,False,False
D9,misspecified_constant_mu,276,84,1,2.5177304841156816,0.11257249561279492,0.9278263881365515,0.33542837441756324,-0.17008060681875614,-0.1032484492758614,False,False
D9,misspecified_constant_mu,276,84,2,3.671882859618883,0.15946330756930505,2.3714644716623163,0.3055223831367,0.11445891702483531,0.12801098009789896,False,False
D9,misspecified_constant_mu,276,84,5,9.384427133709845,0.09467865663620578,7.604743215018666,0.17940651125577245,-0.07866407223710259,-0.09242559037809785,False,False
D9,misspecified_constant_mu,276,84,10,12.423066720071613,0.2577392453140377,10.56646717284323,0.3922753800944021,-0.13596707811103906,-0.13958044247469187,False,False
D9,misspecified_constant_mu,277,61,1,0.01958508980576885,0.8887020721081771,0.10008927860916127,0.7517225225302436,-0.01748651306132844,-0.03953067339544035,False,False
D9,misspecified_constant_mu,277,61,2,0.03277411487827624,0.9837464799632486,0.6490576918376166,0.7228678555616489,-0.014229746409273028,-0.09180461039537273,False,False
D9,misspecified_constant_mu,277,61,5,3.5941359838095934,0.6091939626534294,4.009215501192784,0.5480899068409989,-0.03345757018653807,-0.012074545577548439,False,False
D9,misspecified_constant_mu,277,61,10,11.84113759883357,0.2958293025019961,10.182255392845443,0.42465163999625477,0.2494407226260817,0.16580540760938203,False,False
