design,arm,parent_rep,b,seed_integer,seed_derivation_version,engine_hash,parent_input_hash,bootstrap_input_hash,bootstrap_output_hash,n_boot_events,refit_converged,D_boot,status
D7,primary,0,0,20260906070000000,bootstrap_seed_v1,81857728b78095013779b4d61403f621,62b94bdb0581db0e09832a03dcad2f77,82d01b0340b407718975957928a1d789,22ac5924e23ae5b1552196ed9025629e,60,True,0.11623341182279356,OK
D7,primary,0,1,20260906070000001,bootstrap_seed_v1,81857728b78095013779b4d61403f621,62b94bdb0581db0e09832a03dcad2f77,2cf0d98c5b9647d6b36bf25b2bb86cb0,273b998646ad43b56a9f5e3fb96e9015,68,True,0.08719677424886074,OK
D7,primary,0,2,20260906070000002,bootstrap_seed_v1,81857728b78095013779b4d61403f621,62b94bdb0581db0e09832a03dcad2f77,4efd61ba46cf2e6d12730239f573e801,d0e0daa9d97ee74067b61bab02cec23a,77,True,0.07416086313285719,OK
D7,primary,0,3,20260906070000003,bootstrap_seed_v1,81857728b78095013779b4d61403f621,62b94bdb0581db0e09832a03dcad2f77,513dd7e84bb4707d6a57cc8cdeacb8f0,77ad24c575c1fd970933a29283984139,77,True,0.05007510385175096,OK
D7,primary,0,4,20260906070000004,bootstrap_seed_v1,81857728b78095013779b4d61403f621,62b94bdb0581db0e09832a03dcad2f77,1cb068255af6b5cbb96578c8dd4aca52,b5e371128db684ff35aafdf00fa105fa,73,True,0.05243676922981855,OK
D7,primary,0,5,20260906070000005,bootstrap_seed_v1,81857728b78095013779b4d61403f621,62b94bdb0581db0e09832a03dcad2f77,1c7ad5d2397c45cd80656cc74327f729,87c7c1ec82a0fa2e61f74947b690c815,96,True,0.05020800734310671,OK
D7,primary,0,6,20260906070000006,bootstrap_seed_v1,81857728b78095013779b4d61403f621,62b94bdb0581db0e09832a03dcad2f77,e6405995cb79e1cd1a5311f7ff541745,a49af7b8206d9793d05cc43b311e4da8,72,True,0.059660249887414196,OK
D7,primary,0,7,20260906070000007,bootstrap_seed_v1,81857728b78095013779b4d61403f621,62b94bdb0581db0e09832a03dcad2f77,721c8f49373e3a6fa087943eda0924bf,648c740c2871ece6a9824a1c045f8cc7,77,True,0.056625922784047544,OK
D7,primary,0,8,20260906070000008,bootstrap_seed_v1,81857728b78095013779b4d61403f621,62b94bdb0581db0e09832a03dcad2f77,539972760a3adfd2e34ed4dc130b8d48,bfe9fa34e1899a35d81683285ce65de9,89,True,0.09217646031425697,OK
D7,primary,0,9,20260906070000009,bootstrap_seed_v1,81857728b78095013779b4d61403f621,62b94bdb0581db0e09832a03dcad2f77,b09ff1faa47e9221cd36760c8947f3f3,e9346fbee5e07abc7721ffbbe814d220,69,True,0.07200574714043706,OK
D7,primary,0,10,20260906070000010,bootstrap_seed_v1,81857728b78095013779b4d61403f621,62b94bdb0581db0e09832a03dcad2f77,544006176d8f8b31fd10988e39a5b8e7,7f8b38da3a70b27edc7f8d196e1991fb,99,True,0.058556892078776734,OK
D7,primary,0,11,20260906070000011,bootstrap_seed_v1,81857728b78095013779b4d61403f621,62b94bdb0581db0e09832a03dcad2f77,bbdfe88700dcc415fc33b7155116a896,16888126e860d3595f20ecb493bb995e,85,True,0.07106985850121406,OK
D7,primary,0,12,20260906070000012,bootstrap_seed_v1,81857728b78095013779b4d61403f621,62b94bdb0581db0e09832a03dcad2f77,10ca6e75f0e920a4a8dca3b1e421a3a1,08fc71eca2aeebbc090873f7202fd2cd,75,True,0.062063002934556466,OK
D7,primary,0,13,20260906070000013,bootstrap_seed_v1,81857728b78095013779b4d61403f621,62b94bdb0581db0e09832a03dcad2f77,bdca16073846f834f702167350c84ba0,11558bf804926093388331567793f6c5,77,True,0.05387628403355549,OK
D7,primary,0,14,20260906070000014,bootstrap_seed_v1,81857728b78095013779b4d61403f621,62b94bdb0581db0e09832a03dcad2f77,e1897e851592df2e7019d11f0a455a3f,b41aada0784a645c157b829654e27488,83,True,0.07946043659987401,OK
D7,primary,0,15,20260906070000015,bootstrap_seed_v1,81857728b78095013779b4d61403f621,62b94bdb0581db0e09832a03dcad2f77,a8bd56e4c4be5adb47bc3b4cd14d5aae,048245bc0092a19256f1770f742d324e,63,True,0.07251464392136375,OK
D7,primary,0,16,20260906070000016,bootstrap_seed_v1,81857728b78095013779b4d61403f621,62b94bdb0581db0e09832a03dcad2f77,b8d70896a512eeab8292bbb24c15a94f,d7ee67b54b30990941a251f291505c23,78,True,0.07836591649088043,OK
D7,primary,0,17,20260906070000017,bootstrap_seed_v1,81857728b78095013779b4d61403f621,62b94bdb0581db0e09832a03dcad2f77,af9278e2384b2bf26ac367f4e627fd86,c924aa8f17170e489b445013b54cc6c8,91,True,0.06428623678604539,OK
D7,primary,0,18,20260906070000018,bootstrap_seed_v1,81857728b78095013779b4d61403f621,62b94bdb0581db0e09832a03dcad2f77,f2fede04c706cb7bc62136330fce508c,f9f66e6c26a346d53d64ada51f528e93,63,True,0.12016681564187992,OK
D7,primary,0,19,20260906070000019,bootstrap_seed_v1,81857728b78095013779b4d61403f621,62b94bdb0581db0e09832a03dcad2f77,ed562b6bb4ff3878aa35ded98f32ea80,f57b2039005d142b01df53ff16e4db5b,68,True,0.08906018802920063,OK
D7,primary,0,20,20260906070000020,bootstrap_seed_v1,81857728b78095013779b4d61403f621,62b94bdb0581db0e09832a03dcad2f77,eab735f08cd9ebaeafaa279b21d21317,7c9725abfe3f9b6bbbd74c1e7f4de263,69,True,0.09012916772727342,OK
D7,primary,0,21,20260906070000021,bootstrap_seed_v1,81857728b78095013779b4d61403f621,62b94bdb0581db0e09832a03dcad2f77,bef20c2acbe9f9a4b3baf5596d07e4e5,12442e9717c850c23644441dfccdb7c2,90,True,0.05579153319581488,OK
D7,primary,0,22,20260906070000022,bootstrap_seed_v1,81857728b78095013779b4d61403f621,62b94bdb0581db0e09832a03dcad2f77,3d6a358b4cd7ce6a60989f6f3955a72b,7ce12ead535d4500f5008fa7f1e35311,90,True,0.0467356481481086,OK
D7,primary,0,23,20260906070000023,bootstrap_seed_v1,81857728b78095013779b4d61403f621,62b94bdb0581db0e09832a03dcad2f77,4d1ba51ff67af6cd51e95eedb5314e0c,490898406db0acdd6d6ab77fa9ae6fc0,95,True,0.07162701692632878,OK
D7,primary,0,24,20260906070000024,bootstrap_seed_v1,81857728b78095013779b4d61403f621,62b94bdb0581db0e09832a03dcad2f77,90ae787303ad706110522cf517a5fb0c,c03c279f0cebfc6148dd238c87c85abd,74,True,0.045917550707614385,OK
D7,primary,0,25,20260906070000025,bootstrap_seed_v1,81857728b78095013779b4d61403f621,62b94bdb0581db0e09832a03dcad2f77,954004bfc779e922bfeefcb27471e651,55c3cfc889bd29824499dcb2c7422671,106,True,0.04308200311863819,OK
D7,primary,0,26,20260906070000026,bootstrap_seed_v1,81857728b78095013779b4d61403f621,62b94bdb0581db0e09832a03dcad2f77,ec822ece0385aac7e62ad0020a982644,be73f6b36f08db15a0f30b20f4bf667f,98,True,0.07194790849858756,OK
D7,primary,0,27,20260906070000027,bootstrap_seed_v1,81857728b78095013779b4d61403f621,62b94bdb0581db0e09832a03dcad2f77,8c52d7cca4453919c710e8b60e72f5c3,8f2ed43d6defcaa3b91f192046a4dd58,79,True,0.05339791233300123,OK
D7,primary,0,28,20260906070000028,bootstrap_seed_v1,81857728b78095013779b4d61403f621,62b94bdb0581db0e09832a03dcad2f77,5a1bd834a9001c79f287066f90b94e18,55b42bc7b728fb3aaf104788b4db7192,88,True,0.08330095698747542,OK
D7,primary,0,29,20260906070000029,bootstrap_seed_v1,81857728b78095013779b4d61403f621,62b94bdb0581db0e09832a03dcad2f77,79badd2b801b337babcbeb20d2f554a8,cd8a7bf552899aba6af721204d79b05e,83,True,0.07049988909608013,OK
D7,primary,0,30,20260906070000030,bootstrap_seed_v1,81857728b78095013779b4d61403f621,62b94bdb0581db0e09832a03dcad2f77,631b2be8417bf6cb0a0ada98c68157af,e3664dac00cdd77de84c5cdd8f88e98d,59,True,0.10043458691163143,OK
D7,primary,0,31,20260906070000031,bootstrap_seed_v1,81857728b78095013779b4d61403f621,62b94bdb0581db0e09832a03dcad2f77,86d50e1981e867b48f7180d0b70613ae,a058a6c92acb4a02b4ba8ee90b2e6af3,84,True,0.09483567907392054,OK
D7,primary,0,32,20260906070000032,bootstrap_seed_v1,81857728b78095013779b4d61403f621,62b94bdb0581db0e09832a03dcad2f77,e0da91edcf03c96056aba896bb57a10e,1c23c3b7644b377677a01dca6eadee1d,84,True,0.07474814473118152,OK
D7,primary,0,33,20260906070000033,bootstrap_seed_v1,81857728b78095013779b4d61403f621,62b94bdb0581db0e09832a03dcad2f77,497729fe8d41e3fa84f5c4a2c84862fc,a85596fa3ff1f47faaf1e33ad76c6227,67,True,0.07739881697143025,OK
D7,primary,0,34,20260906070000034,bootstrap_seed_v1,81857728b78095013779b4d61403f621,62b94bdb0581db0e09832a03dcad2f77,1fa7be1b474a355ff04b19dbd4867a63,d26a3f3949e05effba7131214d515414,77,True,0.07098855111439117,OK
D7,primary,0,35,20260906070000035,bootstrap_seed_v1,81857728b78095013779b4d61403f621,62b94bdb0581db0e09832a03dcad2f77,aeb8f535453aaf345f3bfc546ebb0063,6620cf53541904049e1db409006351e6,69,True,0.11187613552622555,OK
D7,primary,0,36,20260906070000036,bootstrap_seed_v1,81857728b78095013779b4d61403f621,62b94bdb0581db0e09832a03dcad2f77,0f5ec237632a5a27667a14dca845b9da,cc320cc7858f3a7a4184160c0b99b296,86,True,0.050227328888454714,OK
D7,primary,0,37,20260906070000037,bootstrap_seed_v1,81857728b78095013779b4d61403f621,62b94bdb0581db0e09832a03dcad2f77,7706bd66473373f40f4bcf9496cd7f35,cfe706f0a451d2627fa025ccd75773a1,76,True,0.061517309255031516,OK
D7,primary,0,38,20260906070000038,bootstrap_seed_v1,81857728b78095013779b4d61403f621,62b94bdb0581db0e09832a03dcad2f77,d4827771c180e8a546ce0f14acb349f0,d66fce105eed362eca24f7a4aea50b9d,92,True,0.05332223508030576,OK
D7,primary,0,39,20260906070000039,bootstrap_seed_v1,81857728b78095013779b4d61403f621,62b94bdb0581db0e09832a03dcad2f77,9a9d56c6798e8dfa464ba94145e5ec33,1ad0dd071ae400023ab810352a752911,96,True,0.05815132704615322,OK
D7,primary,0,40,20260906070000040,bootstrap_seed_v1,81857728b78095013779b4d61403f621,62b94bdb0581db0e09832a03dcad2f77,1c4e0c88bfbea6d51490f7a51c5663e9,b13310e32d47354bcf83c0171d1c080c,70,True,0.05115830804280369,OK
D7,primary,0,41,20260906070000041,bootstrap_seed_v1,81857728b78095013779b4d61403f621,62b94bdb0581db0e09832a03dcad2f77,b048068f1c3620425da864bc02fc490b,a1483aed1e977bb604407e3b4d1616cb,74,True,0.09562865873183951,OK
D7,primary,0,42,20260906070000042,bootstrap_seed_v1,81857728b78095013779b4d61403f621,62b94bdb0581db0e09832a03dcad2f77,7373a5c7a61f9e4a685ae981ded52e84,c6bb0173feced42f8901d049bfc92d5f,95,True,0.08634917563525402,OK
D7,primary,0,43,20260906070000043,bootstrap_seed_v1,81857728b78095013779b4d61403f621,62b94bdb0581db0e09832a03dcad2f77,36bd2ea849e72752300778c013549d50,fde0a62bf25b72df4d3f00a7af613e5c,85,True,0.07691615299195248,OK
D7,primary,0,44,20260906070000044,bootstrap_seed_v1,81857728b78095013779b4d61403f621,62b94bdb0581db0e09832a03dcad2f77,cbbb5d008d48bb022b659d117871c794,a3f0dc0274bd8856e9b9f3d11b84ee1f,71,True,0.09424860786438893,OK
D7,primary,0,45,20260906070000045,bootstrap_seed_v1,81857728b78095013779b4d61403f621,62b94bdb0581db0e09832a03dcad2f77,05cdaa26ba64925def48c4d5f154c850,5a8f6fa60fadb264774a2064fac67ffb,95,True,0.06089438058565738,OK
D7,primary,0,46,20260906070000046,bootstrap_seed_v1,81857728b78095013779b4d61403f621,62b94bdb0581db0e09832a03dcad2f77,542abcc5e41c717d97261c87dd0198f1,94412e6f90ec17dcdbbc51df9fa1875f,88,True,0.11752877792161542,OK
D7,primary,0,47,20260906070000047,bootstrap_seed_v1,81857728b78095013779b4d61403f621,62b94bdb0581db0e09832a03dcad2f77,460488edf6e22d88e528541dde5f2efc,25bd277a8ea7c3210c9e5c5b8d8e1eec,80,True,0.07007384159628277,OK
D7,primary,0,48,20260906070000048,bootstrap_seed_v1,81857728b78095013779b4d61403f621,62b94bdb0581db0e09832a03dcad2f77,998f1db8feeb34aa112d69a756846ba1,785131c2404e62459ca1ca2b59244daa,92,True,0.040344096813001884,OK
D7,primary,0,49,20260906070000049,bootstrap_seed_v1,81857728b78095013779b4d61403f621,62b94bdb0581db0e09832a03dcad2f77,a859c73e0f9b817d6046255270eb7f7a,70dd6add6c855c16b104938a56c62c98,81,True,0.07035037159118973,OK
D7,primary,0,50,20260906070000050,bootstrap_seed_v1,81857728b78095013779b4d61403f621,62b94bdb0581db0e09832a03dcad2f77,99f12dae82109ee579ea029231e89d3c,597ba3e73a863feaadccbd0b35e2f640,65,True,0.06736528309597123,OK
D7,primary,0,51,20260906070000051,bootstrap_seed_v1,81857728b78095013779b4d61403f621,62b94bdb0581db0e09832a03dcad2f77,0b517a3ce142f7af51af4c11ad38c6c8,1ebc1da2cf32936962a9c1f7170a0ccc,71,True,0.06712538851647665,OK
D7,primary,0,52,20260906070000052,bootstrap_seed_v1,81857728b78095013779b4d61403f621,62b94bdb0581db0e09832a03dcad2f77,8d7c0bd0206f37d4d707bd81239abad5,451a71681024bd8fa05b2141fa1b6e52,84,True,0.06099294936200783,OK
D7,primary,0,53,20260906070000053,bootstrap_seed_v1,81857728b78095013779b4d61403f621,62b94bdb0581db0e09832a03dcad2f77,b13cdbe87ece049c7b098db4462b0f42,17c2d1b536579678645817d2b26d99ce,67,True,0.06114859242193235,OK
D7,primary,0,54,20260906070000054,bootstrap_seed_v1,81857728b78095013779b4d61403f621,62b94bdb0581db0e09832a03dcad2f77,e27969922335d1620e8e6ca64fd7dfd0,3429eabb27fdbbd64e406a65ba9e62e1,77,True,0.05440062082602043,OK
D7,primary,0,55,20260906070000055,bootstrap_seed_v1,81857728b78095013779b4d61403f621,62b94bdb0581db0e09832a03dcad2f77,8ecccbb9659344a3e3c2cdb8a06228c1,b9cfa53fbdcb05315629cd71e430fd2d,74,True,0.07865952495674267,OK
D7,primary,0,56,20260906070000056,bootstrap_seed_v1,81857728b78095013779b4d61403f621,62b94bdb0581db0e09832a03dcad2f77,ced68bb479b080f74c1150518d03155e,19aa35cbe1f1de544849c766b8628978,84,True,0.054696275700341634,OK
D7,primary,0,57,20260906070000057,bootstrap_seed_v1,81857728b78095013779b4d61403f621,62b94bdb0581db0e09832a03dcad2f77,be12398fea964be487a257967dd1d11c,13e814d169c73b84e4675a92eb26f43e,85,True,0.12362389749980934,OK
D7,primary,0,58,20260906070000058,bootstrap_seed_v1,81857728b78095013779b4d61403f621,62b94bdb0581db0e09832a03dcad2f77,445e71db3142aaf66f1dd95a1f1483b2,580b85d28c4acc20a09726277d055d77,80,True,0.06179387514164003,OK
D7,primary,0,59,20260906070000059,bootstrap_seed_v1,81857728b78095013779b4d61403f621,62b94bdb0581db0e09832a03dcad2f77,0cf935b77e807af5e0282f46f7cbbd9a,c2b4cf957f1b67187e6e2afe7767dc5f,59,True,0.10842696666161222,OK
D7,primary,0,60,20260906070000060,bootstrap_seed_v1,81857728b78095013779b4d61403f621,62b94bdb0581db0e09832a03dcad2f77,90688fac0ed8f991e09aeb71b138699a,70c6f8c6b12d1d2cd416a2daa7ea50bd,65,True,0.08436509463239272,OK
D7,primary,0,61,20260906070000061,bootstrap_seed_v1,81857728b78095013779b4d61403f621,62b94bdb0581db0e09832a03dcad2f77,840e9927551a48018b1c910bc5b2ed13,437ee744b094f2deef165517fc3c1911,84,True,0.05435397705394218,OK
D7,primary,0,62,20260906070000062,bootstrap_seed_v1,81857728b78095013779b4d61403f621,62b94bdb0581db0e09832a03dcad2f77,85d1ba259206ed2d8606171fc5ece9c7,f30cc85535116acf8e64a0eb9484bb18,87,True,0.053915712845353125,OK
D7,primary,0,63,20260906070000063,bootstrap_seed_v1,81857728b78095013779b4d61403f621,62b94bdb0581db0e09832a03dcad2f77,4ec10d99d1229e0409850c10774cb643,d0662768e4ef1fa9c6ebe76112ee440d,83,True,0.0730039611668743,OK
D7,primary,0,64,20260906070000064,bootstrap_seed_v1,81857728b78095013779b4d61403f621,62b94bdb0581db0e09832a03dcad2f77,67141b41f02fb5b37b1d23c8f0ea9c70,fc633bf7ca66f18f776ef308b1888fc2,61,True,0.08034707522086748,OK
D7,primary,0,65,20260906070000065,bootstrap_seed_v1,81857728b78095013779b4d61403f621,62b94bdb0581db0e09832a03dcad2f77,aa6674f6b1cc0dbcb028f6ed453b5f63,bb42b03210bd2fe5ce91dc95b3a47c45,77,True,0.056205861035483196,OK
D7,primary,0,66,20260906070000066,bootstrap_seed_v1,81857728b78095013779b4d61403f621,62b94bdb0581db0e09832a03dcad2f77,502b82503323e0626c3780482db6445d,b06e2fcde372d6c1c66dac9bd0a0d7ee,89,True,0.06900188277291708,OK
D7,primary,0,67,20260906070000067,bootstrap_seed_v1,81857728b78095013779b4d61403f621,62b94bdb0581db0e09832a03dcad2f77,076e7d033b6a74d963f4f6cd6cb7f86d,d13554f2be0c082cc9c3591fb7d1fda1,81,True,0.06560267490202493,OK
D7,primary,0,68,20260906070000068,bootstrap_seed_v1,81857728b78095013779b4d61403f621,62b94bdb0581db0e09832a03dcad2f77,d5bd3a6a7ac3908c9af2f299aaf9185c,3e3882fdce5511afe71a2dd8d1a0d391,72,True,0.06798240625414487,OK
D7,primary,0,69,20260906070000069,bootstrap_seed_v1,81857728b78095013779b4d61403f621,62b94bdb0581db0e09832a03dcad2f77,5de8260f98b72be58af846d04f4ab969,28c8ac0ae761ca1f98043865a49eda4d,84,True,0.04997840524417568,OK
D7,primary,0,70,20260906070000070,bootstrap_seed_v1,81857728b78095013779b4d61403f621,62b94bdb0581db0e09832a03dcad2f77,2b0ac4e71a3574997d3ddf70d836d28d,e8ee474fb6ff4ea40434a2c87f5a4d65,83,True,0.04517215699703048,OK
D7,primary,0,71,20260906070000071,bootstrap_seed_v1,81857728b78095013779b4d61403f621,62b94bdb0581db0e09832a03dcad2f77,ee14b6ff1ab2d5c2bbdd24bee93910d2,df75a68047673e9f9f9597fd41be4e16,84,True,0.06985949647157863,OK
D7,primary,0,72,20260906070000072,bootstrap_seed_v1,81857728b78095013779b4d61403f621,62b94bdb0581db0e09832a03dcad2f77,80fd69edd6ce82b95770e7e0965ce218,908e3e00828c93720258ce71aea3b56f,92,True,0.036303355890795475,OK
D7,primary,0,73,20260906070000073,bootstrap_seed_v1,81857728b78095013779b4d61403f621,62b94bdb0581db0e09832a03dcad2f77,f39b16e2fd096bd1cdc8bcadd873e2de,c18586e8949d5415ba6e119299676c74,92,True,0.08643867311518127,OK
D7,primary,0,74,20260906070000074,bootstrap_seed_v1,81857728b78095013779b4d61403f621,62b94bdb0581db0e09832a03dcad2f77,b9a2364dcc66e4efc8865cb06fdae898,c4af8b2f1712bf56af0997b00416708a,93,True,0.07979410158823541,OK
D7,primary,0,75,20260906070000075,bootstrap_seed_v1,81857728b78095013779b4d61403f621,62b94bdb0581db0e09832a03dcad2f77,1e264282a15d75d83b2be69f3c1393e4,1c01b9be5e88401e173f6abc6affcb16,91,True,0.06224238905902313,OK
D7,primary,0,76,20260906070000076,bootstrap_seed_v1,81857728b78095013779b4d61403f621,62b94bdb0581db0e09832a03dcad2f77,a8d38d5dec3db8cd6d6e17d8ac0b246a,d5eb359050dc5d5c86bb26f04a943511,90,True,0.060020857575007636,OK
D7,primary,0,77,20260906070000077,bootstrap_seed_v1,81857728b78095013779b4d61403f621,62b94bdb0581db0e09832a03dcad2f77,abad97dcdb88d513212a68343c15f18d,61f947ed952d5ec01d577c0dfc7402a5,81,True,0.05766797155543102,OK
D7,primary,0,78,20260906070000078,bootstrap_seed_v1,81857728b78095013779b4d61403f621,62b94bdb0581db0e09832a03dcad2f77,91ce6a22a9105166c4b78840567153cf,257747d182728ada13d9d9668ae57bfb,76,True,0.08134975457158156,OK
D7,primary,0,79,20260906070000079,bootstrap_seed_v1,81857728b78095013779b4d61403f621,62b94bdb0581db0e09832a03dcad2f77,7edd5938f7d3cb577a5a130bc02685b5,2a105173a0ac06110fc35efc50d7203b,73,True,0.06065123632643765,OK
D7,primary,0,80,20260906070000080,bootstrap_seed_v1,81857728b78095013779b4d61403f621,62b94bdb0581db0e09832a03dcad2f77,e07b082bfc70c039cc86cb4b1fd33131,c9fbd0586fc48ddb036a77e327ca2b1f,92,True,0.05004036415317126,OK
D7,primary,0,81,20260906070000081,bootstrap_seed_v1,81857728b78095013779b4d61403f621,62b94bdb0581db0e09832a03dcad2f77,8dbf5bcaa2726759f221c0bb4a718283,50ff6853c995001d9ccd7fbd8ab21e7e,79,True,0.04445522383599404,OK
D7,primary,0,82,20260906070000082,bootstrap_seed_v1,81857728b78095013779b4d61403f621,62b94bdb0581db0e09832a03dcad2f77,c2ed0da3cc78f1e0af6189c5cc6e0885,cc12e36d7b7c13f2fd740780ae748786,85,True,0.08031194455361834,OK
D7,primary,0,83,20260906070000083,bootstrap_seed_v1,81857728b78095013779b4d61403f621,62b94bdb0581db0e09832a03dcad2f77,5b91d53b34a9c36a624a6e7183c33725,005ac0e1ad5314c4bcc7870805055b76,82,True,0.08315407637748218,OK
D7,primary,0,84,20260906070000084,bootstrap_seed_v1,81857728b78095013779b4d61403f621,62b94bdb0581db0e09832a03dcad2f77,a657ddaae13f6cbc9526919e979f47d4,b1db5a48a1cf752cb33c1b315beb0e3e,101,True,0.0560513939165051,OK
D7,primary,0,85,20260906070000085,bootstrap_seed_v1,81857728b78095013779b4d61403f621,62b94bdb0581db0e09832a03dcad2f77,4fd0cd1532a51ff350365f30c5abd909,f97be0db86cb25709205ef6701a36682,82,True,0.0870309065399536,OK
D7,primary,0,86,20260906070000086,bootstrap_seed_v1,81857728b78095013779b4d61403f621,62b94bdb0581db0e09832a03dcad2f77,551678e7eb7812a9db5479156efb72d2,3924af58e019d098243c465f79149838,85,True,0.05959561172230299,OK
D7,primary,0,87,20260906070000087,bootstrap_seed_v1,81857728b78095013779b4d61403f621,62b94bdb0581db0e09832a03dcad2f77,b752ec3b15ce84e4661fda22f26e719b,2cd6638cdcdb8ecb471faafa8d276510,75,True,0.06037999867164334,OK
D7,primary,0,88,20260906070000088,bootstrap_seed_v1,81857728b78095013779b4d61403f621,62b94bdb0581db0e09832a03dcad2f77,ef5d1db765e8dc0da93400bc9eff29a1,7f3cfb3b75baa48f923a90edfda9a399,72,True,0.09817199682722244,OK
D7,primary,0,89,20260906070000089,bootstrap_seed_v1,81857728b78095013779b4d61403f621,62b94bdb0581db0e09832a03dcad2f77,b5b50b28ca7a06fcccb90aded0e139f4,588768b375019287e3d4c2f5446a26c1,76,True,0.07608723712920676,OK
D7,primary,0,90,20260906070000090,bootstrap_seed_v1,81857728b78095013779b4d61403f621,62b94bdb0581db0e09832a03dcad2f77,8683b1a9be16c4532fbbbf7a9c4dba61,8b05ead6f4df7019f6bc4c95d13144ca,71,True,0.10525475840065712,OK
D7,primary,0,91,20260906070000091,bootstrap_seed_v1,81857728b78095013779b4d61403f621,62b94bdb0581db0e09832a03dcad2f77,3c10cad73eb4e801c260ae625ab3b9f6,5b6f67c7a41ce79f487374a4d4f5f041,78,True,0.07048223481294164,OK
D7,primary,0,92,20260906070000092,bootstrap_seed_v1,81857728b78095013779b4d61403f621,62b94bdb0581db0e09832a03dcad2f77,5c875c1053085cb9a8edda97056d1b4d,42cc348693aaf71b1abeef0738f3e6f1,62,True,0.06394353575672707,OK
D7,primary,0,93,20260906070000093,bootstrap_seed_v1,81857728b78095013779b4d61403f621,62b94bdb0581db0e09832a03dcad2f77,c7d4c748d8b7d4800082362cc7d8d565,cb66244909acd7c206b0dc69f6ef84c0,82,True,0.04674580336975989,OK
D7,primary,0,94,20260906070000094,bootstrap_seed_v1,81857728b78095013779b4d61403f621,62b94bdb0581db0e09832a03dcad2f77,ffcab76ddf54e166b797a28b2893b9fc,15764961f2fec71a9f5473305a078c29,90,True,0.057592123591014954,OK
D7,primary,0,95,20260906070000095,bootstrap_seed_v1,81857728b78095013779b4d61403f621,62b94bdb0581db0e09832a03dcad2f77,df9f3949dce1c47e4b3f08cf171c5fd0,e9110a35cde0b3a12cccfcb5b083397c,91,True,0.040673845830003885,OK
D7,primary,0,96,20260906070000096,bootstrap_seed_v1,81857728b78095013779b4d61403f621,62b94bdb0581db0e09832a03dcad2f77,763791a84056b35dca0478f943b26569,fda7b5e5caf8e26e7158c11dc06cdc70,86,True,0.06957903370510587,OK
D7,primary,0,97,20260906070000097,bootstrap_seed_v1,81857728b78095013779b4d61403f621,62b94bdb0581db0e09832a03dcad2f77,3ceafd1499aba3864f2cd40be88b517f,8421c9e9db389c153994cc37343cde53,87,True,0.07459537469403288,OK
D7,primary,0,98,20260906070000098,bootstrap_seed_v1,81857728b78095013779b4d61403f621,62b94bdb0581db0e09832a03dcad2f77,b17f2ba532c6cb7e4028eb0e3e9cfeb3,d315e725c89dd2f1ed07470e045224dc,82,True,0.05285969216163067,OK
D7,primary,0,99,20260906070000099,bootstrap_seed_v1,81857728b78095013779b4d61403f621,62b94bdb0581db0e09832a03dcad2f77,cb882ed2c998ad52332c3b7a3b897dea,0520f25b27ebdf9c745065337af95bf7,73,True,0.08394236389631066,OK
D7,primary,0,100,20260906070000100,bootstrap_seed_v1,81857728b78095013779b4d61403f621,62b94bdb0581db0e09832a03dcad2f77,1645e3112dc2e850f0c946486b9e2901,87f0fbdee591cfb9b9ff611021405df6,82,True,0.11253301384314712,OK
D7,primary,0,101,20260906070000101,bootstrap_seed_v1,81857728b78095013779b4d61403f621,62b94bdb0581db0e09832a03dcad2f77,7ccd9671207ce5fdad4cb38a3e853e62,e87e5202fba7c497799a875b90f09908,93,True,0.05534376646216557,OK
D7,primary,0,102,20260906070000102,bootstrap_seed_v1,81857728b78095013779b4d61403f621,62b94bdb0581db0e09832a03dcad2f77,ed5ddaa42e7d7ebe4ada75f37d2a93e3,128e19d8a6430c3ea366806b3f53f321,82,True,0.06106508930250948,OK
D7,primary,0,103,20260906070000103,bootstrap_seed_v1,81857728b78095013779b4d61403f621,62b94bdb0581db0e09832a03dcad2f77,41be2583fdb1a9948ecdda6a6e3b1a20,054c5bd52498e30aae40eb7bf673266f,101,True,0.08015644733329505,OK
D7,primary,0,104,20260906070000104,bootstrap_seed_v1,81857728b78095013779b4d61403f621,62b94bdb0581db0e09832a03dcad2f77,f59d82e58c9f452f907c7421fd5b4c95,e5cb873612be42019c1dacec4d14b5e3,75,True,0.06568599672040165,OK
D7,primary,0,105,20260906070000105,bootstrap_seed_v1,81857728b78095013779b4d61403f621,62b94bdb0581db0e09832a03dcad2f77,0d7f2927aba72d2b6f09facfd7387625,ac9fd600d36987600245a3d3bde7a54f,96,True,0.0655322206503256,OK
D7,primary,0,106,20260906070000106,bootstrap_seed_v1,81857728b78095013779b4d61403f621,62b94bdb0581db0e09832a03dcad2f77,b3debbdb007c94a10af59e4e2d2a5e26,b0aa28502ed6f89f93f2510e4fc19d09,101,True,0.10428380011697891,OK
D7,primary,0,107,20260906070000107,bootstrap_seed_v1,81857728b78095013779b4d61403f621,62b94bdb0581db0e09832a03dcad2f77,b72bf86f78486bb11d6422bb43f0d2e6,66b787c6725896bdccf4cb922a93527f,78,True,0.09297324233838122,OK
D7,primary,0,108,20260906070000108,bootstrap_seed_v1,81857728b78095013779b4d61403f621,62b94bdb0581db0e09832a03dcad2f77,2422f5e54f2dcc7b42e9dc42fe669d03,9d05b914ec31e9f576f4f363bbca94e9,71,True,0.06102904470827453,OK
D7,primary,0,109,20260906070000109,bootstrap_seed_v1,81857728b78095013779b4d61403f621,62b94bdb0581db0e09832a03dcad2f77,9a11416e9e9036fb8ce02ace9010e11d,dc74de73addd9418206d4b286319ecd6,79,True,0.03659708486666846,OK
D7,primary,0,110,20260906070000110,bootstrap_seed_v1,81857728b78095013779b4d61403f621,62b94bdb0581db0e09832a03dcad2f77,13a2bf89615fe353df4aa7b0375b595a,fc781a332b66731c16501b5ab24679b7,61,True,0.07182683293063241,OK
D7,primary,0,111,20260906070000111,bootstrap_seed_v1,81857728b78095013779b4d61403f621,62b94bdb0581db0e09832a03dcad2f77,0d1afbd5d63ce9207902e6c91e82a927,4761eb22ea5e17682a2210b522a85140,80,True,0.04653958822816551,OK
D7,primary,0,112,20260906070000112,bootstrap_seed_v1,81857728b78095013779b4d61403f621,62b94bdb0581db0e09832a03dcad2f77,da5dcb2af2e5bee6e915e98c6afab768,26f9b5794a15ae226cb8dbde306b40c4,89,True,0.06321770388431125,OK
D7,primary,0,113,20260906070000113,bootstrap_seed_v1,81857728b78095013779b4d61403f621,62b94bdb0581db0e09832a03dcad2f77,bffd9d8d19f621c6a7e304f37e7a7dc6,db85bb5be969ad17c50711d2a9f27d79,78,True,0.0716787939861595,OK
D7,primary,0,114,20260906070000114,bootstrap_seed_v1,81857728b78095013779b4d61403f621,62b94bdb0581db0e09832a03dcad2f77,29a8aaf5d248f67a7dd19f99e623d61b,4354ee2f75949feb23b9e8250fa8510d,92,True,0.0847917669389252,OK
D7,primary,0,115,20260906070000115,bootstrap_seed_v1,81857728b78095013779b4d61403f621,62b94bdb0581db0e09832a03dcad2f77,f7c930080b51ddbf9d53fe5bf15afa5a,bdd90325956d21aebfe8a1268ad3b6ce,83,True,0.07758931709049394,OK
D7,primary,0,116,20260906070000116,bootstrap_seed_v1,81857728b78095013779b4d61403f621,62b94bdb0581db0e09832a03dcad2f77,7d0027762cb73e9bbf7bd4c71920d510,ab31be0eeaaffe83acd886d7d8cee685,82,True,0.06367365899930805,OK
D7,primary,0,117,20260906070000117,bootstrap_seed_v1,81857728b78095013779b4d61403f621,62b94bdb0581db0e09832a03dcad2f77,0e155ed77bfd087e4f7f4ec7233126e1,eaef2fe19c1001ea4c85304582a79cb6,80,True,0.06460838337789876,OK
D7,primary,0,118,20260906070000118,bootstrap_seed_v1,81857728b78095013779b4d61403f621,62b94bdb0581db0e09832a03dcad2f77,a63723ab6e20e0eedc6b2b4cf7683dcc,ec94b4bd35de0f793e40b19420947c66,72,True,0.1036437252004262,OK
D7,primary,0,119,20260906070000119,bootstrap_seed_v1,81857728b78095013779b4d61403f621,62b94bdb0581db0e09832a03dcad2f77,a48c7b6f97b494add0420a176d94e317,a0c0d64d812998ad39a74d8753ef63cc,76,True,0.057652434236245664,OK
D7,primary,0,120,20260906070000120,bootstrap_seed_v1,81857728b78095013779b4d61403f621,62b94bdb0581db0e09832a03dcad2f77,be5c7cc71ccbe8822e15c94cf416ecd6,38735ccb49565f43a05f988cbd5aeaf6,87,True,0.07155499770894497,OK
D7,primary,0,121,20260906070000121,bootstrap_seed_v1,81857728b78095013779b4d61403f621,62b94bdb0581db0e09832a03dcad2f77,a87515463cc8ad39e8a2b3947ddde2c3,fdd06b83097e2d7a7fd6b1c61a1eb1a2,75,True,0.08021587070775194,OK
D7,primary,0,122,20260906070000122,bootstrap_seed_v1,81857728b78095013779b4d61403f621,62b94bdb0581db0e09832a03dcad2f77,aa87f7090a3dd09f12f5ff483521ce68,d867f0e70304fdceb39d03fb58a84690,64,True,0.0705998592785827,OK
D7,primary,0,123,20260906070000123,bootstrap_seed_v1,81857728b78095013779b4d61403f621,62b94bdb0581db0e09832a03dcad2f77,1664ef6573d0bd2ff8dad543cd83b347,a28c064f1348b039040227854fe3af4d,92,True,0.04353053778933946,OK
D7,primary,0,124,20260906070000124,bootstrap_seed_v1,81857728b78095013779b4d61403f621,62b94bdb0581db0e09832a03dcad2f77,40a111be61b2cb3c9d11472af9b8321b,e51b01f32dfa0494ff674a7aea82113b,67,True,0.06507918815416214,OK
D7,primary,0,125,20260906070000125,bootstrap_seed_v1,81857728b78095013779b4d61403f621,62b94bdb0581db0e09832a03dcad2f77,93761ed0699c359f8a0c63468cf1894b,3c6175ce134b3dc4e170a5b6d5f8c84e,93,True,0.06804057809694541,OK
D7,primary,0,126,20260906070000126,bootstrap_seed_v1,81857728b78095013779b4d61403f621,62b94bdb0581db0e09832a03dcad2f77,ee7cc7f7f14231f03e9c093f94dd58b0,abea143900bd6d96edfffd3f776921a3,87,True,0.06040290005449955,OK
D7,primary,0,127,20260906070000127,bootstrap_seed_v1,81857728b78095013779b4d61403f621,62b94bdb0581db0e09832a03dcad2f77,8e1a8a639f58dd5c2b93787b1f24dd4e,23db4710f70aba7ed8eea5f19f38bb95,62,True,0.08192151384578905,OK
D7,primary,0,128,20260906070000128,bootstrap_seed_v1,81857728b78095013779b4d61403f621,62b94bdb0581db0e09832a03dcad2f77,1260d3d7b795f8b1cf3b7f45a8105520,395f6f70ddb203cd51c918300d8330a2,83,True,0.047837998304240625,OK
D7,primary,0,129,20260906070000129,bootstrap_seed_v1,81857728b78095013779b4d61403f621,62b94bdb0581db0e09832a03dcad2f77,04bb60f6832533b149b441bc6869a975,142288c1326761ae9c7a49cbd509439d,91,True,0.058513435704123484,OK
D7,primary,0,130,20260906070000130,bootstrap_seed_v1,81857728b78095013779b4d61403f621,62b94bdb0581db0e09832a03dcad2f77,02b090172f61a7b1cc9c3321a1a38e3e,18941291098e82081c1e997a66e6a1bd,73,True,0.058921092212041726,OK
D7,primary,0,131,20260906070000131,bootstrap_seed_v1,81857728b78095013779b4d61403f621,62b94bdb0581db0e09832a03dcad2f77,ff21aa57195be8d8cb4dcb7352c9193f,55c96107b343e29bb45c907498bc42c9,107,True,0.07167653781476246,OK
D7,primary,0,132,20260906070000132,bootstrap_seed_v1,81857728b78095013779b4d61403f621,62b94bdb0581db0e09832a03dcad2f77,9603822f876067a03c148cc15237cc90,bee53923e2a4f007b1429f1c47bfb346,77,True,0.0644209489858022,OK
D7,primary,0,133,20260906070000133,bootstrap_seed_v1,81857728b78095013779b4d61403f621,62b94bdb0581db0e09832a03dcad2f77,867b815bdc8d9c9c5a21e784fb04a52b,29307a6f2459fd0ab62fb43f46d992cf,77,True,0.07918578831507683,OK
D7,primary,0,134,20260906070000134,bootstrap_seed_v1,81857728b78095013779b4d61403f621,62b94bdb0581db0e09832a03dcad2f77,a195d803c80b66bed7a3975ddcb64fae,fd05f7e07af25519b75ff51c47401684,77,True,0.05813264039241878,OK
D7,primary,0,135,20260906070000135,bootstrap_seed_v1,81857728b78095013779b4d61403f621,62b94bdb0581db0e09832a03dcad2f77,35ff135aa71bfaa1e7ac149e70ee2ec0,1798ae6a7e3c932b27144ea869cba3bf,82,True,0.05147997287605899,OK
D7,primary,0,136,20260906070000136,bootstrap_seed_v1,81857728b78095013779b4d61403f621,62b94bdb0581db0e09832a03dcad2f77,89ae67d3c2fd53ce5f728ee04abb93ef,379909ffdf69685cfec05d75b5dccd2c,104,True,0.07291413446281025,OK
D7,primary,0,137,20260906070000137,bootstrap_seed_v1,81857728b78095013779b4d61403f621,62b94bdb0581db0e09832a03dcad2f77,9259f788cf8f8d066fc8d17eb45e1002,c725311ec206206f00ce51da6bfe839e,89,True,0.059930083979699844,OK
D7,primary,0,138,20260906070000138,bootstrap_seed_v1,81857728b78095013779b4d61403f621,62b94bdb0581db0e09832a03dcad2f77,c791a584107626542750c2e2229c5850,4cf196801cc855aba17905cad949d747,83,True,0.06311440691879056,OK
D7,primary,0,139,20260906070000139,bootstrap_seed_v1,81857728b78095013779b4d61403f621,62b94bdb0581db0e09832a03dcad2f77,1e49aadf757144c846e371d0edd8285a,d0632fa41e99a3ed7ec4965bc1b5f42d,78,True,0.07406729859544192,OK
D7,primary,0,140,20260906070000140,bootstrap_seed_v1,81857728b78095013779b4d61403f621,62b94bdb0581db0e09832a03dcad2f77,51557f7497340a24aae18eb0ebc75f6d,60434697554e2f3ee2c8cd15c68e1707,69,True,0.08021661390301038,OK
D7,primary,0,141,20260906070000141,bootstrap_seed_v1,81857728b78095013779b4d61403f621,62b94bdb0581db0e09832a03dcad2f77,6a958dc6e09f50a60fc8eafb46f93a36,802b0513d6173e0c7236ea123176be15,95,True,0.0667893743592739,OK
D7,primary,0,142,20260906070000142,bootstrap_seed_v1,81857728b78095013779b4d61403f621,62b94bdb0581db0e09832a03dcad2f77,680f17f02a9a74d5c1ae3415669f1760,e02282d8fbfda0668135dde58f8fcfe3,87,True,0.04817999340265555,OK
D7,primary,0,143,20260906070000143,bootstrap_seed_v1,81857728b78095013779b4d61403f621,62b94bdb0581db0e09832a03dcad2f77,a30baedb2f2d7bc36f42d72375635b87,e41f4617ba1ad21a0f16c548a0929c1c,83,True,0.05665676279728138,OK
D7,primary,0,144,20260906070000144,bootstrap_seed_v1,81857728b78095013779b4d61403f621,62b94bdb0581db0e09832a03dcad2f77,a63ba034879302ca1473f98b4302d811,dfba74f61c14b697c3f35707de65b4b2,75,True,0.0806839129136914,OK
D7,primary,0,145,20260906070000145,bootstrap_seed_v1,81857728b78095013779b4d61403f621,62b94bdb0581db0e09832a03dcad2f77,5a2d77d43906a129107a813b9f28ecc5,440326eb0ec39275d2e89188f7f59298,65,True,0.058384513198675436,OK
D7,primary,0,146,20260906070000146,bootstrap_seed_v1,81857728b78095013779b4d61403f621,62b94bdb0581db0e09832a03dcad2f77,d615eb295d958fe365cda999b75f31e0,7e49124abc036dbcacc238747ccdb035,91,True,0.0599074867588989,OK
D7,primary,0,147,20260906070000147,bootstrap_seed_v1,81857728b78095013779b4d61403f621,62b94bdb0581db0e09832a03dcad2f77,7dc6b42e3b4bb824ed1392d0433d766c,48b9719a2e05a95fd3b163749b65e38e,84,True,0.08296185905550474,OK
D7,primary,0,148,20260906070000148,bootstrap_seed_v1,81857728b78095013779b4d61403f621,62b94bdb0581db0e09832a03dcad2f77,5794746a10cfa0c885fb8cd8a9dcc9c0,51d0eb66a9c5fb13507db813b74e0fb8,84,True,0.059253805921717695,OK
D7,primary,0,149,20260906070000149,bootstrap_seed_v1,81857728b78095013779b4d61403f621,62b94bdb0581db0e09832a03dcad2f77,44ea70a3560147eeea8f862fe8ee3256,fce74b97b29aa1ac9a440a2538b50625,68,True,0.11177233868445013,OK
D7,primary,0,150,20260906070000150,bootstrap_seed_v1,81857728b78095013779b4d61403f621,62b94bdb0581db0e09832a03dcad2f77,d2caade75da3e38a5c128ee50467d67b,65d24682740683a88669f0dd588606dd,96,True,0.07630836491502846,OK
D7,primary,0,151,20260906070000151,bootstrap_seed_v1,81857728b78095013779b4d61403f621,62b94bdb0581db0e09832a03dcad2f77,bb032573f4de25bd0a2caf3049e1ac23,b88423d7b756eccce570843a8163363e,78,True,0.04403769674958857,OK
D7,primary,0,152,20260906070000152,bootstrap_seed_v1,81857728b78095013779b4d61403f621,62b94bdb0581db0e09832a03dcad2f77,171844ccbed50ddce2dbe59127c29575,94d1280182515b235f6e443e8ea4ca72,82,True,0.054136404784084546,OK
D7,primary,0,153,20260906070000153,bootstrap_seed_v1,81857728b78095013779b4d61403f621,62b94bdb0581db0e09832a03dcad2f77,c770ee6e809ed2bd72ceec4cb260b4be,9506434ff256cdc510bade7d8e79dcd7,67,True,0.0701406544849209,OK
D7,primary,0,154,20260906070000154,bootstrap_seed_v1,81857728b78095013779b4d61403f621,62b94bdb0581db0e09832a03dcad2f77,f47a12ab1be7c6015607b0c693a3a20d,48bf7c7df9ee5830a2881828f085c690,89,True,0.07801427924109089,OK
D7,primary,0,155,20260906070000155,bootstrap_seed_v1,81857728b78095013779b4d61403f621,62b94bdb0581db0e09832a03dcad2f77,daf95074475c22bb0b882ed95eb76131,0bd2b73866ddaacd53c8c8e6a177cdf4,93,True,0.049137810233765955,OK
D7,primary,0,156,20260906070000156,bootstrap_seed_v1,81857728b78095013779b4d61403f621,62b94bdb0581db0e09832a03dcad2f77,f8b7b49066a827d7ec40e1f797a95bf2,c6048726c17f8f317b464affc34b7d7c,105,True,0.0638295608887871,OK
D7,primary,0,157,20260906070000157,bootstrap_seed_v1,81857728b78095013779b4d61403f621,62b94bdb0581db0e09832a03dcad2f77,dca60ec53838026754620b6c946ae4b0,7c16e18e51e609485da77c0a3369f6c3,115,True,0.07079433322881767,OK
D7,primary,0,158,20260906070000158,bootstrap_seed_v1,81857728b78095013779b4d61403f621,62b94bdb0581db0e09832a03dcad2f77,2072ddf9853c1c898a8c7629aac3c503,1ac03faccfffb28fab3165515606f9b2,93,True,0.053754591255312484,OK
D7,primary,0,159,20260906070000159,bootstrap_seed_v1,81857728b78095013779b4d61403f621,62b94bdb0581db0e09832a03dcad2f77,bae4af61a7251eab94e5405f7a714770,19d30d54ac81f7d244f14f3644455b7d,84,True,0.039091658301156684,OK
D7,primary,0,160,20260906070000160,bootstrap_seed_v1,81857728b78095013779b4d61403f621,62b94bdb0581db0e09832a03dcad2f77,48badb4a9a4c01b59cdde27be46db49b,19c8b5506d3f125623686ec6ed88f9b3,90,True,0.05844113663623793,OK
D7,primary,0,161,20260906070000161,bootstrap_seed_v1,81857728b78095013779b4d61403f621,62b94bdb0581db0e09832a03dcad2f77,9869e09e90e6a6caccc39e88d01ecc37,e89cfd1a187db36fbaba0ed4194d85cd,72,True,0.04675768720134371,OK
D7,primary,0,162,20260906070000162,bootstrap_seed_v1,81857728b78095013779b4d61403f621,62b94bdb0581db0e09832a03dcad2f77,c9e7d9310f723fef7e9e420816e71733,e5fc1136fd8085f41da8d9e0b989f539,65,True,0.0938059765066308,OK
D7,primary,0,163,20260906070000163,bootstrap_seed_v1,81857728b78095013779b4d61403f621,62b94bdb0581db0e09832a03dcad2f77,7f78165da3e7afaa93d82b7526360c56,c948cbdb4d4a7984f2d6399c2f53341f,96,True,0.10469142243488949,OK
D7,primary,0,164,20260906070000164,bootstrap_seed_v1,81857728b78095013779b4d61403f621,62b94bdb0581db0e09832a03dcad2f77,aa3b84475b04ea6a1c15845d0acf33c9,8916da4dae605e6f3c796888a46f98cc,67,True,0.047514615020145534,OK
D7,primary,0,165,20260906070000165,bootstrap_seed_v1,81857728b78095013779b4d61403f621,62b94bdb0581db0e09832a03dcad2f77,230e113aea04d486111c4b68a9265206,0055a99961300644d93d0fe5b9e5f57c,83,True,0.07906399380867035,OK
D7,primary,0,166,20260906070000166,bootstrap_seed_v1,81857728b78095013779b4d61403f621,62b94bdb0581db0e09832a03dcad2f77,229d1d46fd1c5197898caebc0178a59d,42bb07f6e779437bac0b195ca651f392,74,True,0.05663089051761,OK
D7,primary,0,167,20260906070000167,bootstrap_seed_v1,81857728b78095013779b4d61403f621,62b94bdb0581db0e09832a03dcad2f77,9babc9c8ba14397d64f984fe20c74dfe,cbca4a15f7cf4de2c0fcffe471384fcf,71,True,0.06261266616700001,OK
D7,primary,0,168,20260906070000168,bootstrap_seed_v1,81857728b78095013779b4d61403f621,62b94bdb0581db0e09832a03dcad2f77,4fcac0a9f39c5ef5be890b6cd5d4dc53,ae394ed889c318440f75de97f5f5c041,73,True,0.06962251911590267,OK
D7,primary,0,169,20260906070000169,bootstrap_seed_v1,81857728b78095013779b4d61403f621,62b94bdb0581db0e09832a03dcad2f77,fd68b1519d55e2fa0ff0f980ca9b405f,5b0f3bcf6c523211cb130442b082b9b5,67,True,0.05813214717534765,OK
D7,primary,0,170,20260906070000170,bootstrap_seed_v1,81857728b78095013779b4d61403f621,62b94bdb0581db0e09832a03dcad2f77,9997daf5c1b5821b7752bc0d6a181cce,59110a9a1972b2abb0787f9d4b5a5d78,81,True,0.04998020300541883,OK
D7,primary,0,171,20260906070000171,bootstrap_seed_v1,81857728b78095013779b4d61403f621,62b94bdb0581db0e09832a03dcad2f77,27b3e9c0b9fb5bb388d57eae00ccfcc1,ed8a69cc52f648efa2a6aa21ea7d8258,81,True,0.059087460956566806,OK
D7,primary,0,172,20260906070000172,bootstrap_seed_v1,81857728b78095013779b4d61403f621,62b94bdb0581db0e09832a03dcad2f77,9dc04e5f3f26f51b39ff001c6cbccd3e,eaa4f853c1a13b10253a8c593a022030,87,True,0.056938201577803355,OK
D7,primary,0,173,20260906070000173,bootstrap_seed_v1,81857728b78095013779b4d61403f621,62b94bdb0581db0e09832a03dcad2f77,169b8a7fa271fe774453b7f3ca319a45,c9739a8df9f6ec75cdbee7a6b80552a4,86,True,0.06101747708465721,OK
D7,primary,0,174,20260906070000174,bootstrap_seed_v1,81857728b78095013779b4d61403f621,62b94bdb0581db0e09832a03dcad2f77,8d855685fac8b10987e5c35574c3c7f2,a1bdfc7fc533962538c36cd7d16bcbe1,83,True,0.07006526855633655,OK
D7,primary,0,175,20260906070000175,bootstrap_seed_v1,81857728b78095013779b4d61403f621,62b94bdb0581db0e09832a03dcad2f77,03318e6ff5bc62280c88a4bbf98b9330,272bc3d19baf9aec55e0c79b7f0034ea,78,True,0.08281497682567751,OK
D7,primary,0,176,20260906070000176,bootstrap_seed_v1,81857728b78095013779b4d61403f621,62b94bdb0581db0e09832a03dcad2f77,21fdd7d781ce89efe234dd1fe8f0e356,5a14c5c831a366f20f29047505d484a6,76,True,0.08114092629902514,OK
D7,primary,0,177,20260906070000177,bootstrap_seed_v1,81857728b78095013779b4d61403f621,62b94bdb0581db0e09832a03dcad2f77,d6c974fc9ebf1ff3bce41e4200ff57c2,c15ebbc6b467806e001de7aa20f336ec,82,True,0.06465272774807684,OK
D7,primary,0,178,20260906070000178,bootstrap_seed_v1,81857728b78095013779b4d61403f621,62b94bdb0581db0e09832a03dcad2f77,c196dad40ee02bd1ac8dffd95c67e9c5,002d1664fdebf2406d06753173a79208,68,True,0.05703336556926819,OK
D7,primary,0,179,20260906070000179,bootstrap_seed_v1,81857728b78095013779b4d61403f621,62b94bdb0581db0e09832a03dcad2f77,8a8b76941d30aa0e0b42850d0ba972cf,49cc11922a1aefe1dab1492406ddb210,92,True,0.05391339909143516,OK
D7,primary,0,180,20260906070000180,bootstrap_seed_v1,81857728b78095013779b4d61403f621,62b94bdb0581db0e09832a03dcad2f77,219aeae20b1ac7a54e6501b88f2cb1b2,47c085c52c3aad5f0e66985054388c4e,95,True,0.0428113776523531,OK
D7,primary,0,181,20260906070000181,bootstrap_seed_v1,81857728b78095013779b4d61403f621,62b94bdb0581db0e09832a03dcad2f77,17703d41890d4680ed3c0df6a3ec4a50,35cb42e491716c3a5823638663f0f249,76,True,0.06390518999201256,OK
D7,primary,0,182,20260906070000182,bootstrap_seed_v1,81857728b78095013779b4d61403f621,62b94bdb0581db0e09832a03dcad2f77,9fe8aa968971915ccb9e931e8947b45c,7158a4bdec1298a16d4575efe5207731,73,True,0.059787983790145605,OK
D7,primary,0,183,20260906070000183,bootstrap_seed_v1,81857728b78095013779b4d61403f621,62b94bdb0581db0e09832a03dcad2f77,e414ce1f7d71dbfc594aa52b157354ad,a35b6eb7818fad40332c437945f54f3c,92,True,0.06758641551881162,OK
D7,primary,0,184,20260906070000184,bootstrap_seed_v1,81857728b78095013779b4d61403f621,62b94bdb0581db0e09832a03dcad2f77,0b6a8660aa13c3dd3ac1a5d1cd6655a6,1be05e175cb4826f0dcbd2a5734ea034,75,True,0.06818593410593277,OK
D7,primary,0,185,20260906070000185,bootstrap_seed_v1,81857728b78095013779b4d61403f621,62b94bdb0581db0e09832a03dcad2f77,49ad33bfd7d8bd0bdb991d0bf0f5685b,1539ca7a51073f5d59cb77f57ac21ade,84,True,0.05849097048794716,OK
D7,primary,0,186,20260906070000186,bootstrap_seed_v1,81857728b78095013779b4d61403f621,62b94bdb0581db0e09832a03dcad2f77,55204548511c59baa22b0571862c25d0,ede13783e1e4172d83dbb6d936053f53,58,True,0.07085337110122703,OK
D7,primary,0,187,20260906070000187,bootstrap_seed_v1,81857728b78095013779b4d61403f621,62b94bdb0581db0e09832a03dcad2f77,5283642bb66bf166d35358efdd6db900,a78ca0fc34a390eb8b0a7680b3155b1a,97,True,0.0517506071563304,OK
D7,primary,0,188,20260906070000188,bootstrap_seed_v1,81857728b78095013779b4d61403f621,62b94bdb0581db0e09832a03dcad2f77,690a54d1f03e3ea5817b1ff6d1a74d48,c1609f7c2aa6b61a9e9db5d44379c4ba,75,True,0.05364360763259729,OK
D7,primary,0,189,20260906070000189,bootstrap_seed_v1,81857728b78095013779b4d61403f621,62b94bdb0581db0e09832a03dcad2f77,617ae4eab78d1707d0542b93535a37d0,ccaf3c1a1b7b704f6af62a3ef58c72ee,82,True,0.06411741415572736,OK
D7,primary,0,190,20260906070000190,bootstrap_seed_v1,81857728b78095013779b4d61403f621,62b94bdb0581db0e09832a03dcad2f77,a32b3cebc56e5623b73a5a065f2aeb84,2d6a1457093cde6f6ebbb60daa6b7948,72,True,0.057946100567468684,OK
D7,primary,0,191,20260906070000191,bootstrap_seed_v1,81857728b78095013779b4d61403f621,62b94bdb0581db0e09832a03dcad2f77,6ee86e8e76f7dfc7358169305b4855b5,f16cbcb46db2a19e723ed9cdab7c101f,75,True,0.09018255008268916,OK
D7,primary,0,192,20260906070000192,bootstrap_seed_v1,81857728b78095013779b4d61403f621,62b94bdb0581db0e09832a03dcad2f77,7dc7efc5618c42de5e5a6341ea791f22,c90e0a7a7dc7df63447e800ba99577c6,79,True,0.1144479192129938,OK
D7,primary,0,193,20260906070000193,bootstrap_seed_v1,81857728b78095013779b4d61403f621,62b94bdb0581db0e09832a03dcad2f77,220fcffdb7251e7bbb3fc3dcf143d28a,0068c5d6d001ca904c2f9be0fb27e015,71,True,0.05518020756608982,OK
D7,primary,0,194,20260906070000194,bootstrap_seed_v1,81857728b78095013779b4d61403f621,62b94bdb0581db0e09832a03dcad2f77,66c6fe4ac2f0a0faf3ba88a7977d4747,5f7df2b55f05245c17440aeef4bc2151,80,True,0.06398127183682822,OK
D7,primary,0,195,20260906070000195,bootstrap_seed_v1,81857728b78095013779b4d61403f621,62b94bdb0581db0e09832a03dcad2f77,5f23dcb035e018b76c6ca2136c673e7f,3a7a7d6cff719fec162cd9d554f9826c,70,True,0.09830950227217228,OK
D7,primary,0,196,20260906070000196,bootstrap_seed_v1,81857728b78095013779b4d61403f621,62b94bdb0581db0e09832a03dcad2f77,66f3f6346fd52df691ecda0058459ee5,347d6b7c600b739c9ef95f1f8f9b8830,83,True,0.0655516157140047,OK
D7,primary,0,197,20260906070000197,bootstrap_seed_v1,81857728b78095013779b4d61403f621,62b94bdb0581db0e09832a03dcad2f77,2f8cce6cb93ccc0be3a79e14bc87bcfd,df4b4a3107add62589cf7b9def2c6bb0,69,True,0.05613278848732006,OK
D7,primary,0,198,20260906070000198,bootstrap_seed_v1,81857728b78095013779b4d61403f621,62b94bdb0581db0e09832a03dcad2f77,fb53751568762c922d6f3c50e038feba,bbac62b50eb69db2ba87b32c2751efcc,103,True,0.06620766240176401,OK
D7,primary,0,199,20260906070000199,bootstrap_seed_v1,81857728b78095013779b4d61403f621,62b94bdb0581db0e09832a03dcad2f77,4f866637ecba17657804632d91c80996,648161f29de2289d700e016b1888d7c1,74,True,0.07482409118811484,OK
D7,primary,0,200,20260906070000200,bootstrap_seed_v1,81857728b78095013779b4d61403f621,62b94bdb0581db0e09832a03dcad2f77,ff6e1f0f90ffc06400585e69a17b819a,30e97a51a0408cd5a545ed62f8f0aaee,78,True,0.05706490795044228,OK
D7,primary,0,201,20260906070000201,bootstrap_seed_v1,81857728b78095013779b4d61403f621,62b94bdb0581db0e09832a03dcad2f77,cf07307a5e8b2191d444bfa3b31c636e,ccf7b5bd7a7029c5ed2e2ed5770a93ce,71,True,0.09079337139867083,OK
D7,primary,0,202,20260906070000202,bootstrap_seed_v1,81857728b78095013779b4d61403f621,62b94bdb0581db0e09832a03dcad2f77,24833ae7f5cfc68a62cff70ffbc86a0b,f3eff652a6c1fe22cb1e55e22a719b3e,79,True,0.03999096097030683,OK
D7,primary,0,203,20260906070000203,bootstrap_seed_v1,81857728b78095013779b4d61403f621,62b94bdb0581db0e09832a03dcad2f77,5dd9bc12cc0c684db6469ce17d8b57dc,2b8bc425a30bb867af50a4e0ad9c5b22,94,True,0.05480342932457627,OK
D7,primary,0,204,20260906070000204,bootstrap_seed_v1,81857728b78095013779b4d61403f621,62b94bdb0581db0e09832a03dcad2f77,5549a0abc4e3ececcf16063e40efd44e,c3bb5fe04a3bf400bca883dd2afcb877,69,True,0.08707796163239567,OK
D7,primary,0,205,20260906070000205,bootstrap_seed_v1,81857728b78095013779b4d61403f621,62b94bdb0581db0e09832a03dcad2f77,b95d5e4977518b93139a57e43d658716,07ac63a4826090b46d83d59b5a8d4c23,90,True,0.059638198124490116,OK
D7,primary,0,206,20260906070000206,bootstrap_seed_v1,81857728b78095013779b4d61403f621,62b94bdb0581db0e09832a03dcad2f77,9058d03c20d05587376be7d6f8000b24,7f6e97b663dde0e24fc715710aaf2488,87,True,0.056694138322459814,OK
D7,primary,0,207,20260906070000207,bootstrap_seed_v1,81857728b78095013779b4d61403f621,62b94bdb0581db0e09832a03dcad2f77,4b5226a093c951c85c8215d6528b29c9,934849c2f8eef233fa00bf5716d38074,79,True,0.04729592744435024,OK
D7,primary,0,208,20260906070000208,bootstrap_seed_v1,81857728b78095013779b4d61403f621,62b94bdb0581db0e09832a03dcad2f77,bee80f2284fb4b25facecf3e560897c8,f6c5392f331564c7791f20a9d3355b33,86,True,0.0756329135667197,OK
D7,primary,0,209,20260906070000209,bootstrap_seed_v1,81857728b78095013779b4d61403f621,62b94bdb0581db0e09832a03dcad2f77,dc9e07818a886299ff56bcb0d76ee4ea,142cc74f9492b12b682ed88d30c8b8e3,75,True,0.05988296180624142,OK
D7,primary,0,210,20260906070000210,bootstrap_seed_v1,81857728b78095013779b4d61403f621,62b94bdb0581db0e09832a03dcad2f77,dc584e67f51896a67d7520bb2494d208,398b53c2fa93971b31c8dd83bba04aaf,76,True,0.060723819428406434,OK
D7,primary,0,211,20260906070000211,bootstrap_seed_v1,81857728b78095013779b4d61403f621,62b94bdb0581db0e09832a03dcad2f77,a2e108884aa78bbea9cd41426c023c5c,752a1160ef95fe6ab0b91c1b7382c1d5,74,True,0.07657148600524766,OK
D7,primary,0,212,20260906070000212,bootstrap_seed_v1,81857728b78095013779b4d61403f621,62b94bdb0581db0e09832a03dcad2f77,7296f8b0038cb552983f549862388bbc,7abe05ba5c3b3e186bd34e9676bc8c96,74,True,0.06013320328745375,OK
D7,primary,0,213,20260906070000213,bootstrap_seed_v1,81857728b78095013779b4d61403f621,62b94bdb0581db0e09832a03dcad2f77,3b728004a51ef87c565407002590a338,515ffbeecc873f5a8dd0827c15cb8479,83,True,0.07140732385504767,OK
D7,primary,0,214,20260906070000214,bootstrap_seed_v1,81857728b78095013779b4d61403f621,62b94bdb0581db0e09832a03dcad2f77,651f3b6f43c44a5e22f9db4ad3f8e398,2411c023393757a406fdc10d096a1adb,87,True,0.05344599056206534,OK
D7,primary,0,215,20260906070000215,bootstrap_seed_v1,81857728b78095013779b4d61403f621,62b94bdb0581db0e09832a03dcad2f77,2f163c78866ae4236e1e81ca197efa18,6defaa521dbdd1c72038396d8aa5b436,67,True,0.0802074138534622,OK
D7,primary,0,216,20260906070000216,bootstrap_seed_v1,81857728b78095013779b4d61403f621,62b94bdb0581db0e09832a03dcad2f77,9ea8318838483944e3401d4ccc545c0d,ab69d8c80774fe577283ff07c3bccedd,111,True,0.05216989604290101,OK
D7,primary,0,217,20260906070000217,bootstrap_seed_v1,81857728b78095013779b4d61403f621,62b94bdb0581db0e09832a03dcad2f77,bc7be1d315a2f99237a1b2be44284234,deb7945613836173f76fa656b98d1673,90,True,0.08496823035052137,OK
D7,primary,0,218,20260906070000218,bootstrap_seed_v1,81857728b78095013779b4d61403f621,62b94bdb0581db0e09832a03dcad2f77,a8bf506fc75aec8c44bbc137c307ca05,e37f0ab15017cbec7cee590c33564880,91,True,0.05520709148505376,OK
D7,primary,0,219,20260906070000219,bootstrap_seed_v1,81857728b78095013779b4d61403f621,62b94bdb0581db0e09832a03dcad2f77,cac6189f8ed84b29af007cfd90669f8a,b8c939b86ae3c509dce7189d7b7cd7bc,79,True,0.06660690775728595,OK
D7,primary,0,220,20260906070000220,bootstrap_seed_v1,81857728b78095013779b4d61403f621,62b94bdb0581db0e09832a03dcad2f77,e2f607707f617e65db70a943b20e960c,bb0ab1196d7e1c8575c7acadd809ae0d,83,True,0.04918988402833213,OK
D7,primary,0,221,20260906070000221,bootstrap_seed_v1,81857728b78095013779b4d61403f621,62b94bdb0581db0e09832a03dcad2f77,cae74e29cdd61abf1790a90ed813dc6c,f99e6ba15b6cff4f8f8a82fd0ef08edb,86,True,0.09566712503177915,OK
D7,primary,0,222,20260906070000222,bootstrap_seed_v1,81857728b78095013779b4d61403f621,62b94bdb0581db0e09832a03dcad2f77,7e48db2b64925b7105d8c401e4aa2412,b2adf7015a9a6cd7d1b1c8f5e02fee91,101,True,0.05377043162866557,OK
D7,primary,0,223,20260906070000223,bootstrap_seed_v1,81857728b78095013779b4d61403f621,62b94bdb0581db0e09832a03dcad2f77,16a8a929d7aeb1ce46df2c6419cc07d8,abd86cfb760b14fc29ed5e8f98fad1bb,82,True,0.04965611165018702,OK
D7,primary,0,224,20260906070000224,bootstrap_seed_v1,81857728b78095013779b4d61403f621,62b94bdb0581db0e09832a03dcad2f77,ed7ae5965671f3309eaafdff5f39bb26,b9f41f11dfd0299e69906362556daf54,92,True,0.05163883043229195,OK
D7,primary,0,225,20260906070000225,bootstrap_seed_v1,81857728b78095013779b4d61403f621,62b94bdb0581db0e09832a03dcad2f77,4ecc51b402a532203ad9d2817dde975e,092d11ba5896410d8517d9c832bafeea,87,True,0.04249280339003231,OK
D7,primary,0,226,20260906070000226,bootstrap_seed_v1,81857728b78095013779b4d61403f621,62b94bdb0581db0e09832a03dcad2f77,fb17050288c1529bb834d8c60a662bbc,4db4d2e2cbd79bf44354750286f8588a,78,True,0.05526786047604315,OK
D7,primary,0,227,20260906070000227,bootstrap_seed_v1,81857728b78095013779b4d61403f621,62b94bdb0581db0e09832a03dcad2f77,8498afd56ea41e09a619b8dad2d8ab7f,92324f640f5c4fac8d9f3f5a637d2614,69,True,0.07221606418089588,OK
D7,primary,0,228,20260906070000228,bootstrap_seed_v1,81857728b78095013779b4d61403f621,62b94bdb0581db0e09832a03dcad2f77,575c20f3a71d544a1861dff935484fb4,d65bfb359f1b3ac24fd2f27a379a3f7e,87,True,0.08970760763543964,OK
D7,primary,0,229,20260906070000229,bootstrap_seed_v1,81857728b78095013779b4d61403f621,62b94bdb0581db0e09832a03dcad2f77,58a70ec569128726481e9216d15bdd98,5eea673018cec492e411342478afc182,77,True,0.06469884140630955,OK
D7,primary,0,230,20260906070000230,bootstrap_seed_v1,81857728b78095013779b4d61403f621,62b94bdb0581db0e09832a03dcad2f77,0cafa38e90d70b20d466be7440fc8ba6,80af52e56a1bd6417409b055b57929d2,86,True,0.07822500081010597,OK
D7,primary,0,231,20260906070000231,bootstrap_seed_v1,81857728b78095013779b4d61403f621,62b94bdb0581db0e09832a03dcad2f77,e406268d4fd10db2fde5ace6f46f505b,4374b2c4bc1f55a963a951796d2e37df,84,True,0.05156982691941972,OK
D7,primary,0,232,20260906070000232,bootstrap_seed_v1,81857728b78095013779b4d61403f621,62b94bdb0581db0e09832a03dcad2f77,a2e2ad9fa1c518ab473fc2b6fd6d3b6f,ac74641f3251e27210d88b7ff341b968,88,True,0.06645805970828803,OK
D7,primary,0,233,20260906070000233,bootstrap_seed_v1,81857728b78095013779b4d61403f621,62b94bdb0581db0e09832a03dcad2f77,a0d58ea4121ef8781c6f9ec2b7810b10,d00f3ab490ceb30e17d0e89af3cbb62f,86,True,0.08528373383695212,OK
D7,primary,0,234,20260906070000234,bootstrap_seed_v1,81857728b78095013779b4d61403f621,62b94bdb0581db0e09832a03dcad2f77,6189845c4b56cf31c5aa56271e12f2a2,384b6afe5f00c4cf1e6a19aece251a6b,81,True,0.06381702248936832,OK
D7,primary,0,235,20260906070000235,bootstrap_seed_v1,81857728b78095013779b4d61403f621,62b94bdb0581db0e09832a03dcad2f77,4b11f0d94af93a62392f65563f2b23ac,25805ca3f78b4fbadd9ca35e30a24e86,92,True,0.03901584675456374,OK
D7,primary,0,236,20260906070000236,bootstrap_seed_v1,81857728b78095013779b4d61403f621,62b94bdb0581db0e09832a03dcad2f77,b863ce6ba6a6841974b27c722981dd80,e87d4126be32dbcb2bdd4e5efb2367c1,92,True,0.061273343906301014,OK
D7,primary,0,237,20260906070000237,bootstrap_seed_v1,81857728b78095013779b4d61403f621,62b94bdb0581db0e09832a03dcad2f77,96a10aca4c6d740e5345477397a04256,92ce61124839ca25902c997680925a7d,97,True,0.07380677019646076,OK
D7,primary,0,238,20260906070000238,bootstrap_seed_v1,81857728b78095013779b4d61403f621,62b94bdb0581db0e09832a03dcad2f77,2fe37fd855bba575c1688c2a9c8ba962,820c49297a61ecd50042fc3b4ee43abe,81,True,0.05423438154738719,OK
D7,primary,0,239,20260906070000239,bootstrap_seed_v1,81857728b78095013779b4d61403f621,62b94bdb0581db0e09832a03dcad2f77,7d517eabc460274e00f98559f26e13d7,b871a954d3dec7b10b776549183227c3,98,True,0.08044972051859,OK
D7,primary,0,240,20260906070000240,bootstrap_seed_v1,81857728b78095013779b4d61403f621,62b94bdb0581db0e09832a03dcad2f77,b74966b56102bd42811ae27819064c02,c49095200c95bfd3ce30bfd94b9bd1ba,85,True,0.057275938034315854,OK
D7,primary,0,241,20260906070000241,bootstrap_seed_v1,81857728b78095013779b4d61403f621,62b94bdb0581db0e09832a03dcad2f77,956897490141b2d7a1df4d739bc632cf,fd7a50af4f10c7d5b9a7078bbc25e386,73,True,0.06237611739051874,OK
D7,primary,0,242,20260906070000242,bootstrap_seed_v1,81857728b78095013779b4d61403f621,62b94bdb0581db0e09832a03dcad2f77,fcabff27ca2d51b0162b69b0fe556c02,21d98a7b5a8a78ef1c17794dbf443092,91,True,0.07194906091905284,OK
D7,primary,0,243,20260906070000243,bootstrap_seed_v1,81857728b78095013779b4d61403f621,62b94bdb0581db0e09832a03dcad2f77,ac239b98972d1afd1a08e590e2aa2b80,3654127b06c37882b32baef2bc7db7a8,71,True,0.0766236065704129,OK
D7,primary,0,244,20260906070000244,bootstrap_seed_v1,81857728b78095013779b4d61403f621,62b94bdb0581db0e09832a03dcad2f77,fbc897a6f6ae55ace3b65b03169f17c4,f9a386b546e63f8c907f02bbc2b015a5,76,True,0.05274216170367385,OK
D7,primary,0,245,20260906070000245,bootstrap_seed_v1,81857728b78095013779b4d61403f621,62b94bdb0581db0e09832a03dcad2f77,f01445d5494a54ffdcb4004934bd5b1d,5b194aa41e3588677ffb4b162e48a1bb,81,True,0.04481285456204942,OK
D7,primary,0,246,20260906070000246,bootstrap_seed_v1,81857728b78095013779b4d61403f621,62b94bdb0581db0e09832a03dcad2f77,24625500b42c9cf0740865062879bd51,ed7a998fd7aa2eee85bccdcd01ce257f,84,True,0.05905229857854433,OK
D7,primary,0,247,20260906070000247,bootstrap_seed_v1,81857728b78095013779b4d61403f621,62b94bdb0581db0e09832a03dcad2f77,a79f81d86adc3b9af171cafb3774dc68,4c14cddeb220426c26c22275c5f6c2db,71,True,0.07656948095368521,OK
D7,primary,0,248,20260906070000248,bootstrap_seed_v1,81857728b78095013779b4d61403f621,62b94bdb0581db0e09832a03dcad2f77,2770686e325880ec48f1f846af08ffa0,c1b90d539def622a634edb016e2b7bfc,92,True,0.07487442570390807,OK
D7,primary,0,249,20260906070000249,bootstrap_seed_v1,81857728b78095013779b4d61403f621,62b94bdb0581db0e09832a03dcad2f77,31076b02c440862796fcd805dc7575ce,9e09ff0807b86d6906684a3947321053,75,True,0.05064036434721075,OK
D7,primary,0,250,20260906070000250,bootstrap_seed_v1,81857728b78095013779b4d61403f621,62b94bdb0581db0e09832a03dcad2f77,abcae6db30212cfe93c10459fa268ae2,5ec5d6278a4260118d295617e9ca1c56,105,True,0.0951292847248742,OK
D7,primary,0,251,20260906070000251,bootstrap_seed_v1,81857728b78095013779b4d61403f621,62b94bdb0581db0e09832a03dcad2f77,0740291354b1d18eed6c137a6663758d,a14bd8c89e2b39aeeb90b709106225e4,90,True,0.07425797899202435,OK
D7,primary,0,252,20260906070000252,bootstrap_seed_v1,81857728b78095013779b4d61403f621,62b94bdb0581db0e09832a03dcad2f77,71dd5d24200436302a371fa06aefbdcb,b9b33f545679493138d696ad2730e7a7,84,True,0.06737352507499056,OK
D7,primary,0,253,20260906070000253,bootstrap_seed_v1,81857728b78095013779b4d61403f621,62b94bdb0581db0e09832a03dcad2f77,54652f6a59ef5612e03261c69a6e1a05,a6259c5f2a925447956ff1561e1e0253,85,True,0.04477968734458204,OK
D7,primary,0,254,20260906070000254,bootstrap_seed_v1,81857728b78095013779b4d61403f621,62b94bdb0581db0e09832a03dcad2f77,4feb8054802a8c9bf3d8d22c318ae349,930306bc8ef027184c9ef1831995f35b,93,True,0.06285812636433574,OK
D7,primary,0,255,20260906070000255,bootstrap_seed_v1,81857728b78095013779b4d61403f621,62b94bdb0581db0e09832a03dcad2f77,1c8f97f77d1f94a594a69eb4e50847d7,e36fba03ea168781e83b4b0af0d8fab8,82,True,0.04760081194825083,OK
D7,primary,0,256,20260906070000256,bootstrap_seed_v1,81857728b78095013779b4d61403f621,62b94bdb0581db0e09832a03dcad2f77,8d36cb4962ab4170b1f259ebe214f94a,cc329f9b34df86629c2f82a5ecd391ea,100,True,0.07350855866789596,OK
D7,primary,0,257,20260906070000257,bootstrap_seed_v1,81857728b78095013779b4d61403f621,62b94bdb0581db0e09832a03dcad2f77,cc3c9fad03c30b40b064fc74d366b20d,31010ed6c138e14515400f221368213b,75,True,0.06276228902793157,OK
D7,primary,0,258,20260906070000258,bootstrap_seed_v1,81857728b78095013779b4d61403f621,62b94bdb0581db0e09832a03dcad2f77,b2cc02d314720fb34abb0b08abf76865,0a77094fcba7d78f7f6414e6f51ee676,73,True,0.055264914331932924,OK
D7,primary,0,259,20260906070000259,bootstrap_seed_v1,81857728b78095013779b4d61403f621,62b94bdb0581db0e09832a03dcad2f77,82c1a3a5b62279811ce6ead638a9bab4,fd44d30d99608764f017bf4a68c53312,90,True,0.0752081339620706,OK
D7,primary,0,260,20260906070000260,bootstrap_seed_v1,81857728b78095013779b4d61403f621,62b94bdb0581db0e09832a03dcad2f77,e4a13b68be8989613fac8a4a27bb5b7f,9733a883dd47dfe86ed3b4b4af8b673d,75,True,0.056997742034323035,OK
D7,primary,0,261,20260906070000261,bootstrap_seed_v1,81857728b78095013779b4d61403f621,62b94bdb0581db0e09832a03dcad2f77,fe6f06e275d740f365b303995fc29623,e71336228386c66500789bb1571ea5a2,91,True,0.0550205530506388,OK
D7,primary,0,262,20260906070000262,bootstrap_seed_v1,81857728b78095013779b4d61403f621,62b94bdb0581db0e09832a03dcad2f77,00d993bedab42913bfe2bba1dd8e1bf2,b8da4b849cc7413e07c42d92be11bec2,64,True,0.06618351900284092,OK
D7,primary,0,263,20260906070000263,bootstrap_seed_v1,81857728b78095013779b4d61403f621,62b94bdb0581db0e09832a03dcad2f77,7d7ad5a72694061c9c0741f0702077dc,da183628429a22edb15a11499517aba5,76,True,0.061999665527686654,OK
D7,primary,0,264,20260906070000264,bootstrap_seed_v1,81857728b78095013779b4d61403f621,62b94bdb0581db0e09832a03dcad2f77,e2b0b5536b5150d1cfada103008004d0,1c6484aa6cf7122a85df9b025a46d38b,76,True,0.050398145524223725,OK
D7,primary,0,265,20260906070000265,bootstrap_seed_v1,81857728b78095013779b4d61403f621,62b94bdb0581db0e09832a03dcad2f77,afac0b81f6acf991d201894c268f2046,53e30ddb44878e4ca2e4b873f2b65fd9,74,True,0.059194978936307985,OK
D7,primary,0,266,20260906070000266,bootstrap_seed_v1,81857728b78095013779b4d61403f621,62b94bdb0581db0e09832a03dcad2f77,7c69e5fb9b2784e00acb708eca3dcede,59b4a23435922b787e4607fcd3be4bd4,86,True,0.06328755853105267,OK
D7,primary,0,267,20260906070000267,bootstrap_seed_v1,81857728b78095013779b4d61403f621,62b94bdb0581db0e09832a03dcad2f77,5979a67ce5f844838b8e1c0f2e3b01a5,9c15ba2cd231912c5d620e7c058eee63,84,True,0.06198243047327856,OK
D7,primary,0,268,20260906070000268,bootstrap_seed_v1,81857728b78095013779b4d61403f621,62b94bdb0581db0e09832a03dcad2f77,4a947f61383ef0eabab3159c99fe038a,0d04734f4eaa85d72d73f792c5133816,100,True,0.09753988503742361,OK
D7,primary,0,269,20260906070000269,bootstrap_seed_v1,81857728b78095013779b4d61403f621,62b94bdb0581db0e09832a03dcad2f77,9996d8785e5381f52354b4200af6692b,d9527534feb143b8f9e56b6382ed6faf,69,True,0.07202603880079633,OK
D7,primary,0,270,20260906070000270,bootstrap_seed_v1,81857728b78095013779b4d61403f621,62b94bdb0581db0e09832a03dcad2f77,2fec760705965d666dd04d3702790b48,2db699009b24cb526eb74a82de139704,85,True,0.054854862968704204,OK
D7,primary,0,271,20260906070000271,bootstrap_seed_v1,81857728b78095013779b4d61403f621,62b94bdb0581db0e09832a03dcad2f77,fd3cb4da542842043d8a63de2c37ad96,82b2498695bb7c0b9eac95d1ee34af67,68,True,0.08326660686826848,OK
D7,primary,0,272,20260906070000272,bootstrap_seed_v1,81857728b78095013779b4d61403f621,62b94bdb0581db0e09832a03dcad2f77,838085b0b2c2adbd1af94bb3976db648,6fa3238ffa2515ce1aa6d4d5a2efeeb7,71,True,0.05724663686513132,OK
D7,primary,0,273,20260906070000273,bootstrap_seed_v1,81857728b78095013779b4d61403f621,62b94bdb0581db0e09832a03dcad2f77,4048b18ba17fd2f43b6b8892a1c5f6b3,91a6a537a683e4a7aa447ddec3634c0c,89,True,0.05825212508958988,OK
D7,primary,0,274,20260906070000274,bootstrap_seed_v1,81857728b78095013779b4d61403f621,62b94bdb0581db0e09832a03dcad2f77,ddcfcc32af78315a1d3afcfff40a54c3,4b98e59ab3c4bc3d336e591f818efe98,91,True,0.05342034922495498,OK
D7,primary,0,275,20260906070000275,bootstrap_seed_v1,81857728b78095013779b4d61403f621,62b94bdb0581db0e09832a03dcad2f77,2cd487e5b2a49d40c487873f84f1f825,953aff7f100e09680159208c78bc12f3,83,True,0.07051442414633607,OK
D7,primary,0,276,20260906070000276,bootstrap_seed_v1,81857728b78095013779b4d61403f621,62b94bdb0581db0e09832a03dcad2f77,154edf5b5dd91dcf36d99599b05af2ea,469135b95386ca4ac461fffc75aa32be,75,True,0.07464893476869827,OK
D7,primary,0,277,20260906070000277,bootstrap_seed_v1,81857728b78095013779b4d61403f621,62b94bdb0581db0e09832a03dcad2f77,234bf2c1bbd29663173c7b7ad66d131a,ad09abdc14e66781f25527ea7d989971,69,True,0.07589248541373528,OK
D7,primary,0,278,20260906070000278,bootstrap_seed_v1,81857728b78095013779b4d61403f621,62b94bdb0581db0e09832a03dcad2f77,d221e3978dc7c9cbaf8fe0de28ede246,7b568c48aaa961b18232074b404050f9,83,True,0.04527383432017823,OK
D7,primary,0,279,20260906070000279,bootstrap_seed_v1,81857728b78095013779b4d61403f621,62b94bdb0581db0e09832a03dcad2f77,9b6e8f6916b1a61c9642a730f0282b0b,4cec0359ff31884f9af142421ee4826f,75,True,0.050554302032773724,OK
D7,primary,0,280,20260906070000280,bootstrap_seed_v1,81857728b78095013779b4d61403f621,62b94bdb0581db0e09832a03dcad2f77,57cdbdaebd9ac1b516e9ef7b1852b965,06778cfa6d32cce93d84b19d74c1d131,72,True,0.0638114293919897,OK
D7,primary,0,281,20260906070000281,bootstrap_seed_v1,81857728b78095013779b4d61403f621,62b94bdb0581db0e09832a03dcad2f77,5bc7f1ca1657102d6ac8cb322dc90043,2d151964f6a906f2de8ce4568db3b92c,82,True,0.0669501432831,OK
D7,primary,0,282,20260906070000282,bootstrap_seed_v1,81857728b78095013779b4d61403f621,62b94bdb0581db0e09832a03dcad2f77,1d1090a4471b6ee3e9f38f4d0b4373cd,68638897d0e941f766d7556d87fb7a38,75,True,0.05324540878547823,OK
D7,primary,0,283,20260906070000283,bootstrap_seed_v1,81857728b78095013779b4d61403f621,62b94bdb0581db0e09832a03dcad2f77,4fd737f6455c6397b55e49358ca9b2c8,3a3d8d5b9746095a368ffafe94272979,85,True,0.05458443629964432,OK
D7,primary,0,284,20260906070000284,bootstrap_seed_v1,81857728b78095013779b4d61403f621,62b94bdb0581db0e09832a03dcad2f77,cfab6cc8b246424619403342d902fdbe,c708176d4d5a640cf46238c429d7b503,100,True,0.04569555428413674,OK
D7,primary,0,285,20260906070000285,bootstrap_seed_v1,81857728b78095013779b4d61403f621,62b94bdb0581db0e09832a03dcad2f77,8d124a39919cd57f637e71de885b430c,ebe6b9442513caf2bb068fe7d7b656ee,85,True,0.05671750083008775,OK
D7,primary,0,286,20260906070000286,bootstrap_seed_v1,81857728b78095013779b4d61403f621,62b94bdb0581db0e09832a03dcad2f77,a7432dbcbde709a95c62d25bc23e1a73,f96a064d604066ac91c666d2eb05d00c,78,True,0.06346678332836331,OK
D7,primary,0,287,20260906070000287,bootstrap_seed_v1,81857728b78095013779b4d61403f621,62b94bdb0581db0e09832a03dcad2f77,7a7e1b7e5c5e0ad811a7ce715ddd9110,cb4240b5221a470ea64b3ceabe13d13a,83,True,0.07387398497917397,OK
D7,primary,0,288,20260906070000288,bootstrap_seed_v1,81857728b78095013779b4d61403f621,62b94bdb0581db0e09832a03dcad2f77,72a4e3c19587310dfd88a83e32c96199,a1599eb7804b72f897ec111fb2fa3bb2,92,True,0.06355041262731864,OK
D7,primary,0,289,20260906070000289,bootstrap_seed_v1,81857728b78095013779b4d61403f621,62b94bdb0581db0e09832a03dcad2f77,d8842e6aebc887e2eb6df7a24236c83b,879045112d6a8a855c6cf7d77687ae6b,86,True,0.07203814295682642,OK
D7,primary,0,290,20260906070000290,bootstrap_seed_v1,81857728b78095013779b4d61403f621,62b94bdb0581db0e09832a03dcad2f77,7dfd0c9da709e1b02aec60a396f5cae6,8d8eb4745d9a5a6ac80a89e0f69e607a,98,True,0.06628087814905459,OK
D7,primary,0,291,20260906070000291,bootstrap_seed_v1,81857728b78095013779b4d61403f621,62b94bdb0581db0e09832a03dcad2f77,6bf9fe63ce541e9c7e98b4b0391bf6c7,98e67f19741152c53e195f9d0b5a36dd,86,True,0.04932254384280976,OK
D7,primary,0,292,20260906070000292,bootstrap_seed_v1,81857728b78095013779b4d61403f621,62b94bdb0581db0e09832a03dcad2f77,5879e0e78df1ca1a7fbf158ece3678b9,79d1e86eb7b3558083125eddcedc9dd6,91,True,0.08801410435753154,OK
D7,primary,0,293,20260906070000293,bootstrap_seed_v1,81857728b78095013779b4d61403f621,62b94bdb0581db0e09832a03dcad2f77,2aad816e22b0512036185043622e29c5,4a00ca360adc13e8c5db44349bc1f65c,81,True,0.061579081986217865,OK
D7,primary,0,294,20260906070000294,bootstrap_seed_v1,81857728b78095013779b4d61403f621,62b94bdb0581db0e09832a03dcad2f77,dac59c4b3252e3fd8bf11bcf8a8c1a86,61537bc446e5f7c9f22f25b545f294de,81,True,0.054207225360523026,OK
D7,primary,0,295,20260906070000295,bootstrap_seed_v1,81857728b78095013779b4d61403f621,62b94bdb0581db0e09832a03dcad2f77,9ac4ccbe14cf18de79c896076f7bd75e,4c382616aa48fd90fecffc4f04e6b630,82,True,0.051606202271590185,OK
D7,primary,0,296,20260906070000296,bootstrap_seed_v1,81857728b78095013779b4d61403f621,62b94bdb0581db0e09832a03dcad2f77,34653aa0afb70a09efef53ce889bcd9f,0bdcf20ba08bc40caa0407bc4f4ad4f6,80,True,0.07063375526718452,OK
D7,primary,0,297,20260906070000297,bootstrap_seed_v1,81857728b78095013779b4d61403f621,62b94bdb0581db0e09832a03dcad2f77,6bc2cda2817303de3b388a7e4523ee3f,0f834f40001fca0f409d9bd57244c8a2,80,True,0.05117474422670398,OK
D7,primary,0,298,20260906070000298,bootstrap_seed_v1,81857728b78095013779b4d61403f621,62b94bdb0581db0e09832a03dcad2f77,592ec029a3d7c698b49184c4cd8036ac,c9dcd7c136f98ceae691dc5bcb6dcd0a,78,True,0.06272343543205172,OK
D7,primary,0,299,20260906070000299,bootstrap_seed_v1,81857728b78095013779b4d61403f621,62b94bdb0581db0e09832a03dcad2f77,208465723ba038ebf37c7f94cdcdd8e6,7ddd9dd44a625ab507f6d322c682f1a6,87,True,0.04219004200417731,OK
D7,primary,0,300,20260906070000300,bootstrap_seed_v1,81857728b78095013779b4d61403f621,62b94bdb0581db0e09832a03dcad2f77,104b0612008833548408726e15836879,b8e63432278928784ae20e2cd9c06780,83,True,0.047137850967867156,OK
D7,primary,0,301,20260906070000301,bootstrap_seed_v1,81857728b78095013779b4d61403f621,62b94bdb0581db0e09832a03dcad2f77,a8966ef0edba65876b783fc1d32c965e,d0bfa7f5818b1531d39e8777989aeced,68,True,0.052149265275181156,OK
D7,primary,0,302,20260906070000302,bootstrap_seed_v1,81857728b78095013779b4d61403f621,62b94bdb0581db0e09832a03dcad2f77,02db0097a062bb17062502c1ce809aae,dbe8f702492ae5cd37d6b394a2d74a97,74,True,0.07795646073085138,OK
D7,primary,0,303,20260906070000303,bootstrap_seed_v1,81857728b78095013779b4d61403f621,62b94bdb0581db0e09832a03dcad2f77,fca86110e4f38677f9f07a75e02f9e2b,46dc1eee24e613cbf25a6e0dbe0981e6,84,True,0.05820762842861171,OK
D7,primary,0,304,20260906070000304,bootstrap_seed_v1,81857728b78095013779b4d61403f621,62b94bdb0581db0e09832a03dcad2f77,a408b0770b3c664b7ca9455fe570fc39,198b9d587eb221d892640293b8d9b681,83,True,0.056879668003762096,OK
D7,primary,0,305,20260906070000305,bootstrap_seed_v1,81857728b78095013779b4d61403f621,62b94bdb0581db0e09832a03dcad2f77,56097ee9a89997a15606aa733f95ee5a,fcf3b385859f002e66eca6f07ebe950d,87,True,0.05365649164862896,OK
D7,primary,0,306,20260906070000306,bootstrap_seed_v1,81857728b78095013779b4d61403f621,62b94bdb0581db0e09832a03dcad2f77,81a0cc4bbbaba82fefc75059cb9736d1,2dac4dc15ee33db63d211cafa8436b03,103,True,0.050594854527798494,OK
D7,primary,0,307,20260906070000307,bootstrap_seed_v1,81857728b78095013779b4d61403f621,62b94bdb0581db0e09832a03dcad2f77,81d438338a84f626a2d8bdc06e8410c3,d94c5038d4921d9cb5aa8c9f293f069f,79,True,0.05655718814323207,OK
D7,primary,0,308,20260906070000308,bootstrap_seed_v1,81857728b78095013779b4d61403f621,62b94bdb0581db0e09832a03dcad2f77,f229da09e7f69737ff662ac1575637a5,4e22fe15cdf0ad0f7855768ed9ac9325,75,True,0.06041405694162172,OK
D7,primary,0,309,20260906070000309,bootstrap_seed_v1,81857728b78095013779b4d61403f621,62b94bdb0581db0e09832a03dcad2f77,811da366e9f74e2bf2a89b850d9307a4,87b4f9bf3f74eef2c9a15f00d78182e5,65,True,0.052228871350103345,OK
D7,primary,0,310,20260906070000310,bootstrap_seed_v1,81857728b78095013779b4d61403f621,62b94bdb0581db0e09832a03dcad2f77,77d349ff9a4a035a7ce5078db12fc1e7,46ebae9309002312f9ab2c93ffe5e4f7,85,True,0.04598206011768369,OK
D7,primary,0,311,20260906070000311,bootstrap_seed_v1,81857728b78095013779b4d61403f621,62b94bdb0581db0e09832a03dcad2f77,ca49371ec0bdb199d4fcf8cd981ea454,b6d9f2d68b15132915ef44bd84cfd36e,74,True,0.04234532856030987,OK
D7,primary,0,312,20260906070000312,bootstrap_seed_v1,81857728b78095013779b4d61403f621,62b94bdb0581db0e09832a03dcad2f77,d642930aa8325d50fd326f00d33b8a63,8636306c3448208af130cfebe1302ab1,73,True,0.07035904797082143,OK
D7,primary,0,313,20260906070000313,bootstrap_seed_v1,81857728b78095013779b4d61403f621,62b94bdb0581db0e09832a03dcad2f77,bca184f66366fe4bf058fe4d3c2a4997,de5333b6db33ec836a3f9781a98e5ef6,85,True,0.07424669923917893,OK
D7,primary,0,314,20260906070000314,bootstrap_seed_v1,81857728b78095013779b4d61403f621,62b94bdb0581db0e09832a03dcad2f77,36d16408d302f119bfb663ff38a5bab3,0f93e4e72a59027e64aa49b4f16bd43d,80,True,0.06358765760411678,OK
D7,primary,0,315,20260906070000315,bootstrap_seed_v1,81857728b78095013779b4d61403f621,62b94bdb0581db0e09832a03dcad2f77,48c9e4809c4946610345746f5ef89c2e,6add6636af320685c6f72e87e8ea7b0a,69,True,0.07796140643950089,OK
D7,primary,0,316,20260906070000316,bootstrap_seed_v1,81857728b78095013779b4d61403f621,62b94bdb0581db0e09832a03dcad2f77,57c68557254d3f9a3f60f06e3e2002de,18366345a62d613917645313d2cd1418,76,True,0.048241803858958376,OK
D7,primary,0,317,20260906070000317,bootstrap_seed_v1,81857728b78095013779b4d61403f621,62b94bdb0581db0e09832a03dcad2f77,6f017d1b3004460802b00e9aa4dbe223,15b8c129dc4759b8e3ae2753cb3ba6ae,83,True,0.08548086874971306,OK
D7,primary,0,318,20260906070000318,bootstrap_seed_v1,81857728b78095013779b4d61403f621,62b94bdb0581db0e09832a03dcad2f77,f73e49f13e7cd7f7aeedb943cf30d5a7,16ac4e7041e3d64cb4484ad1d427da4a,79,True,0.09243915901230104,OK
D7,primary,0,319,20260906070000319,bootstrap_seed_v1,81857728b78095013779b4d61403f621,62b94bdb0581db0e09832a03dcad2f77,3fa2c70e07a2d3b68cf3b30eb3c0f54c,e4521ba91fa332d8f4faa83a1d8db483,92,True,0.0982677525856328,OK
D7,primary,0,320,20260906070000320,bootstrap_seed_v1,81857728b78095013779b4d61403f621,62b94bdb0581db0e09832a03dcad2f77,ff46b51c5a5ba600da665c1863304764,8564ab8785db4200f052a64a02334bac,85,True,0.06242673413689742,OK
D7,primary,0,321,20260906070000321,bootstrap_seed_v1,81857728b78095013779b4d61403f621,62b94bdb0581db0e09832a03dcad2f77,d9585eadf646d039576a51d857985488,085d22b33ae514e1e4eff567af10416a,86,True,0.052268699305520916,OK
D7,primary,0,322,20260906070000322,bootstrap_seed_v1,81857728b78095013779b4d61403f621,62b94bdb0581db0e09832a03dcad2f77,15b21f32e6d27843f629f031e4e8ecdb,8af1d4dea8be70fceba9e0e38f2ea7ed,76,True,0.059447934866840635,OK
D7,primary,0,323,20260906070000323,bootstrap_seed_v1,81857728b78095013779b4d61403f621,62b94bdb0581db0e09832a03dcad2f77,3405181cbe2a6050aa07114221208e59,15559d874ebe0e8c48717a07d773f880,95,True,0.05297538933190821,OK
D7,primary,0,324,20260906070000324,bootstrap_seed_v1,81857728b78095013779b4d61403f621,62b94bdb0581db0e09832a03dcad2f77,db3905fbe350647f029a0170e797a77b,28b77de68287616fea9494d7d6871548,107,True,0.07579326538563877,OK
D7,primary,0,325,20260906070000325,bootstrap_seed_v1,81857728b78095013779b4d61403f621,62b94bdb0581db0e09832a03dcad2f77,80da288cb0411450aa57f2800f3205d4,5386e5fd5b511abd75cfc7da9141cd19,95,True,0.08031945813341979,OK
D7,primary,0,326,20260906070000326,bootstrap_seed_v1,81857728b78095013779b4d61403f621,62b94bdb0581db0e09832a03dcad2f77,487f345456529e6e98b1f4f36b0223ae,b55b9fc4a6d15ff5bf14fc3386272bd3,76,True,0.05973323362967625,OK
D7,primary,0,327,20260906070000327,bootstrap_seed_v1,81857728b78095013779b4d61403f621,62b94bdb0581db0e09832a03dcad2f77,98704ebec613a6d1a45f0e5edcf800ca,dd6f777e7cdbab186f61fc34c9e43f4a,76,True,0.06301006412619303,OK
D7,primary,0,328,20260906070000328,bootstrap_seed_v1,81857728b78095013779b4d61403f621,62b94bdb0581db0e09832a03dcad2f77,40ac0a158f13e858223a1ada0cb305c4,81376649886a055daec98d5dcdd23b64,94,True,0.06651042446462352,OK
D7,primary,0,329,20260906070000329,bootstrap_seed_v1,81857728b78095013779b4d61403f621,62b94bdb0581db0e09832a03dcad2f77,11da5951eb00fe0b01ec3b9a37d71f2f,b4018cd65b3e55adfa6a086a8bb5b1df,85,True,0.07090593422189528,OK
D7,primary,0,330,20260906070000330,bootstrap_seed_v1,81857728b78095013779b4d61403f621,62b94bdb0581db0e09832a03dcad2f77,a97dfbf2e2d30d1aa8a792d42f318ce6,6424994c5bb9649b3812ddc85cdba195,75,True,0.06621374431261895,OK
D7,primary,0,331,20260906070000331,bootstrap_seed_v1,81857728b78095013779b4d61403f621,62b94bdb0581db0e09832a03dcad2f77,33fefbba316e84e445beef44833cf6c6,cb88a7c6500b066bce6a99e274829f92,83,True,0.045612945493815726,OK
D7,primary,0,332,20260906070000332,bootstrap_seed_v1,81857728b78095013779b4d61403f621,62b94bdb0581db0e09832a03dcad2f77,92f59dac71f196086c09ea190e875a6d,0ce3109c8dbf213d07e519db08811112,93,True,0.04812074898315377,OK
D7,primary,0,333,20260906070000333,bootstrap_seed_v1,81857728b78095013779b4d61403f621,62b94bdb0581db0e09832a03dcad2f77,60b76dc6e0cdee9d3772df0101b484ef,6f673dcccb53d89b6b9bf8bc9f2e406b,73,True,0.07036727320352842,OK
D7,primary,0,334,20260906070000334,bootstrap_seed_v1,81857728b78095013779b4d61403f621,62b94bdb0581db0e09832a03dcad2f77,a9527d9d43da92a934768984984f0fed,7eb4ee2642c2f35fc5e9432528f358eb,86,True,0.05734751990653375,OK
D7,primary,0,335,20260906070000335,bootstrap_seed_v1,81857728b78095013779b4d61403f621,62b94bdb0581db0e09832a03dcad2f77,667897b09b5aaa19199cfc5c38a9794f,f7d5aaa712a235993c57fb3b02232354,75,True,0.1226209475969216,OK
D7,primary,0,336,20260906070000336,bootstrap_seed_v1,81857728b78095013779b4d61403f621,62b94bdb0581db0e09832a03dcad2f77,d660f7928bde842b0ca5af85a363fa02,c1b8fcb61e091b2eafb87846e51471e2,80,True,0.0839776066052561,OK
D7,primary,0,337,20260906070000337,bootstrap_seed_v1,81857728b78095013779b4d61403f621,62b94bdb0581db0e09832a03dcad2f77,88beb28970fc98d8054c036b8834d2cd,bf25fdd54a44f7a1a23c39d5a5334469,78,True,0.07809127791731241,OK
D7,primary,0,338,20260906070000338,bootstrap_seed_v1,81857728b78095013779b4d61403f621,62b94bdb0581db0e09832a03dcad2f77,427c4477675918107ca8d9230e7e0b54,5eef9c07903f6c536f41b561acb7e5b0,80,True,0.09492537834891446,OK
D7,primary,0,339,20260906070000339,bootstrap_seed_v1,81857728b78095013779b4d61403f621,62b94bdb0581db0e09832a03dcad2f77,489beee6f29347b4b7b14be07d69c2f9,7c1adc40c2777e0a0548ae2c898def2a,85,True,0.07177371353478923,OK
D7,primary,0,340,20260906070000340,bootstrap_seed_v1,81857728b78095013779b4d61403f621,62b94bdb0581db0e09832a03dcad2f77,88cc5b53bdfb895619db89062e320a98,20e60cb4e26d4c605e773ab099a36919,111,True,0.062086517751527626,OK
D7,primary,0,341,20260906070000341,bootstrap_seed_v1,81857728b78095013779b4d61403f621,62b94bdb0581db0e09832a03dcad2f77,04a602910cd95c9996cea84ff6379d1a,8b81f846005be4a4e70a34a469c71603,73,True,0.09102921327977492,OK
D7,primary,0,342,20260906070000342,bootstrap_seed_v1,81857728b78095013779b4d61403f621,62b94bdb0581db0e09832a03dcad2f77,4d86cfb3b18a5cde33795a4c593d1d4d,79a80bbde7e0745b3f200f8af4cf2120,77,True,0.07125339303789302,OK
D7,primary,0,343,20260906070000343,bootstrap_seed_v1,81857728b78095013779b4d61403f621,62b94bdb0581db0e09832a03dcad2f77,f67b60137ac3f3a9140ed0992b103ca3,3356fffd301397c692a02a8c10866650,92,True,0.058812799660193815,OK
D7,primary,0,344,20260906070000344,bootstrap_seed_v1,81857728b78095013779b4d61403f621,62b94bdb0581db0e09832a03dcad2f77,0f978ffeed6eec3c6286f5e8298fba0a,0f5ab6a668eae20c31c8d6840cbca83d,85,True,0.059431474607035795,OK
D7,primary,0,345,20260906070000345,bootstrap_seed_v1,81857728b78095013779b4d61403f621,62b94bdb0581db0e09832a03dcad2f77,df49f1661db8827040833718969217a7,1ee9365f5272bf7258913bfb5a07a114,82,True,0.07815946299506338,OK
D7,primary,0,346,20260906070000346,bootstrap_seed_v1,81857728b78095013779b4d61403f621,62b94bdb0581db0e09832a03dcad2f77,bb4283a3ca16066a7d794dda22321554,5b8746466f9eca9385bae8bf3a2fc482,86,True,0.054918084235908715,OK
D7,primary,0,347,20260906070000347,bootstrap_seed_v1,81857728b78095013779b4d61403f621,62b94bdb0581db0e09832a03dcad2f77,a1899e2050faaf36f8346fe09c1c8559,699d2131a3917876e0ab0f34eaf25159,94,True,0.05061217787433758,OK
D7,primary,0,348,20260906070000348,bootstrap_seed_v1,81857728b78095013779b4d61403f621,62b94bdb0581db0e09832a03dcad2f77,164e48a5f8de93dab66244bcc6aeca69,33f724770355527b8ca643c43268b59a,102,True,0.04222982228908617,OK
D7,primary,0,349,20260906070000349,bootstrap_seed_v1,81857728b78095013779b4d61403f621,62b94bdb0581db0e09832a03dcad2f77,c45b0a1b88ac360cd5276631ffd51cc2,8e5005a0bfe4d23d5b94b670ea0dec63,85,True,0.0553132644555514,OK
D7,primary,0,350,20260906070000350,bootstrap_seed_v1,81857728b78095013779b4d61403f621,62b94bdb0581db0e09832a03dcad2f77,6b5198b470cbaa666a13eba57450ae79,f6d4dfec20b5e6fb6b748ad3b97b6223,69,True,0.06592532894516517,OK
D7,primary,0,351,20260906070000351,bootstrap_seed_v1,81857728b78095013779b4d61403f621,62b94bdb0581db0e09832a03dcad2f77,42249021f0c0b3857da35f0af847dc7f,4866efdea39588c4b47ac17a9434a7b6,80,True,0.09903824964360197,OK
D7,primary,0,352,20260906070000352,bootstrap_seed_v1,81857728b78095013779b4d61403f621,62b94bdb0581db0e09832a03dcad2f77,03cc48bb619ac58edfc15ee12c5e6b79,635f195201c4ec456246cfe916fbbe18,87,True,0.046632793670524975,OK
D7,primary,0,353,20260906070000353,bootstrap_seed_v1,81857728b78095013779b4d61403f621,62b94bdb0581db0e09832a03dcad2f77,b761bedcb88f91a4d23e53afbeda9b46,0549a453e7f52ba15985ea6191e46b7a,83,True,0.07494326230585796,OK
D7,primary,0,354,20260906070000354,bootstrap_seed_v1,81857728b78095013779b4d61403f621,62b94bdb0581db0e09832a03dcad2f77,ba733cc21c928b17cd212953ab0c840f,e030c05cfc8602765171d09884bf4a94,71,True,0.0733211698615931,OK
D7,primary,0,355,20260906070000355,bootstrap_seed_v1,81857728b78095013779b4d61403f621,62b94bdb0581db0e09832a03dcad2f77,44dd7c83db75c2420a536c4cf215f4b1,563491d988bfc1e9ebb67522e840b1d3,74,True,0.06450990120297062,OK
D7,primary,0,356,20260906070000356,bootstrap_seed_v1,81857728b78095013779b4d61403f621,62b94bdb0581db0e09832a03dcad2f77,7975aac20c660b12a55ebb137a0fe392,0d7d9d4153969a8fe42dd6fea434d698,75,True,0.05062179293836111,OK
D7,primary,0,357,20260906070000357,bootstrap_seed_v1,81857728b78095013779b4d61403f621,62b94bdb0581db0e09832a03dcad2f77,db5ce4d0554e1403099d7b436f64aa11,b5a54b8b36fad9a50dc56bb74c75d58b,63,True,0.13866528016877044,OK
D7,primary,0,358,20260906070000358,bootstrap_seed_v1,81857728b78095013779b4d61403f621,62b94bdb0581db0e09832a03dcad2f77,a780b9b2405a7433c51f81bb34835ed3,64d7f99722f5b034c5df58e98ace065a,73,True,0.0680463839101268,OK
D7,primary,0,359,20260906070000359,bootstrap_seed_v1,81857728b78095013779b4d61403f621,62b94bdb0581db0e09832a03dcad2f77,fdef4a82fed752c8606121feab38220b,9422989784b9d869648700b57849dac8,63,True,0.053388310974455955,OK
D7,primary,0,360,20260906070000360,bootstrap_seed_v1,81857728b78095013779b4d61403f621,62b94bdb0581db0e09832a03dcad2f77,22f08341abfe4545592b7111e12f86e6,e4285ae617d8f77f4252dcb7ee3037e2,78,True,0.05172804082392238,OK
D7,primary,0,361,20260906070000361,bootstrap_seed_v1,81857728b78095013779b4d61403f621,62b94bdb0581db0e09832a03dcad2f77,e2cb92bca1bac8eb72aae4ffedfc8a82,f3dc6ca3a4b8a39b579dca94889fc2d7,86,True,0.05042031383120904,OK
D7,primary,0,362,20260906070000362,bootstrap_seed_v1,81857728b78095013779b4d61403f621,62b94bdb0581db0e09832a03dcad2f77,5eebfb42efb0db1947bf9a94cc576409,549feb8e5e247e67fb5e2e5863264093,99,True,0.06874269781320952,OK
D7,primary,0,363,20260906070000363,bootstrap_seed_v1,81857728b78095013779b4d61403f621,62b94bdb0581db0e09832a03dcad2f77,f669ec35df70b315c11a09b5fa2d65d3,7bd26d7beb43a0b4c3a0d209e45589bf,76,True,0.05024066811286487,OK
D7,primary,0,364,20260906070000364,bootstrap_seed_v1,81857728b78095013779b4d61403f621,62b94bdb0581db0e09832a03dcad2f77,c7909ad26b708dc036176db95ef3d669,6d6c20ea3f29f9d767ed120a56dba8c3,85,True,0.059351550116101826,OK
D7,primary,0,365,20260906070000365,bootstrap_seed_v1,81857728b78095013779b4d61403f621,62b94bdb0581db0e09832a03dcad2f77,8ed5efa16cb72371193e2f1fdc828802,8d11840bd1b13f3de2e0b68abfae6298,73,True,0.1186501656828039,OK
D7,primary,0,366,20260906070000366,bootstrap_seed_v1,81857728b78095013779b4d61403f621,62b94bdb0581db0e09832a03dcad2f77,f6edd58be812d159240b7e752cc41c5c,0dc501d67927c5be2b491e6ab7d423d4,97,True,0.07184034456888777,OK
D7,primary,0,367,20260906070000367,bootstrap_seed_v1,81857728b78095013779b4d61403f621,62b94bdb0581db0e09832a03dcad2f77,76571bf2d19a3d3fd708c01a9fc9019c,ebb286a779b0866615d0d3f53695763a,77,True,0.0604878605286181,OK
D7,primary,0,368,20260906070000368,bootstrap_seed_v1,81857728b78095013779b4d61403f621,62b94bdb0581db0e09832a03dcad2f77,a3ec6b398951c508643ffa73528128af,42554427e6b861a13a387c14041cb1eb,66,True,0.05206116187613663,OK
D7,primary,0,369,20260906070000369,bootstrap_seed_v1,81857728b78095013779b4d61403f621,62b94bdb0581db0e09832a03dcad2f77,3de1297e3a6432fc7679c68c6dcbc423,ff49446f627af4f470cbe0b48fd28d78,77,True,0.09504704806379727,OK
D7,primary,0,370,20260906070000370,bootstrap_seed_v1,81857728b78095013779b4d61403f621,62b94bdb0581db0e09832a03dcad2f77,123ceb834a4b84d51d4f3b9be26abd3b,2e9401a2da8f86ab5695812dae7ff8de,85,True,0.09413034531396092,OK
D7,primary,0,371,20260906070000371,bootstrap_seed_v1,81857728b78095013779b4d61403f621,62b94bdb0581db0e09832a03dcad2f77,99035f4b7620dde7c99ff8e65f194bf9,5ce66d403e636134d7e8860167d93344,82,True,0.08833004112271345,OK
D7,primary,0,372,20260906070000372,bootstrap_seed_v1,81857728b78095013779b4d61403f621,62b94bdb0581db0e09832a03dcad2f77,1ba7632469fe910f5886d8400063499a,d0e85528bb2ce7427ac6e6dfea9a78a7,83,True,0.06237289291601433,OK
D7,primary,0,373,20260906070000373,bootstrap_seed_v1,81857728b78095013779b4d61403f621,62b94bdb0581db0e09832a03dcad2f77,a95438d06d157129e60c5880f1ca512a,dbb3b611c6e550a87f5fabf3e11bac08,83,True,0.04295733735299789,OK
D7,primary,0,374,20260906070000374,bootstrap_seed_v1,81857728b78095013779b4d61403f621,62b94bdb0581db0e09832a03dcad2f77,97751ef07cce90e2009b14e41ffb39f7,6b97ee9c0df7c2f122a0ef8b3c7f7f92,78,True,0.06382331290223664,OK
D7,primary,0,375,20260906070000375,bootstrap_seed_v1,81857728b78095013779b4d61403f621,62b94bdb0581db0e09832a03dcad2f77,ab213b8defa24c144852bf178b0f12b4,849ecc11ddaecf3bb6151f10ff62180e,88,True,0.07476982504127982,OK
D7,primary,0,376,20260906070000376,bootstrap_seed_v1,81857728b78095013779b4d61403f621,62b94bdb0581db0e09832a03dcad2f77,03af67ad8a038095d3d7f5e7155f2f1f,d380dc6bc13e9ce3bddf88f2d4156e01,97,True,0.053486170177999615,OK
D7,primary,0,377,20260906070000377,bootstrap_seed_v1,81857728b78095013779b4d61403f621,62b94bdb0581db0e09832a03dcad2f77,8c0339a840bd05e7b1a7d3f8ce3d6657,c27a3f0c21668ceb90f541cc55849ea7,91,True,0.05785050660773683,OK
D7,primary,0,378,20260906070000378,bootstrap_seed_v1,81857728b78095013779b4d61403f621,62b94bdb0581db0e09832a03dcad2f77,41c48350b507f17e54ff16e39d92ee54,fbba03a06248861e427be689c66f8801,80,True,0.05953703099003893,OK
D7,primary,0,379,20260906070000379,bootstrap_seed_v1,81857728b78095013779b4d61403f621,62b94bdb0581db0e09832a03dcad2f77,a1b9f7fcda2c21e90311380595c95042,d3f05db1e51b76915968ae987570a287,87,True,0.04735378974950512,OK
D7,primary,0,380,20260906070000380,bootstrap_seed_v1,81857728b78095013779b4d61403f621,62b94bdb0581db0e09832a03dcad2f77,a6216f4418ca280d07cef37c30572e18,e0fc360d2226d34ba6b195973737a46a,82,True,0.05493967871623262,OK
D7,primary,0,381,20260906070000381,bootstrap_seed_v1,81857728b78095013779b4d61403f621,62b94bdb0581db0e09832a03dcad2f77,42ff03af63523604a5c5eaa306e12084,7ac69dfd184c511d1170efeede700ac8,62,True,0.11856297995549708,OK
D7,primary,0,382,20260906070000382,bootstrap_seed_v1,81857728b78095013779b4d61403f621,62b94bdb0581db0e09832a03dcad2f77,ce67260c36dc7bd1606992ed4632a128,a9ee38666c998f547a0e2a52afd233ce,77,True,0.08901251832484908,OK
D7,primary,0,383,20260906070000383,bootstrap_seed_v1,81857728b78095013779b4d61403f621,62b94bdb0581db0e09832a03dcad2f77,3fdb2adb239e768cb24b4b09c1a0495a,b012d0d48fecde882814235d38e2334f,111,True,0.04302196879856934,OK
D7,primary,0,384,20260906070000384,bootstrap_seed_v1,81857728b78095013779b4d61403f621,62b94bdb0581db0e09832a03dcad2f77,9a253b694aca1a927863c5e80e722d17,e73983159691f2aaf996e6f57ec7a6dd,83,True,0.058046069990480786,OK
D7,primary,0,385,20260906070000385,bootstrap_seed_v1,81857728b78095013779b4d61403f621,62b94bdb0581db0e09832a03dcad2f77,843b75ce25caf66e3acc9b58898522ad,0631f410e754656a2072a69e368a4513,68,True,0.08313746787698761,OK
D7,primary,0,386,20260906070000386,bootstrap_seed_v1,81857728b78095013779b4d61403f621,62b94bdb0581db0e09832a03dcad2f77,5ae4462493028b3f56e02e28358addf4,f98c2d17f0c1ad53aa4cd2ce90b89272,81,True,0.0880200189542446,OK
D7,primary,0,387,20260906070000387,bootstrap_seed_v1,81857728b78095013779b4d61403f621,62b94bdb0581db0e09832a03dcad2f77,a929ce3a5d5c206b3a613c6050cd78de,e689641da3e168efb851697c440cfc02,59,True,0.05627492014727306,OK
D7,primary,0,388,20260906070000388,bootstrap_seed_v1,81857728b78095013779b4d61403f621,62b94bdb0581db0e09832a03dcad2f77,24b793b185c9838e95e970d41b16164f,5ef105d0b259ba8b465331a56432cec5,74,True,0.06701452787039797,OK
D7,primary,0,389,20260906070000389,bootstrap_seed_v1,81857728b78095013779b4d61403f621,62b94bdb0581db0e09832a03dcad2f77,65bdab9242e97e2fa347a29c31966319,656f214fc28939a1cbad8248ba417add,74,True,0.07860447013023919,OK
D7,primary,0,390,20260906070000390,bootstrap_seed_v1,81857728b78095013779b4d61403f621,62b94bdb0581db0e09832a03dcad2f77,d5dc65ac58598ca1b30a6204fe90f7d5,ece6dee58bde5ad30345ddcc32c5307f,70,True,0.09029174595841272,OK
D7,primary,0,391,20260906070000391,bootstrap_seed_v1,81857728b78095013779b4d61403f621,62b94bdb0581db0e09832a03dcad2f77,ff5060e96d89b2eb2233c316c38bf08f,45c99361683b518baedf7e1ff5c465f2,88,True,0.061869601544880415,OK
D7,primary,0,392,20260906070000392,bootstrap_seed_v1,81857728b78095013779b4d61403f621,62b94bdb0581db0e09832a03dcad2f77,cde57453c32c40c7fb6782db503c485e,088b11bd7e9b1e89647a34f17fbd6a9a,84,True,0.07264928527788284,OK
D7,primary,0,393,20260906070000393,bootstrap_seed_v1,81857728b78095013779b4d61403f621,62b94bdb0581db0e09832a03dcad2f77,1aa5be7c0c34e7ac563d1bdf3f10eb4a,0b280b316691252b9e9a99f594de6452,79,True,0.08332082412767539,OK
D7,primary,0,394,20260906070000394,bootstrap_seed_v1,81857728b78095013779b4d61403f621,62b94bdb0581db0e09832a03dcad2f77,93520a8e6049a53a920130a8307b45ff,9eabccae8b7c3a355bd8491e00d0954b,77,True,0.08281133439191857,OK
D7,primary,0,395,20260906070000395,bootstrap_seed_v1,81857728b78095013779b4d61403f621,62b94bdb0581db0e09832a03dcad2f77,2d8451dd4b4f7c6c97aa4c6fcf3be741,541864a6bee3be1d0104df3c9e7f84cf,85,True,0.05923344775738104,OK
D7,primary,0,396,20260906070000396,bootstrap_seed_v1,81857728b78095013779b4d61403f621,62b94bdb0581db0e09832a03dcad2f77,710f73124c7ab35e3ad57bfe8ede3bd4,292b9ea28ac3becd1b72706ce5b738c6,77,True,0.05468964654655706,OK
D7,primary,0,397,20260906070000397,bootstrap_seed_v1,81857728b78095013779b4d61403f621,62b94bdb0581db0e09832a03dcad2f77,a6d8bd961c9341f50d5d9174678462dd,401c66f2f81c7260515d0db499683159,74,True,0.04763699993404158,OK
D7,primary,0,398,20260906070000398,bootstrap_seed_v1,81857728b78095013779b4d61403f621,62b94bdb0581db0e09832a03dcad2f77,dbc6c19bffc5469d6f093179cf634195,abc489df3f6c451ae077322e40e522e2,85,True,0.06390618501691847,OK
D7,primary,0,399,20260906070000399,bootstrap_seed_v1,81857728b78095013779b4d61403f621,62b94bdb0581db0e09832a03dcad2f77,5cedc65fa8ef31b0de5a8c6ac97cf9a5,667cec898d003ae6b844707f9a79961e,88,True,0.05103936757420549,OK
D7,primary,0,400,20260906070000400,bootstrap_seed_v1,81857728b78095013779b4d61403f621,62b94bdb0581db0e09832a03dcad2f77,6757ba7570913ba1ce1d914a41dadc0b,f38af64863f77d5c9d5d31d859376e88,84,True,0.07683514165854943,OK
D7,primary,0,401,20260906070000401,bootstrap_seed_v1,81857728b78095013779b4d61403f621,62b94bdb0581db0e09832a03dcad2f77,795a6993d1470547d88ce70fa6517589,4ed83e75e9da44a558b04e7c7d06c54f,84,True,0.0428748892202625,OK
D7,primary,0,402,20260906070000402,bootstrap_seed_v1,81857728b78095013779b4d61403f621,62b94bdb0581db0e09832a03dcad2f77,7db2652c73eb7247659f2a8417c3ecd8,7e3e04650ec4477349a3e37de3b14c47,102,True,0.04284176177465582,OK
D7,primary,0,403,20260906070000403,bootstrap_seed_v1,81857728b78095013779b4d61403f621,62b94bdb0581db0e09832a03dcad2f77,09c6d6f4d2e47c9aacf097b768d8ca16,b953b2c1b59810d186b49497a82d979f,103,True,0.06233383308697904,OK
D7,primary,0,404,20260906070000404,bootstrap_seed_v1,81857728b78095013779b4d61403f621,62b94bdb0581db0e09832a03dcad2f77,1f4a7167fcce891c1926fbe648903f38,8e2d2d715c48de33686343c471639e53,75,True,0.07096089301672348,OK
D7,primary,0,405,20260906070000405,bootstrap_seed_v1,81857728b78095013779b4d61403f621,62b94bdb0581db0e09832a03dcad2f77,1c3ef4f58f13ed699745fa9cd2affa87,745aa7c5755c57a05550872d6a188e62,88,True,0.0733227549265828,OK
D7,primary,0,406,20260906070000406,bootstrap_seed_v1,81857728b78095013779b4d61403f621,62b94bdb0581db0e09832a03dcad2f77,bca50956764b83093195f68c76ec3fac,600dbb27314cfe7a356b2c066ae47e0a,76,True,0.05767225062740117,OK
D7,primary,0,407,20260906070000407,bootstrap_seed_v1,81857728b78095013779b4d61403f621,62b94bdb0581db0e09832a03dcad2f77,4a861f80263ce99d91c363bb810e15b7,96bb54de093c9b90a83bf498af38147a,87,True,0.05967069063418373,OK
D7,primary,0,408,20260906070000408,bootstrap_seed_v1,81857728b78095013779b4d61403f621,62b94bdb0581db0e09832a03dcad2f77,7b759a9baa50afaf6b7d0cb9744bc599,b85ebc0e79b2bce903ac5382209c2d6a,90,True,0.054064161879722905,OK
D7,primary,0,409,20260906070000409,bootstrap_seed_v1,81857728b78095013779b4d61403f621,62b94bdb0581db0e09832a03dcad2f77,a5df9472a43bf6982d8535219f5f4d7e,2e20c684b11cb894db0c5c9c235026c6,92,True,0.062013619275937404,OK
D7,primary,0,410,20260906070000410,bootstrap_seed_v1,81857728b78095013779b4d61403f621,62b94bdb0581db0e09832a03dcad2f77,69c62649eef1be84155ab11152a424f6,cd0a0e853bf6e36ca4a66faca5b5dde4,82,True,0.05870396897927749,OK
D7,primary,0,411,20260906070000411,bootstrap_seed_v1,81857728b78095013779b4d61403f621,62b94bdb0581db0e09832a03dcad2f77,f028dbc7c971af9f8a0f9945a899a9d0,6ecdf06e534ba4469ff241257cb1a061,77,True,0.06203652366650114,OK
D7,primary,0,412,20260906070000412,bootstrap_seed_v1,81857728b78095013779b4d61403f621,62b94bdb0581db0e09832a03dcad2f77,8e1e723fca2ed50a4dc034aa894eeb17,366d73a99995ab8d7d0e50b81b5b45c1,78,True,0.060702869497882006,OK
D7,primary,0,413,20260906070000413,bootstrap_seed_v1,81857728b78095013779b4d61403f621,62b94bdb0581db0e09832a03dcad2f77,c00cb0ae1880be6f0dcafc26e547c303,884859172aa88e8480b3bbd284ee0bd3,77,True,0.0828558679664213,OK
D7,primary,0,414,20260906070000414,bootstrap_seed_v1,81857728b78095013779b4d61403f621,62b94bdb0581db0e09832a03dcad2f77,d858f9f12a1a418089ea74da154008cf,0c605171239b82d334a570bb4c870cf2,91,True,0.08109125661274597,OK
D7,primary,0,415,20260906070000415,bootstrap_seed_v1,81857728b78095013779b4d61403f621,62b94bdb0581db0e09832a03dcad2f77,abda1d0c3dfde941ef631c32b2ba0760,fc65e3f1bce9a95da7cd3275ab0223a1,103,True,0.09074640311491178,OK
D7,primary,0,416,20260906070000416,bootstrap_seed_v1,81857728b78095013779b4d61403f621,62b94bdb0581db0e09832a03dcad2f77,74a9ffa06a5b0ab05b0ed7a6e1360dfa,3c073c91d2a6492fc3cb24f20c1014ed,93,True,0.03708657564968067,OK
D7,primary,0,417,20260906070000417,bootstrap_seed_v1,81857728b78095013779b4d61403f621,62b94bdb0581db0e09832a03dcad2f77,643b210c8525c15d638cd65126810e1e,2aefde742cd2e03ed2e065305b22b327,88,True,0.07978552539888739,OK
D7,primary,0,418,20260906070000418,bootstrap_seed_v1,81857728b78095013779b4d61403f621,62b94bdb0581db0e09832a03dcad2f77,f95229456620b51ea7977ba95bdeaaca,2a9a71216fc1eadcd4c9a23a25e11d33,85,True,0.06691967731216264,OK
D7,primary,0,419,20260906070000419,bootstrap_seed_v1,81857728b78095013779b4d61403f621,62b94bdb0581db0e09832a03dcad2f77,33f9dc5c3952691941fbc21d43641f93,76fc33ca004a791261fe4aaa4eaf1244,85,True,0.09222859279590578,OK
D7,primary,0,420,20260906070000420,bootstrap_seed_v1,81857728b78095013779b4d61403f621,62b94bdb0581db0e09832a03dcad2f77,41e9554cceb18a28eef71431d34cd20f,ef72654760bfe1cb3f75b11c77e34ed5,77,True,0.09961581044776704,OK
D7,primary,0,421,20260906070000421,bootstrap_seed_v1,81857728b78095013779b4d61403f621,62b94bdb0581db0e09832a03dcad2f77,62c7fb84daa2554f72e20927fb262947,383c358900cf4ad5ff4ae662b37edfe6,90,True,0.03504798508235801,OK
D7,primary,0,422,20260906070000422,bootstrap_seed_v1,81857728b78095013779b4d61403f621,62b94bdb0581db0e09832a03dcad2f77,a7c01573416f223a1a4d4004bc4b6e5b,b1f36129c905a120399f42a5a28f945a,83,True,0.06715692002172513,OK
D7,primary,0,423,20260906070000423,bootstrap_seed_v1,81857728b78095013779b4d61403f621,62b94bdb0581db0e09832a03dcad2f77,bf16a7411b52a043c38609e9f1d54d28,8cd820d1574f48bfb3b259cd2f6e899c,65,True,0.057268485057306306,OK
D7,primary,0,424,20260906070000424,bootstrap_seed_v1,81857728b78095013779b4d61403f621,62b94bdb0581db0e09832a03dcad2f77,0e13bdb7992f103ef888e5e90ff4347f,9415f66b4e2f18d43db07694e24d1179,93,True,0.044474850576287195,OK
D7,primary,0,425,20260906070000425,bootstrap_seed_v1,81857728b78095013779b4d61403f621,62b94bdb0581db0e09832a03dcad2f77,9d7458aaa1ae55f288544451d7ba7310,3263e432fdbbf6e61721d692fb5b2155,104,True,0.052292849847727974,OK
D7,primary,0,426,20260906070000426,bootstrap_seed_v1,81857728b78095013779b4d61403f621,62b94bdb0581db0e09832a03dcad2f77,cb807b52a2ce11bf8c0f354855b71586,68ba68e411530d3e82c2d6688e5c984d,85,True,0.05518677421975493,OK
D7,primary,0,427,20260906070000427,bootstrap_seed_v1,81857728b78095013779b4d61403f621,62b94bdb0581db0e09832a03dcad2f77,af191e91013cff9dc6d6d6c19aba5d17,9ebe2944d9bdb17c20879267b3c5cbd9,95,True,0.038436687834763505,OK
D7,primary,0,428,20260906070000428,bootstrap_seed_v1,81857728b78095013779b4d61403f621,62b94bdb0581db0e09832a03dcad2f77,1ac80a507c37e5907ea4b1a4f95b5890,67bf9e784258b616efe7b6bf46d8a8d0,98,True,0.04270952932622668,OK
D7,primary,0,429,20260906070000429,bootstrap_seed_v1,81857728b78095013779b4d61403f621,62b94bdb0581db0e09832a03dcad2f77,b3c6bc87b1682ef9359e268f99a12c5f,c5dcab15990642a700aa49c757f0b1fa,83,True,0.040533617987361964,OK
D7,primary,0,430,20260906070000430,bootstrap_seed_v1,81857728b78095013779b4d61403f621,62b94bdb0581db0e09832a03dcad2f77,540f2bf2fd25848f3d90161d1994a3f7,fc23e287afeb613e68d1315a98adc463,80,True,0.07743199212774143,OK
D7,primary,0,431,20260906070000431,bootstrap_seed_v1,81857728b78095013779b4d61403f621,62b94bdb0581db0e09832a03dcad2f77,26697723b83ee06d9137f8e3bbdd8f87,74c6d8adeb8f054bb40b974f384a70a0,87,True,0.07633348651025884,OK
D7,primary,0,432,20260906070000432,bootstrap_seed_v1,81857728b78095013779b4d61403f621,62b94bdb0581db0e09832a03dcad2f77,35a21c31c60f953a4d847a05633ef72d,99ad2e91848214de02851dfa80e1be9c,64,True,0.05979728888333191,OK
D7,primary,0,433,20260906070000433,bootstrap_seed_v1,81857728b78095013779b4d61403f621,62b94bdb0581db0e09832a03dcad2f77,86d1bc9b2c6996bb228feb1e10984178,69605e838f16471ed9f7c1f1128153bd,70,True,0.05516801766219981,OK
D7,primary,0,434,20260906070000434,bootstrap_seed_v1,81857728b78095013779b4d61403f621,62b94bdb0581db0e09832a03dcad2f77,4b6903c535618427176e3f492ef95db5,ae336a00f651b479aec8ad536a15d308,97,True,0.04747541641373182,OK
D7,primary,0,435,20260906070000435,bootstrap_seed_v1,81857728b78095013779b4d61403f621,62b94bdb0581db0e09832a03dcad2f77,cc1484595759d9904bb0b8a65325233f,bbadcbe26e355c00ef6a539b2f4a69af,65,True,0.053056028082636764,OK
D7,primary,0,436,20260906070000436,bootstrap_seed_v1,81857728b78095013779b4d61403f621,62b94bdb0581db0e09832a03dcad2f77,4c8b476dc42568e17f07854125ad348a,5d30282f0761e4621e68766b7ee6dec4,73,True,0.08644727451422596,OK
D7,primary,0,437,20260906070000437,bootstrap_seed_v1,81857728b78095013779b4d61403f621,62b94bdb0581db0e09832a03dcad2f77,d78cec8b865093840d564cb7847fb84f,176e6c7099828b5167a2737d25ceb8d3,77,True,0.07267277516138049,OK
D7,primary,0,438,20260906070000438,bootstrap_seed_v1,81857728b78095013779b4d61403f621,62b94bdb0581db0e09832a03dcad2f77,3255979e9122666edb50c5363663442f,3f097ef82d864de970a87bc9bdc718f8,78,True,0.06732247806341729,OK
D7,primary,0,439,20260906070000439,bootstrap_seed_v1,81857728b78095013779b4d61403f621,62b94bdb0581db0e09832a03dcad2f77,23ebc3ac0370cfcbaeceb1c08a4cf3f7,58102a625d757361716c51db183f0b7a,79,True,0.0475242483337312,OK
D7,primary,0,440,20260906070000440,bootstrap_seed_v1,81857728b78095013779b4d61403f621,62b94bdb0581db0e09832a03dcad2f77,e4781e28fa439e2d454ee1f2c722f6dd,cc2752e780f4548e91ef159079ad30c9,71,True,0.09844128124203433,OK
D7,primary,0,441,20260906070000441,bootstrap_seed_v1,81857728b78095013779b4d61403f621,62b94bdb0581db0e09832a03dcad2f77,8fbc551a50c7f4e7705e4592e2ad195e,234807c1bbcab365a940c98782567309,72,True,0.06656317000042145,OK
D7,primary,0,442,20260906070000442,bootstrap_seed_v1,81857728b78095013779b4d61403f621,62b94bdb0581db0e09832a03dcad2f77,30c771bf2bb1444e50aaf94c33216fa0,4b8dcac51e8d63f7d05218c38fb3e0b8,87,True,0.06950632858148817,OK
D7,primary,0,443,20260906070000443,bootstrap_seed_v1,81857728b78095013779b4d61403f621,62b94bdb0581db0e09832a03dcad2f77,5fb4bf654f09a196997eeb89f663fee0,066d03e2fbcbf421769a26a0809a7eb0,75,True,0.052486822114377274,OK
D7,primary,0,444,20260906070000444,bootstrap_seed_v1,81857728b78095013779b4d61403f621,62b94bdb0581db0e09832a03dcad2f77,d4445b7bf0808544c3f163a56a4c7dc9,35b024f7b42fcd1cea5b3b8434e1d267,91,True,0.06507017958048705,OK
D7,primary,0,445,20260906070000445,bootstrap_seed_v1,81857728b78095013779b4d61403f621,62b94bdb0581db0e09832a03dcad2f77,4492561d181aee8277bd842f60bdccfc,6fa04de3765b3da64050dc300cc107f0,86,True,0.06110623801312731,OK
D7,primary,0,446,20260906070000446,bootstrap_seed_v1,81857728b78095013779b4d61403f621,62b94bdb0581db0e09832a03dcad2f77,519f94af6d655b32046df1d1468de04e,bf96de45a8881b33683d8d75c104503c,83,True,0.06843612529950482,OK
D7,primary,0,447,20260906070000447,bootstrap_seed_v1,81857728b78095013779b4d61403f621,62b94bdb0581db0e09832a03dcad2f77,17dab3cdac58002b0d491c2843f9936c,4eec085d2d06bc35256a67d0d50734f6,78,True,0.06560074724918719,OK
D7,primary,0,448,20260906070000448,bootstrap_seed_v1,81857728b78095013779b4d61403f621,62b94bdb0581db0e09832a03dcad2f77,9a1c116e2c3c8aacfa4a1617aa03dece,6f7cf477d41332a05ce3e3ac8f7db36d,74,True,0.042533935964303216,OK
D7,primary,0,449,20260906070000449,bootstrap_seed_v1,81857728b78095013779b4d61403f621,62b94bdb0581db0e09832a03dcad2f77,4d522115fa609bf6c9ad54f7b8e01a5c,d0d4e04e230d4442e155afce42e3086d,66,True,0.055849262095159447,OK
D7,primary,0,450,20260906070000450,bootstrap_seed_v1,81857728b78095013779b4d61403f621,62b94bdb0581db0e09832a03dcad2f77,b432d8520f646a97c25b7247cccae2e1,0b34912198e18ef3a34dfcb8c7efd945,69,True,0.05765304443391228,OK
D7,primary,0,451,20260906070000451,bootstrap_seed_v1,81857728b78095013779b4d61403f621,62b94bdb0581db0e09832a03dcad2f77,b73ed13e5d3f8a4cc30677f2cb81fde6,a9bb8d9e88495deee436aaf7d4657c46,92,True,0.06172640694034873,OK
D7,primary,0,452,20260906070000452,bootstrap_seed_v1,81857728b78095013779b4d61403f621,62b94bdb0581db0e09832a03dcad2f77,a9c6227532dac47e25a2905382dd1360,4cb9dd8944474321de9179eb5ac50ea6,91,True,0.07060266476132093,OK
D7,primary,0,453,20260906070000453,bootstrap_seed_v1,81857728b78095013779b4d61403f621,62b94bdb0581db0e09832a03dcad2f77,9fb85a280f2f858af0ddb1c8df8b1dbe,632a0ad650eb6b26f248604be450c960,97,True,0.035138220002342235,OK
D7,primary,0,454,20260906070000454,bootstrap_seed_v1,81857728b78095013779b4d61403f621,62b94bdb0581db0e09832a03dcad2f77,d13388f496e8f7e6fd9ddae0a947e34c,3058209e1cb3b8cad1b48f6f18a220b1,72,True,0.06363170944378072,OK
D7,primary,0,455,20260906070000455,bootstrap_seed_v1,81857728b78095013779b4d61403f621,62b94bdb0581db0e09832a03dcad2f77,090aa8527b4751484cbeb2bb03fa13fe,4a53b721cb1758f6f28d223bf780f477,78,True,0.06255878063714071,OK
D7,primary,0,456,20260906070000456,bootstrap_seed_v1,81857728b78095013779b4d61403f621,62b94bdb0581db0e09832a03dcad2f77,d816c9fe8bc19f588cf02f7acf924fee,aacb62f47a23f30a17b42bc58b1d8ab1,82,True,0.06554781793607156,OK
D7,primary,0,457,20260906070000457,bootstrap_seed_v1,81857728b78095013779b4d61403f621,62b94bdb0581db0e09832a03dcad2f77,fb033545be82237c0e3e90eb3f3b364e,4b3f42d84c65068ec0efb4080fd26b72,71,True,0.06752856843538801,OK
D7,primary,0,458,20260906070000458,bootstrap_seed_v1,81857728b78095013779b4d61403f621,62b94bdb0581db0e09832a03dcad2f77,089822e27b988dfa9c0b2fbfa6317bf3,dbd5a51f3760b76c54dfb6e506d28d7f,74,True,0.04932943123890099,OK
D7,primary,0,459,20260906070000459,bootstrap_seed_v1,81857728b78095013779b4d61403f621,62b94bdb0581db0e09832a03dcad2f77,7f12bd6dd1d9893eefb19a222708cd95,67915a21cc72db4be71f00f9cb714064,85,True,0.059475381988967735,OK
D7,primary,0,460,20260906070000460,bootstrap_seed_v1,81857728b78095013779b4d61403f621,62b94bdb0581db0e09832a03dcad2f77,c90233756d3498dc12f82e3fc0f3ee03,9dcc28c08820a18065f713bc2c961e8e,92,True,0.04064785392433845,OK
D7,primary,0,461,20260906070000461,bootstrap_seed_v1,81857728b78095013779b4d61403f621,62b94bdb0581db0e09832a03dcad2f77,2199593a5aa5aefd8199a662ae1f0da8,75d7be3744a062c95e0937c8d8b0ad80,88,True,0.04465080271320854,OK
D7,primary,0,462,20260906070000462,bootstrap_seed_v1,81857728b78095013779b4d61403f621,62b94bdb0581db0e09832a03dcad2f77,43c7ce00b1eba89f206c3361065dbef0,2b2a2b70fbc9727c463d43e11652729c,79,True,0.06499435386162844,OK
D7,primary,0,463,20260906070000463,bootstrap_seed_v1,81857728b78095013779b4d61403f621,62b94bdb0581db0e09832a03dcad2f77,4f7287a387731aa79bb70921b1bd58c8,042d894ea39f2f28172fcdccefb792d5,99,True,0.06575020628057926,OK
D7,primary,0,464,20260906070000464,bootstrap_seed_v1,81857728b78095013779b4d61403f621,62b94bdb0581db0e09832a03dcad2f77,91b6864b784ef054df91897b87303904,a8252d8e50f6a7c2012869ea16382990,72,True,0.06349628672352148,OK
D7,primary,0,465,20260906070000465,bootstrap_seed_v1,81857728b78095013779b4d61403f621,62b94bdb0581db0e09832a03dcad2f77,73a2695ea5eb40c98178cce35f8505c3,3c25409f50db215fdd9d122eecc23190,68,True,0.08783508152806307,OK
D7,primary,0,466,20260906070000466,bootstrap_seed_v1,81857728b78095013779b4d61403f621,62b94bdb0581db0e09832a03dcad2f77,e8e6ebfbb6b5c5de11a99bd2d5ce290e,f92d61b72b03c6aa4c99ae24af382182,87,True,0.060378130063577895,OK
D7,primary,0,467,20260906070000467,bootstrap_seed_v1,81857728b78095013779b4d61403f621,62b94bdb0581db0e09832a03dcad2f77,d211673c4ebde2748e51eed3fe848f62,0e52ab7e5634223fd7df16090f38773f,89,True,0.0591075284788809,OK
D7,primary,0,468,20260906070000468,bootstrap_seed_v1,81857728b78095013779b4d61403f621,62b94bdb0581db0e09832a03dcad2f77,4ff7166f222d8dca472a5a302d178b2c,32163446014cffc3ee31bc9d95fb6bab,90,True,0.05614543103052533,OK
D7,primary,0,469,20260906070000469,bootstrap_seed_v1,81857728b78095013779b4d61403f621,62b94bdb0581db0e09832a03dcad2f77,40921a58390f92ae81c29c000981a57c,75bd07ecf59c5f999de8a5ff4ac8bea8,88,True,0.045007032030790095,OK
D7,primary,0,470,20260906070000470,bootstrap_seed_v1,81857728b78095013779b4d61403f621,62b94bdb0581db0e09832a03dcad2f77,4941bdc4087a99058d3056867157c2ad,28f8926138a8cbea0f4f1e14f019197f,90,True,0.057427636658883396,OK
D7,primary,0,471,20260906070000471,bootstrap_seed_v1,81857728b78095013779b4d61403f621,62b94bdb0581db0e09832a03dcad2f77,6c5a7dbe170f0642c37bfedd9bc54972,e2b6f40473640bbeb6ffb52ae0142ab3,76,True,0.06078899773604385,OK
D7,primary,0,472,20260906070000472,bootstrap_seed_v1,81857728b78095013779b4d61403f621,62b94bdb0581db0e09832a03dcad2f77,e6e4d1c26254af55549655d518a4a876,c72782687eaa329fe43be96aa51f54e1,93,True,0.05658416655036369,OK
D7,primary,0,473,20260906070000473,bootstrap_seed_v1,81857728b78095013779b4d61403f621,62b94bdb0581db0e09832a03dcad2f77,0139f8b63ed2ae909e2bac10c8a5fe4e,b7232c878011d4c2375feff0e61da3d5,76,True,0.08451667460337936,OK
D7,primary,0,474,20260906070000474,bootstrap_seed_v1,81857728b78095013779b4d61403f621,62b94bdb0581db0e09832a03dcad2f77,590ef86c1b237b1e31262d5707c76186,492c72d5f18a940b21e60bb2e4b0b582,103,True,0.04438643245730528,OK
D7,primary,0,475,20260906070000475,bootstrap_seed_v1,81857728b78095013779b4d61403f621,62b94bdb0581db0e09832a03dcad2f77,f1871079d835950f7b1219cf54bb8038,e8952d94f63ebab61716b46de439ed96,94,True,0.07473851890342709,OK
D7,primary,0,476,20260906070000476,bootstrap_seed_v1,81857728b78095013779b4d61403f621,62b94bdb0581db0e09832a03dcad2f77,916499f6d2c694a7626247f9f8a51ccb,79391ea7a3f1c3fb94f5feb50687f816,71,True,0.07154173488666093,OK
D7,primary,0,477,20260906070000477,bootstrap_seed_v1,81857728b78095013779b4d61403f621,62b94bdb0581db0e09832a03dcad2f77,db210044d960b4e62fb97dacd51e72f8,5e8fb4b0f86b3be10e39567e7bf501a1,87,True,0.053352525212777335,OK
D7,primary,0,478,20260906070000478,bootstrap_seed_v1,81857728b78095013779b4d61403f621,62b94bdb0581db0e09832a03dcad2f77,1b6e15996003e962becf7196d3b878f0,8f113ab1ef48469822f6bc487273e5be,83,True,0.08077863111169525,OK
D7,primary,0,479,20260906070000479,bootstrap_seed_v1,81857728b78095013779b4d61403f621,62b94bdb0581db0e09832a03dcad2f77,37529312dff59532740ddf890232f4f0,117800a4ce926a5600ca3160f0b8a534,84,True,0.05298452760237371,OK
D7,primary,0,480,20260906070000480,bootstrap_seed_v1,81857728b78095013779b4d61403f621,62b94bdb0581db0e09832a03dcad2f77,9f7e7250ae0fc16d10c4cac9a43b60fc,85e08eef55a974d7a4ed9ad4584031ca,69,True,0.05543908867180425,OK
D7,primary,0,481,20260906070000481,bootstrap_seed_v1,81857728b78095013779b4d61403f621,62b94bdb0581db0e09832a03dcad2f77,9b01870b286a3fb6dd89a74f39eefb90,d58a927f5097d255f740a467719f2c90,77,True,0.07923557599879733,OK
D7,primary,0,482,20260906070000482,bootstrap_seed_v1,81857728b78095013779b4d61403f621,62b94bdb0581db0e09832a03dcad2f77,e9236a373c80596ffa0448787efbed68,2d0e821d62881209e022d0dca1dfc838,84,True,0.058178452842344575,OK
D7,primary,0,483,20260906070000483,bootstrap_seed_v1,81857728b78095013779b4d61403f621,62b94bdb0581db0e09832a03dcad2f77,c7f9a7fd4a74002f9d33e5040140df6e,c9b398df24a33844c0dd81f8122e1947,85,True,0.06926928136993726,OK
D7,primary,0,484,20260906070000484,bootstrap_seed_v1,81857728b78095013779b4d61403f621,62b94bdb0581db0e09832a03dcad2f77,9dd43198737083340bd67cd56b7fc57f,b60a29b1010357382f141029c910dd13,75,True,0.06980622050827989,OK
D7,primary,0,485,20260906070000485,bootstrap_seed_v1,81857728b78095013779b4d61403f621,62b94bdb0581db0e09832a03dcad2f77,55f69d203948e4f90c4b005f01f64fc1,c8c4a83344c0054a2bad1d6d5bc7c43b,75,True,0.06365838315208283,OK
D7,primary,0,486,20260906070000486,bootstrap_seed_v1,81857728b78095013779b4d61403f621,62b94bdb0581db0e09832a03dcad2f77,32d7a9bad9bc192298e5b7b85d4de48b,6a7d7357d20088f6ab031f90e7645483,78,True,0.05304108254361456,OK
D7,primary,0,487,20260906070000487,bootstrap_seed_v1,81857728b78095013779b4d61403f621,62b94bdb0581db0e09832a03dcad2f77,ebed461a9704e70289b398407a1a5e5d,90d32c9ac6fb6d483773cb45bdaff346,78,True,0.11825788702017898,OK
D7,primary,0,488,20260906070000488,bootstrap_seed_v1,81857728b78095013779b4d61403f621,62b94bdb0581db0e09832a03dcad2f77,8f87b030c48b5a9ef67fab5cad4be6cf,e71a51ab4669702e5b2040c67a1623f2,92,True,0.05519546102741357,OK
D7,primary,0,489,20260906070000489,bootstrap_seed_v1,81857728b78095013779b4d61403f621,62b94bdb0581db0e09832a03dcad2f77,ac36a6074f878cdb8ab58f0751248cf1,c97eb168b801be22a74b9b78511f64f6,77,True,0.058153776829739656,OK
D7,primary,0,490,20260906070000490,bootstrap_seed_v1,81857728b78095013779b4d61403f621,62b94bdb0581db0e09832a03dcad2f77,419c19dca705ce80eebf171afafe72ce,27634878cfac320ed0d0a676097e9b1b,95,True,0.08652184479616443,OK
D7,primary,0,491,20260906070000491,bootstrap_seed_v1,81857728b78095013779b4d61403f621,62b94bdb0581db0e09832a03dcad2f77,3ba39b1fb6c516f69f40b287136cc725,c7deb116d32a87d0ff3e5e6ad153d799,75,True,0.06430758499307537,OK
D7,primary,0,492,20260906070000492,bootstrap_seed_v1,81857728b78095013779b4d61403f621,62b94bdb0581db0e09832a03dcad2f77,f6106d874ed77329ad43b16d9fbd6d31,51d6aafe0636fe82d7f7ef3f5dc5d044,86,True,0.06089939657255805,OK
D7,primary,0,493,20260906070000493,bootstrap_seed_v1,81857728b78095013779b4d61403f621,62b94bdb0581db0e09832a03dcad2f77,b2495db7314955ac03df6a1847582bb9,e42372edddb335ca4ef76967753b45df,87,True,0.04814807547142791,OK
D7,primary,0,494,20260906070000494,bootstrap_seed_v1,81857728b78095013779b4d61403f621,62b94bdb0581db0e09832a03dcad2f77,ac91e0da4017793905a7a467af19da48,7611e8f8da8829272d7758d72e7925a8,72,True,0.06741906025468752,OK
D7,primary,0,495,20260906070000495,bootstrap_seed_v1,81857728b78095013779b4d61403f621,62b94bdb0581db0e09832a03dcad2f77,0282df99c088e9be5f392d653fc12e46,185d41d8e7847c9fe66c0f2795eec60d,88,True,0.06473752455669424,OK
D7,primary,0,496,20260906070000496,bootstrap_seed_v1,81857728b78095013779b4d61403f621,62b94bdb0581db0e09832a03dcad2f77,935bfbf81636da803e14ae0e75582ce6,a09bfb58d36c3322280a45e65421721a,78,True,0.06305384633030489,OK
D7,primary,0,497,20260906070000497,bootstrap_seed_v1,81857728b78095013779b4d61403f621,62b94bdb0581db0e09832a03dcad2f77,2d26ca0d90a4efb45d329b7a3df4a8fe,ce6926aba1930bac28f3bde82034e1b2,92,True,0.06562886061124734,OK
D7,primary,0,498,20260906070000498,bootstrap_seed_v1,81857728b78095013779b4d61403f621,62b94bdb0581db0e09832a03dcad2f77,a16527982af495efde4f0ee7768889fa,26fb1f58f717884c77780f2e567ada85,81,True,0.0728107758107211,OK
D8,primary,0,0,20260906080000000,bootstrap_seed_v1,81857728b78095013779b4d61403f621,566424686bf37b4cb9080d8ccfd80247,c667ab379a240356ff9f54b47bd3fbf0,47d244e02958d4743e553ec5bfab887a,99,True,0.0710346115328096,OK
D8,primary,0,1,20260906080000001,bootstrap_seed_v1,81857728b78095013779b4d61403f621,566424686bf37b4cb9080d8ccfd80247,a6253e437c2548010677ab34780f9d6e,b10e22147103a9a05757502152bbc3a4,115,True,0.055265637224285014,OK
D8,primary,0,2,20260906080000002,bootstrap_seed_v1,81857728b78095013779b4d61403f621,566424686bf37b4cb9080d8ccfd80247,0b812e59539bf599c9684a9c396452a9,0c310e04d7f7264d659dd9c1fc754a3e,148,True,0.062054242922547465,OK
D8,primary,0,3,20260906080000003,bootstrap_seed_v1,81857728b78095013779b4d61403f621,566424686bf37b4cb9080d8ccfd80247,21ef19da3317a995cd1b68ed96932cf0,05417d88fd2ee77bc05fc0b6267c2df2,86,True,0.04679601388964949,OK
D8,primary,0,4,20260906080000004,bootstrap_seed_v1,81857728b78095013779b4d61403f621,566424686bf37b4cb9080d8ccfd80247,ff5900631ea315667c4ad65217f76729,ff4cd56c9828fca38aba8c556261e79e,131,True,0.05426515196146553,OK
D8,primary,0,5,20260906080000005,bootstrap_seed_v1,81857728b78095013779b4d61403f621,566424686bf37b4cb9080d8ccfd80247,91cfcca166a9711367ce5d5e6641428d,a09f17e3465a1841c7ac6f6e444af837,172,True,0.0781936428356449,OK
D8,primary,0,6,20260906080000006,bootstrap_seed_v1,81857728b78095013779b4d61403f621,566424686bf37b4cb9080d8ccfd80247,c6119a2daf1c3d101d75e28bba091c69,3d615ec87e7a6ea056200e069fa4568b,128,True,0.04751249381418421,OK
D8,primary,0,7,20260906080000007,bootstrap_seed_v1,81857728b78095013779b4d61403f621,566424686bf37b4cb9080d8ccfd80247,1f61441b74abfbe75b74951c9962d9fc,ebf2695489e49cb8f6d78c80b656c68a,139,True,0.03896528054847792,OK
D8,primary,0,8,20260906080000008,bootstrap_seed_v1,81857728b78095013779b4d61403f621,566424686bf37b4cb9080d8ccfd80247,aa7b2c6feda8cc625138bfe3d811fa7e,d7b24e39610f4fe12125bc6ab3c33eaa,108,True,0.06576259634857012,OK
D8,primary,0,9,20260906080000009,bootstrap_seed_v1,81857728b78095013779b4d61403f621,566424686bf37b4cb9080d8ccfd80247,1806d1f336ee6cb3d1c9c32d7f969292,f4007c8662ad3f5b27def2d2b9be0d09,92,True,0.06295234793913623,OK
D8,primary,0,10,20260906080000010,bootstrap_seed_v1,81857728b78095013779b4d61403f621,566424686bf37b4cb9080d8ccfd80247,5b169b0d00dac5a7135491d318804c46,e6d16d4a996216cbf5cfc1858889b71f,89,True,0.06802416041345893,OK
D8,primary,0,11,20260906080000011,bootstrap_seed_v1,81857728b78095013779b4d61403f621,566424686bf37b4cb9080d8ccfd80247,4d90ff8cf460b58ee4d14ad637ecff39,21a1036c4c08ae4f7da9b781f4bb5abc,74,True,0.07228928031013471,OK
D8,primary,0,12,20260906080000012,bootstrap_seed_v1,81857728b78095013779b4d61403f621,566424686bf37b4cb9080d8ccfd80247,001ce9909524d12baf4ef8a35d62a804,1caa48c685c758883363d75701b1a891,133,True,0.06377110032674388,OK
D8,primary,0,13,20260906080000013,bootstrap_seed_v1,81857728b78095013779b4d61403f621,566424686bf37b4cb9080d8ccfd80247,7f334290ba485c63e27f9f70ae5365a0,186a4b6a0acc4289b3db3613c7f634ad,170,True,0.04025355703581107,OK
D8,primary,0,14,20260906080000014,bootstrap_seed_v1,81857728b78095013779b4d61403f621,566424686bf37b4cb9080d8ccfd80247,0f53692701b329358aab40385e8bc573,70fcac84a26ef7ea8afb3b344f98fb52,133,True,0.042638918640594436,OK
D8,primary,0,15,20260906080000015,bootstrap_seed_v1,81857728b78095013779b4d61403f621,566424686bf37b4cb9080d8ccfd80247,1bb69565d385822d828859674f94ae1e,faa7a013d77e19fb883e60d13cbbe64a,166,True,0.06181320276584812,OK
D8,primary,0,16,20260906080000016,bootstrap_seed_v1,81857728b78095013779b4d61403f621,566424686bf37b4cb9080d8ccfd80247,a4cc05a25198962d8819c14bb9c1442b,649fcbf46265cc6cf738a587e85ec8ee,107,True,0.05249476821419319,OK
D8,primary,0,17,20260906080000017,bootstrap_seed_v1,81857728b78095013779b4d61403f621,566424686bf37b4cb9080d8ccfd80247,1612fdf609afd6eafaab724e6a18c8fd,81c414f3d2330d9f62a4399cef803ccc,147,True,0.06193776445018018,OK
D8,primary,0,18,20260906080000018,bootstrap_seed_v1,81857728b78095013779b4d61403f621,566424686bf37b4cb9080d8ccfd80247,74988287d2abdfdd72dce218cd7adb72,1c98ef214363060daca6e340ed1c1ecd,215,True,0.03974534606926772,OK
D8,primary,0,19,20260906080000019,bootstrap_seed_v1,81857728b78095013779b4d61403f621,566424686bf37b4cb9080d8ccfd80247,03c87caff82567cb46be880c24b975f1,816818a859e9408ec782ab493b1cf038,179,True,0.04827424555708473,OK
D8,primary,0,20,20260906080000020,bootstrap_seed_v1,81857728b78095013779b4d61403f621,566424686bf37b4cb9080d8ccfd80247,d779a06bbfe7253b8b4b6d50f7d69fb3,fbeb5c985bdbc25b3cfd816b4ab8a648,195,True,0.06532557529553268,OK
D8,primary,0,21,20260906080000021,bootstrap_seed_v1,81857728b78095013779b4d61403f621,566424686bf37b4cb9080d8ccfd80247,52f55b4c01a0113b1153b53aa368199b,98398f8aa67de2bd17e902f2239c7861,216,True,0.055615472466757354,OK
D8,primary,0,22,20260906080000022,bootstrap_seed_v1,81857728b78095013779b4d61403f621,566424686bf37b4cb9080d8ccfd80247,cbdd22b8fa0f8df2278e02d01829a6b6,8cec858b8f8c99b7e4c2892e1031492a,148,True,0.04713203741715061,OK
D8,primary,0,23,20260906080000023,bootstrap_seed_v1,81857728b78095013779b4d61403f621,566424686bf37b4cb9080d8ccfd80247,9618b2000fdd0f5fba3d15c171b287d9,61027d775e3285d507a62ef5403a0409,94,True,0.09834616001009178,OK
D8,primary,0,24,20260906080000024,bootstrap_seed_v1,81857728b78095013779b4d61403f621,566424686bf37b4cb9080d8ccfd80247,9c0c2d4450b3e929f20bbd44c1de788e,43195973d57d62c206c1509dd5ff31ce,116,True,0.07196470002773955,OK
D8,primary,0,25,20260906080000025,bootstrap_seed_v1,81857728b78095013779b4d61403f621,566424686bf37b4cb9080d8ccfd80247,b9f796e7726ce1c4b692ad61cfdca2fb,052ce92090e6caaebd0684d8b1e4eb17,136,True,0.04819878656849941,OK
D8,primary,0,26,20260906080000026,bootstrap_seed_v1,81857728b78095013779b4d61403f621,566424686bf37b4cb9080d8ccfd80247,d34fedd20bf78bf7d5f0d49e40d71ed1,0bf34d1d9184c988ed9872d830d3a3c2,113,True,0.044511528442466586,OK
D8,primary,0,27,20260906080000027,bootstrap_seed_v1,81857728b78095013779b4d61403f621,566424686bf37b4cb9080d8ccfd80247,1e001edca8c459dc337f24353459e09d,0a965cbbf6dd5d26b86d594352d9f027,186,True,0.05090583032939533,OK
D8,primary,0,28,20260906080000028,bootstrap_seed_v1,81857728b78095013779b4d61403f621,566424686bf37b4cb9080d8ccfd80247,0d409b25c9005d5bf2ea80153a15a610,a22b201fee61408cecdfb1b5abf45efe,128,True,0.06137366366693353,OK
D8,primary,0,29,20260906080000029,bootstrap_seed_v1,81857728b78095013779b4d61403f621,566424686bf37b4cb9080d8ccfd80247,4a4519b89193b19efd54d0e8fcfbea62,59688e7d5501544e6db8f95f8fcd84d7,65,True,0.06507439129391068,OK
D8,primary,0,30,20260906080000030,bootstrap_seed_v1,81857728b78095013779b4d61403f621,566424686bf37b4cb9080d8ccfd80247,0df51ec7438383485f4719c9e6b5139a,023094db9248b91448cbf49eca0abbb9,157,True,0.04057658923316712,OK
D8,primary,0,31,20260906080000031,bootstrap_seed_v1,81857728b78095013779b4d61403f621,566424686bf37b4cb9080d8ccfd80247,bf27459590f48182e068b7cd28cc9035,c2d4b4d94ced4d9641c6f6c9a7b5cacf,119,True,0.05298486291058474,OK
D8,primary,0,32,20260906080000032,bootstrap_seed_v1,81857728b78095013779b4d61403f621,566424686bf37b4cb9080d8ccfd80247,584459e33dcd02cc92824425eb0ea962,4b294887a7756669ed68839b89de855e,284,True,0.0466549273504816,OK
D8,primary,0,33,20260906080000033,bootstrap_seed_v1,81857728b78095013779b4d61403f621,566424686bf37b4cb9080d8ccfd80247,37743c4b1adcc6fe580b78f81fcb84eb,f5b10ff0173d52285124021faf93e419,169,True,0.03456277319804768,OK
D8,primary,0,34,20260906080000034,bootstrap_seed_v1,81857728b78095013779b4d61403f621,566424686bf37b4cb9080d8ccfd80247,4fd7dd18bd0d4a59f558119d41e7fd88,0b26584d9d5186fbe978d237f57a7b36,164,True,0.052073501584709136,OK
D8,primary,0,35,20260906080000035,bootstrap_seed_v1,81857728b78095013779b4d61403f621,566424686bf37b4cb9080d8ccfd80247,414e1df3e50770f07dbf855e3f1f90c8,2e7a12c0a8b29865f7d14fa5d3cb884f,190,True,0.045746810080016576,OK
D8,primary,0,36,20260906080000036,bootstrap_seed_v1,81857728b78095013779b4d61403f621,566424686bf37b4cb9080d8ccfd80247,72ecf8e6214054f9fc205a8fbd7f3b4f,4b8433e6cff63ec35ca7d6929736a0b5,85,True,0.041836330673056754,OK
D8,primary,0,37,20260906080000037,bootstrap_seed_v1,81857728b78095013779b4d61403f621,566424686bf37b4cb9080d8ccfd80247,9fa292e13841357eed088fce30c19c06,69d8d6a65d779aba8849794a9d380525,129,True,0.03724145636384546,OK
D8,primary,0,38,20260906080000038,bootstrap_seed_v1,81857728b78095013779b4d61403f621,566424686bf37b4cb9080d8ccfd80247,db524721f173d74447e2d1d63cb6b424,5413fdeefc53571838376ee53e9e3cea,107,True,0.05812064525171384,OK
D8,primary,0,39,20260906080000039,bootstrap_seed_v1,81857728b78095013779b4d61403f621,566424686bf37b4cb9080d8ccfd80247,9bc93f270fde160c98f38a60835e5b56,ef9e730f8be841f0bfc5097f81906416,198,True,0.050884196845274066,OK
D8,primary,0,40,20260906080000040,bootstrap_seed_v1,81857728b78095013779b4d61403f621,566424686bf37b4cb9080d8ccfd80247,65b4f2079f773714cf6fa1fd736956f1,c4c27bdea1e8acfa0c3e1843347e5f87,129,True,0.045802284975203555,OK
D8,primary,0,41,20260906080000041,bootstrap_seed_v1,81857728b78095013779b4d61403f621,566424686bf37b4cb9080d8ccfd80247,dbad84891ce565e83f3ef8ff823e2f5f,1257cda36f3e413882850b4ffb994a44,250,True,0.04105356370562707,OK
D8,primary,0,42,20260906080000042,bootstrap_seed_v1,81857728b78095013779b4d61403f621,566424686bf37b4cb9080d8ccfd80247,f968cd618121b179c1076a8bf3787c80,858ec06bf49031bbe5c83fc266ff6087,175,True,0.0499251896611968,OK
D8,primary,0,43,20260906080000043,bootstrap_seed_v1,81857728b78095013779b4d61403f621,566424686bf37b4cb9080d8ccfd80247,803926b53ebc621bff89ab64230d8fb9,7e5ab13eb6d13716481a3a6a39f41cf2,124,True,0.05200531161121927,OK
D8,primary,0,44,20260906080000044,bootstrap_seed_v1,81857728b78095013779b4d61403f621,566424686bf37b4cb9080d8ccfd80247,310cf93809a1b837dccada6793af96d2,3e71dd0569f9f45016b8372be621600c,124,True,0.04518835001972321,OK
D8,primary,0,45,20260906080000045,bootstrap_seed_v1,81857728b78095013779b4d61403f621,566424686bf37b4cb9080d8ccfd80247,5cdcf24eecd0d0b9f1ff754118aa43e4,51ca05e925c9297275196faaac9e978e,135,True,0.037909892470583406,OK
D8,primary,0,46,20260906080000046,bootstrap_seed_v1,81857728b78095013779b4d61403f621,566424686bf37b4cb9080d8ccfd80247,ae6a6fe66be2b8e183eafd302790a1aa,e824ed812c3dee575a2367cfa089b109,276,True,0.02689787569291635,OK
D8,primary,0,47,20260906080000047,bootstrap_seed_v1,81857728b78095013779b4d61403f621,566424686bf37b4cb9080d8ccfd80247,d16e0fd032fd2722acfb406f93d2a2ad,c102d6c2e3b9daa1eb898e094a86a49a,257,True,0.03493424464356196,OK
D8,primary,0,48,20260906080000048,bootstrap_seed_v1,81857728b78095013779b4d61403f621,566424686bf37b4cb9080d8ccfd80247,4558a7e26a017439e528b6490fc79d80,e06ea70161d3da386a73582aa12577ac,107,True,0.08263536780494912,OK
D8,primary,0,49,20260906080000049,bootstrap_seed_v1,81857728b78095013779b4d61403f621,566424686bf37b4cb9080d8ccfd80247,fba1265fea30630dd55c87251577df05,3ea7a7981d2a704eccbecc83a2482f21,97,True,0.0578929002909537,OK
D8,primary,0,50,20260906080000050,bootstrap_seed_v1,81857728b78095013779b4d61403f621,566424686bf37b4cb9080d8ccfd80247,761ea3a3721eeb1aefb7c8983593b29a,e9ab7dfbfb33a8674e2e664f360a4e32,234,True,0.03838236444057248,OK
D8,primary,0,51,20260906080000051,bootstrap_seed_v1,81857728b78095013779b4d61403f621,566424686bf37b4cb9080d8ccfd80247,39915c18e913c72eb2fc4e3f69582594,19913558a36c3ffd158415dfebc64e0a,204,True,0.052450649392543125,OK
D8,primary,0,52,20260906080000052,bootstrap_seed_v1,81857728b78095013779b4d61403f621,566424686bf37b4cb9080d8ccfd80247,0e7afa76d0244c898c60201acbe41531,dabd11a8817e82bfe3254bfe64ee0b4d,136,True,0.05500905891780483,OK
D8,primary,0,53,20260906080000053,bootstrap_seed_v1,81857728b78095013779b4d61403f621,566424686bf37b4cb9080d8ccfd80247,c9e82d253f011ce3a0b8d3861c9a2b33,666578b7a0e82e5c1d2d0491c65abf82,140,True,0.07493053070641667,OK
D8,primary,0,54,20260906080000054,bootstrap_seed_v1,81857728b78095013779b4d61403f621,566424686bf37b4cb9080d8ccfd80247,91368a9aa78fd5e6b2845f8a8e161752,d1e7c3dbdd4c003238994dca17d2c95d,141,True,0.04471247841489401,OK
D8,primary,0,55,20260906080000055,bootstrap_seed_v1,81857728b78095013779b4d61403f621,566424686bf37b4cb9080d8ccfd80247,9a4871de04dea4160c6c5eceab263194,42817d087ebb3385113cd2c577f210d0,116,True,0.043688863392484956,OK
D8,primary,0,56,20260906080000056,bootstrap_seed_v1,81857728b78095013779b4d61403f621,566424686bf37b4cb9080d8ccfd80247,40168f49c611a2e505040a67b58b91d3,39f675e102040f180316716d39e44386,176,True,0.06721532486753334,OK
D8,primary,0,57,20260906080000057,bootstrap_seed_v1,81857728b78095013779b4d61403f621,566424686bf37b4cb9080d8ccfd80247,73f68b7750fc570c3ecb19cff0705080,fba03da5116f8bf85046af1b174dd309,124,True,0.07846013615498271,OK
D8,primary,0,58,20260906080000058,bootstrap_seed_v1,81857728b78095013779b4d61403f621,566424686bf37b4cb9080d8ccfd80247,f3b98c4ed6b5ddba4222941bd733293e,32b02d9f26dae897758fc02200869096,189,True,0.034281542013507194,OK
D8,primary,0,59,20260906080000059,bootstrap_seed_v1,81857728b78095013779b4d61403f621,566424686bf37b4cb9080d8ccfd80247,44d04116b29f50bf99d8e86711d4b990,f78a449b6806c67ef2a013fdf925d196,122,True,0.07286210554301997,OK
D8,primary,0,60,20260906080000060,bootstrap_seed_v1,81857728b78095013779b4d61403f621,566424686bf37b4cb9080d8ccfd80247,ed4657296ce1a8c45c66fd429a81619e,be6a4aa7ec5b2463e1136d70fcbd3d0c,135,True,0.0513174389911244,OK
D8,primary,0,61,20260906080000061,bootstrap_seed_v1,81857728b78095013779b4d61403f621,566424686bf37b4cb9080d8ccfd80247,60744f36d8afb1a7900b0570394a7f55,020ac80c32361e5be5437ff37674f3cf,199,True,0.026034578970870137,OK
D8,primary,0,62,20260906080000062,bootstrap_seed_v1,81857728b78095013779b4d61403f621,566424686bf37b4cb9080d8ccfd80247,faab8b63462b3cee6235b0973057170f,90f1498de8a69b9a4d84e69073bd8168,79,True,0.06867015450793557,OK
D8,primary,0,63,20260906080000063,bootstrap_seed_v1,81857728b78095013779b4d61403f621,566424686bf37b4cb9080d8ccfd80247,78467be58ddde2e25c71f377cf5c65eb,2c8099ef4d5fea5c72b9164bbdef897d,114,True,0.06253283607784976,OK
D8,primary,0,64,20260906080000064,bootstrap_seed_v1,81857728b78095013779b4d61403f621,566424686bf37b4cb9080d8ccfd80247,480a77bc2f70882598e36ed31ef5d388,dd94ea783933c72e979da10c7fbed4dd,133,True,0.06513845702668336,OK
D8,primary,0,65,20260906080000065,bootstrap_seed_v1,81857728b78095013779b4d61403f621,566424686bf37b4cb9080d8ccfd80247,effbaadf6f4b9d85f51ca5590df04c37,7264861c740a8c9c690464fa59663552,118,True,0.04473563080115972,OK
D8,primary,0,66,20260906080000066,bootstrap_seed_v1,81857728b78095013779b4d61403f621,566424686bf37b4cb9080d8ccfd80247,c43baf5d04464ab06d19b151c8851627,9c79380881cb3b4d1b03c6241bbe3ed2,149,True,0.04585345382929992,OK
D8,primary,0,67,20260906080000067,bootstrap_seed_v1,81857728b78095013779b4d61403f621,566424686bf37b4cb9080d8ccfd80247,ad4d1518358bc15d7f0b9681d4347d70,8cb837a5e29e4f3c00bfd32de15c0292,100,True,0.06888418491076775,OK
D8,primary,0,68,20260906080000068,bootstrap_seed_v1,81857728b78095013779b4d61403f621,566424686bf37b4cb9080d8ccfd80247,e2be2486977311a45941ce336cc6704a,c02cc59c360908b73d384e20c4c48314,246,True,0.0527772175758498,OK
D8,primary,0,69,20260906080000069,bootstrap_seed_v1,81857728b78095013779b4d61403f621,566424686bf37b4cb9080d8ccfd80247,3211faabdb619e3f40133dfdf21becec,eca9d2116384c78315e0d487826bb608,129,True,0.06427477014457839,OK
D8,primary,0,70,20260906080000070,bootstrap_seed_v1,81857728b78095013779b4d61403f621,566424686bf37b4cb9080d8ccfd80247,02e651603610e88723200ce238a28754,cb57e7f4d73f19ca0cfa97a93c13f927,179,True,0.0583756700260816,OK
D8,primary,0,71,20260906080000071,bootstrap_seed_v1,81857728b78095013779b4d61403f621,566424686bf37b4cb9080d8ccfd80247,af83bb26d08d4e9e1baf73e3af9379fe,2cc82b23e287a8db54840be85481aa37,67,True,0.08711001091685222,OK
D8,primary,0,72,20260906080000072,bootstrap_seed_v1,81857728b78095013779b4d61403f621,566424686bf37b4cb9080d8ccfd80247,a067cde00bafec82f29b8b49e8d8d7e1,5403c673898026d66c0b4914f03a0a50,119,True,0.05588160304165074,OK
D8,primary,0,73,20260906080000073,bootstrap_seed_v1,81857728b78095013779b4d61403f621,566424686bf37b4cb9080d8ccfd80247,9de7e785c6b0eef062660e91fcf372b4,f72301f330251e0574314dbb27e06151,147,True,0.06556375711575221,OK
D8,primary,0,74,20260906080000074,bootstrap_seed_v1,81857728b78095013779b4d61403f621,566424686bf37b4cb9080d8ccfd80247,d5eb0b35716059d86cd8e726a2d016b3,845a409c5d45892ba50167d08e509922,171,True,0.04668130296390838,OK
D8,primary,0,75,20260906080000075,bootstrap_seed_v1,81857728b78095013779b4d61403f621,566424686bf37b4cb9080d8ccfd80247,5c039217b7f03bc170f8c8f93c9131db,7206e6d8071f0868f3e65c072254289c,189,True,0.035176272514451434,OK
D8,primary,0,76,20260906080000076,bootstrap_seed_v1,81857728b78095013779b4d61403f621,566424686bf37b4cb9080d8ccfd80247,14cf22d67681e872914d6e329e3ae319,dffbd02d74e7cccca13f743901d75873,140,True,0.047179361223662175,OK
D8,primary,0,77,20260906080000077,bootstrap_seed_v1,81857728b78095013779b4d61403f621,566424686bf37b4cb9080d8ccfd80247,2453dbd1f3f529ab7069fc6b3bd7de8a,7a89a54966361de7e8bd69f9994b866e,146,True,0.04572822010461591,OK
D8,primary,0,78,20260906080000078,bootstrap_seed_v1,81857728b78095013779b4d61403f621,566424686bf37b4cb9080d8ccfd80247,1853bef18c8a636d280b297e5ab5dc84,e5fd0e8bc150997dbe86227de9a939d9,150,True,0.0711644017882026,OK
D8,primary,0,79,20260906080000079,bootstrap_seed_v1,81857728b78095013779b4d61403f621,566424686bf37b4cb9080d8ccfd80247,6ce3e93785f5b8e09f2e6429804616d5,42aab1405fd7e4d02dee54361c4f9145,162,True,0.03777788625104134,OK
D8,primary,0,80,20260906080000080,bootstrap_seed_v1,81857728b78095013779b4d61403f621,566424686bf37b4cb9080d8ccfd80247,01b82cc8dfe888d88c34316ad2466771,e752e5eb31793e05e7f1fcb938f1d63c,199,True,0.051324100688438956,OK
D8,primary,0,81,20260906080000081,bootstrap_seed_v1,81857728b78095013779b4d61403f621,566424686bf37b4cb9080d8ccfd80247,78ab33d327d24497a8091ef6884309df,51e7f35bf2ba822c5cae29b5a58efa37,143,True,0.08297183767882876,OK
D8,primary,0,82,20260906080000082,bootstrap_seed_v1,81857728b78095013779b4d61403f621,566424686bf37b4cb9080d8ccfd80247,8873072ec36063955284a30ab36edd93,78bcffac0b49edb8fa200e8685860f5a,107,True,0.07018616241508152,OK
D8,primary,0,83,20260906080000083,bootstrap_seed_v1,81857728b78095013779b4d61403f621,566424686bf37b4cb9080d8ccfd80247,9bd27ad8aee952fcad44e4906dc27281,7b496bb6d279c61dab8c3279ffbf726d,112,True,0.041214781145725604,OK
D8,primary,0,84,20260906080000084,bootstrap_seed_v1,81857728b78095013779b4d61403f621,566424686bf37b4cb9080d8ccfd80247,fb5420a8b03dc19ae2d3c08da41d2065,c172335cc06ce2ac326c7b2338c7413b,178,True,0.049577338261957093,OK
D8,primary,0,85,20260906080000085,bootstrap_seed_v1,81857728b78095013779b4d61403f621,566424686bf37b4cb9080d8ccfd80247,4d0d9d6f5a42bd51400cac5eb6f64e2f,c246b35b7c7d719bf067f25d06783ea6,181,True,0.04044385251221971,OK
D8,primary,0,86,20260906080000086,bootstrap_seed_v1,81857728b78095013779b4d61403f621,566424686bf37b4cb9080d8ccfd80247,87e4ee07d41cd9b13dd41c638bcac313,e997a1df89d2417f26e4a1ece1050a84,117,True,0.03680956378753064,OK
D8,primary,0,87,20260906080000087,bootstrap_seed_v1,81857728b78095013779b4d61403f621,566424686bf37b4cb9080d8ccfd80247,6a837985f5ff0a721ce6c879767b8dbe,0a005f26fea89f8b4d1d5272665d0970,182,True,0.058660093335799274,OK
D8,primary,0,88,20260906080000088,bootstrap_seed_v1,81857728b78095013779b4d61403f621,566424686bf37b4cb9080d8ccfd80247,5811ebb0ac3db7690f911b2c8db02197,5c8a7b4b067f3ddfad879b4b91c56f1f,70,True,0.053337263787170186,OK
D8,primary,0,89,20260906080000089,bootstrap_seed_v1,81857728b78095013779b4d61403f621,566424686bf37b4cb9080d8ccfd80247,e4d8a55d3a890badac8e8621e9e0c283,d7cd3fecfbddfd9000e460917f0ca8ab,107,True,0.04647565835527079,OK
D8,primary,0,90,20260906080000090,bootstrap_seed_v1,81857728b78095013779b4d61403f621,566424686bf37b4cb9080d8ccfd80247,572112fc8b98c33823d0093a9e616eee,10162e71df8427917065f3541c46205a,162,True,0.06879033434587539,OK
D8,primary,0,91,20260906080000091,bootstrap_seed_v1,81857728b78095013779b4d61403f621,566424686bf37b4cb9080d8ccfd80247,20d3479bcb5f1bc003240c2756d7975f,b8f664f674eeee8d6a8ad7b6fc0a5865,87,True,0.09132543860849252,OK
D8,primary,0,92,20260906080000092,bootstrap_seed_v1,81857728b78095013779b4d61403f621,566424686bf37b4cb9080d8ccfd80247,d8bd62527edb972d446cddd1f4ce64e4,c16d4f6fb7cfa2d615ef15083a5b1dee,128,True,0.059113639492562986,OK
D8,primary,0,93,20260906080000093,bootstrap_seed_v1,81857728b78095013779b4d61403f621,566424686bf37b4cb9080d8ccfd80247,08e6fc042149a049ed24bec5bb31551b,b31f8566c9386cb6d3e359453f93b644,245,True,0.0376177084629996,OK
D8,primary,0,94,20260906080000094,bootstrap_seed_v1,81857728b78095013779b4d61403f621,566424686bf37b4cb9080d8ccfd80247,c57e0f9e4887054204fcf578c0797345,321d9ab9aca8784f1c58d88f1fe7a660,121,True,0.06268541659580795,OK
D8,primary,0,95,20260906080000095,bootstrap_seed_v1,81857728b78095013779b4d61403f621,566424686bf37b4cb9080d8ccfd80247,a1d19181a5a6bde4f1b8d0864c000e83,e29ccd693b2da6be67b0d76e6729196d,129,True,0.09029696819373034,OK
D8,primary,0,96,20260906080000096,bootstrap_seed_v1,81857728b78095013779b4d61403f621,566424686bf37b4cb9080d8ccfd80247,df50da9c7887cd88e2168e05f886470f,b55916de0aa2d1747fa3cea5087a0b38,124,True,0.06553913683582857,OK
D8,primary,0,97,20260906080000097,bootstrap_seed_v1,81857728b78095013779b4d61403f621,566424686bf37b4cb9080d8ccfd80247,45f8590ca3555b27202c327e89d21050,5ceaf74416cbc84ebf91aa092b176415,237,True,0.04728702895389181,OK
D8,primary,0,98,20260906080000098,bootstrap_seed_v1,81857728b78095013779b4d61403f621,566424686bf37b4cb9080d8ccfd80247,738b8482552b72aab4805ac96b830dd6,a4355e6da66c1a42a7a31cc6e041d1ae,206,True,0.043980826091436054,OK
D8,primary,0,99,20260906080000099,bootstrap_seed_v1,81857728b78095013779b4d61403f621,566424686bf37b4cb9080d8ccfd80247,6594e446a8666d01c039a1a1f5f7ce62,0413f225460d39f3aae5956a033371e7,105,True,0.06858956886687811,OK
D8,primary,0,100,20260906080000100,bootstrap_seed_v1,81857728b78095013779b4d61403f621,566424686bf37b4cb9080d8ccfd80247,4d04f2460ab8edfea425bd7145edaee5,48b2ce8329dff42ba2b7d70a22cf7cbb,132,True,0.04218500499398259,OK
D8,primary,0,101,20260906080000101,bootstrap_seed_v1,81857728b78095013779b4d61403f621,566424686bf37b4cb9080d8ccfd80247,688ec60066347a5d618d56441bc4c5f2,371d43f945feb515665673be66ae5b66,167,True,0.04441399953430386,OK
D8,primary,0,102,20260906080000102,bootstrap_seed_v1,81857728b78095013779b4d61403f621,566424686bf37b4cb9080d8ccfd80247,dacb20dc845c91d018f7e771c5391578,95a8f357f419ee4c2d868ce2e71869a9,178,True,0.042291550524092614,OK
D8,primary,0,103,20260906080000103,bootstrap_seed_v1,81857728b78095013779b4d61403f621,566424686bf37b4cb9080d8ccfd80247,a974c6cc2fcb8a741743718494cf142f,d6a0cfaaa2bb1befd6d014f112ad14e6,128,True,0.0705373376485654,OK
D8,primary,0,104,20260906080000104,bootstrap_seed_v1,81857728b78095013779b4d61403f621,566424686bf37b4cb9080d8ccfd80247,796d33a4894c72b83dc4d704845dfb3d,332c52551a34da960d3c5844300e6620,227,True,0.042470378693677424,OK
D8,primary,0,105,20260906080000105,bootstrap_seed_v1,81857728b78095013779b4d61403f621,566424686bf37b4cb9080d8ccfd80247,bc476c03794dc368e7fc526ecf1587cf,ba5a2410e24ad1667c10c1b7aa4e9249,262,True,0.03881151317457693,OK
D8,primary,0,106,20260906080000106,bootstrap_seed_v1,81857728b78095013779b4d61403f621,566424686bf37b4cb9080d8ccfd80247,b78eaa7f73dab120907542ae4014c3da,5d05f1c1e6cf47d373bd045fa0611278,127,True,0.034894383510379545,OK
D8,primary,0,107,20260906080000107,bootstrap_seed_v1,81857728b78095013779b4d61403f621,566424686bf37b4cb9080d8ccfd80247,ce5f86f5fb476216e8a0ec35425b84d6,d80091fc65587776de0f85c1dd3a1d1d,159,True,0.04996618958535354,OK
D8,primary,0,108,20260906080000108,bootstrap_seed_v1,81857728b78095013779b4d61403f621,566424686bf37b4cb9080d8ccfd80247,cb8870381b13e19b7b02792218e1499b,94c3abd9bfee83fd228d6c8b873839a8,140,True,0.04188960299580241,OK
D8,primary,0,109,20260906080000109,bootstrap_seed_v1,81857728b78095013779b4d61403f621,566424686bf37b4cb9080d8ccfd80247,c664049fa35842d93c173bc1bff0fd16,cf71e9047aa443cb81ef0331e50942ff,96,True,0.050660801637971486,OK
D8,primary,0,110,20260906080000110,bootstrap_seed_v1,81857728b78095013779b4d61403f621,566424686bf37b4cb9080d8ccfd80247,250442c5e440c6198c79d1972c4a8556,8ffc91d773b9e95d2cec74981cad0f30,111,True,0.04919660745634652,OK
D8,primary,0,111,20260906080000111,bootstrap_seed_v1,81857728b78095013779b4d61403f621,566424686bf37b4cb9080d8ccfd80247,15391f0ddb920bbea4f4a57553f500c5,1ab8757a2a8f8ed468707393c08f2b8e,185,True,0.06281261076127498,OK
D8,primary,0,112,20260906080000112,bootstrap_seed_v1,81857728b78095013779b4d61403f621,566424686bf37b4cb9080d8ccfd80247,86af5cdf0fa73a695b832db0326164ae,98c6c398536c216834f003a6cdb5a11c,175,True,0.04352579674847645,OK
D8,primary,0,113,20260906080000113,bootstrap_seed_v1,81857728b78095013779b4d61403f621,566424686bf37b4cb9080d8ccfd80247,95ade093661d996e2245bc44d7675e96,2bdbde71d8e92f7bf45e5eaa46c6d93d,84,True,0.06354614627998179,OK
D8,primary,0,114,20260906080000114,bootstrap_seed_v1,81857728b78095013779b4d61403f621,566424686bf37b4cb9080d8ccfd80247,48ed68161b43bbca90983b447ef2f78a,8db80cfad8888ea89d9094860ad31ed5,121,True,0.07299040793975259,OK
D8,primary,0,115,20260906080000115,bootstrap_seed_v1,81857728b78095013779b4d61403f621,566424686bf37b4cb9080d8ccfd80247,63ef5eec4e72b8319b10e6eb688d44a7,e6a3a3a1e1001571a3068df1748d9f6e,171,True,0.0730086766766232,OK
D8,primary,0,116,20260906080000116,bootstrap_seed_v1,81857728b78095013779b4d61403f621,566424686bf37b4cb9080d8ccfd80247,acb4efa8d12c7b1e2fbdb29f3aa0cd29,231c63503db125a5ef5e92ff4bf0d55e,161,True,0.04289211149741434,OK
D8,primary,0,117,20260906080000117,bootstrap_seed_v1,81857728b78095013779b4d61403f621,566424686bf37b4cb9080d8ccfd80247,305b26cf6a5a9e12d2676465c1aaaae2,b497fd70c8c7e2a088329c02afbc0e0b,119,True,0.07186265943027317,OK
D8,primary,0,118,20260906080000118,bootstrap_seed_v1,81857728b78095013779b4d61403f621,566424686bf37b4cb9080d8ccfd80247,d544c56c9bf95ef5f24329904306e764,8cbe3c9bba8f8f8a9407b94b8323e657,177,True,0.06402021276258063,OK
D8,primary,0,119,20260906080000119,bootstrap_seed_v1,81857728b78095013779b4d61403f621,566424686bf37b4cb9080d8ccfd80247,0c8639a057f6c5fdb128d0ebfaa87dea,fa7dbd1e83113613372fbabad91e127f,146,True,0.04463814804404964,OK
D8,primary,0,120,20260906080000120,bootstrap_seed_v1,81857728b78095013779b4d61403f621,566424686bf37b4cb9080d8ccfd80247,952348324c35d2f5424a20003495387f,6edaf52f6591755b1212582061c077dd,70,True,0.10231204504910907,OK
D8,primary,0,121,20260906080000121,bootstrap_seed_v1,81857728b78095013779b4d61403f621,566424686bf37b4cb9080d8ccfd80247,e3bbd7b8e9e8ea6896d23cb24e8513ab,5f30db8a843dcc25e9d138def6685ce6,140,True,0.13643900108280999,OK
D8,primary,0,122,20260906080000122,bootstrap_seed_v1,81857728b78095013779b4d61403f621,566424686bf37b4cb9080d8ccfd80247,75ea57bbdce63f3ed1d15ba88de26f2d,74834a86badb5564c2e903f3f8464649,130,True,0.0595328485844675,OK
D8,primary,0,123,20260906080000123,bootstrap_seed_v1,81857728b78095013779b4d61403f621,566424686bf37b4cb9080d8ccfd80247,c92eef2658b5f23e6fbbb51509c609d7,fc30d839f3ff0360d1f5392c366c7728,62,True,0.0755894531888933,OK
D8,primary,0,124,20260906080000124,bootstrap_seed_v1,81857728b78095013779b4d61403f621,566424686bf37b4cb9080d8ccfd80247,2b47191c2d98c464debd8b5495bd67c7,07850a34494752ce967436a86ae0f7f6,317,True,0.03294468242966292,OK
D8,primary,0,125,20260906080000125,bootstrap_seed_v1,81857728b78095013779b4d61403f621,566424686bf37b4cb9080d8ccfd80247,3990c655bbb0a6d5942eb49337e0d2bc,e5c24dafefab2e1679a2b334b0fcfe31,132,True,0.08088413406122327,OK
D8,primary,0,126,20260906080000126,bootstrap_seed_v1,81857728b78095013779b4d61403f621,566424686bf37b4cb9080d8ccfd80247,f379da77c6baf6980cde3a4016a82a8a,476552f2d8bcc8b21a9e204ba7e876b6,102,True,0.061721931803693314,OK
D8,primary,0,127,20260906080000127,bootstrap_seed_v1,81857728b78095013779b4d61403f621,566424686bf37b4cb9080d8ccfd80247,cb86ff9b3a94274130799151402b33a9,c0c7dddf94c31c40d3c2c9efccccfe4f,137,True,0.03586741942518412,OK
D8,primary,0,128,20260906080000128,bootstrap_seed_v1,81857728b78095013779b4d61403f621,566424686bf37b4cb9080d8ccfd80247,a6a9a35e88c38e4a3e6cbc642896d33e,6da773e934adfccba2612c687b29a64a,152,True,0.055361359619245876,OK
D8,primary,0,129,20260906080000129,bootstrap_seed_v1,81857728b78095013779b4d61403f621,566424686bf37b4cb9080d8ccfd80247,c3f61c519919df03e35c6f87583b11be,a0f6021c6388ff7a4bc8a6fcb3d86229,195,True,0.03553937514610772,OK
D8,primary,0,130,20260906080000130,bootstrap_seed_v1,81857728b78095013779b4d61403f621,566424686bf37b4cb9080d8ccfd80247,be13829a96a4f6015fad9a7dac2ac0b9,40fd1fe99ca6e72240c15e85d8e7774d,148,True,0.05947112166745705,OK
D8,primary,0,131,20260906080000131,bootstrap_seed_v1,81857728b78095013779b4d61403f621,566424686bf37b4cb9080d8ccfd80247,6aba872617c355a6afe310e8c183d8db,2acc2528aa20c46302b36831ba2c9cf3,141,True,0.042379075059206295,OK
D8,primary,0,132,20260906080000132,bootstrap_seed_v1,81857728b78095013779b4d61403f621,566424686bf37b4cb9080d8ccfd80247,fff5e1eb39241da7c61e355aa974efc8,e1bd4c046a7eef163b77133dafbc99d4,102,True,0.05364487046523525,OK
D8,primary,0,133,20260906080000133,bootstrap_seed_v1,81857728b78095013779b4d61403f621,566424686bf37b4cb9080d8ccfd80247,58ae2ae5b6ea45234bbdcc6aa3336b77,7eb4e642b0e3ee3e5ee47726c2a0e76a,132,True,0.06204416801096346,OK
D8,primary,0,134,20260906080000134,bootstrap_seed_v1,81857728b78095013779b4d61403f621,566424686bf37b4cb9080d8ccfd80247,d5e61e03a96cc5053bec20a02d4eea8e,a70a61dbe84798401678e59d2cd650a1,177,True,0.07367102442420853,OK
D8,primary,0,135,20260906080000135,bootstrap_seed_v1,81857728b78095013779b4d61403f621,566424686bf37b4cb9080d8ccfd80247,589762bc8aafb52bb709697b2b29134c,9bc2463bd800e7da7fb9ecb41611ddf9,140,True,0.049306450563884,OK
D8,primary,0,136,20260906080000136,bootstrap_seed_v1,81857728b78095013779b4d61403f621,566424686bf37b4cb9080d8ccfd80247,4a23cc793963ab00814b0cf74ad060a3,4a2392c7928f848c0e9094c695099177,111,True,0.06864115125361475,OK
D8,primary,0,137,20260906080000137,bootstrap_seed_v1,81857728b78095013779b4d61403f621,566424686bf37b4cb9080d8ccfd80247,db60505bad1fda7f6bb945dd06b9eae7,1779f581cb32dde30084666d56604678,180,True,0.03225371200025565,OK
D8,primary,0,138,20260906080000138,bootstrap_seed_v1,81857728b78095013779b4d61403f621,566424686bf37b4cb9080d8ccfd80247,7c4e72f627a53724a2d3f64f3ee574e9,b1b68e496bddc18bb548d8baf9aabce4,166,True,0.06800490258404196,OK
D8,primary,0,139,20260906080000139,bootstrap_seed_v1,81857728b78095013779b4d61403f621,566424686bf37b4cb9080d8ccfd80247,4fe113ceced3a12d6876870d455417fb,3d353bdcd92dbe68c3cdb4fc05933b8c,117,True,0.09221510446645709,OK
D8,primary,0,140,20260906080000140,bootstrap_seed_v1,81857728b78095013779b4d61403f621,566424686bf37b4cb9080d8ccfd80247,b59782568144a5478cd4bd1cdc194565,6656bfe0338093bef6cf902d918525d4,164,True,0.0517768103480257,OK
D8,primary,0,141,20260906080000141,bootstrap_seed_v1,81857728b78095013779b4d61403f621,566424686bf37b4cb9080d8ccfd80247,8be3ff9abf53369a68425ab99321cb8d,520b52339ebda9b4a5e4e488c6e2379e,198,True,0.03581318262553801,OK
D8,primary,0,142,20260906080000142,bootstrap_seed_v1,81857728b78095013779b4d61403f621,566424686bf37b4cb9080d8ccfd80247,22ba162c337e889963eae406002c1278,3d5863ad560a60b283f0c8367cb45c8e,211,True,0.04148685813662445,OK
D8,primary,0,143,20260906080000143,bootstrap_seed_v1,81857728b78095013779b4d61403f621,566424686bf37b4cb9080d8ccfd80247,c93169181c93f140ed53cc0586f61e7f,71a60953f637a7e71a4534208bd68468,125,True,0.06671385245793929,OK
D8,primary,0,144,20260906080000144,bootstrap_seed_v1,81857728b78095013779b4d61403f621,566424686bf37b4cb9080d8ccfd80247,57e4eb2fa12b2cd5550dff5703fca884,5502020cffb8066cbe9f890715e22a00,204,True,0.033394253633335924,OK
D8,primary,0,145,20260906080000145,bootstrap_seed_v1,81857728b78095013779b4d61403f621,566424686bf37b4cb9080d8ccfd80247,0b6239d1f01643a49830c5760c647a32,b3a5a0b7d45b946affb7757a4966d316,175,True,0.061241375112507934,OK
D8,primary,0,146,20260906080000146,bootstrap_seed_v1,81857728b78095013779b4d61403f621,566424686bf37b4cb9080d8ccfd80247,3c5ed6419fdedb453c715425577e9eba,400ba15b6772d2ea5509231ceb14eb0f,109,True,0.07203063403356613,OK
D8,primary,0,147,20260906080000147,bootstrap_seed_v1,81857728b78095013779b4d61403f621,566424686bf37b4cb9080d8ccfd80247,9d93c290b0b3ef6b6ea5f0118aa7181d,791833cb6d429d663d8765640f59c5ba,144,True,0.03498563262428156,OK
D8,primary,0,148,20260906080000148,bootstrap_seed_v1,81857728b78095013779b4d61403f621,566424686bf37b4cb9080d8ccfd80247,dcb48d66a30f4105d6ff36c369b6c8e4,5e4253012602e37086c59542e348c71c,249,True,0.0461028124565227,OK
D8,primary,0,149,20260906080000149,bootstrap_seed_v1,81857728b78095013779b4d61403f621,566424686bf37b4cb9080d8ccfd80247,64642ee1f5a16f730123e1158484df3b,8011efd03f63a5e29fc7757ebe4298f8,116,True,0.07318514938695309,OK
D8,primary,0,150,20260906080000150,bootstrap_seed_v1,81857728b78095013779b4d61403f621,566424686bf37b4cb9080d8ccfd80247,cbdcc32b980035244b95f462b90e6c14,9efcc55057c620f25ce0b567388e5df6,101,True,0.06285696089687082,OK
D8,primary,0,151,20260906080000151,bootstrap_seed_v1,81857728b78095013779b4d61403f621,566424686bf37b4cb9080d8ccfd80247,45a969693454ebec7158c9027eb43d56,da671cede83f248f82d1144673d8bc2c,145,True,0.038471824441302704,OK
D8,primary,0,152,20260906080000152,bootstrap_seed_v1,81857728b78095013779b4d61403f621,566424686bf37b4cb9080d8ccfd80247,b0fd929431ec78ac749d70d1ca57da22,8c0c050c849f52ad727c5d8d9e3568dd,90,True,0.07996431453571584,OK
D8,primary,0,153,20260906080000153,bootstrap_seed_v1,81857728b78095013779b4d61403f621,566424686bf37b4cb9080d8ccfd80247,e69a2880cd5665e87a1c312a9483b9cb,ee8ce7e2b57aecb8db63df33df8c7566,113,True,0.10314699868172988,OK
D8,primary,0,154,20260906080000154,bootstrap_seed_v1,81857728b78095013779b4d61403f621,566424686bf37b4cb9080d8ccfd80247,3c89840d94b6b3d8c00bb1bdc107f1eb,940bd92382c3b4298210d9399d0a3fb9,179,True,0.062122003593512,OK
D8,primary,0,155,20260906080000155,bootstrap_seed_v1,81857728b78095013779b4d61403f621,566424686bf37b4cb9080d8ccfd80247,53b91df064487392953b4e4d5292d3dd,965099c4000bcfe69c1a46f001414ccb,166,True,0.05555951540201902,OK
D8,primary,0,156,20260906080000156,bootstrap_seed_v1,81857728b78095013779b4d61403f621,566424686bf37b4cb9080d8ccfd80247,61bd53115557213ca1e13133a5eb0944,f6c4938b39e794848b4faf143599cb23,127,True,0.09191363505786032,OK
D8,primary,0,157,20260906080000157,bootstrap_seed_v1,81857728b78095013779b4d61403f621,566424686bf37b4cb9080d8ccfd80247,0ddc6b2a55c1c5140a1d4bc1eefa59fc,c002fec0b9fe422b49d4ec06ff980b61,112,True,0.04845433794430498,OK
D8,primary,0,158,20260906080000158,bootstrap_seed_v1,81857728b78095013779b4d61403f621,566424686bf37b4cb9080d8ccfd80247,b17b0c86ea7a75f0ae02bf5f9f6b22f8,5760fdfbb13b7a88f5be103a724f9b1d,134,True,0.045168350977376925,OK
D8,primary,0,159,20260906080000159,bootstrap_seed_v1,81857728b78095013779b4d61403f621,566424686bf37b4cb9080d8ccfd80247,c8f05547193ca0d7969b84b64da5aee7,3b53bddf6e7fd87aaf215eeb5506151b,198,True,0.04815941870406715,OK
D8,primary,0,160,20260906080000160,bootstrap_seed_v1,81857728b78095013779b4d61403f621,566424686bf37b4cb9080d8ccfd80247,3d32bfe3bd83c1198fdaca6e43a605f6,a9a16299ffc6ce8cf7c043523862fbe2,64,True,0.1066615167659205,OK
D8,primary,0,161,20260906080000161,bootstrap_seed_v1,81857728b78095013779b4d61403f621,566424686bf37b4cb9080d8ccfd80247,77fb7c08e208fef1039b5092a0e6123e,77d5af33cdbd665e00ca1ebc809af2b4,166,True,0.06980471385406312,OK
D8,primary,0,162,20260906080000162,bootstrap_seed_v1,81857728b78095013779b4d61403f621,566424686bf37b4cb9080d8ccfd80247,77850ef47dbf81fcd6555330096600b3,64fb9b75315f1f95527d0a8c172bf317,95,True,0.044855388584327915,OK
D8,primary,0,163,20260906080000163,bootstrap_seed_v1,81857728b78095013779b4d61403f621,566424686bf37b4cb9080d8ccfd80247,e5c2a4d8ae5984c9c56623ac3fc9ce47,5dadd27aae7892042fac536f3f9852ee,121,True,0.0347662026007898,OK
D8,primary,0,164,20260906080000164,bootstrap_seed_v1,81857728b78095013779b4d61403f621,566424686bf37b4cb9080d8ccfd80247,99b509281ac7422c9c6d379c3c49608a,c3835afb6b6dbff293104d584e212cf9,144,True,0.08530441817279522,OK
D8,primary,0,165,20260906080000165,bootstrap_seed_v1,81857728b78095013779b4d61403f621,566424686bf37b4cb9080d8ccfd80247,5f189348f3d623d9d9743a067982c0ac,820cda20d1759a1c7a80d9502eb4bec4,204,True,0.05204393637410831,OK
D8,primary,0,166,20260906080000166,bootstrap_seed_v1,81857728b78095013779b4d61403f621,566424686bf37b4cb9080d8ccfd80247,c765bf381825d0b6110b33a827e7cbb5,cb82e034c92b1bdafda9f70f875d9fec,179,True,0.03578884163980578,OK
D8,primary,0,167,20260906080000167,bootstrap_seed_v1,81857728b78095013779b4d61403f621,566424686bf37b4cb9080d8ccfd80247,7989c8bc8368c71c558e61888e8f2b1d,2300e1931f7d9141c90fb86d223f8e3b,70,True,0.06527458851423312,OK
D8,primary,0,168,20260906080000168,bootstrap_seed_v1,81857728b78095013779b4d61403f621,566424686bf37b4cb9080d8ccfd80247,c5021098e20ca056fd0d8eabc2477da6,49f6ea15d8c170696828f86bc1b6e221,217,True,0.056739662411167346,OK
D8,primary,0,169,20260906080000169,bootstrap_seed_v1,81857728b78095013779b4d61403f621,566424686bf37b4cb9080d8ccfd80247,84d9917acea9cc2acec3a162976fba79,ede5783354c395ca5a10e1bb2841c9ac,146,True,0.04263289856704394,OK
D8,primary,0,170,20260906080000170,bootstrap_seed_v1,81857728b78095013779b4d61403f621,566424686bf37b4cb9080d8ccfd80247,ca6dd5d94812944d04e8dff6f744336c,a1ff8d8119ab56cd3d2558b4421684b1,119,True,0.034040036423457765,OK
D8,primary,0,171,20260906080000171,bootstrap_seed_v1,81857728b78095013779b4d61403f621,566424686bf37b4cb9080d8ccfd80247,4a0508c28da6557dfa46aab046ec147d,44e93972aa06b0f295aa50554d3c8943,216,True,0.04646089030891698,OK
D8,primary,0,172,20260906080000172,bootstrap_seed_v1,81857728b78095013779b4d61403f621,566424686bf37b4cb9080d8ccfd80247,f6f9fa5975f03726c04ee3988faf352f,5e97cf28efb9e0c1e192373c6830f6a8,194,True,0.04110301738858646,OK
D8,primary,0,173,20260906080000173,bootstrap_seed_v1,81857728b78095013779b4d61403f621,566424686bf37b4cb9080d8ccfd80247,a9b72e8d296d514ac38a7199e321e5f8,b713d1f6c337a7ebcbe616fc36b3d02e,119,True,0.08181259436670585,OK
D8,primary,0,174,20260906080000174,bootstrap_seed_v1,81857728b78095013779b4d61403f621,566424686bf37b4cb9080d8ccfd80247,316d48dcabfd6183dd8726feabdeb032,a2c4de65f81710a004781620dfd7913e,196,True,0.06053493259073783,OK
D8,primary,0,175,20260906080000175,bootstrap_seed_v1,81857728b78095013779b4d61403f621,566424686bf37b4cb9080d8ccfd80247,f813b3cb1df9f37248f884b77bfb9a68,28e7dd80600829cfdd7938e8034e3125,165,True,0.07301588429333616,OK
D8,primary,0,176,20260906080000176,bootstrap_seed_v1,81857728b78095013779b4d61403f621,566424686bf37b4cb9080d8ccfd80247,5c4351968d69184842cefbd135a54501,baeeeaf26c0fa81aa13f48f179a43968,150,True,0.04688787199757827,OK
D8,primary,0,177,20260906080000177,bootstrap_seed_v1,81857728b78095013779b4d61403f621,566424686bf37b4cb9080d8ccfd80247,089777f74b4d583de8d8c7dbb2784e63,b538f8c5a73656c5a41305d4ee933dcd,85,True,0.0675651306905819,OK
D8,primary,0,178,20260906080000178,bootstrap_seed_v1,81857728b78095013779b4d61403f621,566424686bf37b4cb9080d8ccfd80247,1612cbb6c8af54874130193a7ffc6ab5,ecb76fe4b860291ada3cc75b02547a17,121,True,0.06636641933970377,OK
D8,primary,0,179,20260906080000179,bootstrap_seed_v1,81857728b78095013779b4d61403f621,566424686bf37b4cb9080d8ccfd80247,109d6239bfe69f35993079a1c851df83,867d3b707ea32f154e2ad347a099765c,145,True,0.045928210650489576,OK
D8,primary,0,180,20260906080000180,bootstrap_seed_v1,81857728b78095013779b4d61403f621,566424686bf37b4cb9080d8ccfd80247,03d2191bb681b78f1d8479cb3d2d5ae9,45713bb6bc2c72a92af9288be7af13ac,178,True,0.04744962713909995,OK
D8,primary,0,181,20260906080000181,bootstrap_seed_v1,81857728b78095013779b4d61403f621,566424686bf37b4cb9080d8ccfd80247,a96c80ca7b4a95d06efa57a38e6ececd,9166cb501b10dbcacd2ead25822574d3,150,True,0.06659209642724004,OK
D8,primary,0,182,20260906080000182,bootstrap_seed_v1,81857728b78095013779b4d61403f621,566424686bf37b4cb9080d8ccfd80247,7fd46e7a5ee1964429b7d6c3ae6bf055,443e402572573fc3ad8ada0c577f6edb,154,True,0.04945088621457916,OK
D8,primary,0,183,20260906080000183,bootstrap_seed_v1,81857728b78095013779b4d61403f621,566424686bf37b4cb9080d8ccfd80247,548120701a3cf5db6d2770e800135e73,67d69eeebb497203b55239331925ecab,52,True,0.0831973762445466,OK
D8,primary,0,184,20260906080000184,bootstrap_seed_v1,81857728b78095013779b4d61403f621,566424686bf37b4cb9080d8ccfd80247,ac70cb82c76066ac81d89f87234e466a,a7af366cd273d5b607941ae3730b5bce,145,True,0.054643021318151686,OK
D8,primary,0,185,20260906080000185,bootstrap_seed_v1,81857728b78095013779b4d61403f621,566424686bf37b4cb9080d8ccfd80247,d11aabb9d435694f1fed84d223bdb0d0,4621296051c755276b3faf4ec1103b14,71,True,0.053596661281291105,OK
D8,primary,0,186,20260906080000186,bootstrap_seed_v1,81857728b78095013779b4d61403f621,566424686bf37b4cb9080d8ccfd80247,66d9e61f16b05938053f042442f17bc0,97d1873b9a3fc45b04641036d679d439,160,True,0.03958090594585029,OK
D8,primary,0,187,20260906080000187,bootstrap_seed_v1,81857728b78095013779b4d61403f621,566424686bf37b4cb9080d8ccfd80247,2860fb9f50af059af762b92e1452f1b7,289d2e0d08ab0f0a2a2528e44cff4c2b,102,True,0.07422628183987112,OK
D8,primary,0,188,20260906080000188,bootstrap_seed_v1,81857728b78095013779b4d61403f621,566424686bf37b4cb9080d8ccfd80247,7f0454c34cd995c9ecf567edacc85559,5b5ee37c05ee3b8bee977c27bb7c3a43,75,True,0.06270418259240162,OK
D8,primary,0,189,20260906080000189,bootstrap_seed_v1,81857728b78095013779b4d61403f621,566424686bf37b4cb9080d8ccfd80247,c7b6ee16e9fd43044fd2c633ec933c2a,6dd5042e36c7357f0d5f94dba53e5e2d,124,True,0.053329583132206704,OK
D8,primary,0,190,20260906080000190,bootstrap_seed_v1,81857728b78095013779b4d61403f621,566424686bf37b4cb9080d8ccfd80247,b3e0fb43b94fec876b51e64ff81205aa,8d946f9a455c5b2fe4cbc19726aae706,149,True,0.0752901021563088,OK
D8,primary,0,191,20260906080000191,bootstrap_seed_v1,81857728b78095013779b4d61403f621,566424686bf37b4cb9080d8ccfd80247,b440057f0f73b133b793ac62a80c9e3c,6fd1038d9c4cdb4e603002ffaf2ba9dc,147,True,0.04029995069017078,OK
D8,primary,0,192,20260906080000192,bootstrap_seed_v1,81857728b78095013779b4d61403f621,566424686bf37b4cb9080d8ccfd80247,0fdde1fe92939bd9ad22230cedf7b70e,bd657918d3fccb1d5daac8e8fdd17459,171,True,0.035674870133641456,OK
D8,primary,0,193,20260906080000193,bootstrap_seed_v1,81857728b78095013779b4d61403f621,566424686bf37b4cb9080d8ccfd80247,64cbc415bf062bce14454127192a7cb3,6c88352acf3b24a07c088d8c4fa12e61,166,True,0.05023002410308236,OK
D8,primary,0,194,20260906080000194,bootstrap_seed_v1,81857728b78095013779b4d61403f621,566424686bf37b4cb9080d8ccfd80247,e9f98a4e294f3d7a39b4801a0c3082a6,555f70ee4eb7e398ff137104e7aceb33,140,True,0.076512630811652,OK
D8,primary,0,195,20260906080000195,bootstrap_seed_v1,81857728b78095013779b4d61403f621,566424686bf37b4cb9080d8ccfd80247,50a48954ab5a1804a074d15d3bf5d99f,ed66ea438d3b1bdac73062957757eae4,176,True,0.04062662810979434,OK
D8,primary,0,196,20260906080000196,bootstrap_seed_v1,81857728b78095013779b4d61403f621,566424686bf37b4cb9080d8ccfd80247,de5efcc098b24b9731acd8e37575a528,30aabf53f2dd792611dc0eed50ec83ca,146,True,0.05867619412662431,OK
D8,primary,0,197,20260906080000197,bootstrap_seed_v1,81857728b78095013779b4d61403f621,566424686bf37b4cb9080d8ccfd80247,8d063308af3e632a5e62c335bbaccbbf,82b1d648457fc21983a5a74ff99354a7,118,True,0.07590004299565128,OK
D8,primary,0,198,20260906080000198,bootstrap_seed_v1,81857728b78095013779b4d61403f621,566424686bf37b4cb9080d8ccfd80247,3374a5398137f84dfc5b5a2002f8e223,42aaa3accdd2d1b92d2c4bb9b1bd82d3,71,True,0.09397150296271961,OK
D8,primary,0,199,20260906080000199,bootstrap_seed_v1,81857728b78095013779b4d61403f621,566424686bf37b4cb9080d8ccfd80247,248e06b770004862716dd5b7aae9f26d,2300b9c14b54041ea19e78a0ddf34288,156,True,0.05764732836664946,OK
D8,primary,0,200,20260906080000200,bootstrap_seed_v1,81857728b78095013779b4d61403f621,566424686bf37b4cb9080d8ccfd80247,98ad940bfa0db6b21697784867af94d9,a90fbfb09af3ac6edff62f7c4296f64a,154,True,0.04131565395993686,OK
D8,primary,0,201,20260906080000201,bootstrap_seed_v1,81857728b78095013779b4d61403f621,566424686bf37b4cb9080d8ccfd80247,f34062bda94b56bb228e3a1264fe8941,f9140c0fb906a7f7afb568d837c9733d,159,True,0.04602426169890439,OK
D8,primary,0,202,20260906080000202,bootstrap_seed_v1,81857728b78095013779b4d61403f621,566424686bf37b4cb9080d8ccfd80247,c9111e8afb4e1f0ae680c3aa01072ace,1a21e10ef6f12de0ff3264f3c6388881,81,True,0.10349493258837844,OK
D8,primary,0,203,20260906080000203,bootstrap_seed_v1,81857728b78095013779b4d61403f621,566424686bf37b4cb9080d8ccfd80247,d019a04414afd9b9997986443f5d397c,cd199d625a19dd73322aac0b81ce610b,164,True,0.054109073069093405,OK
D8,primary,0,204,20260906080000204,bootstrap_seed_v1,81857728b78095013779b4d61403f621,566424686bf37b4cb9080d8ccfd80247,4532d5392101e9870a9f51f3442d548b,5461be5421df04f973b8506428ccde93,196,True,0.06617054301939818,OK
D8,primary,0,205,20260906080000205,bootstrap_seed_v1,81857728b78095013779b4d61403f621,566424686bf37b4cb9080d8ccfd80247,d5a235b4f47c90ed1c15dd27f9c7f95d,7065cb54be4ca2916799b47fc4d82f9e,148,True,0.06914324785636403,OK
D8,primary,0,206,20260906080000206,bootstrap_seed_v1,81857728b78095013779b4d61403f621,566424686bf37b4cb9080d8ccfd80247,5ea75f77c8c27e15606322f0534b0e56,0a6a6faa9822d7d009b4e29a586dd324,186,True,0.048864234927559425,OK
D8,primary,0,207,20260906080000207,bootstrap_seed_v1,81857728b78095013779b4d61403f621,566424686bf37b4cb9080d8ccfd80247,d99d570b96c810dc84959fddae49be66,1636b28d7640f713c21119e89464f296,186,True,0.07708911446698924,OK
D8,primary,0,208,20260906080000208,bootstrap_seed_v1,81857728b78095013779b4d61403f621,566424686bf37b4cb9080d8ccfd80247,638d74c6994a6b0ca1c698d140018e43,b85d07ddd523f8d4f5d01c2f233d00cd,127,True,0.040506803376051614,OK
D8,primary,0,209,20260906080000209,bootstrap_seed_v1,81857728b78095013779b4d61403f621,566424686bf37b4cb9080d8ccfd80247,72dcf5ffd4e287349de3fab3d109a2fe,c3b38c8d4573c6ad095834a6b2496eaa,144,True,0.041054630885740906,OK
D8,primary,0,210,20260906080000210,bootstrap_seed_v1,81857728b78095013779b4d61403f621,566424686bf37b4cb9080d8ccfd80247,6f0333f70e3914d0df1bea274d2712be,03240f1c80d02c39449118fe3dec5eb6,122,True,0.061407667780279174,OK
D8,primary,0,211,20260906080000211,bootstrap_seed_v1,81857728b78095013779b4d61403f621,566424686bf37b4cb9080d8ccfd80247,edb7604119f229cfe6b056e39589c99a,8ea572d7d69f1fc012a62f9e5740afcc,131,True,0.03904610296471028,OK
D8,primary,0,212,20260906080000212,bootstrap_seed_v1,81857728b78095013779b4d61403f621,566424686bf37b4cb9080d8ccfd80247,929193372de9fc0ce4d138d36c84531b,e59b8412cbefc9ba6a457d8bbd2358ac,115,True,0.07006226409908234,OK
D8,primary,0,213,20260906080000213,bootstrap_seed_v1,81857728b78095013779b4d61403f621,566424686bf37b4cb9080d8ccfd80247,1dcbe86831287e02ca368c5c08a53a17,31988259aa51abd1974f7d510271b264,100,True,0.038274101558130824,OK
D8,primary,0,214,20260906080000214,bootstrap_seed_v1,81857728b78095013779b4d61403f621,566424686bf37b4cb9080d8ccfd80247,0ed11867051f9f76ea0817628b5dd4cd,7e217f884dca81b2aedc08404e10cab3,108,True,0.04555990681180805,OK
D8,primary,0,215,20260906080000215,bootstrap_seed_v1,81857728b78095013779b4d61403f621,566424686bf37b4cb9080d8ccfd80247,10c6ca3b9921067402431701d86e1449,1294fcde11ec9c1c90d40fa24c53a05e,75,True,0.08091186457116972,OK
D8,primary,0,216,20260906080000216,bootstrap_seed_v1,81857728b78095013779b4d61403f621,566424686bf37b4cb9080d8ccfd80247,3d6c78a8aa95e0af07d629b2c62857fd,fca461651d8dfecfd34c57bb8550c81c,152,True,0.039719761964087996,OK
D8,primary,0,217,20260906080000217,bootstrap_seed_v1,81857728b78095013779b4d61403f621,566424686bf37b4cb9080d8ccfd80247,025b0b8e3502845cd1c9a6131b0353da,650d80f06b96475a25a9118623f99fcc,135,True,0.05373361309180702,OK
D8,primary,0,218,20260906080000218,bootstrap_seed_v1,81857728b78095013779b4d61403f621,566424686bf37b4cb9080d8ccfd80247,58169660b2d8fbabcfbb6c14c792f500,dd298a737fb2c465695a330513fdedaa,123,True,0.051987167442858584,OK
D8,primary,0,219,20260906080000219,bootstrap_seed_v1,81857728b78095013779b4d61403f621,566424686bf37b4cb9080d8ccfd80247,371261c731c44da2f7e41ebe08e0c80f,9b84cd89fdc17be29d6c9b4481794322,132,True,0.06660642382875026,OK
D8,primary,0,220,20260906080000220,bootstrap_seed_v1,81857728b78095013779b4d61403f621,566424686bf37b4cb9080d8ccfd80247,b8a59c97c6046f44a9687e6c4166961e,62f53c01d0c055767f6aa7516d5d74ca,145,True,0.04817600566411673,OK
D8,primary,0,221,20260906080000221,bootstrap_seed_v1,81857728b78095013779b4d61403f621,566424686bf37b4cb9080d8ccfd80247,930caa669214248a1dd8ae83bc905a9e,c8ba5f5d413722779a8a582c27475107,138,True,0.039593954827568695,OK
D8,primary,0,222,20260906080000222,bootstrap_seed_v1,81857728b78095013779b4d61403f621,566424686bf37b4cb9080d8ccfd80247,6fb21227761934ae3d7ced30b511452d,b6c0783fc7dd518bcc0e7ab0adcbdf3a,155,True,0.05064792130600676,OK
D8,primary,0,223,20260906080000223,bootstrap_seed_v1,81857728b78095013779b4d61403f621,566424686bf37b4cb9080d8ccfd80247,19c72f517f61f3f3b17b2d14945cd502,b7ca398538a8f1c256b2bc979b4c3b96,139,True,0.03489264663851588,OK
D8,primary,0,224,20260906080000224,bootstrap_seed_v1,81857728b78095013779b4d61403f621,566424686bf37b4cb9080d8ccfd80247,ea91994c9791087e976937a3cc674513,e0adafa2b8b7f04cd0634c13f5e71fdf,156,True,0.0670130195320526,OK
D8,primary,0,225,20260906080000225,bootstrap_seed_v1,81857728b78095013779b4d61403f621,566424686bf37b4cb9080d8ccfd80247,3d568385da8d6f961788cb0c8648ccf5,7f140269f96b6f37da03a40e9995aff5,184,True,0.048853828557839596,OK
D8,primary,0,226,20260906080000226,bootstrap_seed_v1,81857728b78095013779b4d61403f621,566424686bf37b4cb9080d8ccfd80247,9930e1c4cbba485cb95fb51fa0afc068,96245772ff5fe7617c83b9461b027359,61,True,0.06891174922380805,OK
D8,primary,0,227,20260906080000227,bootstrap_seed_v1,81857728b78095013779b4d61403f621,566424686bf37b4cb9080d8ccfd80247,64851c1838ecda6949a17f1714706493,a27a199bfa60dbe80333a20c58937eb2,85,True,0.0616679628174151,OK
D8,primary,0,228,20260906080000228,bootstrap_seed_v1,81857728b78095013779b4d61403f621,566424686bf37b4cb9080d8ccfd80247,8d5b00df371574d97291cf7dc1fd3207,d57f8ca7dfdad811c5ce093c76c9bd1a,126,True,0.05157165648301537,OK
D8,primary,0,229,20260906080000229,bootstrap_seed_v1,81857728b78095013779b4d61403f621,566424686bf37b4cb9080d8ccfd80247,7b26331bb93e11597a0cc843c4c800ed,0d27dfbde6a4b56d4679269139805271,75,True,0.0861817141474091,OK
D8,primary,0,230,20260906080000230,bootstrap_seed_v1,81857728b78095013779b4d61403f621,566424686bf37b4cb9080d8ccfd80247,2c9a84537628ef6e9bc6b431d187deb7,d014b857c0b63a521a232e66f916e781,177,True,0.06595863885937284,OK
D8,primary,0,231,20260906080000231,bootstrap_seed_v1,81857728b78095013779b4d61403f621,566424686bf37b4cb9080d8ccfd80247,cb352b615163349483b5ce2bf84ca88f,f45acf0f6d34dc09eaa68ac6b8042ac7,111,True,0.048789820237420956,OK
D8,primary,0,232,20260906080000232,bootstrap_seed_v1,81857728b78095013779b4d61403f621,566424686bf37b4cb9080d8ccfd80247,3ca434c9dd350e3e58891cb236f37d55,8d309567173675147753efae019c546c,128,True,0.055289163831190424,OK
D8,primary,0,233,20260906080000233,bootstrap_seed_v1,81857728b78095013779b4d61403f621,566424686bf37b4cb9080d8ccfd80247,0232b301de152b7aa1588f1a33e89f99,4b4da0f72bb88e1add9291227e05935a,186,True,0.04040202574443763,OK
D8,primary,0,234,20260906080000234,bootstrap_seed_v1,81857728b78095013779b4d61403f621,566424686bf37b4cb9080d8ccfd80247,bee0f80385cc6e4e24553b6fa43b8d06,f0e93097e3730c50db5fed1737ad937b,151,True,0.06976519282611815,OK
D8,primary,0,235,20260906080000235,bootstrap_seed_v1,81857728b78095013779b4d61403f621,566424686bf37b4cb9080d8ccfd80247,2e09c9e5bdb8d9c32a9a9fced2c3ff21,05e60be37df0bb149c1f6d3a868466e4,205,True,0.04696335484808539,OK
D8,primary,0,236,20260906080000236,bootstrap_seed_v1,81857728b78095013779b4d61403f621,566424686bf37b4cb9080d8ccfd80247,ef9516f4d74abdaef83fecaf74928dfb,e26379610c442b6c7abfdd66ad7ac674,166,True,0.028907584292883426,OK
D8,primary,0,237,20260906080000237,bootstrap_seed_v1,81857728b78095013779b4d61403f621,566424686bf37b4cb9080d8ccfd80247,14ae25292547ec227fe0087c0a023b2e,3cc29304dd9948534278cb2168ef5cc9,171,True,0.0592051607950837,OK
D8,primary,0,238,20260906080000238,bootstrap_seed_v1,81857728b78095013779b4d61403f621,566424686bf37b4cb9080d8ccfd80247,38ea598a5f7a23f19a7bced2f299431f,8189bf76e7224e4d9c6b597b5c5485d6,202,True,0.029941936009878933,OK
D8,primary,0,239,20260906080000239,bootstrap_seed_v1,81857728b78095013779b4d61403f621,566424686bf37b4cb9080d8ccfd80247,34698152b93acd3ed74ff51c7cced8c2,ace9ca36057532285a0a9a7633990aca,105,True,0.10193937413683751,OK
D8,primary,0,240,20260906080000240,bootstrap_seed_v1,81857728b78095013779b4d61403f621,566424686bf37b4cb9080d8ccfd80247,6bb25c794f3340c9a408fc59c56293d7,c7073d6fedad64188317a3b732f72f1f,69,True,0.0782092681994474,OK
D8,primary,0,241,20260906080000241,bootstrap_seed_v1,81857728b78095013779b4d61403f621,566424686bf37b4cb9080d8ccfd80247,d4c6a1c324539f591bb898eacb2b6844,142da4c98dd468256e73cf898a8e7309,184,True,0.03819544162315591,OK
D8,primary,0,242,20260906080000242,bootstrap_seed_v1,81857728b78095013779b4d61403f621,566424686bf37b4cb9080d8ccfd80247,5565dde5be746298010e61d9ac4cb108,e88a2aa319c003f2e6217056f98ef679,111,True,0.04775276121862937,OK
D8,primary,0,243,20260906080000243,bootstrap_seed_v1,81857728b78095013779b4d61403f621,566424686bf37b4cb9080d8ccfd80247,43c28c08c99e5ab2dfe7f395af97c000,2e71c86d9d5c1cc4a79db8c92f83af40,108,True,0.0654045671230612,OK
D8,primary,0,244,20260906080000244,bootstrap_seed_v1,81857728b78095013779b4d61403f621,566424686bf37b4cb9080d8ccfd80247,0b40e7c3c340cda5d54c292cd9a880cf,53bedea00e4d26e9ba90081ccaa9d955,76,True,0.06792135059186077,OK
D8,primary,0,245,20260906080000245,bootstrap_seed_v1,81857728b78095013779b4d61403f621,566424686bf37b4cb9080d8ccfd80247,f276e31e37b4cf79f5f05e623001b415,edeeb5e27c64fc4c3cda668694d2c154,81,True,0.06049775369440347,OK
D8,primary,0,246,20260906080000246,bootstrap_seed_v1,81857728b78095013779b4d61403f621,566424686bf37b4cb9080d8ccfd80247,4e738529eaa726e00c214841d59b4f60,8d21a2f9ad9d8c0a1274ff85dce8a759,109,True,0.06010830614210977,OK
D8,primary,0,247,20260906080000247,bootstrap_seed_v1,81857728b78095013779b4d61403f621,566424686bf37b4cb9080d8ccfd80247,02c8e64a3991449f1bd29297258fd202,4058ac3126258ac107d994ab5318a1f1,163,True,0.03257139789428953,OK
D8,primary,0,248,20260906080000248,bootstrap_seed_v1,81857728b78095013779b4d61403f621,566424686bf37b4cb9080d8ccfd80247,25f6156c1ad14852468bf07fdb4fff23,0c40281fc14df6b1c651dc62281e5b87,186,True,0.05753695385625146,OK
D8,primary,0,249,20260906080000249,bootstrap_seed_v1,81857728b78095013779b4d61403f621,566424686bf37b4cb9080d8ccfd80247,7bba4c47b581a8cdd5708b60b0c668e6,794087cbb194002dbb9ec344e6a0af02,85,True,0.08066491658076214,OK
D8,primary,0,250,20260906080000250,bootstrap_seed_v1,81857728b78095013779b4d61403f621,566424686bf37b4cb9080d8ccfd80247,d1e86b807d7b8c7e5c533017b41698d0,6748713ef777b901ac394ba5036aeda6,131,True,0.04597573280264411,OK
D8,primary,0,251,20260906080000251,bootstrap_seed_v1,81857728b78095013779b4d61403f621,566424686bf37b4cb9080d8ccfd80247,782db624d5755950f4b935ace3e661aa,f112a4229c9bc75fee23cdc3de82d9b3,106,True,0.054753448782963565,OK
D8,primary,0,252,20260906080000252,bootstrap_seed_v1,81857728b78095013779b4d61403f621,566424686bf37b4cb9080d8ccfd80247,0a92f6cf5ad87d3912b182c3106c67af,9459f8a912199937b32d25b44da2b983,121,True,0.04166778918121494,OK
D8,primary,0,253,20260906080000253,bootstrap_seed_v1,81857728b78095013779b4d61403f621,566424686bf37b4cb9080d8ccfd80247,89a1d0ff3cf9234b2f79e0a128027ead,4bf4fbc71bce184c29756760a0037545,101,True,0.0666066765935584,OK
D8,primary,0,254,20260906080000254,bootstrap_seed_v1,81857728b78095013779b4d61403f621,566424686bf37b4cb9080d8ccfd80247,6a0f9f54bdd0ae24f4506a939090b4e0,d2136d06b10f0c7b4e5a8d12edee3917,166,True,0.05101405491874711,OK
D8,primary,0,255,20260906080000255,bootstrap_seed_v1,81857728b78095013779b4d61403f621,566424686bf37b4cb9080d8ccfd80247,f689ef092c5d34ff407a7f5e817b9e45,a503dbf49aa458d12d7b90112d91d563,135,True,0.08461795178958129,OK
D8,primary,0,256,20260906080000256,bootstrap_seed_v1,81857728b78095013779b4d61403f621,566424686bf37b4cb9080d8ccfd80247,a2662dd0a8e0a3deb7b980b645382a2e,f6db41353e15479414e232d6d3da5f3d,170,True,0.0652578603870046,OK
D8,primary,0,257,20260906080000257,bootstrap_seed_v1,81857728b78095013779b4d61403f621,566424686bf37b4cb9080d8ccfd80247,8bcfded9862685326e267b116ac91a91,0dd45f1ea962a7c544173f7cb90d0143,139,True,0.08449418935446817,OK
D8,primary,0,258,20260906080000258,bootstrap_seed_v1,81857728b78095013779b4d61403f621,566424686bf37b4cb9080d8ccfd80247,d38f82470e9b27e4b2e863e2f984878e,696be30ac4b64c402763d785aae9da22,166,True,0.06302648194895333,OK
D8,primary,0,259,20260906080000259,bootstrap_seed_v1,81857728b78095013779b4d61403f621,566424686bf37b4cb9080d8ccfd80247,edcc198eea4516c1b2d21fa5eec77454,439720d335b2d3e7e6f06be024c74e36,252,True,0.041567088178759426,OK
D8,primary,0,260,20260906080000260,bootstrap_seed_v1,81857728b78095013779b4d61403f621,566424686bf37b4cb9080d8ccfd80247,a4f82d885edc2ad828d2b48adcd489e5,41a20a4ab21e10b438c80aad2b8bf26f,153,True,0.03404396583184799,OK
D8,primary,0,261,20260906080000261,bootstrap_seed_v1,81857728b78095013779b4d61403f621,566424686bf37b4cb9080d8ccfd80247,67dbea4fed9b035b54a14cc980664d51,66c092f6378223e95f99cb1a4ea8c069,153,True,0.04485606853247226,OK
D8,primary,0,262,20260906080000262,bootstrap_seed_v1,81857728b78095013779b4d61403f621,566424686bf37b4cb9080d8ccfd80247,df01b3803a255710e1bfe396e5159fd1,b75e3eaf6eb1382b97381f00181b6b0f,131,True,0.06597646312363738,OK
D8,primary,0,263,20260906080000263,bootstrap_seed_v1,81857728b78095013779b4d61403f621,566424686bf37b4cb9080d8ccfd80247,362534dacd79529e3866509d3c3e7097,aa88d36b722348d8777fbd7888d6ceb2,264,True,0.030495751332032695,OK
D8,primary,0,264,20260906080000264,bootstrap_seed_v1,81857728b78095013779b4d61403f621,566424686bf37b4cb9080d8ccfd80247,7c2c384efab7f842d7acf10036e280bb,6be569a8c6218b2b5cf200243ea0f4f9,225,True,0.04728112149921648,OK
D8,primary,0,265,20260906080000265,bootstrap_seed_v1,81857728b78095013779b4d61403f621,566424686bf37b4cb9080d8ccfd80247,59e45d3d10a791d355c5a7d27b87572b,dd9abce5ad008ee37d6889d1e6f1e335,90,True,0.061708187754843546,OK
D8,primary,0,266,20260906080000266,bootstrap_seed_v1,81857728b78095013779b4d61403f621,566424686bf37b4cb9080d8ccfd80247,358ffae21824c7e457696a50a7640418,9c50531812eace6ee40d855a22df7749,148,True,0.03744554495943364,OK
D8,primary,0,267,20260906080000267,bootstrap_seed_v1,81857728b78095013779b4d61403f621,566424686bf37b4cb9080d8ccfd80247,0f7b77a79a8073cb3f8231183c6e6f48,f1b91a336ae42c3e0dcf3d122e1308a4,122,True,0.04979121718073365,OK
D8,primary,0,268,20260906080000268,bootstrap_seed_v1,81857728b78095013779b4d61403f621,566424686bf37b4cb9080d8ccfd80247,bdc2f0ea36009898721b7fdbf602de04,d7ea409354af97dff77e6648bb99ba12,91,True,0.06027129569858203,OK
D8,primary,0,269,20260906080000269,bootstrap_seed_v1,81857728b78095013779b4d61403f621,566424686bf37b4cb9080d8ccfd80247,152789a3a7c0ac80839e4ca985cc99ba,718ea588507ad6d82f730eaaa61b8753,210,True,0.05712680659717739,OK
D8,primary,0,270,20260906080000270,bootstrap_seed_v1,81857728b78095013779b4d61403f621,566424686bf37b4cb9080d8ccfd80247,527cee1fff8a215d41e2162aeb268090,3bc27af9e454e1f033fb418329db4a3d,86,True,0.06269859877396866,OK
D8,primary,0,271,20260906080000271,bootstrap_seed_v1,81857728b78095013779b4d61403f621,566424686bf37b4cb9080d8ccfd80247,25a6e49eb35d19fbb5fe4352a33d3ff6,7e31dbef8ba7de1287396595081daa9e,77,True,0.060182848546666334,OK
D8,primary,0,272,20260906080000272,bootstrap_seed_v1,81857728b78095013779b4d61403f621,566424686bf37b4cb9080d8ccfd80247,a94a721ba2b3a144e6ad0539631b4349,dc60141a96a6532dd27ace4513a774dc,112,True,0.06232055821207902,OK
D8,primary,0,273,20260906080000273,bootstrap_seed_v1,81857728b78095013779b4d61403f621,566424686bf37b4cb9080d8ccfd80247,ae588f1df6cdfacd876158bda9f7aa27,2a3a4e67f5764dd72f78b2d97a162844,79,True,0.05909402850644241,OK
D8,primary,0,274,20260906080000274,bootstrap_seed_v1,81857728b78095013779b4d61403f621,566424686bf37b4cb9080d8ccfd80247,52c4d97e4652c4a81139157b0f770c7c,ac713065b8ce5000cca44a90121bde3d,134,True,0.04199524214358302,OK
D8,primary,0,275,20260906080000275,bootstrap_seed_v1,81857728b78095013779b4d61403f621,566424686bf37b4cb9080d8ccfd80247,33235cc03e8890500f4b242b82cc61b5,e49d1f880a4ce0c516443bbb72dcd4ca,165,True,0.03637917407390023,OK
D8,primary,0,276,20260906080000276,bootstrap_seed_v1,81857728b78095013779b4d61403f621,566424686bf37b4cb9080d8ccfd80247,dcd4c777ce97c86f316222da9f2f3984,66d5de66dc8355a5548cd05ce923aee3,111,True,0.051218696771039185,OK
D8,primary,0,277,20260906080000277,bootstrap_seed_v1,81857728b78095013779b4d61403f621,566424686bf37b4cb9080d8ccfd80247,97cc2a8c936e191216e79dc4522debe5,41acc0c2505f3eed23a85d3fbcee46e6,178,True,0.06100694397574841,OK
D8,primary,0,278,20260906080000278,bootstrap_seed_v1,81857728b78095013779b4d61403f621,566424686bf37b4cb9080d8ccfd80247,59fe461699c7a8a98072b2e3ada28548,eedbea087aeb3c0703e7673fb5c18400,117,True,0.03962417160747761,OK
D8,primary,0,279,20260906080000279,bootstrap_seed_v1,81857728b78095013779b4d61403f621,566424686bf37b4cb9080d8ccfd80247,21035e13b6fa778738a4cd7a4c142099,3075ccbb1fbc76ee476ec20c85b68cdd,135,True,0.07032278618893945,OK
D8,primary,0,280,20260906080000280,bootstrap_seed_v1,81857728b78095013779b4d61403f621,566424686bf37b4cb9080d8ccfd80247,e3b48c5e513c5de511562f778b03f3b2,54a7a1c6046a823bac6784b0111c074b,77,True,0.07249982426566338,OK
D8,primary,0,281,20260906080000281,bootstrap_seed_v1,81857728b78095013779b4d61403f621,566424686bf37b4cb9080d8ccfd80247,eae75083d1f60a3e54826bd086fc89a5,666ff957239d91150d16f18132c5f9a4,156,True,0.03645352002891444,OK
D8,primary,0,282,20260906080000282,bootstrap_seed_v1,81857728b78095013779b4d61403f621,566424686bf37b4cb9080d8ccfd80247,99439b1082d11514b9ad0ce84da96ea0,bb128d35297e7360743c36d94432a10f,94,True,0.07708320493069898,OK
D8,primary,0,283,20260906080000283,bootstrap_seed_v1,81857728b78095013779b4d61403f621,566424686bf37b4cb9080d8ccfd80247,e347d10062b5f4ef72f8547e8f794564,bf5476ef406e77dd9eadfd9d207d4d20,91,True,0.058534730986702914,OK
D8,primary,0,284,20260906080000284,bootstrap_seed_v1,81857728b78095013779b4d61403f621,566424686bf37b4cb9080d8ccfd80247,c1a24191f59daf07a306822dbe2a7742,90acd73f01d575dcf10f05ff406b4c29,131,True,0.047426196910952345,OK
D8,primary,0,285,20260906080000285,bootstrap_seed_v1,81857728b78095013779b4d61403f621,566424686bf37b4cb9080d8ccfd80247,039dda414335bacc7a20f970ba67ff90,3be1ccf35121dfc7475149129e615c4e,210,True,0.05592634642367994,OK
D8,primary,0,286,20260906080000286,bootstrap_seed_v1,81857728b78095013779b4d61403f621,566424686bf37b4cb9080d8ccfd80247,d6702c38688a017e9580260adb9e2eb7,3a2ffa4b8a6f4e068feb91fc248c7adb,169,True,0.051862386028214136,OK
D8,primary,0,287,20260906080000287,bootstrap_seed_v1,81857728b78095013779b4d61403f621,566424686bf37b4cb9080d8ccfd80247,afc8c983da0a6a80b32e90b0d85e4575,3e0c77cd853f17b6f324a398fcfa6725,98,True,0.074304426988199,OK
D8,primary,0,288,20260906080000288,bootstrap_seed_v1,81857728b78095013779b4d61403f621,566424686bf37b4cb9080d8ccfd80247,7226fada7f05cec404656510cb1601e6,7a5aa893fb276c76e6a9af9fd3948f8a,311,True,0.033575158147853904,OK
D8,primary,0,289,20260906080000289,bootstrap_seed_v1,81857728b78095013779b4d61403f621,566424686bf37b4cb9080d8ccfd80247,b67c97271189856fc4af1d4e845c5527,d2f1dfb17914df29bfd38b4668753780,158,True,0.03236799814335056,OK
D8,primary,0,290,20260906080000290,bootstrap_seed_v1,81857728b78095013779b4d61403f621,566424686bf37b4cb9080d8ccfd80247,a5559da83446099a921f20523e60a4dc,f27c49d983178b6eeb3ca95138d22488,76,True,0.0795401192335311,OK
D8,primary,0,291,20260906080000291,bootstrap_seed_v1,81857728b78095013779b4d61403f621,566424686bf37b4cb9080d8ccfd80247,98d0cdeb832313f461cfd20996b7f974,79c72278eb120576ef92e931c82aebed,151,True,0.050338093663310046,OK
D8,primary,0,292,20260906080000292,bootstrap_seed_v1,81857728b78095013779b4d61403f621,566424686bf37b4cb9080d8ccfd80247,aaf19c4ac19db164743b831ba0896283,ce3cecacf522570638586dccd109184e,119,True,0.0671678563998031,OK
D8,primary,0,293,20260906080000293,bootstrap_seed_v1,81857728b78095013779b4d61403f621,566424686bf37b4cb9080d8ccfd80247,b2238cae63235d155d0282c0774e644a,002660b75aad9da7241f57db92171332,157,True,0.05243775129098466,OK
D8,primary,0,294,20260906080000294,bootstrap_seed_v1,81857728b78095013779b4d61403f621,566424686bf37b4cb9080d8ccfd80247,7adf20006f1610358a0dc94df15998d3,ccd3ba5515a7d9bbdf944bbdf4dc8e41,95,True,0.06077014396778324,OK
D8,primary,0,295,20260906080000295,bootstrap_seed_v1,81857728b78095013779b4d61403f621,566424686bf37b4cb9080d8ccfd80247,f8080be700c3a9a185ecd1c87ae60666,c855eba6beb58e90f04bc76c3871482a,177,True,0.046041035763042304,OK
D8,primary,0,296,20260906080000296,bootstrap_seed_v1,81857728b78095013779b4d61403f621,566424686bf37b4cb9080d8ccfd80247,c0ea670514660aefe9a6e9b8f5576797,4f87c31b6e39089445cbc0309f4073b4,169,True,0.04757356152492198,OK
D8,primary,0,297,20260906080000297,bootstrap_seed_v1,81857728b78095013779b4d61403f621,566424686bf37b4cb9080d8ccfd80247,f74dcf0d29eabc894c0f452ecd6e11ad,c4434d0d891aaaa0b04e08ec90abd6bd,202,True,0.03791449605575825,OK
D8,primary,0,298,20260906080000298,bootstrap_seed_v1,81857728b78095013779b4d61403f621,566424686bf37b4cb9080d8ccfd80247,6f7e54f7124404d8e6ea6cf0e9eecb51,79db90d9ea86e3ffe6f093c855614ab6,159,True,0.04940686589584986,OK
D8,primary,0,299,20260906080000299,bootstrap_seed_v1,81857728b78095013779b4d61403f621,566424686bf37b4cb9080d8ccfd80247,1f6237165ebe56390071e3ff6facccc8,6ef8752bcf73963f993fad4c79e6d4f5,256,True,0.028705043969876276,OK
D8,primary,0,300,20260906080000300,bootstrap_seed_v1,81857728b78095013779b4d61403f621,566424686bf37b4cb9080d8ccfd80247,ac6ce95933055ae3004f0e0d98c3c4a6,85f4329b6c1474a11167018f6a33e01b,201,True,0.051562093249248514,OK
D8,primary,0,301,20260906080000301,bootstrap_seed_v1,81857728b78095013779b4d61403f621,566424686bf37b4cb9080d8ccfd80247,ba29d7fc4c3352d3be874245a9970d62,2041e34c094b9bab5c8de2ef831fbb33,214,True,0.04183939232286715,OK
D8,primary,0,302,20260906080000302,bootstrap_seed_v1,81857728b78095013779b4d61403f621,566424686bf37b4cb9080d8ccfd80247,8bafc63d2c8fabf8ee71e19fe0816c1f,fdefd2ba9111202a32f4d4f52b202eba,123,True,0.0766761777851534,OK
D8,primary,0,303,20260906080000303,bootstrap_seed_v1,81857728b78095013779b4d61403f621,566424686bf37b4cb9080d8ccfd80247,d8c141586c896dde6c596e1f8f6ec72a,b3a29196c782fda397465e93b61a9cb4,138,True,0.037924357362298156,OK
D8,primary,0,304,20260906080000304,bootstrap_seed_v1,81857728b78095013779b4d61403f621,566424686bf37b4cb9080d8ccfd80247,640ecce40cfdca3c2b0b968fa851eb8e,1f68ec0e7d13668d418a26ac01e9f8a4,194,True,0.03756609025758295,OK
D8,primary,0,305,20260906080000305,bootstrap_seed_v1,81857728b78095013779b4d61403f621,566424686bf37b4cb9080d8ccfd80247,f7a00b3615c26dc61c6634bd8d947da1,b243330a8d607c1448cf584a61f19ba5,54,True,0.0823985314093518,OK
D8,primary,0,306,20260906080000306,bootstrap_seed_v1,81857728b78095013779b4d61403f621,566424686bf37b4cb9080d8ccfd80247,4e6feeaa5f9a0ddeae1941e2eac53f85,3068911d6d821f73445af574269297a1,163,True,0.047445725103795355,OK
D8,primary,0,307,20260906080000307,bootstrap_seed_v1,81857728b78095013779b4d61403f621,566424686bf37b4cb9080d8ccfd80247,f7b01eb87a7ced5cbd2332db18cc1969,77d600b507bf55a334ecd35c2e4cdbfc,120,True,0.06363826119971117,OK
D8,primary,0,308,20260906080000308,bootstrap_seed_v1,81857728b78095013779b4d61403f621,566424686bf37b4cb9080d8ccfd80247,d457ca79e89643b4bb428544dbe947bd,69dc43d8cd08a5711b67bf3acf8c52d8,142,True,0.05257107954641868,OK
D8,primary,0,309,20260906080000309,bootstrap_seed_v1,81857728b78095013779b4d61403f621,566424686bf37b4cb9080d8ccfd80247,3a122e804ee6c836f3898b1abe50e0c8,ac2f9bff16698f4ad18c6e4ee02dfc70,129,True,0.0768504316748666,OK
D8,primary,0,310,20260906080000310,bootstrap_seed_v1,81857728b78095013779b4d61403f621,566424686bf37b4cb9080d8ccfd80247,431e879f89888606e06cd85cee24ea8a,35ec2066cc151a98d200f737f9c0bc8f,136,True,0.03715885382128903,OK
D8,primary,0,311,20260906080000311,bootstrap_seed_v1,81857728b78095013779b4d61403f621,566424686bf37b4cb9080d8ccfd80247,368835ecc81acffc11377e5f480f9e19,a1850b51b854ef327b3ab1e4d5ad39be,167,True,0.0438947041979757,OK
D8,primary,0,312,20260906080000312,bootstrap_seed_v1,81857728b78095013779b4d61403f621,566424686bf37b4cb9080d8ccfd80247,7b5ab67225a6a69b0b81e979d28db72a,90b98f3e21a799c788ecf26f089fed5c,139,True,0.05597116140573882,OK
D8,primary,0,313,20260906080000313,bootstrap_seed_v1,81857728b78095013779b4d61403f621,566424686bf37b4cb9080d8ccfd80247,e98d73d023f5972f50e9fa01bba20ff9,4e280802cad91eb40cbf4cd6c58d7160,210,True,0.03720941317286641,OK
D8,primary,0,314,20260906080000314,bootstrap_seed_v1,81857728b78095013779b4d61403f621,566424686bf37b4cb9080d8ccfd80247,dbc49af68bd5c1585ea3517d306e3187,d02f055db5f67360f072fbc7b97b68ad,95,True,0.059273896045390184,OK
D8,primary,0,315,20260906080000315,bootstrap_seed_v1,81857728b78095013779b4d61403f621,566424686bf37b4cb9080d8ccfd80247,06565f606619ead496872bdb93d49d1d,b83213df3d6059774a1d637df6638007,179,True,0.059036288063882836,OK
D8,primary,0,316,20260906080000316,bootstrap_seed_v1,81857728b78095013779b4d61403f621,566424686bf37b4cb9080d8ccfd80247,8a942835563cb60e42944663ef28397c,eea49eefa5e0a3272fdfc9a5f033e08b,125,True,0.05779341526181456,OK
D8,primary,0,317,20260906080000317,bootstrap_seed_v1,81857728b78095013779b4d61403f621,566424686bf37b4cb9080d8ccfd80247,7e32fc799dd7cae1f8dda6fd0e250456,bdb4931c7330d43c3f4a6cd0c73e0161,106,True,0.053495310771956336,OK
D8,primary,0,318,20260906080000318,bootstrap_seed_v1,81857728b78095013779b4d61403f621,566424686bf37b4cb9080d8ccfd80247,cd596ab670c3e2ddd08bf7a50eec8d25,6252e5e72112b79df17d19b9652823a4,155,True,0.06736255757649529,OK
D8,primary,0,319,20260906080000319,bootstrap_seed_v1,81857728b78095013779b4d61403f621,566424686bf37b4cb9080d8ccfd80247,fb4f9700804dddf7756f41221b8215bf,d3ff0b18975f53cfbe8fbd4e10e39dfb,157,True,0.056018367546948444,OK
D8,primary,0,320,20260906080000320,bootstrap_seed_v1,81857728b78095013779b4d61403f621,566424686bf37b4cb9080d8ccfd80247,7b25aabd222566c87385a4110c200016,9e9911403da91c1068a536711d905250,195,True,0.04857277433485341,OK
D8,primary,0,321,20260906080000321,bootstrap_seed_v1,81857728b78095013779b4d61403f621,566424686bf37b4cb9080d8ccfd80247,9a527f06a311ec66aa291e574a68d2d4,3d9bc3fbb7b887ef8af3752c91a2ff45,100,True,0.08619956582816324,OK
D8,primary,0,322,20260906080000322,bootstrap_seed_v1,81857728b78095013779b4d61403f621,566424686bf37b4cb9080d8ccfd80247,f442496aa6f9da964d814334959bccd4,7a44ee8795e0dd819f23a9b6796b7855,172,True,0.03758636232278828,OK
D8,primary,0,323,20260906080000323,bootstrap_seed_v1,81857728b78095013779b4d61403f621,566424686bf37b4cb9080d8ccfd80247,0494e65d60b173e14975c882565d6a8e,8414a9fdb0b5b31f75f7ad05a235a98e,151,True,0.0713004575005377,OK
D8,primary,0,324,20260906080000324,bootstrap_seed_v1,81857728b78095013779b4d61403f621,566424686bf37b4cb9080d8ccfd80247,d3a685b5eb866cc5591838262b1aed74,266f888d8db4abf08b4dc4891d53bacc,75,True,0.05505519933707548,OK
D8,primary,0,325,20260906080000325,bootstrap_seed_v1,81857728b78095013779b4d61403f621,566424686bf37b4cb9080d8ccfd80247,fdf77320c4e0b27a1754e45ce19bd8f1,bb833086d80851e87bcbf2aaed6daeb3,150,True,0.04449165203579475,OK
D8,primary,0,326,20260906080000326,bootstrap_seed_v1,81857728b78095013779b4d61403f621,566424686bf37b4cb9080d8ccfd80247,dcbae44bc6c160183b9ba18d8afedfce,9ac226c79a44baa4cced3a36fe0b41b7,126,True,0.039383160058292566,OK
D8,primary,0,327,20260906080000327,bootstrap_seed_v1,81857728b78095013779b4d61403f621,566424686bf37b4cb9080d8ccfd80247,d1180b280f6c07dbf9d0fb263033b961,44462adef39d912aae270143e77761f5,189,True,0.07560008706294918,OK
D8,primary,0,328,20260906080000328,bootstrap_seed_v1,81857728b78095013779b4d61403f621,566424686bf37b4cb9080d8ccfd80247,f50f912db087ac8f2d317adea1d813eb,0a8a2fb11e5df11b5b645828c403f950,78,True,0.07245985721822017,OK
D8,primary,0,329,20260906080000329,bootstrap_seed_v1,81857728b78095013779b4d61403f621,566424686bf37b4cb9080d8ccfd80247,15d7d660ff7dee6fb48dfc4d84ca26f7,bb93de79829d4e7a5c6d7c6e205db016,71,True,0.04712836310208823,OK
D8,primary,0,330,20260906080000330,bootstrap_seed_v1,81857728b78095013779b4d61403f621,566424686bf37b4cb9080d8ccfd80247,a8a0b2bbd4c990fb57a96becb1afe0f2,3b5a5c3bde64b9f2007ce75799fb2f36,121,True,0.05754328716069823,OK
D8,primary,0,331,20260906080000331,bootstrap_seed_v1,81857728b78095013779b4d61403f621,566424686bf37b4cb9080d8ccfd80247,774db1ad71b63a4b5931d1f1430d0013,8ddb6a84a1369edeb2fa158d077fb006,177,True,0.04272828705234516,OK
D8,primary,0,332,20260906080000332,bootstrap_seed_v1,81857728b78095013779b4d61403f621,566424686bf37b4cb9080d8ccfd80247,4abf3216f46a767737f476c0ca9253e7,bacad9a331af8663420f863bf96c9c65,124,True,0.044785841991293956,OK
D8,primary,0,333,20260906080000333,bootstrap_seed_v1,81857728b78095013779b4d61403f621,566424686bf37b4cb9080d8ccfd80247,8da553cee0f1aa7731a5fdef5e9233ad,3663c6b1949582dc3e0603a12c3848d1,170,True,0.056468142501406055,OK
D8,primary,0,334,20260906080000334,bootstrap_seed_v1,81857728b78095013779b4d61403f621,566424686bf37b4cb9080d8ccfd80247,46a9bae68ce4522c3d979884af1646f3,4572edaa4d7df75af1d0c6f3481b5f91,109,True,0.05967522372343542,OK
D8,primary,0,335,20260906080000335,bootstrap_seed_v1,81857728b78095013779b4d61403f621,566424686bf37b4cb9080d8ccfd80247,df8185dcd53bae450a82807b32d37370,bfeac3a549ff639dd1f5b023e9d3797d,177,True,0.0358332984393514,OK
D8,primary,0,336,20260906080000336,bootstrap_seed_v1,81857728b78095013779b4d61403f621,566424686bf37b4cb9080d8ccfd80247,a3aecb3cb43e4db3dca405142099cc4b,1b50e7d49bc460031b50b376e208df87,196,True,0.03928041991922149,OK
D8,primary,0,337,20260906080000337,bootstrap_seed_v1,81857728b78095013779b4d61403f621,566424686bf37b4cb9080d8ccfd80247,1d493d4b66a9909545056e51037e0a3b,66cba11f305772219611c2b0905a25e3,134,True,0.0483372141194256,OK
D8,primary,0,338,20260906080000338,bootstrap_seed_v1,81857728b78095013779b4d61403f621,566424686bf37b4cb9080d8ccfd80247,1bb6a2963cc69c9035a471aafb9dacc9,3065352026d638a18c3167bbd49f7c16,199,True,0.04845705285376489,OK
D8,primary,0,339,20260906080000339,bootstrap_seed_v1,81857728b78095013779b4d61403f621,566424686bf37b4cb9080d8ccfd80247,0c833608d35a85ed22512212cd284194,21b5fd77190e20a64a200d7618bccf3e,162,True,0.05399700988333711,OK
D8,primary,0,340,20260906080000340,bootstrap_seed_v1,81857728b78095013779b4d61403f621,566424686bf37b4cb9080d8ccfd80247,df1edaca1130f62722e6b156822f8111,b837764a7642c7119289413ce1d17a04,138,True,0.0492733959117887,OK
D8,primary,0,341,20260906080000341,bootstrap_seed_v1,81857728b78095013779b4d61403f621,566424686bf37b4cb9080d8ccfd80247,174d1c7aa4a531d6a93bee0fc17e5afc,3444ea512d8fbc67ffeeca23c23957b7,144,True,0.046046152707475085,OK
D8,primary,0,342,20260906080000342,bootstrap_seed_v1,81857728b78095013779b4d61403f621,566424686bf37b4cb9080d8ccfd80247,69e1edfc3f9aff4eb9c69ce9870a0898,3b82bfd1e3a2d11e3171ec6099799d2d,165,True,0.05501423777974551,OK
D8,primary,0,343,20260906080000343,bootstrap_seed_v1,81857728b78095013779b4d61403f621,566424686bf37b4cb9080d8ccfd80247,4a416c1ff14c0e995b662ccb55b38a7a,faf7cf55ba64c3ba43d1dea6d47d880e,148,True,0.029408304551733933,OK
D8,primary,0,344,20260906080000344,bootstrap_seed_v1,81857728b78095013779b4d61403f621,566424686bf37b4cb9080d8ccfd80247,053d162115ecab041ded00a2bd987daa,191e2bde692a7154182fede57d8d29fb,118,True,0.06201232022181047,OK
D8,primary,0,345,20260906080000345,bootstrap_seed_v1,81857728b78095013779b4d61403f621,566424686bf37b4cb9080d8ccfd80247,fdcd89290a0067cd54a26a8be92bab2a,b01ffff0abfdd265c1fa349399b2e0d8,141,True,0.04523657840505313,OK
D8,primary,0,346,20260906080000346,bootstrap_seed_v1,81857728b78095013779b4d61403f621,566424686bf37b4cb9080d8ccfd80247,d8c792e62facd93da1c116ca5624233e,ac2e97f952b57e870ec57be786f2b98d,203,True,0.038183003777214064,OK
D8,primary,0,347,20260906080000347,bootstrap_seed_v1,81857728b78095013779b4d61403f621,566424686bf37b4cb9080d8ccfd80247,6b9d28f85f51d24cf96c0c3ca32452df,970755bcba8a0cd0f418611e4a2804ec,128,True,0.03476846935056921,OK
D8,primary,0,348,20260906080000348,bootstrap_seed_v1,81857728b78095013779b4d61403f621,566424686bf37b4cb9080d8ccfd80247,a892573df8590e3cea8805e2533c888e,87aed4e762af47fa5b37d7e5c2555711,225,True,0.052190934051797144,OK
D8,primary,0,349,20260906080000349,bootstrap_seed_v1,81857728b78095013779b4d61403f621,566424686bf37b4cb9080d8ccfd80247,29f14695b6d0b6e129fb6aaaa7ee12dd,395b21f1962943a82954ec0e7fa392fa,125,True,0.0641786324124482,OK
D8,primary,0,350,20260906080000350,bootstrap_seed_v1,81857728b78095013779b4d61403f621,566424686bf37b4cb9080d8ccfd80247,97394eee95c7feb706b8d72a603402ce,e1279678acf3a6dcfeb1d77744d78948,164,True,0.04124229108627364,OK
D8,primary,0,351,20260906080000351,bootstrap_seed_v1,81857728b78095013779b4d61403f621,566424686bf37b4cb9080d8ccfd80247,93a3ce062c7b12d3683bf861f1e9108e,2fcb6b3310ebc41aae8d1788013a80ed,162,True,0.039128461392304636,OK
D8,primary,0,352,20260906080000352,bootstrap_seed_v1,81857728b78095013779b4d61403f621,566424686bf37b4cb9080d8ccfd80247,ec3bde4e59ab466a38eb99f36f492a19,41691a8997badc7694d70f98a88fb790,182,True,0.06786509451068477,OK
D8,primary,0,353,20260906080000353,bootstrap_seed_v1,81857728b78095013779b4d61403f621,566424686bf37b4cb9080d8ccfd80247,f6bf52edc21926d07c8d3c0052220430,844c1b2e1bf3086b5bfe429555709860,232,True,0.056602959940723396,OK
D8,primary,0,354,20260906080000354,bootstrap_seed_v1,81857728b78095013779b4d61403f621,566424686bf37b4cb9080d8ccfd80247,fa31b04704df6755d5f8afa4fbde0077,0a6fba691fb269d891ac9de82e616318,145,True,0.0534341896058067,OK
D8,primary,0,355,20260906080000355,bootstrap_seed_v1,81857728b78095013779b4d61403f621,566424686bf37b4cb9080d8ccfd80247,1b06d08b6b8f743474b77742dd6439f8,315be12d0718c5ea2746a93e578ba785,173,True,0.042772986057916684,OK
D8,primary,0,356,20260906080000356,bootstrap_seed_v1,81857728b78095013779b4d61403f621,566424686bf37b4cb9080d8ccfd80247,07ca6e7103cd18c847642d331b7d4736,b30fb465fd89d2b751236d66cf35a44c,125,True,0.0396684501638665,OK
D8,primary,0,357,20260906080000357,bootstrap_seed_v1,81857728b78095013779b4d61403f621,566424686bf37b4cb9080d8ccfd80247,6df9dfb426ce54a3d0f10404f87cc00c,f0cbab32264979d91a9cb3b8dffef15e,147,True,0.04523315939503658,OK
D8,primary,0,358,20260906080000358,bootstrap_seed_v1,81857728b78095013779b4d61403f621,566424686bf37b4cb9080d8ccfd80247,7cd34d92d5a1f0d597e2461e24375860,56cede79e9e8896e432974e674163f31,207,True,0.05525662167002299,OK
D8,primary,0,359,20260906080000359,bootstrap_seed_v1,81857728b78095013779b4d61403f621,566424686bf37b4cb9080d8ccfd80247,7303d7d95067c57008c579b22439acb9,270f3de92608cbf2f3d7defc299b0205,80,True,0.055483918828436174,OK
D8,primary,0,360,20260906080000360,bootstrap_seed_v1,81857728b78095013779b4d61403f621,566424686bf37b4cb9080d8ccfd80247,3030e5dcc14eabb897bd8aaa896d4202,ec613e345c3f22f4dc48cfced05dd798,164,True,0.04275791863926748,OK
D8,primary,0,361,20260906080000361,bootstrap_seed_v1,81857728b78095013779b4d61403f621,566424686bf37b4cb9080d8ccfd80247,facbe190e5095f4b24b21a062e2288a7,b373d964635b570db0ea60c4089948e8,108,True,0.08358931969405503,OK
D8,primary,0,362,20260906080000362,bootstrap_seed_v1,81857728b78095013779b4d61403f621,566424686bf37b4cb9080d8ccfd80247,49eb279009e6a301163f3c066e9ba557,cb7a89516b17d6ee72be0c21544c798a,113,True,0.10671719130718749,OK
D8,primary,0,363,20260906080000363,bootstrap_seed_v1,81857728b78095013779b4d61403f621,566424686bf37b4cb9080d8ccfd80247,d048edfd340dd4bb4770e198dfbb31cc,13d7b3396a5e3c7a7a7f53facd007cc3,141,True,0.03976184608698663,OK
D8,primary,0,364,20260906080000364,bootstrap_seed_v1,81857728b78095013779b4d61403f621,566424686bf37b4cb9080d8ccfd80247,d25137273408cd4256b4235770ae7c58,7895633da47d26c84a6fe8d00c1adf85,226,True,0.049046516255887074,OK
D8,primary,0,365,20260906080000365,bootstrap_seed_v1,81857728b78095013779b4d61403f621,566424686bf37b4cb9080d8ccfd80247,4776d42712536217e412ee7a6aa42489,561193375c37ccd859a7836ab3f10395,107,True,0.035552073790947214,OK
D8,primary,0,366,20260906080000366,bootstrap_seed_v1,81857728b78095013779b4d61403f621,566424686bf37b4cb9080d8ccfd80247,be62957ede5f5e98d6f333c247d44120,b7386d371fc7b9ee46f8638606ddeb8a,102,True,0.06033056637061762,OK
D8,primary,0,367,20260906080000367,bootstrap_seed_v1,81857728b78095013779b4d61403f621,566424686bf37b4cb9080d8ccfd80247,e15706d716f6d1c5cab9d3b44b712a38,b20753dec22b35567021669faf03432e,223,True,0.036722391325446746,OK
D8,primary,0,368,20260906080000368,bootstrap_seed_v1,81857728b78095013779b4d61403f621,566424686bf37b4cb9080d8ccfd80247,8db38f8d50aa051b60b464bf325ce869,194aacf1ed706130ff5b3649293bd844,129,True,0.06435724380299301,OK
D8,primary,0,369,20260906080000369,bootstrap_seed_v1,81857728b78095013779b4d61403f621,566424686bf37b4cb9080d8ccfd80247,7a5104bdd26e75a8299e2792cb8813aa,0ccef345806ef319e732612aaf7af292,161,True,0.04382214470148407,OK
D8,primary,0,370,20260906080000370,bootstrap_seed_v1,81857728b78095013779b4d61403f621,566424686bf37b4cb9080d8ccfd80247,150b20bba76e07b6c816b5502429bb08,040cddd8483fdf1a5e2f84fe72105dd4,87,True,0.04717298267294412,OK
D8,primary,0,371,20260906080000371,bootstrap_seed_v1,81857728b78095013779b4d61403f621,566424686bf37b4cb9080d8ccfd80247,7413797ec22fee3c54ab9b88732b42ff,cd900b6d912593902911c19b91e3a025,207,True,0.047051815417926524,OK
D8,primary,0,372,20260906080000372,bootstrap_seed_v1,81857728b78095013779b4d61403f621,566424686bf37b4cb9080d8ccfd80247,e34ddc06cca6885509a727e599d5437d,08b10c564180bdfa5edbe2e94a9bef80,78,True,0.07530650596820487,OK
D8,primary,0,373,20260906080000373,bootstrap_seed_v1,81857728b78095013779b4d61403f621,566424686bf37b4cb9080d8ccfd80247,e870b2544e09106d71b30743fa9b3ae9,8c3604700c4eab2d1cbef808d4cb59d5,116,True,0.06759895162240592,OK
D8,primary,0,374,20260906080000374,bootstrap_seed_v1,81857728b78095013779b4d61403f621,566424686bf37b4cb9080d8ccfd80247,6057b9bbdd7c151b85b7006153445f7c,1f35ce7262988ebabd51b86930530cc4,118,True,0.04396820463612339,OK
D8,primary,0,375,20260906080000375,bootstrap_seed_v1,81857728b78095013779b4d61403f621,566424686bf37b4cb9080d8ccfd80247,6350788cc1e9e47883d71030c6b16a6d,1a53255c084d851fcc0fe4e12b018c0e,139,True,0.04696287442574221,OK
D8,primary,0,376,20260906080000376,bootstrap_seed_v1,81857728b78095013779b4d61403f621,566424686bf37b4cb9080d8ccfd80247,c70e130d37d56b88ae477a8c95799a63,d33df9fca7df99357872cb48c6a5537f,122,True,0.038337032949681604,OK
D8,primary,0,377,20260906080000377,bootstrap_seed_v1,81857728b78095013779b4d61403f621,566424686bf37b4cb9080d8ccfd80247,8200909eba5de3ccc5fda0a22e75f685,24f1ffeff28a7add7f09b07c9e50a163,107,True,0.05908281401411658,OK
D8,primary,0,378,20260906080000378,bootstrap_seed_v1,81857728b78095013779b4d61403f621,566424686bf37b4cb9080d8ccfd80247,cb0a314a4381340af72b391f5f543e26,53f453ff6543bf8894187c4a5aad9d11,137,True,0.04413244472816147,OK
D8,primary,0,379,20260906080000379,bootstrap_seed_v1,81857728b78095013779b4d61403f621,566424686bf37b4cb9080d8ccfd80247,7d05a6c4740f37d42c44620d1ae0ffa6,0d07d96cb239d07995ed6915e2b2d863,103,True,0.05679696113367649,OK
D8,primary,0,380,20260906080000380,bootstrap_seed_v1,81857728b78095013779b4d61403f621,566424686bf37b4cb9080d8ccfd80247,edd59d2ac0d34a8aca23be1f7a155b57,a19b8b91e823c80faabe0682e89e9d90,117,True,0.04555827393654849,OK
D8,primary,0,381,20260906080000381,bootstrap_seed_v1,81857728b78095013779b4d61403f621,566424686bf37b4cb9080d8ccfd80247,6c142688ee4b1a536640590dadeb2de7,c0d1bca8cadec35c97307130bf99b29d,136,True,0.07718266523896944,OK
D8,primary,0,382,20260906080000382,bootstrap_seed_v1,81857728b78095013779b4d61403f621,566424686bf37b4cb9080d8ccfd80247,82885f099a165ff50829e3c34bd8a9e0,44a40f1477f621db268c28b8cac4778d,74,True,0.08099563310815183,OK
D8,primary,0,383,20260906080000383,bootstrap_seed_v1,81857728b78095013779b4d61403f621,566424686bf37b4cb9080d8ccfd80247,b6a1dcdba3523a3281ec5ed53ebc6dc1,c22027c415403c3a822c7ebe4547116f,99,True,0.0681969973499787,OK
D8,primary,0,384,20260906080000384,bootstrap_seed_v1,81857728b78095013779b4d61403f621,566424686bf37b4cb9080d8ccfd80247,13d71bce4c871360a194d25625041572,14ff4748b172fb61e07ca6927a442b2c,148,True,0.03248269104183954,OK
D8,primary,0,385,20260906080000385,bootstrap_seed_v1,81857728b78095013779b4d61403f621,566424686bf37b4cb9080d8ccfd80247,4d7905679954ec3604e0650e93cc99b7,4027479823e2e2a9947994f107c61fb0,182,True,0.03650299204500129,OK
D8,primary,0,386,20260906080000386,bootstrap_seed_v1,81857728b78095013779b4d61403f621,566424686bf37b4cb9080d8ccfd80247,6b32d55df3978d9c30af99f7cd28f8e5,15e7cf20d02c3b3d432222627f4b2835,155,True,0.05982078051282247,OK
D8,primary,0,387,20260906080000387,bootstrap_seed_v1,81857728b78095013779b4d61403f621,566424686bf37b4cb9080d8ccfd80247,026f18d830ac1b95ff318911046489b0,631d8ee78cf62779fb23e5480a1b6011,97,True,0.05848747734204429,OK
D8,primary,0,388,20260906080000388,bootstrap_seed_v1,81857728b78095013779b4d61403f621,566424686bf37b4cb9080d8ccfd80247,6d8e184626c59cea3938fcf01a501548,85b4c0cddbd006e9a4d90f0ff2e4b9ed,195,True,0.055263613253663066,OK
D8,primary,0,389,20260906080000389,bootstrap_seed_v1,81857728b78095013779b4d61403f621,566424686bf37b4cb9080d8ccfd80247,587d2c86d7ce1b3919d8bcac4f161b07,35d921a92bc7d8f2527210f83039c20b,145,True,0.05812642143378505,OK
D8,primary,0,390,20260906080000390,bootstrap_seed_v1,81857728b78095013779b4d61403f621,566424686bf37b4cb9080d8ccfd80247,9071a2ae12eb14ae404601fc8d1b767e,c3277c60f49d8991f68c309bfb87b85a,174,True,0.05207905382005512,OK
D8,primary,0,391,20260906080000391,bootstrap_seed_v1,81857728b78095013779b4d61403f621,566424686bf37b4cb9080d8ccfd80247,74bb2b59990c66b53eefd1d4aefa0a00,fb3062f32cef72f713a67b8bbea37d4b,129,True,0.06329078926774637,OK
D8,primary,0,392,20260906080000392,bootstrap_seed_v1,81857728b78095013779b4d61403f621,566424686bf37b4cb9080d8ccfd80247,c694c7b72a5cb9e013a8bd27919f2298,817fdf7245a4952b9f6e37f6ced9ee16,156,True,0.04317139485492216,OK
D8,primary,0,393,20260906080000393,bootstrap_seed_v1,81857728b78095013779b4d61403f621,566424686bf37b4cb9080d8ccfd80247,658671a357fee9862a4254bced1b9943,69f8effc098ab7c5d19d88d806f76a66,126,True,0.05253030851318696,OK
D8,primary,0,394,20260906080000394,bootstrap_seed_v1,81857728b78095013779b4d61403f621,566424686bf37b4cb9080d8ccfd80247,76478637df2562b7e66319e0103d1f00,b8ee157afab161a74091c953df5760b1,104,True,0.08312445449026695,OK
D8,primary,0,395,20260906080000395,bootstrap_seed_v1,81857728b78095013779b4d61403f621,566424686bf37b4cb9080d8ccfd80247,c6de671a4a43b423cbd82267fdc77569,faa687ab3b45930e340c11ed5b0327a6,65,True,0.06710154720146433,OK
D8,primary,0,396,20260906080000396,bootstrap_seed_v1,81857728b78095013779b4d61403f621,566424686bf37b4cb9080d8ccfd80247,56332af02578df5978ae0b026f9dbf74,7e63b0fa348954ac7bb20ed2e82ba9df,128,True,0.053795282246511755,OK
D8,primary,0,397,20260906080000397,bootstrap_seed_v1,81857728b78095013779b4d61403f621,566424686bf37b4cb9080d8ccfd80247,074db1f717e83dd285ec686c096c556a,45c1f13b09a7051556e8acd3f5f1cde1,99,True,0.060005343600257166,OK
D8,primary,0,398,20260906080000398,bootstrap_seed_v1,81857728b78095013779b4d61403f621,566424686bf37b4cb9080d8ccfd80247,1157172fc5af7d5ba00d984c8ecc8b54,422dd9be0856b53f24b8bb135a711bee,192,True,0.05905681443041985,OK
D8,primary,0,399,20260906080000399,bootstrap_seed_v1,81857728b78095013779b4d61403f621,566424686bf37b4cb9080d8ccfd80247,49805b28c8ce3cedbf6a074c63dab2b8,27b0e50a177ff84e52d2c8c28ace1d6e,203,True,0.051850270651443375,OK
D8,primary,0,400,20260906080000400,bootstrap_seed_v1,81857728b78095013779b4d61403f621,566424686bf37b4cb9080d8ccfd80247,5909adec2f2382fdbf21c4d477247116,ea3467b95a87b29765ec3e391b9ca35f,127,True,0.05489508725336678,OK
D8,primary,0,401,20260906080000401,bootstrap_seed_v1,81857728b78095013779b4d61403f621,566424686bf37b4cb9080d8ccfd80247,01879d82f5f075825159e990c04e015c,bd877b1224f994ce185bc448ea103207,231,True,0.039752239560217006,OK
D8,primary,0,402,20260906080000402,bootstrap_seed_v1,81857728b78095013779b4d61403f621,566424686bf37b4cb9080d8ccfd80247,e6d1668e9a978b9d49a44f82d3afba11,7c246b773f41f283a81f1eca3e1a0e41,92,True,0.04087573411091866,OK
D8,primary,0,403,20260906080000403,bootstrap_seed_v1,81857728b78095013779b4d61403f621,566424686bf37b4cb9080d8ccfd80247,ec3d5a020ff54b5ff1097087e598d26e,204dfd9b4ac546800a638c55f6457d57,226,True,0.03971791328514729,OK
D8,primary,0,404,20260906080000404,bootstrap_seed_v1,81857728b78095013779b4d61403f621,566424686bf37b4cb9080d8ccfd80247,b5e67e107538f178de1bc5109cfdb307,3677bbe96ffc7e273c0a134a46b3ddb8,115,True,0.04772777537890685,OK
D8,primary,0,405,20260906080000405,bootstrap_seed_v1,81857728b78095013779b4d61403f621,566424686bf37b4cb9080d8ccfd80247,5193a7d6b1546c2bb7c9a9325fc3a6a2,3418e9f2065b42454772cd7ded0b691a,129,True,0.04149431941768991,OK
D8,primary,0,406,20260906080000406,bootstrap_seed_v1,81857728b78095013779b4d61403f621,566424686bf37b4cb9080d8ccfd80247,16fd40d18c5ca4dbb7511edd786b2f2f,893c653e2dc6901b36d327f5116edcf0,113,True,0.05588993531270425,OK
D8,primary,0,407,20260906080000407,bootstrap_seed_v1,81857728b78095013779b4d61403f621,566424686bf37b4cb9080d8ccfd80247,3ac9afa3a24227701864d3450fb25163,729b4bb574fc13f13651266b22936a14,139,True,0.06366579529463035,OK
D8,primary,0,408,20260906080000408,bootstrap_seed_v1,81857728b78095013779b4d61403f621,566424686bf37b4cb9080d8ccfd80247,b274bcf38e11d0c135455c85f612f0e3,283e0dbf003376f9e431325faff8447a,108,True,0.07180239238398717,OK
D8,primary,0,409,20260906080000409,bootstrap_seed_v1,81857728b78095013779b4d61403f621,566424686bf37b4cb9080d8ccfd80247,014d876cf3ade2c4982643e6735f65b5,978761043f335de93ae5fb32bd22a43c,202,True,0.04151827493237928,OK
D8,primary,0,410,20260906080000410,bootstrap_seed_v1,81857728b78095013779b4d61403f621,566424686bf37b4cb9080d8ccfd80247,cbe129ad7c1e64a2fc1f5e65bf5a124b,21b7e8978f546a02cdfab53d198c81ee,184,True,0.05285070528911073,OK
D8,primary,0,411,20260906080000411,bootstrap_seed_v1,81857728b78095013779b4d61403f621,566424686bf37b4cb9080d8ccfd80247,7901f663ad1ab1680624228973802260,8a07c222c56c7aa94d91133d746c6df6,83,True,0.0698096131367365,OK
D8,primary,0,412,20260906080000412,bootstrap_seed_v1,81857728b78095013779b4d61403f621,566424686bf37b4cb9080d8ccfd80247,e6f2c6dfb51da6b851a36a6cdf7680b2,cb3496be51b1a7743aa6783480d02a56,157,True,0.05297766939137266,OK
D8,primary,0,413,20260906080000413,bootstrap_seed_v1,81857728b78095013779b4d61403f621,566424686bf37b4cb9080d8ccfd80247,3dcab4c48d1d59cc7b9d5c901e56c719,55ed61cdc9ed9243df1d24f6a7aa21c8,145,True,0.03409000527472944,OK
D8,primary,0,414,20260906080000414,bootstrap_seed_v1,81857728b78095013779b4d61403f621,566424686bf37b4cb9080d8ccfd80247,bcc96bd62f0ce2f90e5dd4195e788efd,4dd4907fa568cba65e404208e8054e4c,159,True,0.057186895440295676,OK
D8,primary,0,415,20260906080000415,bootstrap_seed_v1,81857728b78095013779b4d61403f621,566424686bf37b4cb9080d8ccfd80247,4de1759b201f045abf71c7752b80738c,611ad81395e70a1f2061dbce4af1cd5c,109,True,0.0511431040583582,OK
D8,primary,0,416,20260906080000416,bootstrap_seed_v1,81857728b78095013779b4d61403f621,566424686bf37b4cb9080d8ccfd80247,0a3e56cb6ded706282ed4b92879b3d6b,39654fe2cd8c5d1f844881c26e8009e2,100,True,0.056912028814469495,OK
D8,primary,0,417,20260906080000417,bootstrap_seed_v1,81857728b78095013779b4d61403f621,566424686bf37b4cb9080d8ccfd80247,e23dacbeb5d47fb22474d5313b687200,d86e3a8a8a989811c2ac7eed877cd05e,117,True,0.08253608780884467,OK
D8,primary,0,418,20260906080000418,bootstrap_seed_v1,81857728b78095013779b4d61403f621,566424686bf37b4cb9080d8ccfd80247,13fb08db7eb47de4dd0b6c2c6a2c3726,72fc3230816f528c1663c69b41d15826,207,True,0.028673454502197937,OK
D8,primary,0,419,20260906080000419,bootstrap_seed_v1,81857728b78095013779b4d61403f621,566424686bf37b4cb9080d8ccfd80247,0a10d0174dc213b89727656e84d06cac,641403ab6c2a39f7393e8b176d38e5d2,204,True,0.05864786838012537,OK
D8,primary,0,420,20260906080000420,bootstrap_seed_v1,81857728b78095013779b4d61403f621,566424686bf37b4cb9080d8ccfd80247,0a3b170bf2ba08f1b62bda5f62314153,355146a9e061404ad997094e468058c7,142,True,0.0704030415333946,OK
D8,primary,0,421,20260906080000421,bootstrap_seed_v1,81857728b78095013779b4d61403f621,566424686bf37b4cb9080d8ccfd80247,30e3818f6577de05c0cc78d490f9d4b3,2df3b92ff03ccfc1769937ce748005bd,141,True,0.06788220805182016,OK
D8,primary,0,422,20260906080000422,bootstrap_seed_v1,81857728b78095013779b4d61403f621,566424686bf37b4cb9080d8ccfd80247,8d09e70b185c805bb0cd4128789e5c72,6fc9016d3b54129dea7effd70f947b08,244,True,0.03828504749440806,OK
D8,primary,0,423,20260906080000423,bootstrap_seed_v1,81857728b78095013779b4d61403f621,566424686bf37b4cb9080d8ccfd80247,a738e76b05fa8c8649b78eb5ff5795f7,9d9624964e05e829229146776151e3c2,139,True,0.047642362066890986,OK
D8,primary,0,424,20260906080000424,bootstrap_seed_v1,81857728b78095013779b4d61403f621,566424686bf37b4cb9080d8ccfd80247,7ff89be9d967118792cf2f3b0b598a0b,b6b360e16a40b4ccb0881c7e96e27866,118,True,0.0555206431135884,OK
D8,primary,0,425,20260906080000425,bootstrap_seed_v1,81857728b78095013779b4d61403f621,566424686bf37b4cb9080d8ccfd80247,28c55750128b59dd435e8273bd95a216,0b1506328c462320fd6b903017c1ad51,87,True,0.0559139756398872,OK
D8,primary,0,426,20260906080000426,bootstrap_seed_v1,81857728b78095013779b4d61403f621,566424686bf37b4cb9080d8ccfd80247,b798329092c079e7a32efd4ff6a0021c,c2825cb31c4a7254534e9557ace8ffd0,114,True,0.05550184633643296,OK
D8,primary,0,427,20260906080000427,bootstrap_seed_v1,81857728b78095013779b4d61403f621,566424686bf37b4cb9080d8ccfd80247,810c525c65455ee92b1df137080e96dc,539c058a2062129cd03f295885718623,148,True,0.036712218965591015,OK
D8,primary,0,428,20260906080000428,bootstrap_seed_v1,81857728b78095013779b4d61403f621,566424686bf37b4cb9080d8ccfd80247,d99039d4ac0b201e15474362e357af94,5e9f6ecfef7f0b73f8992c5991a313bb,113,True,0.04255066644728944,OK
D8,primary,0,429,20260906080000429,bootstrap_seed_v1,81857728b78095013779b4d61403f621,566424686bf37b4cb9080d8ccfd80247,db30f83f851aa340fa935ef73e28c366,6ce7541392bc03bdb82ba53510be8c73,153,True,0.04754269864373728,OK
D8,primary,0,430,20260906080000430,bootstrap_seed_v1,81857728b78095013779b4d61403f621,566424686bf37b4cb9080d8ccfd80247,b33e1728688597390d109c8ad42b5fe5,5f66aca33dd628e3e87855922648921d,176,True,0.050026672524253635,OK
D8,primary,0,431,20260906080000431,bootstrap_seed_v1,81857728b78095013779b4d61403f621,566424686bf37b4cb9080d8ccfd80247,a9070d9adb2765c87569284ebc2fd6fb,952a5ca40e81c9759179407115b269c6,166,True,0.05845523022065616,OK
D8,primary,0,432,20260906080000432,bootstrap_seed_v1,81857728b78095013779b4d61403f621,566424686bf37b4cb9080d8ccfd80247,f10f4f7ea79faa0fadfe5fea4f2a509c,32dd8dd790b805044ff8e518716b4817,151,True,0.03916984523707667,OK
D8,primary,0,433,20260906080000433,bootstrap_seed_v1,81857728b78095013779b4d61403f621,566424686bf37b4cb9080d8ccfd80247,3ee6f3130b41c325bc83f80d515fbbc2,2f6e57acc43d88de56b714bbee4def33,190,True,0.04353859263680243,OK
D8,primary,0,434,20260906080000434,bootstrap_seed_v1,81857728b78095013779b4d61403f621,566424686bf37b4cb9080d8ccfd80247,33ddbb85ee32acc5972213abcd783caa,20e5ceb70f45dcf2f56f072a45155807,103,True,0.06144516638294739,OK
D8,primary,0,435,20260906080000435,bootstrap_seed_v1,81857728b78095013779b4d61403f621,566424686bf37b4cb9080d8ccfd80247,ee0e6be35b60a0182e15afd33f3b6708,cfe23d2a547566ef9a0cffa3fd1e96ea,248,True,0.041722020447752306,OK
D8,primary,0,436,20260906080000436,bootstrap_seed_v1,81857728b78095013779b4d61403f621,566424686bf37b4cb9080d8ccfd80247,4d20987f8a059daeb0777abf4d3f9c42,02520bdb8717f00357d2b42eb89c6714,98,True,0.06591636961119976,OK
D8,primary,0,437,20260906080000437,bootstrap_seed_v1,81857728b78095013779b4d61403f621,566424686bf37b4cb9080d8ccfd80247,798c29553e57d12461f212b4bf3c7064,b9f2b9e9786c78191bc1bfa78e96c68f,114,True,0.04861851090614522,OK
D8,primary,0,438,20260906080000438,bootstrap_seed_v1,81857728b78095013779b4d61403f621,566424686bf37b4cb9080d8ccfd80247,e9e5570014b93e47f387ff83dcd3de80,ae3005601dd5c2ccdedc67dc7d6c63e0,136,True,0.03436804787420536,OK
D8,primary,0,439,20260906080000439,bootstrap_seed_v1,81857728b78095013779b4d61403f621,566424686bf37b4cb9080d8ccfd80247,bb9f8944a398df6cc71159f6a76ca5e4,c3e40d303e03eac073836cabff7d8da6,141,True,0.03686262182029776,OK
D8,primary,0,440,20260906080000440,bootstrap_seed_v1,81857728b78095013779b4d61403f621,566424686bf37b4cb9080d8ccfd80247,2ca2f3272caf332c644dde42ffed3228,25d55be30ababc5477e7daf9020b3392,60,True,0.10041981423745294,OK
D8,primary,0,441,20260906080000441,bootstrap_seed_v1,81857728b78095013779b4d61403f621,566424686bf37b4cb9080d8ccfd80247,8e25c102a66a8166ae7f06da8fcfc230,73ec98d9a7a86758e6699478ff37b9c2,146,True,0.06775673815082506,OK
D8,primary,0,442,20260906080000442,bootstrap_seed_v1,81857728b78095013779b4d61403f621,566424686bf37b4cb9080d8ccfd80247,9a7dfb1d591d3f4422a723cb59b4a979,4a678c054032900af303edabcdb04411,177,True,0.02778601185942342,OK
D8,primary,0,443,20260906080000443,bootstrap_seed_v1,81857728b78095013779b4d61403f621,566424686bf37b4cb9080d8ccfd80247,0b79cafbac0125230da042f82839e094,0ab4f61362b6952830fd0a9526ca40f0,171,True,0.06856684699990695,OK
D8,primary,0,444,20260906080000444,bootstrap_seed_v1,81857728b78095013779b4d61403f621,566424686bf37b4cb9080d8ccfd80247,607e4cadefeef9c20a1903499a2c4c6a,1f69e6c2ddf729695ce8a1303b0a23e7,103,True,0.05990339534685535,OK
D8,primary,0,445,20260906080000445,bootstrap_seed_v1,81857728b78095013779b4d61403f621,566424686bf37b4cb9080d8ccfd80247,0758a0ddb6df51bdd0d8b92f39c48b17,3fcf2a69eeb0306108cf77ce709b86ce,115,True,0.06868690944803524,OK
D8,primary,0,446,20260906080000446,bootstrap_seed_v1,81857728b78095013779b4d61403f621,566424686bf37b4cb9080d8ccfd80247,8bd865f50d60f68a5c967e8b1cd46f35,f519f9729e13257582fba0b07268ee2f,239,True,0.04934228833380061,OK
D8,primary,0,447,20260906080000447,bootstrap_seed_v1,81857728b78095013779b4d61403f621,566424686bf37b4cb9080d8ccfd80247,4f8153dfe7a2d9c0063554982f5fe8c2,a3ea7cac46164f20ecbcb7e66f23a407,148,True,0.04120182352093299,OK
D8,primary,0,448,20260906080000448,bootstrap_seed_v1,81857728b78095013779b4d61403f621,566424686bf37b4cb9080d8ccfd80247,f2ac3834b65dba7bdb4dad90095cb3f7,aab827d6c19e2baeb0da45411a87ef0d,112,True,0.07023155379064173,OK
D8,primary,0,449,20260906080000449,bootstrap_seed_v1,81857728b78095013779b4d61403f621,566424686bf37b4cb9080d8ccfd80247,dc514dccbf21ddb77e2d78f807dfea1b,0c3ede2bbfc5891a21a12ebe067e416f,189,True,0.049150304784304155,OK
D8,primary,0,450,20260906080000450,bootstrap_seed_v1,81857728b78095013779b4d61403f621,566424686bf37b4cb9080d8ccfd80247,a87575bf9b163ba1cb1dff412bfe3ac1,d547e3f6fc6b3339a5f0efef181c5de0,120,True,0.033488797999628006,OK
D8,primary,0,451,20260906080000451,bootstrap_seed_v1,81857728b78095013779b4d61403f621,566424686bf37b4cb9080d8ccfd80247,44dee2425b93378b8a066a064f3f985b,cda71365f39bba35339c1e8873952451,146,True,0.04520704005614817,OK
D8,primary,0,452,20260906080000452,bootstrap_seed_v1,81857728b78095013779b4d61403f621,566424686bf37b4cb9080d8ccfd80247,4d522b13df8f47e8a587317d959545ec,a71b30c510da3ef07cc01e4a0a2dca08,122,True,0.08848854250045954,OK
D8,primary,0,453,20260906080000453,bootstrap_seed_v1,81857728b78095013779b4d61403f621,566424686bf37b4cb9080d8ccfd80247,a506e1e59eae3134663eaa2fc3472c91,3b13ec4e85ef4d8c8a778d1b5638010d,94,True,0.07179586102493091,OK
D8,primary,0,454,20260906080000454,bootstrap_seed_v1,81857728b78095013779b4d61403f621,566424686bf37b4cb9080d8ccfd80247,3aea96a88407b3f917712e5d392ef437,2559285b76e79f45ec529893d7822f9d,144,True,0.04235923493089139,OK
D8,primary,0,455,20260906080000455,bootstrap_seed_v1,81857728b78095013779b4d61403f621,566424686bf37b4cb9080d8ccfd80247,7f419a6fd994be51a42511b34acfde58,824019e0de19beb9d5d2bbf7a540b4e4,195,True,0.03284098921126721,OK
D8,primary,0,456,20260906080000456,bootstrap_seed_v1,81857728b78095013779b4d61403f621,566424686bf37b4cb9080d8ccfd80247,4beeba55f324ad46306150079ea432d7,9f8637cca1dba63b0ef5fc5c1536974f,92,True,0.07243167266270056,OK
D8,primary,0,457,20260906080000457,bootstrap_seed_v1,81857728b78095013779b4d61403f621,566424686bf37b4cb9080d8ccfd80247,c1535c3f87344d83d85d23c694b2838f,411990a3aafe906994afd44603ce077e,228,True,0.03235673052108712,OK
D8,primary,0,458,20260906080000458,bootstrap_seed_v1,81857728b78095013779b4d61403f621,566424686bf37b4cb9080d8ccfd80247,a71b9b715a5ab6a07c2607052c6705b6,234d5216d7f743785655fa981992181d,155,True,0.04596429767426102,OK
D8,primary,0,459,20260906080000459,bootstrap_seed_v1,81857728b78095013779b4d61403f621,566424686bf37b4cb9080d8ccfd80247,a55208f3e2317adefbd9f5d43fd0c1d0,547482f162350ead0d2f0b6dc4dffb0a,62,True,0.06979227620414863,OK
D8,primary,0,460,20260906080000460,bootstrap_seed_v1,81857728b78095013779b4d61403f621,566424686bf37b4cb9080d8ccfd80247,b5910b1fc8f0ef2e85c7c44cc2f869c2,fd71fd6032fdeca0da6e56036ee24dcb,167,True,0.033785446975948874,OK
D8,primary,0,461,20260906080000461,bootstrap_seed_v1,81857728b78095013779b4d61403f621,566424686bf37b4cb9080d8ccfd80247,de159847bc35baebb623791306fa2779,9e7f0b79f40fd717be03756fc2716802,135,True,0.061336378068881425,OK
D8,primary,0,462,20260906080000462,bootstrap_seed_v1,81857728b78095013779b4d61403f621,566424686bf37b4cb9080d8ccfd80247,7f3dec82268f7544f8b4b02193b66475,f14cf62b8aa6721f6bc01257d29e2fbe,126,True,0.05014587438523338,OK
D8,primary,0,463,20260906080000463,bootstrap_seed_v1,81857728b78095013779b4d61403f621,566424686bf37b4cb9080d8ccfd80247,5df064bdf309be7dc76429eff4b34e0c,b591c3b24463023709b115ad43bbe5e5,137,True,0.04683569661764431,OK
D8,primary,0,464,20260906080000464,bootstrap_seed_v1,81857728b78095013779b4d61403f621,566424686bf37b4cb9080d8ccfd80247,20bf32ac620852d053e46b1cef3bf53f,7005c220821481240ed4a36dae3497a7,139,True,0.05181041906784478,OK
D8,primary,0,465,20260906080000465,bootstrap_seed_v1,81857728b78095013779b4d61403f621,566424686bf37b4cb9080d8ccfd80247,dca40546dd7a062a785efe837c63652b,0bae8f3dd2a9415b71ec79a697aaad8b,211,True,0.04325906507795943,OK
D8,primary,0,466,20260906080000466,bootstrap_seed_v1,81857728b78095013779b4d61403f621,566424686bf37b4cb9080d8ccfd80247,af18e093bb9df3569c4974af56200ff1,3d4bb7374391787fecc595f6dea2206f,140,True,0.05053717918041084,OK
D8,primary,0,467,20260906080000467,bootstrap_seed_v1,81857728b78095013779b4d61403f621,566424686bf37b4cb9080d8ccfd80247,a44d448743ec9cd48fab6d1ac7c837cd,0c5f8966947053ae039e6a7f82410326,101,True,0.05027301803931861,OK
D8,primary,0,468,20260906080000468,bootstrap_seed_v1,81857728b78095013779b4d61403f621,566424686bf37b4cb9080d8ccfd80247,b5a2f2f54ae6eb90c11b53135f50d267,2309fa22a3ad61224fc0758ba600b9c2,103,True,0.04570412131655255,OK
D8,primary,0,469,20260906080000469,bootstrap_seed_v1,81857728b78095013779b4d61403f621,566424686bf37b4cb9080d8ccfd80247,979e967b47aec57a2f2b7dbeb7e48178,fa95b4c64b6afcc1d25ac24c70c12938,121,True,0.054145608580615456,OK
D8,primary,0,470,20260906080000470,bootstrap_seed_v1,81857728b78095013779b4d61403f621,566424686bf37b4cb9080d8ccfd80247,3b9b187c70be1c842b3143d388197162,da2c85a6022c043af5cc44e884828cc1,229,True,0.04317320398984539,OK
D8,primary,0,471,20260906080000471,bootstrap_seed_v1,81857728b78095013779b4d61403f621,566424686bf37b4cb9080d8ccfd80247,b14f419b223e3d3c748b3fbe29e5e532,7b461a9a362ab574b4aa90f3514d7277,156,True,0.0439845551968715,OK
D8,primary,0,472,20260906080000472,bootstrap_seed_v1,81857728b78095013779b4d61403f621,566424686bf37b4cb9080d8ccfd80247,4320c0e40663b425a9a2742592a7d66b,e5c454ee6fbf01574652dc761ccce281,221,True,0.04356233329802328,OK
D8,primary,0,473,20260906080000473,bootstrap_seed_v1,81857728b78095013779b4d61403f621,566424686bf37b4cb9080d8ccfd80247,5e5b909be372d22f289674b4bfcaccdd,5371f080c660fe46d02f2d1842ad53c7,123,True,0.056385593725625904,OK
D8,primary,0,474,20260906080000474,bootstrap_seed_v1,81857728b78095013779b4d61403f621,566424686bf37b4cb9080d8ccfd80247,71f5eaa4d050db7779ef985c22018bd4,225bdc1282c9e6b6dceabf5efc8b2cf0,184,True,0.05177351810536179,OK
D8,primary,0,475,20260906080000475,bootstrap_seed_v1,81857728b78095013779b4d61403f621,566424686bf37b4cb9080d8ccfd80247,047edcde296b010e7516326bb8d4c8c9,f61d503d0861b583e2a7c3f160c05e22,123,True,0.07006071690102184,OK
D8,primary,0,476,20260906080000476,bootstrap_seed_v1,81857728b78095013779b4d61403f621,566424686bf37b4cb9080d8ccfd80247,bb034f6eddcdbf2ee660973a34c7e700,839db2562dcd7d2ab2fa94d84a659c40,154,True,0.04259118601291012,OK
D8,primary,0,477,20260906080000477,bootstrap_seed_v1,81857728b78095013779b4d61403f621,566424686bf37b4cb9080d8ccfd80247,5c4f9c3c9c67c4894e9c440a7ae2bac6,a7a7546ac1786207965700c89792d751,129,True,0.052065034629701135,OK
D8,primary,0,478,20260906080000478,bootstrap_seed_v1,81857728b78095013779b4d61403f621,566424686bf37b4cb9080d8ccfd80247,1cda8582cb5b308a94925f66532e7b49,71ec449a4a030c618594f7e3cee52a5b,211,True,0.04389954450304423,OK
D8,primary,0,479,20260906080000479,bootstrap_seed_v1,81857728b78095013779b4d61403f621,566424686bf37b4cb9080d8ccfd80247,e682c2bf09ad9b6a0b6ae30fa1a9dce6,843936ddba6f887cc1ba8b422b5dad75,150,True,0.04895037448117312,OK
D8,primary,0,480,20260906080000480,bootstrap_seed_v1,81857728b78095013779b4d61403f621,566424686bf37b4cb9080d8ccfd80247,1f5818c0225fd321f7541e5f0a6f235f,45264b56c18b67b4ba88d9ce787e158c,248,True,0.04106190784105715,OK
D8,primary,0,481,20260906080000481,bootstrap_seed_v1,81857728b78095013779b4d61403f621,566424686bf37b4cb9080d8ccfd80247,2640f69d3759405c0665fe84d848d180,49b4d7666f96924ec5a7e16b537d369e,195,True,0.04925138977822885,OK
D8,primary,0,482,20260906080000482,bootstrap_seed_v1,81857728b78095013779b4d61403f621,566424686bf37b4cb9080d8ccfd80247,316ff288aca4f69eeff5777df17b98b4,359ee74fa4651391aecdfcb5aa0bb6ac,174,True,0.04325824996047656,OK
D8,primary,0,483,20260906080000483,bootstrap_seed_v1,81857728b78095013779b4d61403f621,566424686bf37b4cb9080d8ccfd80247,1e92982dfd3ff409b168115bd3e4ec7b,4537b6e9d0b71ffeacde2337d305132e,217,True,0.03946000693055407,OK
D8,primary,0,484,20260906080000484,bootstrap_seed_v1,81857728b78095013779b4d61403f621,566424686bf37b4cb9080d8ccfd80247,1a7f891ef04883620e23aec642852616,9b0f9d466591bac65f18f5940657e7c7,98,True,0.06376201596680864,OK
D8,primary,0,485,20260906080000485,bootstrap_seed_v1,81857728b78095013779b4d61403f621,566424686bf37b4cb9080d8ccfd80247,de4c0531f64a07613f56070db53a38da,e67a800fe8c0b56531a3efcb0811c339,241,True,0.029146857691895067,OK
D8,primary,0,486,20260906080000486,bootstrap_seed_v1,81857728b78095013779b4d61403f621,566424686bf37b4cb9080d8ccfd80247,db594db8b90e18f0269ead57417cce2e,a9e40dd94b53bbb5d7250aa045f21130,123,True,0.04729300986688223,OK
D8,primary,0,487,20260906080000487,bootstrap_seed_v1,81857728b78095013779b4d61403f621,566424686bf37b4cb9080d8ccfd80247,f5f269c3594b0cf067f1f74617a75fe6,6422b8d1af9ae696c822bc3f3e65fc9b,129,True,0.0604894642766752,OK
D8,primary,0,488,20260906080000488,bootstrap_seed_v1,81857728b78095013779b4d61403f621,566424686bf37b4cb9080d8ccfd80247,fabcb6b90cf0eb88d62c6df714290c40,fbd82316b3c680b97e2379cce3a7fbea,101,True,0.0898374329963535,OK
D8,primary,0,489,20260906080000489,bootstrap_seed_v1,81857728b78095013779b4d61403f621,566424686bf37b4cb9080d8ccfd80247,6af754f1e62eb8294d861e7e3216c586,b7704fbae7492ffb4c0ab3fd73a688e1,144,True,0.039354587436971594,OK
D8,primary,0,490,20260906080000490,bootstrap_seed_v1,81857728b78095013779b4d61403f621,566424686bf37b4cb9080d8ccfd80247,f6407cdc00f6513f529e7027dfa2e65f,b8817d9053fc85176ce49f32f3ef3021,106,True,0.0635566733869729,OK
D8,primary,0,491,20260906080000491,bootstrap_seed_v1,81857728b78095013779b4d61403f621,566424686bf37b4cb9080d8ccfd80247,02107873377a059df9de685e1c20f231,d02ea0593404483bdf7a3ada29a53c80,156,True,0.045786466257826564,OK
D8,primary,0,492,20260906080000492,bootstrap_seed_v1,81857728b78095013779b4d61403f621,566424686bf37b4cb9080d8ccfd80247,13f70b2a4399663672ad43677ed42b2b,92fa19c25cc90fc483740fb3d8eab487,124,True,0.05712459360017125,OK
D8,primary,0,493,20260906080000493,bootstrap_seed_v1,81857728b78095013779b4d61403f621,566424686bf37b4cb9080d8ccfd80247,c03effb836103db000c3b22f35cf071a,8fc357b546a2105fcce1ae550b47cc09,101,True,0.05521999944132294,OK
D8,primary,0,494,20260906080000494,bootstrap_seed_v1,81857728b78095013779b4d61403f621,566424686bf37b4cb9080d8ccfd80247,1148484fce9721005d0967edb99b51e4,be7808be0d966b07ec011319ea4ab467,131,True,0.054188645242193134,OK
D8,primary,0,495,20260906080000495,bootstrap_seed_v1,81857728b78095013779b4d61403f621,566424686bf37b4cb9080d8ccfd80247,4f88412d8b1b48f0fda532295a1ad319,a1eefd85efe0c34c402367fa5e31350d,126,True,0.04598504261870484,OK
D8,primary,0,496,20260906080000496,bootstrap_seed_v1,81857728b78095013779b4d61403f621,566424686bf37b4cb9080d8ccfd80247,152a9b5b53b110ef4f69b7120bf934c2,53b59c71b85a9fd56e0d3a6e174a2f49,131,True,0.046187625157324996,OK
D8,primary,0,497,20260906080000497,bootstrap_seed_v1,81857728b78095013779b4d61403f621,566424686bf37b4cb9080d8ccfd80247,e06cd9d9dff61dc653076cd390923807,db1078870c4edf2b204ce26160ead888,150,True,0.04947368436675004,OK
D8,primary,0,498,20260906080000498,bootstrap_seed_v1,81857728b78095013779b4d61403f621,566424686bf37b4cb9080d8ccfd80247,a66ddf3fe9860bd567503a4514e3f442,8d55b5ff4658698ff59b89c5f944f430,183,True,0.06896301931592763,OK
D9,correct_cd_modulated,0,0,20260906090001000,bootstrap_seed_v1,81857728b78095013779b4d61403f621,d104c1d83b03f23f78fb739081c20d2d,28c43ca7f04fcbcd56b1795aaab277e8,bfcaeb313fc1a32de45723d6ef71dfc9,72,True,0.0728788328713133,OK
D9,correct_cd_modulated,0,1,20260906090001001,bootstrap_seed_v1,81857728b78095013779b4d61403f621,d104c1d83b03f23f78fb739081c20d2d,14290f4ed99d8dbae2d1c68e52cf3153,0e792458939b76d802ece09dc65d0c3d,76,True,0.0823893769170918,OK
D9,correct_cd_modulated,0,2,20260906090001002,bootstrap_seed_v1,81857728b78095013779b4d61403f621,d104c1d83b03f23f78fb739081c20d2d,9dec8422e0694edd7cefad6477bb65ed,4978f99a4d30ebdbe6185902307c6c1b,54,True,0.09122974680399021,OK
D9,correct_cd_modulated,0,3,20260906090001003,bootstrap_seed_v1,81857728b78095013779b4d61403f621,d104c1d83b03f23f78fb739081c20d2d,a5876eb0b115f08b7445fcb2ed9f62de,a1150c3d60a73a9f3a5c9130d096f5a5,84,True,0.06897485489031274,OK
D9,correct_cd_modulated,0,4,20260906090001004,bootstrap_seed_v1,81857728b78095013779b4d61403f621,d104c1d83b03f23f78fb739081c20d2d,ad626a9d50d83c7e0a1a576457acae20,dc876a829fcc0f8ea58db39042ecaa95,47,True,0.1179192959949244,OK
D9,correct_cd_modulated,0,5,20260906090001005,bootstrap_seed_v1,81857728b78095013779b4d61403f621,d104c1d83b03f23f78fb739081c20d2d,5d0f41067c77a181906f4b0d46931aaa,053aa8a28c65304f8b15418c501f34b5,68,True,0.09306461439331637,OK
D9,correct_cd_modulated,0,6,20260906090001006,bootstrap_seed_v1,81857728b78095013779b4d61403f621,d104c1d83b03f23f78fb739081c20d2d,6bea3124d5ad8c566edd9dd032b5c301,0988248a9c1c64ceaa99cb0f85fec905,53,True,0.09482661154934469,OK
D9,correct_cd_modulated,0,7,20260906090001007,bootstrap_seed_v1,81857728b78095013779b4d61403f621,d104c1d83b03f23f78fb739081c20d2d,0eae8246c034b8c2dedaae7a722d40bd,b5cc4b1697d3918d462c22529d427c59,94,True,0.0680846250639726,OK
D9,correct_cd_modulated,0,8,20260906090001008,bootstrap_seed_v1,81857728b78095013779b4d61403f621,d104c1d83b03f23f78fb739081c20d2d,4fc77e2677474adba291233fb4bd0053,4cd33d9a7c01b900a34a45be4d188c1f,65,True,0.05906166106406752,OK
D9,correct_cd_modulated,0,9,20260906090001009,bootstrap_seed_v1,81857728b78095013779b4d61403f621,d104c1d83b03f23f78fb739081c20d2d,1b1167054f6ac81064daff358d20faaa,a951401504e9f4c3ecbaa03a76cbc9cd,97,True,0.0929042891615649,OK
D9,correct_cd_modulated,0,10,20260906090001010,bootstrap_seed_v1,81857728b78095013779b4d61403f621,d104c1d83b03f23f78fb739081c20d2d,2a1eb56361a79a1d6d2cf864f318c6fe,f7c62f188ad4f2b0ff9f070a0c7ab6b1,76,True,0.08084143537926208,OK
D9,correct_cd_modulated,0,11,20260906090001011,bootstrap_seed_v1,81857728b78095013779b4d61403f621,d104c1d83b03f23f78fb739081c20d2d,146d513f8715ab660decd23e6b6eb565,1bb324af21c3589b6f2d2d4f3f127070,99,True,0.034655317841702254,OK
D9,correct_cd_modulated,0,12,20260906090001012,bootstrap_seed_v1,81857728b78095013779b4d61403f621,d104c1d83b03f23f78fb739081c20d2d,b595fcfeb7b5d9a8b1f83ab6ee52309d,7e407c3eee86d09db493f53b13776b76,88,True,0.04777882636504538,OK
D9,correct_cd_modulated,0,13,20260906090001013,bootstrap_seed_v1,81857728b78095013779b4d61403f621,d104c1d83b03f23f78fb739081c20d2d,5c31269873ee1ff635e5bee1268c80d2,f109eb3a35f97a7fd72f932957feb61d,70,True,0.07282077152559913,OK
D9,correct_cd_modulated,0,14,20260906090001014,bootstrap_seed_v1,81857728b78095013779b4d61403f621,d104c1d83b03f23f78fb739081c20d2d,8a8b8c5c75af575cf729649f354ea934,a2b074f396a11dd6a9e843c74f5795e8,68,True,0.1072040699150053,OK
D9,correct_cd_modulated,0,15,20260906090001015,bootstrap_seed_v1,81857728b78095013779b4d61403f621,d104c1d83b03f23f78fb739081c20d2d,729ffbd9f35fa044953c2377ee2ec60b,e4f608d6c59e4a1538faf8d9572578af,101,True,0.08304288228279333,OK
D9,correct_cd_modulated,0,16,20260906090001016,bootstrap_seed_v1,81857728b78095013779b4d61403f621,d104c1d83b03f23f78fb739081c20d2d,3dc2964164d055cdfdf88e04078ca061,a3d891de8626691d7f3884cf3941190f,64,True,0.07452485180534629,OK
D9,correct_cd_modulated,0,17,20260906090001017,bootstrap_seed_v1,81857728b78095013779b4d61403f621,d104c1d83b03f23f78fb739081c20d2d,2574c74f685f4abab7efe5ca2e141e2d,201e9e9a778b75c99ed5e76b3b91aa3a,81,True,0.06963975140039769,OK
D9,correct_cd_modulated,0,18,20260906090001018,bootstrap_seed_v1,81857728b78095013779b4d61403f621,d104c1d83b03f23f78fb739081c20d2d,6d88b27a9ab3822453a1fad4245096b4,ecb1552e643dca82b64c9bd30d434d64,98,True,0.1000264937533592,OK
D9,correct_cd_modulated,0,19,20260906090001019,bootstrap_seed_v1,81857728b78095013779b4d61403f621,d104c1d83b03f23f78fb739081c20d2d,69baa7b918111d9f846aed965e9c8b92,ecdbff19e233c770a3d17121d26640eb,126,True,0.06284063821631142,OK
D9,correct_cd_modulated,0,20,20260906090001020,bootstrap_seed_v1,81857728b78095013779b4d61403f621,d104c1d83b03f23f78fb739081c20d2d,87af907065b2e4b1802a0e067cd3645b,63b9a63f610913e243e2e8b20b17364e,56,True,0.07295424672246553,OK
D9,correct_cd_modulated,0,21,20260906090001021,bootstrap_seed_v1,81857728b78095013779b4d61403f621,d104c1d83b03f23f78fb739081c20d2d,3c1f56e6d139feeea5771e1c02cb0a50,441958504c5b8dab7ef61064c44c42a5,94,True,0.04869411566208015,OK
D9,correct_cd_modulated,0,22,20260906090001022,bootstrap_seed_v1,81857728b78095013779b4d61403f621,d104c1d83b03f23f78fb739081c20d2d,71184fa47c954ce6f8941cf923bbf81f,245a3c156baa980cf59695c7b804132a,107,True,0.09220829752713883,OK
D9,correct_cd_modulated,0,23,20260906090001023,bootstrap_seed_v1,81857728b78095013779b4d61403f621,d104c1d83b03f23f78fb739081c20d2d,761facebbe52f8709aa1ff9bcd774b28,7a82f65542488d38833a6872f1fc962d,78,True,0.0838461932389547,OK
D9,correct_cd_modulated,0,24,20260906090001024,bootstrap_seed_v1,81857728b78095013779b4d61403f621,d104c1d83b03f23f78fb739081c20d2d,fbfa0db1be59f5e82e75ed1993ca1e81,101af3c8f6a74531875fa14bd76108e2,69,True,0.04928672415152158,OK
D9,correct_cd_modulated,0,25,20260906090001025,bootstrap_seed_v1,81857728b78095013779b4d61403f621,d104c1d83b03f23f78fb739081c20d2d,d799842e68afb642583a9e9c87087def,34e7d4b39def0d8b4c0bb113a4f83ce0,83,True,0.0624895320742187,OK
D9,correct_cd_modulated,0,26,20260906090001026,bootstrap_seed_v1,81857728b78095013779b4d61403f621,d104c1d83b03f23f78fb739081c20d2d,4fc39a8294d396b14a7529b20cf48d48,00148bd94efbc611a996c3530ab36dae,70,True,0.06597604518813305,OK
D9,correct_cd_modulated,0,27,20260906090001027,bootstrap_seed_v1,81857728b78095013779b4d61403f621,d104c1d83b03f23f78fb739081c20d2d,6b9ad029fad65a0d9506046b202028a6,2520782ec87884a9815e02e11f090a77,57,True,0.058935219166104336,OK
D9,correct_cd_modulated,0,28,20260906090001028,bootstrap_seed_v1,81857728b78095013779b4d61403f621,d104c1d83b03f23f78fb739081c20d2d,96713a594885747927698fecae512167,1eb7e0d6f48ddaf9f54391e3f94dcb38,72,True,0.0587304220657745,OK
D9,correct_cd_modulated,0,29,20260906090001029,bootstrap_seed_v1,81857728b78095013779b4d61403f621,d104c1d83b03f23f78fb739081c20d2d,155218b2496c4d84bc4c91a856601fba,5eacc9d3bd7283d609f3f96998aebd16,106,True,0.047090979262057076,OK
D9,correct_cd_modulated,0,30,20260906090001030,bootstrap_seed_v1,81857728b78095013779b4d61403f621,d104c1d83b03f23f78fb739081c20d2d,c78cf8f70523fddb115fa07dd90ba04a,01eb3ee14275c72d1f1c6447a37d8f36,44,True,0.07123453658867157,OK
D9,correct_cd_modulated,0,31,20260906090001031,bootstrap_seed_v1,81857728b78095013779b4d61403f621,d104c1d83b03f23f78fb739081c20d2d,7b421ea41575f838b60f168a72c58cdd,b84b95cf03b476daf60e4a80e82a24b7,60,True,0.08956879578021426,OK
D9,correct_cd_modulated,0,32,20260906090001032,bootstrap_seed_v1,81857728b78095013779b4d61403f621,d104c1d83b03f23f78fb739081c20d2d,1bb1d71c301ac4a763d670c4375f576c,8624a67079ae8524cdefbf10f36cf44f,60,True,0.08063427743926277,OK
D9,correct_cd_modulated,0,33,20260906090001033,bootstrap_seed_v1,81857728b78095013779b4d61403f621,d104c1d83b03f23f78fb739081c20d2d,96438b7c8dce8c51a844116ef06c06b7,0cbb1bbae46cee7c3288b07c3933d299,109,True,0.07713735456926013,OK
D9,correct_cd_modulated,0,34,20260906090001034,bootstrap_seed_v1,81857728b78095013779b4d61403f621,d104c1d83b03f23f78fb739081c20d2d,5b27d20cc2cbf62ca3659755aebac9ad,703a0ae1b6e3d9097f9e9800bc8f9263,74,True,0.06834207277029775,OK
D9,correct_cd_modulated,0,35,20260906090001035,bootstrap_seed_v1,81857728b78095013779b4d61403f621,d104c1d83b03f23f78fb739081c20d2d,fe6827da8904191e9f7eb825a64f4443,4e7d236c16031e380fb8b0f9e5a046cd,81,True,0.08857000489051525,OK
D9,correct_cd_modulated,0,36,20260906090001036,bootstrap_seed_v1,81857728b78095013779b4d61403f621,d104c1d83b03f23f78fb739081c20d2d,6651dd882ca8f441c77ddceb2e5ca153,d4552cc574a6fb89f20214923f59ce21,38,True,0.1096881078236075,OK
D9,correct_cd_modulated,0,37,20260906090001037,bootstrap_seed_v1,81857728b78095013779b4d61403f621,d104c1d83b03f23f78fb739081c20d2d,6dbde48eafde62145445601498e9dea1,b57af5b6e2fd1dafa8ce68ecdbee44eb,69,True,0.08512980512223209,OK
D9,correct_cd_modulated,0,38,20260906090001038,bootstrap_seed_v1,81857728b78095013779b4d61403f621,d104c1d83b03f23f78fb739081c20d2d,9091e3d90bcd87395c60e9e9eb9bca27,3af38dbb194558c0b7a14b228804820a,43,True,0.09276399715412653,OK
D9,correct_cd_modulated,0,39,20260906090001039,bootstrap_seed_v1,81857728b78095013779b4d61403f621,d104c1d83b03f23f78fb739081c20d2d,680f1f058c9c7ce819195130f6c8066f,f26fa34afca4129cd0be754997489d2c,79,True,0.08525507610830785,OK
D9,correct_cd_modulated,0,40,20260906090001040,bootstrap_seed_v1,81857728b78095013779b4d61403f621,d104c1d83b03f23f78fb739081c20d2d,39ba0d78b0a043a341be139b95ba9c79,f496e3786d6b1e5ccbe34cb2b67d0958,97,True,0.061359262429688255,OK
D9,correct_cd_modulated,0,41,20260906090001041,bootstrap_seed_v1,81857728b78095013779b4d61403f621,d104c1d83b03f23f78fb739081c20d2d,6c2ffbfcd7379b4f39f12884005b622e,07979fc10c7147334c9b1b0871621919,102,True,0.05028433317800085,OK
D9,correct_cd_modulated,0,42,20260906090001042,bootstrap_seed_v1,81857728b78095013779b4d61403f621,d104c1d83b03f23f78fb739081c20d2d,a59d6bd561cb323cfe6ffda11b84cc37,2478f1049c69447437655ed273de8fb2,35,True,0.10704896996634805,OK
D9,correct_cd_modulated,0,43,20260906090001043,bootstrap_seed_v1,81857728b78095013779b4d61403f621,d104c1d83b03f23f78fb739081c20d2d,9dc9d3c4b8605547fc385d884734a423,73ed5f85a5f337204645ae5e47cfc97b,86,True,0.07264568548382094,OK
D9,correct_cd_modulated,0,44,20260906090001044,bootstrap_seed_v1,81857728b78095013779b4d61403f621,d104c1d83b03f23f78fb739081c20d2d,5f60f35c75605e11bb52d9ae57fa2ec9,52a50e6b4649cd3c87d4a79e8d38d267,92,True,0.05283438020190301,OK
D9,correct_cd_modulated,0,45,20260906090001045,bootstrap_seed_v1,81857728b78095013779b4d61403f621,d104c1d83b03f23f78fb739081c20d2d,cb0a5730037c3671047fc74f804e151a,e071086d8ad0a5fc30dab28b74a464b5,71,True,0.07556752373426745,OK
D9,correct_cd_modulated,0,46,20260906090001046,bootstrap_seed_v1,81857728b78095013779b4d61403f621,d104c1d83b03f23f78fb739081c20d2d,5b857ac825020517e54b15c4bd9183f4,cabd567bac40e7370d018fb42c04d162,84,True,0.05375887021956682,OK
D9,correct_cd_modulated,0,47,20260906090001047,bootstrap_seed_v1,81857728b78095013779b4d61403f621,d104c1d83b03f23f78fb739081c20d2d,c480b434ead1dfdba488cb5f39bad43d,5b72f0dcbe54bdaa92c5c992938c391c,59,True,0.07142932795865545,OK
D9,correct_cd_modulated,0,48,20260906090001048,bootstrap_seed_v1,81857728b78095013779b4d61403f621,d104c1d83b03f23f78fb739081c20d2d,edd73dd49c1f062a028c5d18deca3d6e,e8140c6a2d4794d3db8755ce05ea55a2,80,True,0.07224772393147816,OK
D9,correct_cd_modulated,0,49,20260906090001049,bootstrap_seed_v1,81857728b78095013779b4d61403f621,d104c1d83b03f23f78fb739081c20d2d,3b4eb9c2631cd64ebb9f3ee009427db2,b4d43be309feeff967be951386b8a5bb,49,True,0.10772398853567411,OK
D9,correct_cd_modulated,0,50,20260906090001050,bootstrap_seed_v1,81857728b78095013779b4d61403f621,d104c1d83b03f23f78fb739081c20d2d,bf69a98c9233a4ddfc73f004f33f5dae,a3d5125be588aa2efec60afaad4d497f,42,True,0.11855045850058854,OK
D9,correct_cd_modulated,0,51,20260906090001051,bootstrap_seed_v1,81857728b78095013779b4d61403f621,d104c1d83b03f23f78fb739081c20d2d,90d334e9d6a77d49b1a589f8b50538fb,cbf55f7378d0046f929c2b11031b842e,77,True,0.0648624519525064,OK
D9,correct_cd_modulated,0,52,20260906090001052,bootstrap_seed_v1,81857728b78095013779b4d61403f621,d104c1d83b03f23f78fb739081c20d2d,2abb12e8ed65a83524c4c50cb9f52ec1,f1d88c59763f1be95f491a858275ff3f,34,True,0.0980342627995508,OK
D9,correct_cd_modulated,0,53,20260906090001053,bootstrap_seed_v1,81857728b78095013779b4d61403f621,d104c1d83b03f23f78fb739081c20d2d,69b03d59a10b1b3d100a4c243de67a68,07d434441f1c99a90be34afc5897f818,90,True,0.05575519590528122,OK
D9,correct_cd_modulated,0,54,20260906090001054,bootstrap_seed_v1,81857728b78095013779b4d61403f621,d104c1d83b03f23f78fb739081c20d2d,7644d3963d59b14ad4e21471d0a7b5f2,6688cb69421cb43df140cd082d62c8b5,129,True,0.040566663239680945,OK
D9,correct_cd_modulated,0,55,20260906090001055,bootstrap_seed_v1,81857728b78095013779b4d61403f621,d104c1d83b03f23f78fb739081c20d2d,5763e59880da979dbb39d7fa0e7e0c18,c172f5a480dc52a265465616d0322368,81,True,0.0840639868758346,OK
D9,correct_cd_modulated,0,56,20260906090001056,bootstrap_seed_v1,81857728b78095013779b4d61403f621,d104c1d83b03f23f78fb739081c20d2d,32499931f63662c8a5692fe58a98e1bd,51f79dd586e5a99a4ad9103088bcff50,102,True,0.10697186831359717,OK
D9,correct_cd_modulated,0,57,20260906090001057,bootstrap_seed_v1,81857728b78095013779b4d61403f621,d104c1d83b03f23f78fb739081c20d2d,cf502b771f48c899596c45ea8284afe2,e962905aaea426b852dd01be411493c3,46,True,0.07713803576163014,OK
D9,correct_cd_modulated,0,58,20260906090001058,bootstrap_seed_v1,81857728b78095013779b4d61403f621,d104c1d83b03f23f78fb739081c20d2d,a4ec6c5b9639b3d443059750c36ea8c7,62f90bd289aa4b9e55d144c380e05033,48,True,0.13216502087412846,OK
D9,correct_cd_modulated,0,59,20260906090001059,bootstrap_seed_v1,81857728b78095013779b4d61403f621,d104c1d83b03f23f78fb739081c20d2d,33cbdd40a40a5f0f8a664fe40befd40c,f8e312bbeeb2ca95be2b92a639d96657,70,True,0.1133013559116633,OK
D9,correct_cd_modulated,0,60,20260906090001060,bootstrap_seed_v1,81857728b78095013779b4d61403f621,d104c1d83b03f23f78fb739081c20d2d,e630c844f17bd5ed5badf3d4fa9a3e95,2fb6d8db2951fe2691fd28cd7949af04,49,True,0.08081679270353065,OK
D9,correct_cd_modulated,0,61,20260906090001061,bootstrap_seed_v1,81857728b78095013779b4d61403f621,d104c1d83b03f23f78fb739081c20d2d,e52cf2d91fac2663941b1138ceb9f9d5,6cd44ebf962cf27cf50ed417f127e0ec,88,True,0.08341915982451831,OK
D9,correct_cd_modulated,0,62,20260906090001062,bootstrap_seed_v1,81857728b78095013779b4d61403f621,d104c1d83b03f23f78fb739081c20d2d,ea2cfcb1d914059ea3ae667c799f1ccb,146c10a3be1c03d7ba97ab4b25e68947,65,True,0.0978881939538806,OK
D9,correct_cd_modulated,0,63,20260906090001063,bootstrap_seed_v1,81857728b78095013779b4d61403f621,d104c1d83b03f23f78fb739081c20d2d,83da483393660177038a948197488d4c,d781bf9bf2eb46034f1a199758e48a22,53,True,0.13349964463237596,OK
D9,correct_cd_modulated,0,64,20260906090001064,bootstrap_seed_v1,81857728b78095013779b4d61403f621,d104c1d83b03f23f78fb739081c20d2d,577422228237329244719c67ed758860,50f0403e770bd3e4fd49222ffe7514c2,51,True,0.0913851620130055,OK
D9,correct_cd_modulated,0,65,20260906090001065,bootstrap_seed_v1,81857728b78095013779b4d61403f621,d104c1d83b03f23f78fb739081c20d2d,4fea5443ac6bc9b0f2e2346cec8b9a3e,a68128234210894158dc1c691608a99b,54,True,0.0659786042969881,OK
D9,correct_cd_modulated,0,66,20260906090001066,bootstrap_seed_v1,81857728b78095013779b4d61403f621,d104c1d83b03f23f78fb739081c20d2d,687c22b16cc6e21de7bf3a8a9f437ffb,21e6d9a8c4d6ce6085b1fe5e5a97f937,43,True,0.06194525378548299,OK
D9,correct_cd_modulated,0,67,20260906090001067,bootstrap_seed_v1,81857728b78095013779b4d61403f621,d104c1d83b03f23f78fb739081c20d2d,515976db1dc312e6ed122794f0c0c5b2,6457b0e757f9e35b0153bc2ae5df2661,54,True,0.11102591916394239,OK
D9,correct_cd_modulated,0,68,20260906090001068,bootstrap_seed_v1,81857728b78095013779b4d61403f621,d104c1d83b03f23f78fb739081c20d2d,b1dce18b78b48141ad69b350a6f73696,4b836b52c59e8005564f88ac61c9c6a6,81,True,0.08968910822976278,OK
D9,correct_cd_modulated,0,69,20260906090001069,bootstrap_seed_v1,81857728b78095013779b4d61403f621,d104c1d83b03f23f78fb739081c20d2d,130dd41039b243fce8f92167e868aabb,7916e24b19ce61c8e24e8ffd12182839,80,True,0.06350856751863604,OK
D9,correct_cd_modulated,0,70,20260906090001070,bootstrap_seed_v1,81857728b78095013779b4d61403f621,d104c1d83b03f23f78fb739081c20d2d,eafda2128cfd6e2b07ff10d06d4bc087,b58d7063b22dc968d2f662163cf7625a,90,True,0.10516463883347327,OK
D9,correct_cd_modulated,0,71,20260906090001071,bootstrap_seed_v1,81857728b78095013779b4d61403f621,d104c1d83b03f23f78fb739081c20d2d,71ea62e49a7ea8f4423482abc5a011c9,783bb7cecadc960993f70c178b43b394,74,True,0.07133181866788485,OK
D9,correct_cd_modulated,0,72,20260906090001072,bootstrap_seed_v1,81857728b78095013779b4d61403f621,d104c1d83b03f23f78fb739081c20d2d,2ba63a911704d44f141c5f83ad3d1e2e,93fd351c84c1301f84025b4439eba988,88,True,0.0577552531937896,OK
D9,correct_cd_modulated,0,73,20260906090001073,bootstrap_seed_v1,81857728b78095013779b4d61403f621,d104c1d83b03f23f78fb739081c20d2d,ec62d84373576dd9e33b5702f354230a,4e12d2e2953a51d7a13b0a409ea29721,86,True,0.06761331345668214,OK
D9,correct_cd_modulated,0,74,20260906090001074,bootstrap_seed_v1,81857728b78095013779b4d61403f621,d104c1d83b03f23f78fb739081c20d2d,70b4f9a9eb91244a64dddc492fb9fd1d,c5221d4fb987dda0a87361c97b3a8be9,55,True,0.14001022455665596,OK
D9,correct_cd_modulated,0,75,20260906090001075,bootstrap_seed_v1,81857728b78095013779b4d61403f621,d104c1d83b03f23f78fb739081c20d2d,dc70be78b0ecf48fe80ca4202a01456b,a7dabe732111363af42c42ff001ba69e,76,True,0.10191318418218145,OK
D9,correct_cd_modulated,0,76,20260906090001076,bootstrap_seed_v1,81857728b78095013779b4d61403f621,d104c1d83b03f23f78fb739081c20d2d,1be4d69dcc428cc2b3b3c7b4eb7d7abd,a9bf4c53cfb1d8c7ebb12064452ba8be,56,True,0.11724628306326368,OK
D9,correct_cd_modulated,0,77,20260906090001077,bootstrap_seed_v1,81857728b78095013779b4d61403f621,d104c1d83b03f23f78fb739081c20d2d,5357b64d9633ceb0429a9ec506cffc07,4b36f8d7d0833360be589652078aaf81,69,True,0.08955570055996234,OK
D9,correct_cd_modulated,0,78,20260906090001078,bootstrap_seed_v1,81857728b78095013779b4d61403f621,d104c1d83b03f23f78fb739081c20d2d,a58eb443e017ea932472c584a75627c1,98858c1a4050344c6aa3c335fdb39998,56,True,0.07865113418672753,OK
D9,correct_cd_modulated,0,79,20260906090001079,bootstrap_seed_v1,81857728b78095013779b4d61403f621,d104c1d83b03f23f78fb739081c20d2d,b0b259a9fa577f99c304d50bfedf829d,1ba1de67460078c5d5f875ba100eb1bc,94,True,0.08632422419357208,OK
D9,correct_cd_modulated,0,80,20260906090001080,bootstrap_seed_v1,81857728b78095013779b4d61403f621,d104c1d83b03f23f78fb739081c20d2d,baf1c1107ce7e7df38c68abcf7f43a33,70ec293409386e271a4fa64a91e27e82,53,True,0.10921725399806886,OK
D9,correct_cd_modulated,0,81,20260906090001081,bootstrap_seed_v1,81857728b78095013779b4d61403f621,d104c1d83b03f23f78fb739081c20d2d,4ea043eda7e52a1bcb477814b1f23492,398cddc51303f0c28ab2d1bf93853e1c,84,True,0.06686775775641646,OK
D9,correct_cd_modulated,0,82,20260906090001082,bootstrap_seed_v1,81857728b78095013779b4d61403f621,d104c1d83b03f23f78fb739081c20d2d,d5a6e898ae81ac08471afefdf2c0fa8a,8140bfeaa93f32eec2e07757b5f9642f,63,True,0.12019944467033516,OK
D9,correct_cd_modulated,0,83,20260906090001083,bootstrap_seed_v1,81857728b78095013779b4d61403f621,d104c1d83b03f23f78fb739081c20d2d,2026649e6f8e476e17e7caf4caa3ebf3,6a3eaa6d221c4ad28a478f19c29e3e5f,41,True,0.14465258875796672,OK
D9,correct_cd_modulated,0,84,20260906090001084,bootstrap_seed_v1,81857728b78095013779b4d61403f621,d104c1d83b03f23f78fb739081c20d2d,4293ed844bbd65dab3b2bfb85122c8b3,877408886a69778736febb490728301f,36,True,0.14027209198404478,OK
D9,correct_cd_modulated,0,85,20260906090001085,bootstrap_seed_v1,81857728b78095013779b4d61403f621,d104c1d83b03f23f78fb739081c20d2d,a39dda8ba396784b0d99b415e844fa5e,ab70ed98b2e7f2f3eb309616f33bf72c,41,True,0.12939068412014743,OK
D9,correct_cd_modulated,0,86,20260906090001086,bootstrap_seed_v1,81857728b78095013779b4d61403f621,d104c1d83b03f23f78fb739081c20d2d,7f2523d565f192b6d5bcaa50019cfa21,f709cd67263a67b058fa44b3ce90900f,71,True,0.07973651369910695,OK
D9,correct_cd_modulated,0,87,20260906090001087,bootstrap_seed_v1,81857728b78095013779b4d61403f621,d104c1d83b03f23f78fb739081c20d2d,96610d4c3ca69e7209f46590a043d891,4e71f291d5f78f9b7033aa3877d8689b,61,True,0.09726046342743697,OK
D9,correct_cd_modulated,0,88,20260906090001088,bootstrap_seed_v1,81857728b78095013779b4d61403f621,d104c1d83b03f23f78fb739081c20d2d,c6dbcb250ce5e7decc72abdd5cd71b47,ef25afbd7b98e9804a5d8fc1e974a9a1,36,True,0.11682594192653084,OK
D9,correct_cd_modulated,0,89,20260906090001089,bootstrap_seed_v1,81857728b78095013779b4d61403f621,d104c1d83b03f23f78fb739081c20d2d,de92b7b4e477c80282302c3c7bc98ff0,c9ac18fcc3b0b8013f43b07c47a24b33,60,True,0.09331491832730698,OK
D9,correct_cd_modulated,0,90,20260906090001090,bootstrap_seed_v1,81857728b78095013779b4d61403f621,d104c1d83b03f23f78fb739081c20d2d,f05521e221c51818405d564c9be438a1,3ca473f16ed94c8a35f657f7d2248b79,79,True,0.06549509651351013,OK
D9,correct_cd_modulated,0,91,20260906090001091,bootstrap_seed_v1,81857728b78095013779b4d61403f621,d104c1d83b03f23f78fb739081c20d2d,3a3fda391ee4252b4e42dad8ac06747b,d2b5c71c090f6d9c5cc0ee0f0cf242e2,64,True,0.08219024942596664,OK
D9,correct_cd_modulated,0,92,20260906090001092,bootstrap_seed_v1,81857728b78095013779b4d61403f621,d104c1d83b03f23f78fb739081c20d2d,1d618473a0376b945cae94e08a0e853e,1dad2a02e58f294326f4fe0767dafd77,71,True,0.14375490764958698,OK
D9,correct_cd_modulated,0,93,20260906090001093,bootstrap_seed_v1,81857728b78095013779b4d61403f621,d104c1d83b03f23f78fb739081c20d2d,d129c8a3008adf7c66a307f500221906,de31fb56c15ba0cebd72d8746f98751c,107,True,0.1099893944491779,OK
D9,correct_cd_modulated,0,94,20260906090001094,bootstrap_seed_v1,81857728b78095013779b4d61403f621,d104c1d83b03f23f78fb739081c20d2d,52a7d5c6277d10861597923d304b3ff3,1e2796cc80f91045a68012a24eb5e865,60,True,0.08607650285015078,OK
D9,correct_cd_modulated,0,95,20260906090001095,bootstrap_seed_v1,81857728b78095013779b4d61403f621,d104c1d83b03f23f78fb739081c20d2d,326f98e602c7a544089d25149487a96d,0ebcfa713979ae144d25b596bcab2f47,67,True,0.1187253537616727,OK
D9,correct_cd_modulated,0,96,20260906090001096,bootstrap_seed_v1,81857728b78095013779b4d61403f621,d104c1d83b03f23f78fb739081c20d2d,e8a6a4c5008274ec9a513fbfe22189d2,db13f033bdc0033eaf2126f818a43503,89,True,0.07390002937297302,OK
D9,correct_cd_modulated,0,97,20260906090001097,bootstrap_seed_v1,81857728b78095013779b4d61403f621,d104c1d83b03f23f78fb739081c20d2d,ac7273bf6868bacf5f31e0e49d949dd8,0956875f1b74edb4ed118e8b3f4af7ba,85,True,0.059074247362618015,OK
D9,correct_cd_modulated,0,98,20260906090001098,bootstrap_seed_v1,81857728b78095013779b4d61403f621,d104c1d83b03f23f78fb739081c20d2d,52ae34c08da9ac50794f7539d590efd4,8b86f4dad57f1d50e333c5f9ace8a62d,68,True,0.11012314289688432,OK
D9,correct_cd_modulated,0,99,20260906090001099,bootstrap_seed_v1,81857728b78095013779b4d61403f621,d104c1d83b03f23f78fb739081c20d2d,fd9a808f8cd11a32d335d9034af4e7b0,00dae8f3ec42edff2678a635dd388b49,66,True,0.07209992790733724,OK
D9,correct_cd_modulated,0,100,20260906090001100,bootstrap_seed_v1,81857728b78095013779b4d61403f621,d104c1d83b03f23f78fb739081c20d2d,544a0fa9a6389023a58105fe9cce98dd,af4ffa666c09c2d304a736e8be505159,79,True,0.05222514597029293,OK
D9,correct_cd_modulated,0,101,20260906090001101,bootstrap_seed_v1,81857728b78095013779b4d61403f621,d104c1d83b03f23f78fb739081c20d2d,a851c95f62e89b28bd115ba0cabdef88,ea41462b39af34af750046afa270080f,86,True,0.060409964201543806,OK
D9,correct_cd_modulated,0,102,20260906090001102,bootstrap_seed_v1,81857728b78095013779b4d61403f621,d104c1d83b03f23f78fb739081c20d2d,62311844cec729189ffcb77927520e7f,d2174d9637ae94117ce8f3f3e61ce0ce,71,True,0.0855678353205429,OK
D9,correct_cd_modulated,0,103,20260906090001103,bootstrap_seed_v1,81857728b78095013779b4d61403f621,d104c1d83b03f23f78fb739081c20d2d,38a73e8ed04b233273d5f309b9817ce2,c931492d12c59b674f8685e89f672003,67,True,0.07155478995465558,OK
D9,correct_cd_modulated,0,104,20260906090001104,bootstrap_seed_v1,81857728b78095013779b4d61403f621,d104c1d83b03f23f78fb739081c20d2d,b837922efa3df3c0679a59f73f11d75b,136c0074ee15ac96ababe813cbc5fee3,88,True,0.08357163119462996,OK
D9,correct_cd_modulated,0,105,20260906090001105,bootstrap_seed_v1,81857728b78095013779b4d61403f621,d104c1d83b03f23f78fb739081c20d2d,ab3c7c91c80f679777ccff4f4fb16a30,8859164582e4b4af23c99c5471d9bdf6,43,True,0.08535919172975148,OK
D9,correct_cd_modulated,0,106,20260906090001106,bootstrap_seed_v1,81857728b78095013779b4d61403f621,d104c1d83b03f23f78fb739081c20d2d,befab231dd35a7d5d50d31f1804a1aa1,5987b7bf70cef1d59ec649a5e194cb0c,60,True,0.09969300889852417,OK
D9,correct_cd_modulated,0,107,20260906090001107,bootstrap_seed_v1,81857728b78095013779b4d61403f621,d104c1d83b03f23f78fb739081c20d2d,55f5616a637bfc0473bed4a572cb6682,28f09ff7c742c0a87428111594163457,80,True,0.07420389384564413,OK
D9,correct_cd_modulated,0,108,20260906090001108,bootstrap_seed_v1,81857728b78095013779b4d61403f621,d104c1d83b03f23f78fb739081c20d2d,a033c123d54c26d2939281123a6d79b3,41c17e4efafd2dd6487c41ab72b567ee,75,True,0.06509392738680825,OK
D9,correct_cd_modulated,0,109,20260906090001109,bootstrap_seed_v1,81857728b78095013779b4d61403f621,d104c1d83b03f23f78fb739081c20d2d,db4df4d1c4670dedcb7aad5dee637fef,d0246fb83d3a6cbdb047d58c3ecdd875,73,True,0.07715117685209094,OK
D9,correct_cd_modulated,0,110,20260906090001110,bootstrap_seed_v1,81857728b78095013779b4d61403f621,d104c1d83b03f23f78fb739081c20d2d,3e91aefadcba9ba7d4f09701b684615f,461fab28b5df9f01a0f6fd5c16094486,36,True,0.14374659672567092,OK
D9,correct_cd_modulated,0,111,20260906090001111,bootstrap_seed_v1,81857728b78095013779b4d61403f621,d104c1d83b03f23f78fb739081c20d2d,3517a92c4e241fbcb66c781a1cd347f4,82b97e64e4127a1cc86fee8d747223a2,83,True,0.11717945227514892,OK
D9,correct_cd_modulated,0,112,20260906090001112,bootstrap_seed_v1,81857728b78095013779b4d61403f621,d104c1d83b03f23f78fb739081c20d2d,22c42fc728897b0dcc51a6daa2f3fb2e,6bb5cc9577cd0d3f918c5c89f4ae89fa,53,True,0.08596064890071364,OK
D9,correct_cd_modulated,0,113,20260906090001113,bootstrap_seed_v1,81857728b78095013779b4d61403f621,d104c1d83b03f23f78fb739081c20d2d,6bb0623d94ffb75949616766f6462268,9e61256169b3e8514fcf91b804c3ac26,114,True,0.08079394085196956,OK
D9,correct_cd_modulated,0,114,20260906090001114,bootstrap_seed_v1,81857728b78095013779b4d61403f621,d104c1d83b03f23f78fb739081c20d2d,b2852125da845eabd962c50cadbb6dda,37faf4106bcd458e01172235bb4560fc,72,True,0.09910028150930927,OK
D9,correct_cd_modulated,0,115,20260906090001115,bootstrap_seed_v1,81857728b78095013779b4d61403f621,d104c1d83b03f23f78fb739081c20d2d,488eaa01c37d1f35bd7a9a18217ac25e,2961a42ab33c5169154ff5140447bdb3,66,True,0.08278171695915976,OK
D9,correct_cd_modulated,0,116,20260906090001116,bootstrap_seed_v1,81857728b78095013779b4d61403f621,d104c1d83b03f23f78fb739081c20d2d,9f1aca7200b74ff11f88c4277acf6c74,bb521160f5fbd3e5c03f0249c0df6dd4,81,True,0.050170225302835825,OK
D9,correct_cd_modulated,0,117,20260906090001117,bootstrap_seed_v1,81857728b78095013779b4d61403f621,d104c1d83b03f23f78fb739081c20d2d,f9ca64d3914035cfa52f97dfae89ab43,3ac5e6343e0047fc7f36229f6338d9e6,59,True,0.11635324807986236,OK
D9,correct_cd_modulated,0,118,20260906090001118,bootstrap_seed_v1,81857728b78095013779b4d61403f621,d104c1d83b03f23f78fb739081c20d2d,a5173c20c9454848a0b4b45302a9d999,8ccbe8204102cfa28e4361d8df311110,106,True,0.0750217028945418,OK
D9,correct_cd_modulated,0,119,20260906090001119,bootstrap_seed_v1,81857728b78095013779b4d61403f621,d104c1d83b03f23f78fb739081c20d2d,b4a50a47c6c62368309da9b4beb1e59a,c533da56ef9eacd429226da179c43187,114,True,0.053964477998939886,OK
D9,correct_cd_modulated,0,120,20260906090001120,bootstrap_seed_v1,81857728b78095013779b4d61403f621,d104c1d83b03f23f78fb739081c20d2d,640c077bb000756e4e5d505bc8e1aa55,82865d2aedd9a1b040a00f84b139f015,99,True,0.06403380952116056,OK
D9,correct_cd_modulated,0,121,20260906090001121,bootstrap_seed_v1,81857728b78095013779b4d61403f621,d104c1d83b03f23f78fb739081c20d2d,007e9b434839300487919a886d481128,1c6ab7f53a5252418bb6a5d932aeaeee,92,True,0.06989314175337002,OK
D9,correct_cd_modulated,0,122,20260906090001122,bootstrap_seed_v1,81857728b78095013779b4d61403f621,d104c1d83b03f23f78fb739081c20d2d,d7019056ff4e70148890e26269855b41,0e0b5948de2afc0d4baeeb4b271c6067,79,True,0.05762338611244172,OK
D9,correct_cd_modulated,0,123,20260906090001123,bootstrap_seed_v1,81857728b78095013779b4d61403f621,d104c1d83b03f23f78fb739081c20d2d,a20808c8bd644fcef39fa1d010fa7a2d,893b0cdf1c09a45dd52272eb8c9c8d66,54,True,0.07703781134556131,OK
D9,correct_cd_modulated,0,124,20260906090001124,bootstrap_seed_v1,81857728b78095013779b4d61403f621,d104c1d83b03f23f78fb739081c20d2d,958a8c6477fddf73902ea29a6363ea59,ad390c86e5f3ccf9e2092f7c33d04918,75,True,0.062147136180368545,OK
D9,correct_cd_modulated,0,125,20260906090001125,bootstrap_seed_v1,81857728b78095013779b4d61403f621,d104c1d83b03f23f78fb739081c20d2d,8e8dc7e99208c2ae9571def656ebdceb,3741e7dc4e7d64efd13ca3e5d8ce4037,81,True,0.06529677969323383,OK
D9,correct_cd_modulated,0,126,20260906090001126,bootstrap_seed_v1,81857728b78095013779b4d61403f621,d104c1d83b03f23f78fb739081c20d2d,9905f5c9ca2e44c5f73e6bc1a4606d20,4990413ae3f3c08354b6cd0973126222,60,True,0.0902403183726336,OK
D9,correct_cd_modulated,0,127,20260906090001127,bootstrap_seed_v1,81857728b78095013779b4d61403f621,d104c1d83b03f23f78fb739081c20d2d,22a0f8a93c70a32dbaaeba9ea95bc744,21901487b9b97ba0e615f694b5652177,62,True,0.054046604558290356,OK
D9,correct_cd_modulated,0,128,20260906090001128,bootstrap_seed_v1,81857728b78095013779b4d61403f621,d104c1d83b03f23f78fb739081c20d2d,980cf3862c9be519d981f9baebc797d9,6837e62962da88771316e24a96261617,77,True,0.05383769670522731,OK
D9,correct_cd_modulated,0,129,20260906090001129,bootstrap_seed_v1,81857728b78095013779b4d61403f621,d104c1d83b03f23f78fb739081c20d2d,77564a7435dfe8d0c19162d8a9e63079,a14269b9e82ff42e4e598e9ff1a817f5,117,True,0.04980166433945343,OK
D9,correct_cd_modulated,0,130,20260906090001130,bootstrap_seed_v1,81857728b78095013779b4d61403f621,d104c1d83b03f23f78fb739081c20d2d,3214fbab0dfd1a7f8bf30a72b39ab514,86cabd3a2c3f2c21da0b8cf87a21aec6,76,True,0.08063708991744462,OK
D9,correct_cd_modulated,0,131,20260906090001131,bootstrap_seed_v1,81857728b78095013779b4d61403f621,d104c1d83b03f23f78fb739081c20d2d,9bf7d55f47b8c04375dd9e0b299b6a72,a391c5f9daa44d4abec31e4a385c5484,80,True,0.062042860601517424,OK
D9,correct_cd_modulated,0,132,20260906090001132,bootstrap_seed_v1,81857728b78095013779b4d61403f621,d104c1d83b03f23f78fb739081c20d2d,a099587618e8a5d25f4bf66c4d7502e6,f9e506504973d131045a6b0ea218a59e,72,True,0.08283598317189467,OK
D9,correct_cd_modulated,0,133,20260906090001133,bootstrap_seed_v1,81857728b78095013779b4d61403f621,d104c1d83b03f23f78fb739081c20d2d,daf6ef4b788bf84488b146b629b6e766,052a0ae87043a86a156e1921bd7e6fb0,115,True,0.060489438862735556,OK
D9,correct_cd_modulated,0,134,20260906090001134,bootstrap_seed_v1,81857728b78095013779b4d61403f621,d104c1d83b03f23f78fb739081c20d2d,6b1e9ba1d15598ff2f7261e5b0fbeaf7,6155d2d484519fc220d56e24051869a6,87,True,0.058714978033204135,OK
D9,correct_cd_modulated,0,135,20260906090001135,bootstrap_seed_v1,81857728b78095013779b4d61403f621,d104c1d83b03f23f78fb739081c20d2d,b1c663e7b45fa8aafc28e56defeb9c16,bb9e39ebd663f8f53d122902e419675d,97,True,0.07533628065451276,OK
D9,correct_cd_modulated,0,136,20260906090001136,bootstrap_seed_v1,81857728b78095013779b4d61403f621,d104c1d83b03f23f78fb739081c20d2d,445babf347131baa126cab41a64113ee,93ca93363dd01d8fbafc34e8862f7771,81,True,0.07706905598155317,OK
D9,correct_cd_modulated,0,137,20260906090001137,bootstrap_seed_v1,81857728b78095013779b4d61403f621,d104c1d83b03f23f78fb739081c20d2d,a82b8a0d7654c4fc514142c1daa6543e,7757a91d7073f7e32e9b034fb38b36ef,58,True,0.06872105500121506,OK
D9,correct_cd_modulated,0,138,20260906090001138,bootstrap_seed_v1,81857728b78095013779b4d61403f621,d104c1d83b03f23f78fb739081c20d2d,9ebc27987cbbc10a6eee6793376a7e74,f848aed672e5bca5ea1ae670d691889a,104,True,0.09196981502387935,OK
D9,correct_cd_modulated,0,139,20260906090001139,bootstrap_seed_v1,81857728b78095013779b4d61403f621,d104c1d83b03f23f78fb739081c20d2d,9047249cd061a58299343f6d05d00dd1,74c114747d9d2885ae334b4d555bd1b0,119,True,0.09096147560384177,OK
D9,correct_cd_modulated,0,140,20260906090001140,bootstrap_seed_v1,81857728b78095013779b4d61403f621,d104c1d83b03f23f78fb739081c20d2d,295fe0eea4422104a40933ad9c353424,fd24c92e9424ab66a5987814b2473280,66,True,0.12295900205769594,OK
D9,correct_cd_modulated,0,141,20260906090001141,bootstrap_seed_v1,81857728b78095013779b4d61403f621,d104c1d83b03f23f78fb739081c20d2d,98f43dda437303423b8c0ff6178093ab,c44acb2a2aa63f7c21cceb6fa9482331,104,True,0.07643924200637894,OK
D9,correct_cd_modulated,0,142,20260906090001142,bootstrap_seed_v1,81857728b78095013779b4d61403f621,d104c1d83b03f23f78fb739081c20d2d,aa6c692ed4837a77077e9e40950dc086,b752acc900eea2e6fbf1709e3c3038e4,70,True,0.0934811117255811,OK
D9,correct_cd_modulated,0,143,20260906090001143,bootstrap_seed_v1,81857728b78095013779b4d61403f621,d104c1d83b03f23f78fb739081c20d2d,d0f7f87cf4783d08e174caa3a1b31d0b,976fd368b5349ebcfdeabf393a5cf192,83,True,0.05590301532818215,OK
D9,correct_cd_modulated,0,144,20260906090001144,bootstrap_seed_v1,81857728b78095013779b4d61403f621,d104c1d83b03f23f78fb739081c20d2d,ed1fb118b2ce42bb56e66d58697b34d5,a4db025694b9e90d748711ca3c9aee5a,56,True,0.07248323693012859,OK
D9,correct_cd_modulated,0,145,20260906090001145,bootstrap_seed_v1,81857728b78095013779b4d61403f621,d104c1d83b03f23f78fb739081c20d2d,4f7cc67dc00b294e8b48a9b3f183ebe4,c78392cd0a3a76dde76946b01db93134,85,True,0.07456932046351983,OK
D9,correct_cd_modulated,0,146,20260906090001146,bootstrap_seed_v1,81857728b78095013779b4d61403f621,d104c1d83b03f23f78fb739081c20d2d,649e0c112267fc912f2fc6c300d749e6,a53c2c25ba089583b6574c6446ebb4c4,94,True,0.0808680927208722,OK
D9,correct_cd_modulated,0,147,20260906090001147,bootstrap_seed_v1,81857728b78095013779b4d61403f621,d104c1d83b03f23f78fb739081c20d2d,caf76f73d632421b0475af38817f734b,dccf3959ac70ca0dc351fab18ec64ffd,160,True,0.038198455768122086,OK
D9,correct_cd_modulated,0,148,20260906090001148,bootstrap_seed_v1,81857728b78095013779b4d61403f621,d104c1d83b03f23f78fb739081c20d2d,5b54087687689ee539eff36ee34268cd,51f7e6f38fddb00a44681569514e4551,57,True,0.11226460489503504,OK
D9,correct_cd_modulated,0,149,20260906090001149,bootstrap_seed_v1,81857728b78095013779b4d61403f621,d104c1d83b03f23f78fb739081c20d2d,80d0f6eda13adf5aff2794502db66f36,7f9aa8466c58db01ba2445455664d15b,39,True,0.1343433526089875,OK
D9,correct_cd_modulated,0,150,20260906090001150,bootstrap_seed_v1,81857728b78095013779b4d61403f621,d104c1d83b03f23f78fb739081c20d2d,20fc6361fbbfe80fef4db000a2cce2d3,de2bf3b432818e8eab66d8afa89068af,73,True,0.06450438942879538,OK
D9,correct_cd_modulated,0,151,20260906090001151,bootstrap_seed_v1,81857728b78095013779b4d61403f621,d104c1d83b03f23f78fb739081c20d2d,b2f5b989c902b123596f915b145cfb80,bb5510f98f354b1bb4fc62c5b8208f83,74,True,0.08217530142252644,OK
D9,correct_cd_modulated,0,152,20260906090001152,bootstrap_seed_v1,81857728b78095013779b4d61403f621,d104c1d83b03f23f78fb739081c20d2d,c1308985f4a7b4c1349f8c8c4225c910,d40289eb8d8405a61a891663a5497d44,40,True,0.08562155647664149,OK
D9,correct_cd_modulated,0,153,20260906090001153,bootstrap_seed_v1,81857728b78095013779b4d61403f621,d104c1d83b03f23f78fb739081c20d2d,a87df059080dc43070403ebc703c4938,4759fa19dc866f2c55d65e6ebf108ed5,76,True,0.07862008366006135,OK
D9,correct_cd_modulated,0,154,20260906090001154,bootstrap_seed_v1,81857728b78095013779b4d61403f621,d104c1d83b03f23f78fb739081c20d2d,1514020268307a372be84ed3737a5c01,67287a30f0399634de10fc3a3e3fc47e,82,True,0.09023017519564994,OK
D9,correct_cd_modulated,0,155,20260906090001155,bootstrap_seed_v1,81857728b78095013779b4d61403f621,d104c1d83b03f23f78fb739081c20d2d,5f4a9eca0847223a0d6849cc7b56aea4,1564b55665f5198b5b088f4e4ba2f643,85,True,0.06149375272034255,OK
D9,correct_cd_modulated,0,156,20260906090001156,bootstrap_seed_v1,81857728b78095013779b4d61403f621,d104c1d83b03f23f78fb739081c20d2d,0ac42a835439792a08291ac75015bd82,95e79172cdea1397e67215ec90b27a08,92,True,0.07408436757492798,OK
D9,correct_cd_modulated,0,157,20260906090001157,bootstrap_seed_v1,81857728b78095013779b4d61403f621,d104c1d83b03f23f78fb739081c20d2d,7c9a1c36baa8e6f4becff941bc87de8f,c075119b0a62b54f8de5545c97cd6621,48,True,0.1366717627967417,OK
D9,correct_cd_modulated,0,158,20260906090001158,bootstrap_seed_v1,81857728b78095013779b4d61403f621,d104c1d83b03f23f78fb739081c20d2d,cf15ffd438391be6bc43101c12ca1d46,b284ff39e3fc3ca88f614314ebb90372,66,True,0.08354512057800453,OK
D9,correct_cd_modulated,0,159,20260906090001159,bootstrap_seed_v1,81857728b78095013779b4d61403f621,d104c1d83b03f23f78fb739081c20d2d,20859cf82280b10df8d176c7934a3ed8,03d7c83586ed3461951e4eacee58866e,46,True,0.12447970546304488,OK
D9,correct_cd_modulated,0,160,20260906090001160,bootstrap_seed_v1,81857728b78095013779b4d61403f621,d104c1d83b03f23f78fb739081c20d2d,e078433ed86fa1c081e87cdb476024ac,35cc7a61f9e1a6f54a7cdf5b3bd7d0e4,44,True,0.10736567755441195,OK
D9,correct_cd_modulated,0,161,20260906090001161,bootstrap_seed_v1,81857728b78095013779b4d61403f621,d104c1d83b03f23f78fb739081c20d2d,1f169df7d7b58ce4cdff6d241543899d,abd3b1a68084316654ec07e93ff194f7,94,True,0.06387875876769289,OK
D9,correct_cd_modulated,0,162,20260906090001162,bootstrap_seed_v1,81857728b78095013779b4d61403f621,d104c1d83b03f23f78fb739081c20d2d,4de424a2db16300f320f91e50b62b10e,7431f2775fb20c252d6eef73a7d2a9d6,91,True,0.09072482288936723,OK
D9,correct_cd_modulated,0,163,20260906090001163,bootstrap_seed_v1,81857728b78095013779b4d61403f621,d104c1d83b03f23f78fb739081c20d2d,4677e9c54d57425c83d553f575d929c7,a5904c6e4410539b3beff51641b3368e,64,True,0.09241555283270253,OK
D9,correct_cd_modulated,0,164,20260906090001164,bootstrap_seed_v1,81857728b78095013779b4d61403f621,d104c1d83b03f23f78fb739081c20d2d,fc575ae5ef828e5d25a17d3d310110ea,a0e4716d54362b23dd980089ca0f18d1,60,True,0.06662727162777926,OK
D9,correct_cd_modulated,0,165,20260906090001165,bootstrap_seed_v1,81857728b78095013779b4d61403f621,d104c1d83b03f23f78fb739081c20d2d,5be70633e3f0e55fde2dd1a7a93f45bb,bc56ab46e00f69d97b0a4308b0b0dae2,52,True,0.07568742522030691,OK
D9,correct_cd_modulated,0,166,20260906090001166,bootstrap_seed_v1,81857728b78095013779b4d61403f621,d104c1d83b03f23f78fb739081c20d2d,9bc363b122634f8541c1a1af0887399c,b458c6d1e2024c7bdf6911bb72d51448,94,True,0.07077490334347813,OK
D9,correct_cd_modulated,0,167,20260906090001167,bootstrap_seed_v1,81857728b78095013779b4d61403f621,d104c1d83b03f23f78fb739081c20d2d,6ebd9a27712de2cb3cde84a9221b8b90,f6bfb121836b04bfb6738b7d803af8d6,102,True,0.10833017659224964,OK
D9,correct_cd_modulated,0,168,20260906090001168,bootstrap_seed_v1,81857728b78095013779b4d61403f621,d104c1d83b03f23f78fb739081c20d2d,b9da4a62665d203e6162c3dee9cf6e86,e72aba2f402d8240ee6e024ced53fc54,69,True,0.08980066629290445,OK
D9,correct_cd_modulated,0,169,20260906090001169,bootstrap_seed_v1,81857728b78095013779b4d61403f621,d104c1d83b03f23f78fb739081c20d2d,ca09acc81be961d2c6d4353993ef8c40,625e3dc56a564ce73738beac27b84bbd,66,True,0.09413540118292849,OK
D9,correct_cd_modulated,0,170,20260906090001170,bootstrap_seed_v1,81857728b78095013779b4d61403f621,d104c1d83b03f23f78fb739081c20d2d,1d8e3b123ee3b90423d998092f0dfa64,a8db96ebc868091739ded91054b6d4ee,85,True,0.05246958142434539,OK
D9,correct_cd_modulated,0,171,20260906090001171,bootstrap_seed_v1,81857728b78095013779b4d61403f621,d104c1d83b03f23f78fb739081c20d2d,c84735ff8b58724f07a55ec18f3d8668,55474712267666d07984ec2fc7b8a4d4,78,True,0.04931975171346337,OK
D9,correct_cd_modulated,0,172,20260906090001172,bootstrap_seed_v1,81857728b78095013779b4d61403f621,d104c1d83b03f23f78fb739081c20d2d,54062ffd2c6ce60e6f151d6db8696ca4,447ef7739c14abcdb9c21b1466eddee4,117,True,0.03923658820088055,OK
D9,correct_cd_modulated,0,173,20260906090001173,bootstrap_seed_v1,81857728b78095013779b4d61403f621,d104c1d83b03f23f78fb739081c20d2d,8a252c7238e32f01ee3bc2fbc9679b62,66890be067a49d38589bd0f6d121ec53,91,True,0.08818993572736508,OK
D9,correct_cd_modulated,0,174,20260906090001174,bootstrap_seed_v1,81857728b78095013779b4d61403f621,d104c1d83b03f23f78fb739081c20d2d,ef71291ca15e9f18d56580b222fa151a,34b5ae134c20806f2d3ad99a6dc3f495,51,True,0.07058997673675349,OK
D9,correct_cd_modulated,0,175,20260906090001175,bootstrap_seed_v1,81857728b78095013779b4d61403f621,d104c1d83b03f23f78fb739081c20d2d,93de13b10bd2880f6fb41b614a6c5f6b,0ba985ce9274fe3195e461a339bc3e74,57,True,0.07127880611463588,OK
D9,correct_cd_modulated,0,176,20260906090001176,bootstrap_seed_v1,81857728b78095013779b4d61403f621,d104c1d83b03f23f78fb739081c20d2d,be25ee77ac96faf850b8bb2bbc649ef5,52f4876254a71b75ca6228a21bd641b5,127,True,0.04329817384618452,OK
D9,correct_cd_modulated,0,177,20260906090001177,bootstrap_seed_v1,81857728b78095013779b4d61403f621,d104c1d83b03f23f78fb739081c20d2d,87e108bd4e2956a9b6c421256c016d23,eae1f64fe77ef84821c6ddd160eafca7,81,True,0.0700944283052406,OK
D9,correct_cd_modulated,0,178,20260906090001178,bootstrap_seed_v1,81857728b78095013779b4d61403f621,d104c1d83b03f23f78fb739081c20d2d,00c54b98d9c18dff174a1a43670baf67,4db5b25b1d0afe18613704ba84fcfe35,62,True,0.07446910247270316,OK
D9,correct_cd_modulated,0,179,20260906090001179,bootstrap_seed_v1,81857728b78095013779b4d61403f621,d104c1d83b03f23f78fb739081c20d2d,2fd9075eed32c9609c5d5044241b8357,b3d7fd5cef56686d23cba5a6bc985371,83,True,0.0850796374766163,OK
D9,correct_cd_modulated,0,180,20260906090001180,bootstrap_seed_v1,81857728b78095013779b4d61403f621,d104c1d83b03f23f78fb739081c20d2d,c1bdf175d6c46625fed0b2b9fedf1ae6,160d5babb172484e3ddd5405f6e15a6b,99,True,0.0668562399322335,OK
D9,correct_cd_modulated,0,181,20260906090001181,bootstrap_seed_v1,81857728b78095013779b4d61403f621,d104c1d83b03f23f78fb739081c20d2d,14ea3791f1ba5b66cf5eda68ba2908b7,a52b23db71489bb698c7e0ea5abc3ce4,68,True,0.1025865399945538,OK
D9,correct_cd_modulated,0,182,20260906090001182,bootstrap_seed_v1,81857728b78095013779b4d61403f621,d104c1d83b03f23f78fb739081c20d2d,4fe0a88788942dd821b945438c9b71eb,c1a61ba64ebd40f5ad31931cab44737e,126,True,0.06268341740602157,OK
D9,correct_cd_modulated,0,183,20260906090001183,bootstrap_seed_v1,81857728b78095013779b4d61403f621,d104c1d83b03f23f78fb739081c20d2d,475659238dd88c715f5e9ebfac165d2d,dbea7121ab056ee9fd2f84e28926c097,82,True,0.08832908081463298,OK
D9,correct_cd_modulated,0,184,20260906090001184,bootstrap_seed_v1,81857728b78095013779b4d61403f621,d104c1d83b03f23f78fb739081c20d2d,0a5e6dba6e321bce0d887af57c8d4338,56f18e8542486083c18e1d486859826d,81,True,0.07066814576092667,OK
D9,correct_cd_modulated,0,185,20260906090001185,bootstrap_seed_v1,81857728b78095013779b4d61403f621,d104c1d83b03f23f78fb739081c20d2d,3b863a94c67454cecefcc83f86c5a897,c8a48c8e98ff08ca2a4a6cd7478408ce,81,True,0.07507468233929299,OK
D9,correct_cd_modulated,0,186,20260906090001186,bootstrap_seed_v1,81857728b78095013779b4d61403f621,d104c1d83b03f23f78fb739081c20d2d,dde135dda639bc2177946b89cabb6116,d499c5c946c0ff602dd0c673792a22cf,81,True,0.05992478153451469,OK
D9,correct_cd_modulated,0,187,20260906090001187,bootstrap_seed_v1,81857728b78095013779b4d61403f621,d104c1d83b03f23f78fb739081c20d2d,0b2316b45be2582054ae6e75733d55a2,84e08486dff7b7c35cdbaaf03a186b8c,76,True,0.04688969784119312,OK
D9,correct_cd_modulated,0,188,20260906090001188,bootstrap_seed_v1,81857728b78095013779b4d61403f621,d104c1d83b03f23f78fb739081c20d2d,12aa7da3db6de950ea34b65a0fbcee59,f0e3571c34c9d7b6ec5501b2edffbf4b,65,True,0.0730320425819338,OK
D9,correct_cd_modulated,0,189,20260906090001189,bootstrap_seed_v1,81857728b78095013779b4d61403f621,d104c1d83b03f23f78fb739081c20d2d,ee5b886f6877facb516d7cb2d6a24ca5,66ceca97fff328cffb95c8a6814feb6d,93,True,0.06392307592792834,OK
D9,correct_cd_modulated,0,190,20260906090001190,bootstrap_seed_v1,81857728b78095013779b4d61403f621,d104c1d83b03f23f78fb739081c20d2d,ad65d01eebc8edb06c55843bcc8f71a8,dad90caa534bb8799eeca80bef08fd0a,79,True,0.10589776384418881,OK
D9,correct_cd_modulated,0,191,20260906090001191,bootstrap_seed_v1,81857728b78095013779b4d61403f621,d104c1d83b03f23f78fb739081c20d2d,8f7c64cb19bafdaabe7c2b9f259002da,9498f9af3309f74ad46528517ffb12d9,60,True,0.09594125390204337,OK
D9,correct_cd_modulated,0,192,20260906090001192,bootstrap_seed_v1,81857728b78095013779b4d61403f621,d104c1d83b03f23f78fb739081c20d2d,35487637bf19a81d6334749921d150c1,fc16f34a8591a64112d5e701d040f440,64,True,0.07248267405738584,OK
D9,correct_cd_modulated,0,193,20260906090001193,bootstrap_seed_v1,81857728b78095013779b4d61403f621,d104c1d83b03f23f78fb739081c20d2d,e659fc1701f33c5a3ed671b4a9d663cf,2afdecf3e833af989abe21144109ab04,59,True,0.09561528444886436,OK
D9,correct_cd_modulated,0,194,20260906090001194,bootstrap_seed_v1,81857728b78095013779b4d61403f621,d104c1d83b03f23f78fb739081c20d2d,e08919633035dd45a38bfd4a8f1f11c6,0fd573b38cc05ebd6945c47125e0a067,63,True,0.05479645107666453,OK
D9,correct_cd_modulated,0,195,20260906090001195,bootstrap_seed_v1,81857728b78095013779b4d61403f621,d104c1d83b03f23f78fb739081c20d2d,f0bfe03f10af573597656744967f2545,58ec031f2137b3788d436b1b16d0c2ae,66,True,0.11848563167414233,OK
D9,correct_cd_modulated,0,196,20260906090001196,bootstrap_seed_v1,81857728b78095013779b4d61403f621,d104c1d83b03f23f78fb739081c20d2d,d9bff43496625b6e76ed3d65a5cf92fd,9b3936b57f293056e6284ed1016894b5,54,True,0.08486152479041989,OK
D9,correct_cd_modulated,0,197,20260906090001197,bootstrap_seed_v1,81857728b78095013779b4d61403f621,d104c1d83b03f23f78fb739081c20d2d,cd862bab47c76896bd1b01f90331d47e,f093ca500d942b9857086c1d96614d65,79,True,0.059665115356142606,OK
D9,correct_cd_modulated,0,198,20260906090001198,bootstrap_seed_v1,81857728b78095013779b4d61403f621,d104c1d83b03f23f78fb739081c20d2d,e6d82eaca8b7ff044d00a627836e49e0,533d95f954b380cd312d653174fa5836,51,True,0.10448002429607361,OK
D9,correct_cd_modulated,0,199,20260906090001199,bootstrap_seed_v1,81857728b78095013779b4d61403f621,d104c1d83b03f23f78fb739081c20d2d,8d8058af49f704062f89d8fe74a8f12a,c8ecd2fcca1ac7864c80a5da5ca387b3,79,True,0.06586519997434903,OK
D9,correct_cd_modulated,0,200,20260906090001200,bootstrap_seed_v1,81857728b78095013779b4d61403f621,d104c1d83b03f23f78fb739081c20d2d,0a31e0c916f1860ac6b5b123da81745d,f065f491e9bdd036188eb8483ea24f09,98,True,0.1016587235119536,OK
D9,correct_cd_modulated,0,201,20260906090001201,bootstrap_seed_v1,81857728b78095013779b4d61403f621,d104c1d83b03f23f78fb739081c20d2d,1635192c5a25aacd900a509c63bde836,5dafdeb59e88fbcb8f31ed128ed7abf9,60,True,0.0947905997294144,OK
D9,correct_cd_modulated,0,202,20260906090001202,bootstrap_seed_v1,81857728b78095013779b4d61403f621,d104c1d83b03f23f78fb739081c20d2d,16baf4472f4b53c1e190997ad5b535b5,0727b651d85355089f7384f562092e72,91,True,0.062188113102372114,OK
D9,correct_cd_modulated,0,203,20260906090001203,bootstrap_seed_v1,81857728b78095013779b4d61403f621,d104c1d83b03f23f78fb739081c20d2d,560bd31c26b632b57cae16428d77b1d6,aa1fb0156c5ed8f8d1f98cac563a422f,66,True,0.08231690537623271,OK
D9,correct_cd_modulated,0,204,20260906090001204,bootstrap_seed_v1,81857728b78095013779b4d61403f621,d104c1d83b03f23f78fb739081c20d2d,457e62a9159f621760b24b6a02daf607,f0cb1505c188149e83afcea9ac1472ff,70,True,0.05593523368806816,OK
D9,correct_cd_modulated,0,205,20260906090001205,bootstrap_seed_v1,81857728b78095013779b4d61403f621,d104c1d83b03f23f78fb739081c20d2d,31a9b1fe6e847b6ed6fd116ca5825a45,d2671ddd5623118d08f69e31ee41ba70,58,True,0.06602754666823929,OK
D9,correct_cd_modulated,0,206,20260906090001206,bootstrap_seed_v1,81857728b78095013779b4d61403f621,d104c1d83b03f23f78fb739081c20d2d,b36b498785ecd428fdad5da633bd8702,fa7669480b2c7f60a5d4946d7ae1a935,82,True,0.09502955769382793,OK
D9,correct_cd_modulated,0,207,20260906090001207,bootstrap_seed_v1,81857728b78095013779b4d61403f621,d104c1d83b03f23f78fb739081c20d2d,52a80e351cde0c66c9223405bfdd19b2,1823a544cd80af28dee4b22956f5e973,82,True,0.06885007487826245,OK
D9,correct_cd_modulated,0,208,20260906090001208,bootstrap_seed_v1,81857728b78095013779b4d61403f621,d104c1d83b03f23f78fb739081c20d2d,4f6f08b2fdbb9fe648057f7915bd8945,72942eb4147e3b5043a04fc387bf200a,62,True,0.10350217423506836,OK
D9,correct_cd_modulated,0,209,20260906090001209,bootstrap_seed_v1,81857728b78095013779b4d61403f621,d104c1d83b03f23f78fb739081c20d2d,56fc1fe876f8914c8387123158f7069c,ee0e0dd4cbcbc414153ef885fc57807f,66,True,0.0670747756598713,OK
D9,correct_cd_modulated,0,210,20260906090001210,bootstrap_seed_v1,81857728b78095013779b4d61403f621,d104c1d83b03f23f78fb739081c20d2d,f64d3d14eac080fa7cecc2135e7828d6,c22bb8281955731d91aa4189d2f4542d,98,True,0.08914567257645159,OK
D9,correct_cd_modulated,0,211,20260906090001211,bootstrap_seed_v1,81857728b78095013779b4d61403f621,d104c1d83b03f23f78fb739081c20d2d,6e2638f218a5af0cd6a8414fe5638223,2edfeb06a6c09a9a7fa479ff2a1417ef,101,True,0.07188213585772943,OK
D9,correct_cd_modulated,0,212,20260906090001212,bootstrap_seed_v1,81857728b78095013779b4d61403f621,d104c1d83b03f23f78fb739081c20d2d,36713e4294c158151bd7adadd907c4c0,6f20f3df93f48404b782ab2f78621393,81,True,0.059534025613256936,OK
D9,correct_cd_modulated,0,213,20260906090001213,bootstrap_seed_v1,81857728b78095013779b4d61403f621,d104c1d83b03f23f78fb739081c20d2d,c14fadd3764bec33ac9c89a76edfad4c,dc3e966db75e5d6081240e00c9d71687,82,True,0.06569822280547866,OK
D9,correct_cd_modulated,0,214,20260906090001214,bootstrap_seed_v1,81857728b78095013779b4d61403f621,d104c1d83b03f23f78fb739081c20d2d,3580d6b0abfeffd11947718f286dd3ac,7c572c6d58620ef6d26cba49454dea6a,71,True,0.09394007206437871,OK
D9,correct_cd_modulated,0,215,20260906090001215,bootstrap_seed_v1,81857728b78095013779b4d61403f621,d104c1d83b03f23f78fb739081c20d2d,359007803eeb3affdc7f5c8e59e5e5ec,e222e27e904cc5c354c15b83e2010962,54,True,0.08275789052069293,OK
D9,correct_cd_modulated,0,216,20260906090001216,bootstrap_seed_v1,81857728b78095013779b4d61403f621,d104c1d83b03f23f78fb739081c20d2d,c757175f73d326a4e0cd9d2ef621ea91,33cb11557ee2d75ccb1bff688ca3c0c0,53,True,0.08797277231150002,OK
D9,correct_cd_modulated,0,217,20260906090001217,bootstrap_seed_v1,81857728b78095013779b4d61403f621,d104c1d83b03f23f78fb739081c20d2d,0dd55cd211b7a41f90963e8d3bc659a8,17d256ba91cb27716cee4ef5cd5797ba,111,True,0.08321497971567499,OK
D9,correct_cd_modulated,0,218,20260906090001218,bootstrap_seed_v1,81857728b78095013779b4d61403f621,d104c1d83b03f23f78fb739081c20d2d,472e34c3c6e6091c9eb46e85bca637c9,b1f9d76afe0c538a971c53ccd474e4a9,78,True,0.09741795067987963,OK
D9,correct_cd_modulated,0,219,20260906090001219,bootstrap_seed_v1,81857728b78095013779b4d61403f621,d104c1d83b03f23f78fb739081c20d2d,eafe3dab4901c9ec57b7095234c6bf79,6002b0c9eb628f69252e999579706b6c,61,True,0.05223158133787931,OK
D9,correct_cd_modulated,0,220,20260906090001220,bootstrap_seed_v1,81857728b78095013779b4d61403f621,d104c1d83b03f23f78fb739081c20d2d,1fadd00b359ac4705109192e790227b6,273af70b1d48ee5ddc2a8fcde33fe9b2,78,True,0.0807752853297733,OK
D9,correct_cd_modulated,0,221,20260906090001221,bootstrap_seed_v1,81857728b78095013779b4d61403f621,d104c1d83b03f23f78fb739081c20d2d,cf7919e11faa52ebfd9c5e2480e49d21,6f2d01ff036015185ba9aa5ca143f9ff,64,True,0.10619004894546946,OK
D9,correct_cd_modulated,0,222,20260906090001222,bootstrap_seed_v1,81857728b78095013779b4d61403f621,d104c1d83b03f23f78fb739081c20d2d,24117ce0f8f157acb5eeef98c6ceb7d7,ca107cd54c6d3e629f7febe991e787f1,59,True,0.059921698145821156,OK
D9,correct_cd_modulated,0,223,20260906090001223,bootstrap_seed_v1,81857728b78095013779b4d61403f621,d104c1d83b03f23f78fb739081c20d2d,e94b58dca741172c81ff7282bb41a67c,53e346fd10b8d78e74a328b686b27037,82,True,0.1043272293368045,OK
D9,correct_cd_modulated,0,224,20260906090001224,bootstrap_seed_v1,81857728b78095013779b4d61403f621,d104c1d83b03f23f78fb739081c20d2d,c00f60133e99fbf081405a1294d48551,9527fcb1fc9611fb01722975ab88131f,71,True,0.0698764451354833,OK
D9,correct_cd_modulated,0,225,20260906090001225,bootstrap_seed_v1,81857728b78095013779b4d61403f621,d104c1d83b03f23f78fb739081c20d2d,feff34d11954ea0ce5a6c331eb800df5,2562b87bae6216f5613ba9ece1fdd6d1,58,True,0.10738456423885545,OK
D9,correct_cd_modulated,0,226,20260906090001226,bootstrap_seed_v1,81857728b78095013779b4d61403f621,d104c1d83b03f23f78fb739081c20d2d,c5ff18ff85d94db736ba94dc855417c2,0a01de64c1466523c68312d26af08134,61,True,0.07044097736576527,OK
D9,correct_cd_modulated,0,227,20260906090001227,bootstrap_seed_v1,81857728b78095013779b4d61403f621,d104c1d83b03f23f78fb739081c20d2d,f129490a9de2f711ae6f9e3fa122e8ac,784b20c6c91b02bcbf258e25ae0c2830,50,True,0.1054685602705242,OK
D9,correct_cd_modulated,0,228,20260906090001228,bootstrap_seed_v1,81857728b78095013779b4d61403f621,d104c1d83b03f23f78fb739081c20d2d,5fdaa2fee23f6fede8b6d2d844a04937,591a5645d009dcad544a313c8328e877,66,True,0.07471782998975629,OK
D9,correct_cd_modulated,0,229,20260906090001229,bootstrap_seed_v1,81857728b78095013779b4d61403f621,d104c1d83b03f23f78fb739081c20d2d,707cb9772d56cea033cdb583ccec610d,fd67a4371e5043f302910b0976171d32,71,True,0.06601050417839882,OK
D9,correct_cd_modulated,0,230,20260906090001230,bootstrap_seed_v1,81857728b78095013779b4d61403f621,d104c1d83b03f23f78fb739081c20d2d,30f6860e581f4ae4cea5677135c79f05,94a56ae576f173b42c9d32151f9438c2,97,True,0.06540307806598633,OK
D9,correct_cd_modulated,0,231,20260906090001231,bootstrap_seed_v1,81857728b78095013779b4d61403f621,d104c1d83b03f23f78fb739081c20d2d,f71e7fb9de55f731dd92e5492ec62c7d,8a1dee6a63c31600b1ca911bbd3dd0d6,76,True,0.06799807224660187,OK
D9,correct_cd_modulated,0,232,20260906090001232,bootstrap_seed_v1,81857728b78095013779b4d61403f621,d104c1d83b03f23f78fb739081c20d2d,646c99a389365550f824c627ed5fd84e,9639e24663035a7d07d5fcffa559e6c4,75,True,0.07932273993941746,OK
D9,correct_cd_modulated,0,233,20260906090001233,bootstrap_seed_v1,81857728b78095013779b4d61403f621,d104c1d83b03f23f78fb739081c20d2d,3e40dd5063bca2bdaf416cccfdd021e4,c90c2c30d12fec74eaec75beb52db76f,79,True,0.055152254560046965,OK
D9,correct_cd_modulated,0,234,20260906090001234,bootstrap_seed_v1,81857728b78095013779b4d61403f621,d104c1d83b03f23f78fb739081c20d2d,c5f9d74a0e021efec8801e030a4752a1,7fd7ae0c32fe3645fb74c5cb386c813d,71,True,0.07978714876453669,OK
D9,correct_cd_modulated,0,235,20260906090001235,bootstrap_seed_v1,81857728b78095013779b4d61403f621,d104c1d83b03f23f78fb739081c20d2d,6703da6da7593be0dea870c7ff6b44ad,46e7db4241380bc17dc5f1f29ac9a5e5,73,True,0.08016514148518977,OK
D9,correct_cd_modulated,0,236,20260906090001236,bootstrap_seed_v1,81857728b78095013779b4d61403f621,d104c1d83b03f23f78fb739081c20d2d,27f41f498ce00269f2cb76ea4ea97b1c,e3b46e00f7e5e4b55efceee1c3f3729c,57,True,0.0945470159962179,OK
D9,correct_cd_modulated,0,237,20260906090001237,bootstrap_seed_v1,81857728b78095013779b4d61403f621,d104c1d83b03f23f78fb739081c20d2d,11340ce5ae08634ad51c3af85bb7309c,fa44eb24128891dea80afd5e4d140987,50,True,0.07167594539259348,OK
D9,correct_cd_modulated,0,238,20260906090001238,bootstrap_seed_v1,81857728b78095013779b4d61403f621,d104c1d83b03f23f78fb739081c20d2d,4cca8b9a67d50ffbe57f9fdd445b8e3a,41976209ba20b98b38ee2dfb49483c95,91,True,0.05415149427844018,OK
D9,correct_cd_modulated,0,239,20260906090001239,bootstrap_seed_v1,81857728b78095013779b4d61403f621,d104c1d83b03f23f78fb739081c20d2d,f8cee9810b1429fb5ad8e1999935369b,9592253c227ab79d751747c7518ac180,94,True,0.07000876460742078,OK
D9,correct_cd_modulated,0,240,20260906090001240,bootstrap_seed_v1,81857728b78095013779b4d61403f621,d104c1d83b03f23f78fb739081c20d2d,5c6b6369cab4c1cd948f7ced368afd47,0491ed4f5475e697fe3b006c2f12f836,84,True,0.05434995348691107,OK
D9,correct_cd_modulated,0,241,20260906090001241,bootstrap_seed_v1,81857728b78095013779b4d61403f621,d104c1d83b03f23f78fb739081c20d2d,3463915ecb3648a75e96d7ccdc5afac6,780c36b465c51c610214544515a16f75,74,True,0.0658358160578904,OK
D9,correct_cd_modulated,0,242,20260906090001242,bootstrap_seed_v1,81857728b78095013779b4d61403f621,d104c1d83b03f23f78fb739081c20d2d,39cc37dbf53dc73083f4a67048c41088,d890c3fb5f71e23e7a45954a9b320e09,81,True,0.08834883617756989,OK
D9,correct_cd_modulated,0,243,20260906090001243,bootstrap_seed_v1,81857728b78095013779b4d61403f621,d104c1d83b03f23f78fb739081c20d2d,7c8b619c62e6fdbd8eeed43896fa7c62,e138804cb7e2ecbf7f3d7e57beee837a,51,True,0.10852196289634836,OK
D9,correct_cd_modulated,0,244,20260906090001244,bootstrap_seed_v1,81857728b78095013779b4d61403f621,d104c1d83b03f23f78fb739081c20d2d,3713213084d95f4b051a6d9a94efb000,2386f790d53631814b95fa3a7171c402,68,True,0.07705083147337355,OK
D9,correct_cd_modulated,0,245,20260906090001245,bootstrap_seed_v1,81857728b78095013779b4d61403f621,d104c1d83b03f23f78fb739081c20d2d,b7b4c58fdbe69e5e61ea63f4d172bf58,7c4e2bfe1378a050d2efc288dc6289d1,72,True,0.08289661371368318,OK
D9,correct_cd_modulated,0,246,20260906090001246,bootstrap_seed_v1,81857728b78095013779b4d61403f621,d104c1d83b03f23f78fb739081c20d2d,fe8442758aaf46ba01b34eaebc0cefd2,b01368c02c064909e74fa508a16a5fd1,106,True,0.06205895207270459,OK
D9,correct_cd_modulated,0,247,20260906090001247,bootstrap_seed_v1,81857728b78095013779b4d61403f621,d104c1d83b03f23f78fb739081c20d2d,a80a70be634d47e73600201a859371a0,a20635520c9a98d7abfd387dec662df6,94,True,0.061859101340916794,OK
D9,correct_cd_modulated,0,248,20260906090001248,bootstrap_seed_v1,81857728b78095013779b4d61403f621,d104c1d83b03f23f78fb739081c20d2d,8299407d0e65a04c08ea9a34b3354589,8534f8ae081e3215307e65a870e5213e,52,True,0.10405567245840319,OK
D9,correct_cd_modulated,0,249,20260906090001249,bootstrap_seed_v1,81857728b78095013779b4d61403f621,d104c1d83b03f23f78fb739081c20d2d,73815df64a8340acbaf4c9d62150ea94,e6e440e08e67181db7781268f075383e,72,True,0.05558337813982092,OK
D9,correct_cd_modulated,0,250,20260906090001250,bootstrap_seed_v1,81857728b78095013779b4d61403f621,d104c1d83b03f23f78fb739081c20d2d,e5f37ebef80dcbd3e4167f7ed0157fcf,0fe4df225d03febbad729b255927d76c,63,True,0.09607251252059301,OK
D9,correct_cd_modulated,0,251,20260906090001251,bootstrap_seed_v1,81857728b78095013779b4d61403f621,d104c1d83b03f23f78fb739081c20d2d,2a11ffafd1de28a3a585d92f20deae93,944b06874cf3bfdce6cb06d8bbc97c75,43,True,0.08772516643729644,OK
D9,correct_cd_modulated,0,252,20260906090001252,bootstrap_seed_v1,81857728b78095013779b4d61403f621,d104c1d83b03f23f78fb739081c20d2d,93694b953d82d29f83cdd0737c40cc15,89c6cdb75c367cfaedfbe409654a2314,78,True,0.0977165009170885,OK
D9,correct_cd_modulated,0,253,20260906090001253,bootstrap_seed_v1,81857728b78095013779b4d61403f621,d104c1d83b03f23f78fb739081c20d2d,27fc6484cc348e5e3261780bd5cbbe16,46ee8266c04daafc190f4ff64baac8bf,60,True,0.1074859631904207,OK
D9,correct_cd_modulated,0,254,20260906090001254,bootstrap_seed_v1,81857728b78095013779b4d61403f621,d104c1d83b03f23f78fb739081c20d2d,9f5ed317e4752f175d0eae151ef88f69,b6cb6d2e6652559e9cc441ff12fcd9f0,42,True,0.12059374262404518,OK
D9,correct_cd_modulated,0,255,20260906090001255,bootstrap_seed_v1,81857728b78095013779b4d61403f621,d104c1d83b03f23f78fb739081c20d2d,a628306dcab2e4e0f295f21bf665208b,09ca55ad3394780d3307f2cdb3831139,55,True,0.09751600197017185,OK
D9,correct_cd_modulated,0,256,20260906090001256,bootstrap_seed_v1,81857728b78095013779b4d61403f621,d104c1d83b03f23f78fb739081c20d2d,0ca1c58a908daf161837536328bd9229,cea438b713adfa0dc2f36c9d0638e63b,85,True,0.08365344276153308,OK
D9,correct_cd_modulated,0,257,20260906090001257,bootstrap_seed_v1,81857728b78095013779b4d61403f621,d104c1d83b03f23f78fb739081c20d2d,c6f606d7ec20233b2e1512b2b430d4d2,8a4f1afb7ce86fff580ea5f99d5c1d14,49,True,0.11454259655759003,OK
D9,correct_cd_modulated,0,258,20260906090001258,bootstrap_seed_v1,81857728b78095013779b4d61403f621,d104c1d83b03f23f78fb739081c20d2d,18ba328320bacb0423e335aeeac544b1,c6ecb6fa8a79bd7f04ff64f959d7117f,92,True,0.047320681702474277,OK
D9,correct_cd_modulated,0,259,20260906090001259,bootstrap_seed_v1,81857728b78095013779b4d61403f621,d104c1d83b03f23f78fb739081c20d2d,82c9fc0228ab91067282462df9920d91,820d797547ab5537e81065ad09459450,79,True,0.06391514811800603,OK
D9,correct_cd_modulated,0,260,20260906090001260,bootstrap_seed_v1,81857728b78095013779b4d61403f621,d104c1d83b03f23f78fb739081c20d2d,e47950ee0add889d30d475c414c45059,d9e2d9a40425efe3a77c7110cd2014f9,82,True,0.08635094695100975,OK
D9,correct_cd_modulated,0,261,20260906090001261,bootstrap_seed_v1,81857728b78095013779b4d61403f621,d104c1d83b03f23f78fb739081c20d2d,e9705a76d8ce779009fd7ed4aa8e0037,4055797ccbac9ed01cbec1f873851e45,68,True,0.07885230065591237,OK
D9,correct_cd_modulated,0,262,20260906090001262,bootstrap_seed_v1,81857728b78095013779b4d61403f621,d104c1d83b03f23f78fb739081c20d2d,356ebb5e5a7c2b0644c85ff3bc734b9d,862e654a07d3b6cad88bd98c09901b52,54,True,0.07085385489856016,OK
D9,correct_cd_modulated,0,263,20260906090001263,bootstrap_seed_v1,81857728b78095013779b4d61403f621,d104c1d83b03f23f78fb739081c20d2d,3f41cbe99356164520aa829ffc56baf9,f463b3f38a916fa265bf6e8b2277a683,70,True,0.07464780208710053,OK
D9,correct_cd_modulated,0,264,20260906090001264,bootstrap_seed_v1,81857728b78095013779b4d61403f621,d104c1d83b03f23f78fb739081c20d2d,9818f6bffe6dd65db731cce0d519bef7,58ad957fc2b53c9b6ded50487cc89e2d,53,True,0.09317797242248704,OK
D9,correct_cd_modulated,0,265,20260906090001265,bootstrap_seed_v1,81857728b78095013779b4d61403f621,d104c1d83b03f23f78fb739081c20d2d,74589ed269cb67fbd8e17d6490ccafa2,c03ca0c7bff0eacc3f1cea4156e23472,74,True,0.06653016911909382,OK
D9,correct_cd_modulated,0,266,20260906090001266,bootstrap_seed_v1,81857728b78095013779b4d61403f621,d104c1d83b03f23f78fb739081c20d2d,df372255218c2e1676fb6958f79383fa,1d9438b9516a16bc8fd1e6a298ff145a,58,True,0.07640993366757165,OK
D9,correct_cd_modulated,0,267,20260906090001267,bootstrap_seed_v1,81857728b78095013779b4d61403f621,d104c1d83b03f23f78fb739081c20d2d,b4bf2879dc6712d241fa35507b79b944,810423f2a137a6217412ddda03b56164,82,True,0.05562443439790854,OK
D9,correct_cd_modulated,0,268,20260906090001268,bootstrap_seed_v1,81857728b78095013779b4d61403f621,d104c1d83b03f23f78fb739081c20d2d,5523ddf66e3d6b0cfd8736ef4a84744a,75b734ea790baa6c80f0913087fe8b8b,86,True,0.06154020879829869,OK
D9,correct_cd_modulated,0,269,20260906090001269,bootstrap_seed_v1,81857728b78095013779b4d61403f621,d104c1d83b03f23f78fb739081c20d2d,7691d5655c76a0fe43cc4eed9ab691ce,187815677a85283db68c224d03383f62,78,True,0.045136774523841794,OK
D9,correct_cd_modulated,0,270,20260906090001270,bootstrap_seed_v1,81857728b78095013779b4d61403f621,d104c1d83b03f23f78fb739081c20d2d,1d71cb6c3a3f54c8149644753ca3c726,11fbe81b972e75d92ccfc4abaebfb23c,50,True,0.08405491186262581,OK
D9,correct_cd_modulated,0,271,20260906090001271,bootstrap_seed_v1,81857728b78095013779b4d61403f621,d104c1d83b03f23f78fb739081c20d2d,b89fb4d8a5e45af0caa57e20d624fad4,14dd20aadb2238a3f1c378136c16aed0,76,True,0.05202029975030931,OK
D9,correct_cd_modulated,0,272,20260906090001272,bootstrap_seed_v1,81857728b78095013779b4d61403f621,d104c1d83b03f23f78fb739081c20d2d,7ab7196b42bf8ece6497881e38897dae,0ddc509c078ecfd6c6c5b5b4aae55c82,114,True,0.0758530419115031,OK
D9,correct_cd_modulated,0,273,20260906090001273,bootstrap_seed_v1,81857728b78095013779b4d61403f621,d104c1d83b03f23f78fb739081c20d2d,9e84a5e6a73112a4ac35d70713f61c75,5e12b60e043b29eeac28c244fa8a9d42,77,True,0.08571233059321348,OK
D9,correct_cd_modulated,0,274,20260906090001274,bootstrap_seed_v1,81857728b78095013779b4d61403f621,d104c1d83b03f23f78fb739081c20d2d,758c51db9251e51d92306bcc253c2e65,1d309dccbed6538138ccc7b52664ddc4,80,True,0.07332277991590563,OK
D9,correct_cd_modulated,0,275,20260906090001275,bootstrap_seed_v1,81857728b78095013779b4d61403f621,d104c1d83b03f23f78fb739081c20d2d,285ca805ec03cd80be1a74f0eb03c506,b660c5179e6e2348b88d35f293d81777,102,True,0.07605003172055325,OK
D9,correct_cd_modulated,0,276,20260906090001276,bootstrap_seed_v1,81857728b78095013779b4d61403f621,d104c1d83b03f23f78fb739081c20d2d,e94f3013e595c5e4c2d616a57f4b2450,fa5046a7cfcbcfaf263730aeb9e87fac,56,True,0.09411117974073901,OK
D9,correct_cd_modulated,0,277,20260906090001277,bootstrap_seed_v1,81857728b78095013779b4d61403f621,d104c1d83b03f23f78fb739081c20d2d,e7f24cec6f2c5585e87757ff1b94cfcb,c4b3650ee542e85d85f02a78a010c180,53,True,0.12577313329301665,OK
D9,correct_cd_modulated,0,278,20260906090001278,bootstrap_seed_v1,81857728b78095013779b4d61403f621,d104c1d83b03f23f78fb739081c20d2d,79a1d359fefdc340b3c7312840d3e817,e92ab25fc650919736f6bf5c97729e4b,83,True,0.08626940911407,OK
D9,correct_cd_modulated,0,279,20260906090001279,bootstrap_seed_v1,81857728b78095013779b4d61403f621,d104c1d83b03f23f78fb739081c20d2d,d024a23db18da77f2f5ec76611b08993,fc3c532017e759247b0c1d44f56bde49,73,True,0.10990966801368202,OK
D9,correct_cd_modulated,0,280,20260906090001280,bootstrap_seed_v1,81857728b78095013779b4d61403f621,d104c1d83b03f23f78fb739081c20d2d,f2f784d3ae8c4c9f5cee6b2c3853b89b,c98d3deaa741ea0a4b5a784d34cdd80e,104,True,0.05500140700764422,OK
D9,correct_cd_modulated,0,281,20260906090001281,bootstrap_seed_v1,81857728b78095013779b4d61403f621,d104c1d83b03f23f78fb739081c20d2d,22e7aaf77fd9cc677d3d588518fe25fb,443b5f34b433f78d8f93741bd8fdd66c,75,True,0.11803636229108638,OK
D9,correct_cd_modulated,0,282,20260906090001282,bootstrap_seed_v1,81857728b78095013779b4d61403f621,d104c1d83b03f23f78fb739081c20d2d,ec0351bcc503cb10c46c269f81ec84d3,e43fa63b42aade379be29467497405a9,93,True,0.1093412159562811,OK
D9,correct_cd_modulated,0,283,20260906090001283,bootstrap_seed_v1,81857728b78095013779b4d61403f621,d104c1d83b03f23f78fb739081c20d2d,7664642701c89638b4d4f3e62ebf214d,4cf89de82233f19ea1936cde9fc6c97c,89,True,0.07581635150958266,OK
D9,correct_cd_modulated,0,284,20260906090001284,bootstrap_seed_v1,81857728b78095013779b4d61403f621,d104c1d83b03f23f78fb739081c20d2d,d9ca26cf6cc62fab2f352a5bc2ceff76,e43b52bcfbb2954c05c366f306fcaf64,83,True,0.1080495242182852,OK
D9,correct_cd_modulated,0,285,20260906090001285,bootstrap_seed_v1,81857728b78095013779b4d61403f621,d104c1d83b03f23f78fb739081c20d2d,0987da93ac293d1027edbd1a2734e07b,20e6092f061052d03874c361cb7ff60d,88,True,0.06585360976706275,OK
D9,correct_cd_modulated,0,286,20260906090001286,bootstrap_seed_v1,81857728b78095013779b4d61403f621,d104c1d83b03f23f78fb739081c20d2d,dbfd12b5ab32058e23cb91154b36ba2e,73c43f0621c882ad5e3145e25c993d5f,63,True,0.09151191093228672,OK
D9,correct_cd_modulated,0,287,20260906090001287,bootstrap_seed_v1,81857728b78095013779b4d61403f621,d104c1d83b03f23f78fb739081c20d2d,624a897c97e45e7f2bc8a6ca5befd82b,9a5ccda96b246809fa65c99cc11d4984,72,True,0.08228721428133579,OK
D9,correct_cd_modulated,0,288,20260906090001288,bootstrap_seed_v1,81857728b78095013779b4d61403f621,d104c1d83b03f23f78fb739081c20d2d,257aae0f8e43313b377af6ff308b94ef,6c45d9e1691869f441c8546df115ebd6,65,True,0.12324130886124485,OK
D9,correct_cd_modulated,0,289,20260906090001289,bootstrap_seed_v1,81857728b78095013779b4d61403f621,d104c1d83b03f23f78fb739081c20d2d,39f6019c82c76a7e6fe5cb07aded1845,09701f26f55ae331c75371f342349c86,56,True,0.0836720128688993,OK
D9,correct_cd_modulated,0,290,20260906090001290,bootstrap_seed_v1,81857728b78095013779b4d61403f621,d104c1d83b03f23f78fb739081c20d2d,b765d5e38e2aa5c76d64b288b1105ca8,32242b7ba306065fcfcfd0731def9a45,51,True,0.09568376918603927,OK
D9,correct_cd_modulated,0,291,20260906090001291,bootstrap_seed_v1,81857728b78095013779b4d61403f621,d104c1d83b03f23f78fb739081c20d2d,18b5816aab5bc20ce629e96714cbc700,6cd79ba5b2ebf2a17d04621b06dfb165,97,True,0.070949511619543,OK
D9,correct_cd_modulated,0,292,20260906090001292,bootstrap_seed_v1,81857728b78095013779b4d61403f621,d104c1d83b03f23f78fb739081c20d2d,16f2d0f607ffbc20abac5432153639f5,98063abf66dda2c0ba4a94f8b18d239f,80,True,0.06078011145726231,OK
D9,correct_cd_modulated,0,293,20260906090001293,bootstrap_seed_v1,81857728b78095013779b4d61403f621,d104c1d83b03f23f78fb739081c20d2d,6344bcf566160b45e82bc6b203cc65a3,aa7271cddeda5b39ad8cca0367d3ceba,71,True,0.09072422632447319,OK
D9,correct_cd_modulated,0,294,20260906090001294,bootstrap_seed_v1,81857728b78095013779b4d61403f621,d104c1d83b03f23f78fb739081c20d2d,cfa9599f1ffd999d0cea39ac5886daaf,b59065e033dad1bdcfc97e96bebb34eb,76,True,0.10820476377658883,OK
D9,correct_cd_modulated,0,295,20260906090001295,bootstrap_seed_v1,81857728b78095013779b4d61403f621,d104c1d83b03f23f78fb739081c20d2d,beefffed6fb30dabc37dc8ac62151592,6d49c468f11f63787ed76cce7de8a963,54,True,0.08291004722678982,OK
D9,correct_cd_modulated,0,296,20260906090001296,bootstrap_seed_v1,81857728b78095013779b4d61403f621,d104c1d83b03f23f78fb739081c20d2d,0fe701876119f63a540a59441a522f9c,6975919df956edeaa4761f64236ddf18,81,True,0.07107813123037976,OK
D9,correct_cd_modulated,0,297,20260906090001297,bootstrap_seed_v1,81857728b78095013779b4d61403f621,d104c1d83b03f23f78fb739081c20d2d,2a5448b61f3bfd8128150ce984738de5,2a18f8d5cd4b7b666fde3e078471e5e9,43,True,0.07975954695220477,OK
D9,correct_cd_modulated,0,298,20260906090001298,bootstrap_seed_v1,81857728b78095013779b4d61403f621,d104c1d83b03f23f78fb739081c20d2d,ee4220c58d5071c313d89251c8327de4,6544280fd6f83294b0129fa32d778571,61,True,0.0689661297961357,OK
D9,correct_cd_modulated,0,299,20260906090001299,bootstrap_seed_v1,81857728b78095013779b4d61403f621,d104c1d83b03f23f78fb739081c20d2d,96c94ca1fff8f4a2037825af80ab55bd,8527410a76b49e693c9b7286ef1eb2d5,80,True,0.09417717996124297,OK
D9,correct_cd_modulated,0,300,20260906090001300,bootstrap_seed_v1,81857728b78095013779b4d61403f621,d104c1d83b03f23f78fb739081c20d2d,e87a9b9a31f6e002074bc50f48fcdc56,0e8d3b9174721178a691e443995df8c9,80,True,0.09077593334130978,OK
D9,correct_cd_modulated,0,301,20260906090001301,bootstrap_seed_v1,81857728b78095013779b4d61403f621,d104c1d83b03f23f78fb739081c20d2d,9eab4bf4b1b79ea0a25d108628accb40,9e379a28fabc14b29df837fe0f734d0f,88,True,0.0902331884451702,OK
D9,correct_cd_modulated,0,302,20260906090001302,bootstrap_seed_v1,81857728b78095013779b4d61403f621,d104c1d83b03f23f78fb739081c20d2d,3b81d561fc89aa8e6f51e773ba2f13a3,56302dada46264c97ff2f1987b7ad31d,108,True,0.051558577006594775,OK
D9,correct_cd_modulated,0,303,20260906090001303,bootstrap_seed_v1,81857728b78095013779b4d61403f621,d104c1d83b03f23f78fb739081c20d2d,7a30e5781fec8a54cba4831028e7007c,08f22d39b38e8be2c80f93f9a334eafe,37,True,0.10037486436946841,OK
D9,correct_cd_modulated,0,304,20260906090001304,bootstrap_seed_v1,81857728b78095013779b4d61403f621,d104c1d83b03f23f78fb739081c20d2d,619204df6a65cf467b43024acbf5cff6,cfb4a9b665c82c3fac99ea68cc3be9b0,49,True,0.07174366171275987,OK
D9,correct_cd_modulated,0,305,20260906090001305,bootstrap_seed_v1,81857728b78095013779b4d61403f621,d104c1d83b03f23f78fb739081c20d2d,9b702f3ffb5a2034098b1497ea32e9bc,188ea39712079eab90e38a976015a1ef,63,True,0.06627964788621071,OK
D9,correct_cd_modulated,0,306,20260906090001306,bootstrap_seed_v1,81857728b78095013779b4d61403f621,d104c1d83b03f23f78fb739081c20d2d,90b5fa0a3634d35b5cf9117498b2ea03,6c0ddf6e4a96522cc1bb605101fbe5b8,46,True,0.11064441815900072,OK
D9,correct_cd_modulated,0,307,20260906090001307,bootstrap_seed_v1,81857728b78095013779b4d61403f621,d104c1d83b03f23f78fb739081c20d2d,728f26e8cf6294415426d5b01dbc7c7c,c09d99e6725684f1928143fc95856620,98,True,0.07687356143764176,OK
D9,correct_cd_modulated,0,308,20260906090001308,bootstrap_seed_v1,81857728b78095013779b4d61403f621,d104c1d83b03f23f78fb739081c20d2d,7ade2aeb09b65e5956ba7a544a5ff25a,003f3dc743438b448ea3d2fcfabfdf03,70,True,0.07713281233526853,OK
D9,correct_cd_modulated,0,309,20260906090001309,bootstrap_seed_v1,81857728b78095013779b4d61403f621,d104c1d83b03f23f78fb739081c20d2d,3ffb48e1d62981eca106266faea33a7e,ae08d3712a44801e78d779350825961d,72,True,0.09681961759339136,OK
D9,correct_cd_modulated,0,310,20260906090001310,bootstrap_seed_v1,81857728b78095013779b4d61403f621,d104c1d83b03f23f78fb739081c20d2d,25e5f71ee03625d51244a788c83b760d,eedeb3e569f2f7502e284f140721e69c,61,True,0.09157122773344017,OK
D9,correct_cd_modulated,0,311,20260906090001311,bootstrap_seed_v1,81857728b78095013779b4d61403f621,d104c1d83b03f23f78fb739081c20d2d,26ba72d92d344127efb74dea59a6a22e,346a6b0a71b2109644faced270f792c9,73,True,0.12400222706367747,OK
D9,correct_cd_modulated,0,312,20260906090001312,bootstrap_seed_v1,81857728b78095013779b4d61403f621,d104c1d83b03f23f78fb739081c20d2d,6de5f4bc13469c296d92e144b6c721b5,3dda56152a95cdf7f98414fe6b7c51e9,99,True,0.0474737873144912,OK
D9,correct_cd_modulated,0,313,20260906090001313,bootstrap_seed_v1,81857728b78095013779b4d61403f621,d104c1d83b03f23f78fb739081c20d2d,87d28dc7f3b09bf87b93a4debfbbeb90,a8320d49b35454db8c20f943d9c5db47,74,True,0.07858469490448003,OK
D9,correct_cd_modulated,0,314,20260906090001314,bootstrap_seed_v1,81857728b78095013779b4d61403f621,d104c1d83b03f23f78fb739081c20d2d,9f00c6e7bbfc4249949d02b33210ffe7,2bd828b3e3fa40386c4058c0461f5c14,64,True,0.11292424268066659,OK
D9,correct_cd_modulated,0,315,20260906090001315,bootstrap_seed_v1,81857728b78095013779b4d61403f621,d104c1d83b03f23f78fb739081c20d2d,cf0762c98966b42c3cef26c1c1061315,f5f44e57a08de23143ba33d4fe499cca,36,True,0.1116361015687557,OK
D9,correct_cd_modulated,0,316,20260906090001316,bootstrap_seed_v1,81857728b78095013779b4d61403f621,d104c1d83b03f23f78fb739081c20d2d,fc2bb1ac4d431f59ac525e16407d9bcd,6019427d8dccf6bd229a84e88991807e,105,True,0.06492851753763768,OK
D9,correct_cd_modulated,0,317,20260906090001317,bootstrap_seed_v1,81857728b78095013779b4d61403f621,d104c1d83b03f23f78fb739081c20d2d,d3a1ba754f30b699f420e2a51a5c7f35,a2bf1ee724f772a6301095da1899d79e,70,True,0.09640397376459253,OK
D9,correct_cd_modulated,0,318,20260906090001318,bootstrap_seed_v1,81857728b78095013779b4d61403f621,d104c1d83b03f23f78fb739081c20d2d,3f4da639ce978bd3dab44d83fc183318,1afd56d22252e0173c6bfcf612790077,98,True,0.06913803004003505,OK
D9,correct_cd_modulated,0,319,20260906090001319,bootstrap_seed_v1,81857728b78095013779b4d61403f621,d104c1d83b03f23f78fb739081c20d2d,19bb16200beb1454aca0781de2c9abe4,75167a3f91955c200b24b4a8840469aa,55,True,0.09066371620981348,OK
D9,correct_cd_modulated,0,320,20260906090001320,bootstrap_seed_v1,81857728b78095013779b4d61403f621,d104c1d83b03f23f78fb739081c20d2d,0e1ce6e13e2bee12d2b06190f8ad71e5,3f8fcacf1527165dd1277451617977ba,63,True,0.10449396833084051,OK
D9,correct_cd_modulated,0,321,20260906090001321,bootstrap_seed_v1,81857728b78095013779b4d61403f621,d104c1d83b03f23f78fb739081c20d2d,0d4d12a2b6105d2f80291289953b9f75,1ef548463719f40788bf9a1fd46050df,62,True,0.08584248672203876,OK
D9,correct_cd_modulated,0,322,20260906090001322,bootstrap_seed_v1,81857728b78095013779b4d61403f621,d104c1d83b03f23f78fb739081c20d2d,65d31df0986f97a4f09597257ec06e93,b927e5499333a3e37dd5cfd5ad7fea64,66,True,0.05854354845404053,OK
D9,correct_cd_modulated,0,323,20260906090001323,bootstrap_seed_v1,81857728b78095013779b4d61403f621,d104c1d83b03f23f78fb739081c20d2d,7ee1157c77b56d8d70d901752d720386,bb707c74d6c9f85a64ba9ac8f5063688,62,True,0.07605302297160133,OK
D9,correct_cd_modulated,0,324,20260906090001324,bootstrap_seed_v1,81857728b78095013779b4d61403f621,d104c1d83b03f23f78fb739081c20d2d,2272f74cef57689fa5778ed8485c4849,bfd669cf630f89f5c78798e676c06e08,68,True,0.09484033316871424,OK
D9,correct_cd_modulated,0,325,20260906090001325,bootstrap_seed_v1,81857728b78095013779b4d61403f621,d104c1d83b03f23f78fb739081c20d2d,cc4b40b3bd8bae0ce12f80a27fb1efb4,43ba302d1b5f860baadb847894106e3d,67,True,0.0969148417492105,OK
D9,correct_cd_modulated,0,326,20260906090001326,bootstrap_seed_v1,81857728b78095013779b4d61403f621,d104c1d83b03f23f78fb739081c20d2d,44b0faf9342e62273adfa0ca04500236,33244517eb327dc2070206fe436ec1ba,99,True,0.14440180266132774,OK
D9,correct_cd_modulated,0,327,20260906090001327,bootstrap_seed_v1,81857728b78095013779b4d61403f621,d104c1d83b03f23f78fb739081c20d2d,0e66046b3fc3a3cbb2fd35f7a2894c8f,a4e6091d8f938f56eb7bcad1992ad87f,60,True,0.09400253206761855,OK
D9,correct_cd_modulated,0,328,20260906090001328,bootstrap_seed_v1,81857728b78095013779b4d61403f621,d104c1d83b03f23f78fb739081c20d2d,a1ab50fdf68b05ec9252f6b379a66ffd,e84fc17a9b1dd1ba36e71611598ab940,92,True,0.07632945767706861,OK
D9,correct_cd_modulated,0,329,20260906090001329,bootstrap_seed_v1,81857728b78095013779b4d61403f621,d104c1d83b03f23f78fb739081c20d2d,a44e7afb7610d526b3269dc746b0bbd2,f15ed89aea30f710ac240850e4edac85,76,True,0.10986811690978157,OK
D9,correct_cd_modulated,0,330,20260906090001330,bootstrap_seed_v1,81857728b78095013779b4d61403f621,d104c1d83b03f23f78fb739081c20d2d,e9d612373498a2378f0c0441e684a3e5,1b8207fbfcde8cce561162be1b5034a0,70,True,0.08441549483873712,OK
D9,correct_cd_modulated,0,331,20260906090001331,bootstrap_seed_v1,81857728b78095013779b4d61403f621,d104c1d83b03f23f78fb739081c20d2d,ab14fd30aa6c847d101ab0b6dff25f57,9db8694a796981389216f04c8bd8449b,100,True,0.06564921494450049,OK
D9,correct_cd_modulated,0,332,20260906090001332,bootstrap_seed_v1,81857728b78095013779b4d61403f621,d104c1d83b03f23f78fb739081c20d2d,837761668d2155750a23c30136203aad,bb13c984f23dda27d7c3af104198b198,100,True,0.05443724391298889,OK
D9,correct_cd_modulated,0,333,20260906090001333,bootstrap_seed_v1,81857728b78095013779b4d61403f621,d104c1d83b03f23f78fb739081c20d2d,e3563cf7138dc32e5c7801dd6028e4d1,dc2cf95222c5e4d5dc27f0b3f27e28fe,51,True,0.10004470806352606,OK
D9,correct_cd_modulated,0,334,20260906090001334,bootstrap_seed_v1,81857728b78095013779b4d61403f621,d104c1d83b03f23f78fb739081c20d2d,394af9fa6351caeafd3655e3b1cb9795,2af96e312ab2e0255af28b4e90aecbae,60,True,0.06441906488040125,OK
D9,correct_cd_modulated,0,335,20260906090001335,bootstrap_seed_v1,81857728b78095013779b4d61403f621,d104c1d83b03f23f78fb739081c20d2d,8a438efd56e783710e8dd1328a42b0aa,ac0ed6bd73e2a1b59b8af79ceb89447f,60,True,0.05979703007480561,OK
D9,correct_cd_modulated,0,336,20260906090001336,bootstrap_seed_v1,81857728b78095013779b4d61403f621,d104c1d83b03f23f78fb739081c20d2d,8c5daee29eee4c2b383765ad5de7eca3,3c5c3dd5b210a84722353ee0a2c3ae53,79,True,0.08534958636532564,OK
D9,correct_cd_modulated,0,337,20260906090001337,bootstrap_seed_v1,81857728b78095013779b4d61403f621,d104c1d83b03f23f78fb739081c20d2d,721d705449c26af373bf659028b4ad5d,70624e3331610c89155ff47abbf608c8,59,True,0.11709372022312098,OK
D9,correct_cd_modulated,0,338,20260906090001338,bootstrap_seed_v1,81857728b78095013779b4d61403f621,d104c1d83b03f23f78fb739081c20d2d,d3c731fdfc7cf6e5c7f5015744429948,9a2131728c812e5675f9cf4698ef979c,88,True,0.059851211783720215,OK
D9,correct_cd_modulated,0,339,20260906090001339,bootstrap_seed_v1,81857728b78095013779b4d61403f621,d104c1d83b03f23f78fb739081c20d2d,1c54ccc0877a9ec7ee996dc319322dc2,ea26c96daf8116ab86500e2e6f4f0999,72,True,0.08169989362794924,OK
D9,correct_cd_modulated,0,340,20260906090001340,bootstrap_seed_v1,81857728b78095013779b4d61403f621,d104c1d83b03f23f78fb739081c20d2d,4b98fa9f648cc0ed4ae25f8415c97b87,feb003688786bf8dd1aa6a69e68fde21,67,True,0.14502356697504498,OK
D9,correct_cd_modulated,0,341,20260906090001341,bootstrap_seed_v1,81857728b78095013779b4d61403f621,d104c1d83b03f23f78fb739081c20d2d,8b81f4ca06b00a9fa9d5a4789f1fa9a3,478562b884f3f65170a1eaa006c85413,68,True,0.05174924808594582,OK
D9,correct_cd_modulated,0,342,20260906090001342,bootstrap_seed_v1,81857728b78095013779b4d61403f621,d104c1d83b03f23f78fb739081c20d2d,86fb43bc4a584f0c7f075516bd0b9f1f,f81e76e524e18e5c9ecec0ea20dea675,60,True,0.10511803410681941,OK
D9,correct_cd_modulated,0,343,20260906090001343,bootstrap_seed_v1,81857728b78095013779b4d61403f621,d104c1d83b03f23f78fb739081c20d2d,70a060dd6c6fa75e7327c2dbff6d7557,86e684ef704d00bbf64bccc72c87cdc9,55,True,0.08461966591732262,OK
D9,correct_cd_modulated,0,344,20260906090001344,bootstrap_seed_v1,81857728b78095013779b4d61403f621,d104c1d83b03f23f78fb739081c20d2d,2f37f857b21ea9a3490c6aae96c0cb6f,3245ae8b882844bffca92b95a355fea5,54,True,0.07166412520570065,OK
D9,correct_cd_modulated,0,345,20260906090001345,bootstrap_seed_v1,81857728b78095013779b4d61403f621,d104c1d83b03f23f78fb739081c20d2d,22a95b23985bfd41d739560b4d792dd2,75c0faa493b5e729020eb5d483ad40c5,55,True,0.07001225069984685,OK
D9,correct_cd_modulated,0,346,20260906090001346,bootstrap_seed_v1,81857728b78095013779b4d61403f621,d104c1d83b03f23f78fb739081c20d2d,e1c95b180fdaf1e81b1e0ba81184fa9a,79fc8583a87f305a57e76aae380fb41a,76,True,0.07018291782580921,OK
D9,correct_cd_modulated,0,347,20260906090001347,bootstrap_seed_v1,81857728b78095013779b4d61403f621,d104c1d83b03f23f78fb739081c20d2d,54178678675476455d8a737100f8befe,1f476060e9651cd4db517d856565ee5f,67,True,0.09835558747101186,OK
D9,correct_cd_modulated,0,348,20260906090001348,bootstrap_seed_v1,81857728b78095013779b4d61403f621,d104c1d83b03f23f78fb739081c20d2d,f0209f52778ffa68c4efab0a0a6d815f,981c098da1fb0002c94de62969f13fc7,58,True,0.049744502308618765,OK
D9,correct_cd_modulated,0,349,20260906090001349,bootstrap_seed_v1,81857728b78095013779b4d61403f621,d104c1d83b03f23f78fb739081c20d2d,e7ea56dd0f9ef5774f339262babfedd8,cd0f03fff099d0fd93e2e27126ac5ecb,59,True,0.05527277631176222,OK
D9,correct_cd_modulated,0,350,20260906090001350,bootstrap_seed_v1,81857728b78095013779b4d61403f621,d104c1d83b03f23f78fb739081c20d2d,17236f38d1f13cc08101608939e3177f,73e1d23f3b834ad21d5cebf0626784d9,85,True,0.06109245797612034,OK
D9,correct_cd_modulated,0,351,20260906090001351,bootstrap_seed_v1,81857728b78095013779b4d61403f621,d104c1d83b03f23f78fb739081c20d2d,11c66d6b3ccee626cfa748e7f5c01012,f2aec75914b6d1a34c71a2fa80a81138,73,True,0.06856067212231132,OK
D9,correct_cd_modulated,0,352,20260906090001352,bootstrap_seed_v1,81857728b78095013779b4d61403f621,d104c1d83b03f23f78fb739081c20d2d,49f1f3662214428465cf881614819848,0901880db13f5ecbac8de2a1a49e9780,90,True,0.06633768838773657,OK
D9,correct_cd_modulated,0,353,20260906090001353,bootstrap_seed_v1,81857728b78095013779b4d61403f621,d104c1d83b03f23f78fb739081c20d2d,a83841de2f0a1a941f332af92b94b0ea,2da901246c7c854f5481ff9f3955fbad,100,True,0.10589356427430871,OK
D9,correct_cd_modulated,0,354,20260906090001354,bootstrap_seed_v1,81857728b78095013779b4d61403f621,d104c1d83b03f23f78fb739081c20d2d,6c8715ca96bc2af403a19261116b910b,2c6c58acea9926ead111920268b4ebfc,68,True,0.06394007938529767,OK
D9,correct_cd_modulated,0,355,20260906090001355,bootstrap_seed_v1,81857728b78095013779b4d61403f621,d104c1d83b03f23f78fb739081c20d2d,1eda5c714bbcc4d14bc9ff7a4b6cdc6c,15af3275a93f825d0e83ea4f96715b2c,61,True,0.09654978213974619,OK
D9,correct_cd_modulated,0,356,20260906090001356,bootstrap_seed_v1,81857728b78095013779b4d61403f621,d104c1d83b03f23f78fb739081c20d2d,9c7ba333db48f8f28b5b276d36369863,da7c0fe9e1bf0f4afc38a6102a2ceafe,82,True,0.08472374849400499,OK
D9,correct_cd_modulated,0,357,20260906090001357,bootstrap_seed_v1,81857728b78095013779b4d61403f621,d104c1d83b03f23f78fb739081c20d2d,4510df3b8fe4a8b339ab23ed7a643ad6,3568b92789cc886ced4adbbaf30a0012,51,True,0.1356332814766118,OK
D9,correct_cd_modulated,0,358,20260906090001358,bootstrap_seed_v1,81857728b78095013779b4d61403f621,d104c1d83b03f23f78fb739081c20d2d,89ef9e82cf57016b56af1044cb16ef6a,9e3fcc1225c0629199de3430ad278e86,57,True,0.08677634601855128,OK
D9,correct_cd_modulated,0,359,20260906090001359,bootstrap_seed_v1,81857728b78095013779b4d61403f621,d104c1d83b03f23f78fb739081c20d2d,30b7585080563f9097ac670798f93b6d,54c7f935427d64207e5f18ba9a9b45c2,62,True,0.071217363391359,OK
D9,correct_cd_modulated,0,360,20260906090001360,bootstrap_seed_v1,81857728b78095013779b4d61403f621,d104c1d83b03f23f78fb739081c20d2d,89e302c1baa6ed7cdbcb7ccfc3da74be,c3c7a5c6a8ba1cfcbf264565213c5b7f,64,True,0.12273823434156572,OK
D9,correct_cd_modulated,0,361,20260906090001361,bootstrap_seed_v1,81857728b78095013779b4d61403f621,d104c1d83b03f23f78fb739081c20d2d,609262c49802d922bac8b1e556194850,03c6f4aa73e65f5a0e244a39827fce1b,97,True,0.0562815336470639,OK
D9,correct_cd_modulated,0,362,20260906090001362,bootstrap_seed_v1,81857728b78095013779b4d61403f621,d104c1d83b03f23f78fb739081c20d2d,eef8ddf5f409fa8691421bec490c478d,8ef91bb96135e0dd79672353270ef193,115,True,0.0465310133920665,OK
D9,correct_cd_modulated,0,363,20260906090001363,bootstrap_seed_v1,81857728b78095013779b4d61403f621,d104c1d83b03f23f78fb739081c20d2d,8f2d1c8636dbdde27915fc8aed000ec8,4b7b7c196d918c9739a226b4d3dcb191,61,True,0.0840697340710771,OK
D9,correct_cd_modulated,0,364,20260906090001364,bootstrap_seed_v1,81857728b78095013779b4d61403f621,d104c1d83b03f23f78fb739081c20d2d,a6b36b6dac367027d36109b3f190b468,30b7b2c0a189c1b7725a11096b1bd3c3,49,True,0.08191629997681438,OK
D9,correct_cd_modulated,0,365,20260906090001365,bootstrap_seed_v1,81857728b78095013779b4d61403f621,d104c1d83b03f23f78fb739081c20d2d,80972e3dc2624a3220197b400c0f5400,dc2509133e2a50980e4a2a3b4c158b26,55,True,0.15076321156765388,OK
D9,correct_cd_modulated,0,366,20260906090001366,bootstrap_seed_v1,81857728b78095013779b4d61403f621,d104c1d83b03f23f78fb739081c20d2d,c98eedb0d5fe967f894cb1a7e8511715,bab9cd3f220fa2145d7a438a7cd6ac8e,54,True,0.0902698207651137,OK
D9,correct_cd_modulated,0,367,20260906090001367,bootstrap_seed_v1,81857728b78095013779b4d61403f621,d104c1d83b03f23f78fb739081c20d2d,6b05c07abc33bef355332387c5393d21,dad9e9637a85a4909dab4a30956ce490,77,True,0.07472237422933337,OK
D9,correct_cd_modulated,0,368,20260906090001368,bootstrap_seed_v1,81857728b78095013779b4d61403f621,d104c1d83b03f23f78fb739081c20d2d,5d072b2c7ca6a1b30e8d8b54fac9d693,fc1bad0a5aceead5bf253312f261bcf3,62,True,0.08247105526484566,OK
D9,correct_cd_modulated,0,369,20260906090001369,bootstrap_seed_v1,81857728b78095013779b4d61403f621,d104c1d83b03f23f78fb739081c20d2d,ae2494cb7801a9a4534e4779e7ab874d,296c89e849b0cbffd2506e45d35720eb,73,True,0.07131343068750784,OK
D9,correct_cd_modulated,0,370,20260906090001370,bootstrap_seed_v1,81857728b78095013779b4d61403f621,d104c1d83b03f23f78fb739081c20d2d,a421ecc3cab5105eec8bbf01e129f96a,8de0d2fb6f05138d174a4ba9645d76a0,86,True,0.0938147085130161,OK
D9,correct_cd_modulated,0,371,20260906090001371,bootstrap_seed_v1,81857728b78095013779b4d61403f621,d104c1d83b03f23f78fb739081c20d2d,87d2defa06be6cab4f819c8bd1376c96,e23a53d66235e4bd11211e3e4a8eb6bc,64,True,0.09405221520533136,OK
D9,correct_cd_modulated,0,372,20260906090001372,bootstrap_seed_v1,81857728b78095013779b4d61403f621,d104c1d83b03f23f78fb739081c20d2d,6c44ed5c73809c63634db73ad3799b66,c697011a0d8375491fc9c497ae30c6cd,40,True,0.09386034033171325,OK
D9,correct_cd_modulated,0,373,20260906090001373,bootstrap_seed_v1,81857728b78095013779b4d61403f621,d104c1d83b03f23f78fb739081c20d2d,17ae212fc08848a0278cd642d3c792e8,8df53ac38970e75d1a616dd76ce3dfc6,87,True,0.06469780576733225,OK
D9,correct_cd_modulated,0,374,20260906090001374,bootstrap_seed_v1,81857728b78095013779b4d61403f621,d104c1d83b03f23f78fb739081c20d2d,0cad29c33b712bbac1566878e005ad05,9483e6de23baac096564e1acb73aa535,65,True,0.0708145269714302,OK
D9,correct_cd_modulated,0,375,20260906090001375,bootstrap_seed_v1,81857728b78095013779b4d61403f621,d104c1d83b03f23f78fb739081c20d2d,3b65858a7a4e137baf4fb9595ecbb70a,36b7b0e752ddd675fc96b0522cbb6063,69,True,0.07312802375725092,OK
D9,correct_cd_modulated,0,376,20260906090001376,bootstrap_seed_v1,81857728b78095013779b4d61403f621,d104c1d83b03f23f78fb739081c20d2d,5d047063e838627d7f74707d4e66c8fd,514dbbbf3a0f7f6cc02942086a0b2e6e,112,True,0.08846926479544892,OK
D9,correct_cd_modulated,0,377,20260906090001377,bootstrap_seed_v1,81857728b78095013779b4d61403f621,d104c1d83b03f23f78fb739081c20d2d,c0653406cdfcc88bca9e3e982d602f20,67592b5a3387985cea1ef5b79062387b,60,True,0.05944120526815533,OK
D9,correct_cd_modulated,0,378,20260906090001378,bootstrap_seed_v1,81857728b78095013779b4d61403f621,d104c1d83b03f23f78fb739081c20d2d,de80c326aeaf73f0cefe5911a5806fcd,7f8b43bcc29ea2f4e4a4a75d3e4e7973,87,True,0.06817454700036474,OK
D9,correct_cd_modulated,0,379,20260906090001379,bootstrap_seed_v1,81857728b78095013779b4d61403f621,d104c1d83b03f23f78fb739081c20d2d,dfa18b77ed0ff75da14bb00bf07c5b5b,26304fe34d550da48c82be01818ec1a7,89,True,0.06647743141263823,OK
D9,correct_cd_modulated,0,380,20260906090001380,bootstrap_seed_v1,81857728b78095013779b4d61403f621,d104c1d83b03f23f78fb739081c20d2d,5188da34985784876e19915ef6d21419,6e073afef7283b82f21f83ae02a7c537,86,True,0.07887725608121077,OK
D9,correct_cd_modulated,0,381,20260906090001381,bootstrap_seed_v1,81857728b78095013779b4d61403f621,d104c1d83b03f23f78fb739081c20d2d,f1fc5d39a5d4cdee1ee72f6acaa25df3,17bc25c5716de91e73e010a9647772b1,68,True,0.06372571677406436,OK
D9,correct_cd_modulated,0,382,20260906090001382,bootstrap_seed_v1,81857728b78095013779b4d61403f621,d104c1d83b03f23f78fb739081c20d2d,4c34a82f11b353a37dc0a433111ce905,e0df935232edf5747dfacdbe5253f6a8,83,True,0.10114256188622561,OK
D9,correct_cd_modulated,0,383,20260906090001383,bootstrap_seed_v1,81857728b78095013779b4d61403f621,d104c1d83b03f23f78fb739081c20d2d,34b381fe7da30920d930ce34e022deb8,30cddd6738fd2517393d148bcb6b8658,94,True,0.0967632809010901,OK
D9,correct_cd_modulated,0,384,20260906090001384,bootstrap_seed_v1,81857728b78095013779b4d61403f621,d104c1d83b03f23f78fb739081c20d2d,c0891811c848a801cfce071136622f66,a0d2fa5aa7d58ebc49ad2b1d617286eb,114,True,0.08202189096833107,OK
D9,correct_cd_modulated,0,385,20260906090001385,bootstrap_seed_v1,81857728b78095013779b4d61403f621,d104c1d83b03f23f78fb739081c20d2d,1686a6004f6875cff85b29757001ad4b,f4591d58ee86fd8fd4b8ecd4060f78ad,60,True,0.051455827798503107,OK
D9,correct_cd_modulated,0,386,20260906090001386,bootstrap_seed_v1,81857728b78095013779b4d61403f621,d104c1d83b03f23f78fb739081c20d2d,1c9b988ddcf136c8c11e989b04837784,77ac0008fd04dc17b0de2c18995e63c9,87,True,0.05927078135191166,OK
D9,correct_cd_modulated,0,387,20260906090001387,bootstrap_seed_v1,81857728b78095013779b4d61403f621,d104c1d83b03f23f78fb739081c20d2d,9a5ae32aa4695ba4f0fe41563323ce28,536224560897251c41467c7f6a2a288d,76,True,0.08305428738946385,OK
D9,correct_cd_modulated,0,388,20260906090001388,bootstrap_seed_v1,81857728b78095013779b4d61403f621,d104c1d83b03f23f78fb739081c20d2d,f5630f1b0f77bed98c91648432e4a3b6,efaf62c7ef529cc91b7837bf9371e3e5,91,True,0.04920112345715988,OK
D9,correct_cd_modulated,0,389,20260906090001389,bootstrap_seed_v1,81857728b78095013779b4d61403f621,d104c1d83b03f23f78fb739081c20d2d,50b9115d6b73951adc23ab1a6852ba8f,d649df5885ce42b1e79c3efbb63a0681,59,True,0.09722595982585225,OK
D9,correct_cd_modulated,0,390,20260906090001390,bootstrap_seed_v1,81857728b78095013779b4d61403f621,d104c1d83b03f23f78fb739081c20d2d,686bf7bde6de8f1c4f90a605f9c5d0a9,46e2c4d88d4cab300b5c4fe6be1aff93,103,True,0.07956399048739227,OK
D9,correct_cd_modulated,0,391,20260906090001391,bootstrap_seed_v1,81857728b78095013779b4d61403f621,d104c1d83b03f23f78fb739081c20d2d,318e336f5b117a3797656ae94e6fab28,cd93c8bbd7a31466d352875d989ba200,65,True,0.10455334991299525,OK
D9,correct_cd_modulated,0,392,20260906090001392,bootstrap_seed_v1,81857728b78095013779b4d61403f621,d104c1d83b03f23f78fb739081c20d2d,c2b42a010ce8410257f5cb26755aed10,fa94e7cbee688a81e5b85f135bc80791,54,True,0.0587334352670586,OK
D9,correct_cd_modulated,0,393,20260906090001393,bootstrap_seed_v1,81857728b78095013779b4d61403f621,d104c1d83b03f23f78fb739081c20d2d,59627049c9774dfba68afda71b9e0909,9195a78b69cf27ca715ecba7937ee627,86,True,0.10407549700433916,OK
D9,correct_cd_modulated,0,394,20260906090001394,bootstrap_seed_v1,81857728b78095013779b4d61403f621,d104c1d83b03f23f78fb739081c20d2d,e44e0807499722b6e8d4fcd122027877,0332a5e98f38e73d9ca88696eb0309f1,67,True,0.07434968272491152,OK
D9,correct_cd_modulated,0,395,20260906090001395,bootstrap_seed_v1,81857728b78095013779b4d61403f621,d104c1d83b03f23f78fb739081c20d2d,2ac0021e529b10fcf1d2932f8303d473,33937d9d0ca27d46db696d3b61c91d22,97,True,0.04608368264864793,OK
D9,correct_cd_modulated,0,396,20260906090001396,bootstrap_seed_v1,81857728b78095013779b4d61403f621,d104c1d83b03f23f78fb739081c20d2d,387fd89feb4776ba0b14b42267369ada,306330d6afc71ee1ea290ef255549bff,140,True,0.07616517131992032,OK
D9,correct_cd_modulated,0,397,20260906090001397,bootstrap_seed_v1,81857728b78095013779b4d61403f621,d104c1d83b03f23f78fb739081c20d2d,f9e498a79178e74e35dd92d7a321aed9,a6ee19e9cc5e2f799cdf2c33566f3525,102,True,0.06001026115911512,OK
D9,correct_cd_modulated,0,398,20260906090001398,bootstrap_seed_v1,81857728b78095013779b4d61403f621,d104c1d83b03f23f78fb739081c20d2d,4ec6d08caa7c6cecb077c4071aae6455,efcc563ba57a6ce6edc0d975ca9c68af,45,True,0.06474040696167893,OK
D9,correct_cd_modulated,0,399,20260906090001399,bootstrap_seed_v1,81857728b78095013779b4d61403f621,d104c1d83b03f23f78fb739081c20d2d,61281d82493aa23aa48d54e322fb023b,45234427c96a82b6ef70caf3c7798b46,77,True,0.06265473675743616,OK
D9,correct_cd_modulated,0,400,20260906090001400,bootstrap_seed_v1,81857728b78095013779b4d61403f621,d104c1d83b03f23f78fb739081c20d2d,fc4294a05f3ac3d4fd0e89f184a419c0,ff603049027dd85b3840457e14effe39,55,True,0.07624963423457254,OK
D9,correct_cd_modulated,0,401,20260906090001401,bootstrap_seed_v1,81857728b78095013779b4d61403f621,d104c1d83b03f23f78fb739081c20d2d,9d68169e34c507e97a65a11eb7540828,0e7cc6a8b408ddc991560f5aaa74bbf1,79,True,0.06083346475448054,OK
D9,correct_cd_modulated,0,402,20260906090001402,bootstrap_seed_v1,81857728b78095013779b4d61403f621,d104c1d83b03f23f78fb739081c20d2d,324c5135934a991b3845b9ae597f4cbc,6ab9785bdc724eca7786c34679969c5c,78,True,0.06060206718856054,OK
D9,correct_cd_modulated,0,403,20260906090001403,bootstrap_seed_v1,81857728b78095013779b4d61403f621,d104c1d83b03f23f78fb739081c20d2d,9e0bdb7ffc3aae37a9642b422553140c,1f17b87a8ad700bd8e18fd95ff837b56,87,True,0.048941263796644985,OK
D9,correct_cd_modulated,0,404,20260906090001404,bootstrap_seed_v1,81857728b78095013779b4d61403f621,d104c1d83b03f23f78fb739081c20d2d,dd837f6996689d92965f4b8056c62e57,7b9cb45315fc077ab08ef22275806831,87,True,0.06978641351657905,OK
D9,correct_cd_modulated,0,405,20260906090001405,bootstrap_seed_v1,81857728b78095013779b4d61403f621,d104c1d83b03f23f78fb739081c20d2d,13745b5b9f4eb00ef338fd3a9357e667,7e895f20114abe58c5927b07227b526f,53,True,0.127312580282237,OK
D9,correct_cd_modulated,0,406,20260906090001406,bootstrap_seed_v1,81857728b78095013779b4d61403f621,d104c1d83b03f23f78fb739081c20d2d,efafc8eada3b22fe3a3b3f447fb3b484,74c7e893285e68312e29237e7c59fc9f,57,True,0.10115660486593614,OK
D9,correct_cd_modulated,0,407,20260906090001407,bootstrap_seed_v1,81857728b78095013779b4d61403f621,d104c1d83b03f23f78fb739081c20d2d,741a7171994a8cea5250fbdcf0750155,214ed72a6ba474d82c7cd0fb4573f711,92,True,0.06440424825953245,OK
D9,correct_cd_modulated,0,408,20260906090001408,bootstrap_seed_v1,81857728b78095013779b4d61403f621,d104c1d83b03f23f78fb739081c20d2d,728a51f91e8f8ff7298c0f69394e9789,0e58a3b8795d15ab94264c17a7ba65ab,81,True,0.06850431482400227,OK
D9,correct_cd_modulated,0,409,20260906090001409,bootstrap_seed_v1,81857728b78095013779b4d61403f621,d104c1d83b03f23f78fb739081c20d2d,2b88762611f78a3c0469be0392a2b7e4,821be008c60d5bc0e6ff6fb18c90a85f,75,True,0.07044256265972626,OK
D9,correct_cd_modulated,0,410,20260906090001410,bootstrap_seed_v1,81857728b78095013779b4d61403f621,d104c1d83b03f23f78fb739081c20d2d,d8c7281c3f23214c7dd5d5af77e0a8a6,409bcc0d7d741c29aaf8ef3f8de053eb,55,True,0.07524394680158908,OK
D9,correct_cd_modulated,0,411,20260906090001411,bootstrap_seed_v1,81857728b78095013779b4d61403f621,d104c1d83b03f23f78fb739081c20d2d,f6318a4bae4d2c5c45c5fcac66440883,19832f28ef630c541104e4dd44e8e129,76,True,0.055340086690767065,OK
D9,correct_cd_modulated,0,412,20260906090001412,bootstrap_seed_v1,81857728b78095013779b4d61403f621,d104c1d83b03f23f78fb739081c20d2d,3ac32d8a04d3e28b7aacfaf7d0872e57,ca834c0ef4e3241a6d3bfe1b61d1e10c,76,True,0.05780883810359616,OK
D9,correct_cd_modulated,0,413,20260906090001413,bootstrap_seed_v1,81857728b78095013779b4d61403f621,d104c1d83b03f23f78fb739081c20d2d,e7eff47ff71a88c5c08e64c9035af181,b15e0ff351fb8dedf7c2f40b27d3c2cb,114,True,0.057712896010973125,OK
D9,correct_cd_modulated,0,414,20260906090001414,bootstrap_seed_v1,81857728b78095013779b4d61403f621,d104c1d83b03f23f78fb739081c20d2d,d303958892e1d6cb05c5c683a04cc18c,e031935eb29e54f08ea809da52cc94a4,52,True,0.13757826329212608,OK
D9,correct_cd_modulated,0,415,20260906090001415,bootstrap_seed_v1,81857728b78095013779b4d61403f621,d104c1d83b03f23f78fb739081c20d2d,ebed111fa93b68d3c2c90b23427d2665,0d95becb356cb55bf753006bf90cfa6d,86,True,0.057919676877520476,OK
D9,correct_cd_modulated,0,416,20260906090001416,bootstrap_seed_v1,81857728b78095013779b4d61403f621,d104c1d83b03f23f78fb739081c20d2d,50b11afa29c84930f8f2b311735da8cd,1ede78f7a2c8ffabb54393746edc1f3a,50,True,0.09239923496164171,OK
D9,correct_cd_modulated,0,417,20260906090001417,bootstrap_seed_v1,81857728b78095013779b4d61403f621,d104c1d83b03f23f78fb739081c20d2d,f3a21ae2e783d439b824ec9250064cb1,9b37e752b59fcc47d654d0f8ba619c16,72,True,0.06400401343203599,OK
D9,correct_cd_modulated,0,418,20260906090001418,bootstrap_seed_v1,81857728b78095013779b4d61403f621,d104c1d83b03f23f78fb739081c20d2d,50193fae377f8735f774d25386b71b94,f40294744900f2685f1f7feb161e9698,85,True,0.10105765623897525,OK
D9,correct_cd_modulated,0,419,20260906090001419,bootstrap_seed_v1,81857728b78095013779b4d61403f621,d104c1d83b03f23f78fb739081c20d2d,31877f31857a665fed6c7892c6576624,e9e499aec0e6b6647ac26fcd501ceac7,84,True,0.07746217582637563,OK
D9,correct_cd_modulated,0,420,20260906090001420,bootstrap_seed_v1,81857728b78095013779b4d61403f621,d104c1d83b03f23f78fb739081c20d2d,0664727eb0dd6a0a01f119acac8f7a64,c942c545111f9bb31537a7de2ff74aa4,91,True,0.08364955242251468,OK
D9,correct_cd_modulated,0,421,20260906090001421,bootstrap_seed_v1,81857728b78095013779b4d61403f621,d104c1d83b03f23f78fb739081c20d2d,cdce6b713cc64ec40d440b11d8326b8d,32db52917e4be2a4ab62bf75634af02a,106,True,0.051672315463289376,OK
D9,correct_cd_modulated,0,422,20260906090001422,bootstrap_seed_v1,81857728b78095013779b4d61403f621,d104c1d83b03f23f78fb739081c20d2d,b3835f950f8d8b6d6833565a278b0759,de2e5ae043f4b5ddfe9f9a9ee68cb330,95,True,0.060133393743668634,OK
D9,correct_cd_modulated,0,423,20260906090001423,bootstrap_seed_v1,81857728b78095013779b4d61403f621,d104c1d83b03f23f78fb739081c20d2d,1bc685b4abd2428ad41d25a8eeef11de,ae5242cfdca83b59da299b901975b417,59,True,0.11011889048399559,OK
D9,correct_cd_modulated,0,424,20260906090001424,bootstrap_seed_v1,81857728b78095013779b4d61403f621,d104c1d83b03f23f78fb739081c20d2d,840a63e049f137ff3e67ac98b43d29d0,4cfd1fe7a58b7b9c4fba597eb3cf5e0e,101,True,0.06054191086192007,OK
D9,correct_cd_modulated,0,425,20260906090001425,bootstrap_seed_v1,81857728b78095013779b4d61403f621,d104c1d83b03f23f78fb739081c20d2d,5080382a8456b4a5848fe296f003dd40,a4212e298a419c62593a781d228a386c,91,True,0.07257914462946968,OK
D9,correct_cd_modulated,0,426,20260906090001426,bootstrap_seed_v1,81857728b78095013779b4d61403f621,d104c1d83b03f23f78fb739081c20d2d,acb2576dab272e748a2bd320cbfb1c6e,59221c20360efaf55d310c7f06718cd9,72,True,0.10732866922961715,OK
D9,correct_cd_modulated,0,427,20260906090001427,bootstrap_seed_v1,81857728b78095013779b4d61403f621,d104c1d83b03f23f78fb739081c20d2d,0c3bcb5a9399eb61c3ee2aa99e653907,09242497ca8f58593c98c8adf7180433,89,True,0.09459522231020212,OK
D9,correct_cd_modulated,0,428,20260906090001428,bootstrap_seed_v1,81857728b78095013779b4d61403f621,d104c1d83b03f23f78fb739081c20d2d,c66d9be2cff5de3dd2c935d35a9d6bf9,c40be0b9aab0d688e544be47d6706955,98,True,0.03843135553525545,OK
D9,correct_cd_modulated,0,429,20260906090001429,bootstrap_seed_v1,81857728b78095013779b4d61403f621,d104c1d83b03f23f78fb739081c20d2d,d9c89d5eed9a1da5c4f4923fd58e8e2b,d8f90e9be220399a258c2c0adbd7c4b0,78,True,0.08328066618422819,OK
D9,correct_cd_modulated,0,430,20260906090001430,bootstrap_seed_v1,81857728b78095013779b4d61403f621,d104c1d83b03f23f78fb739081c20d2d,1570ca988fc60bb9418cd0c101369bac,a7ce5ea66d089948721ff7daef6205f8,115,True,0.07628625342395978,OK
D9,correct_cd_modulated,0,431,20260906090001431,bootstrap_seed_v1,81857728b78095013779b4d61403f621,d104c1d83b03f23f78fb739081c20d2d,519f4cb7ba8ce01fecfc1609fc7ff400,3996bbbe8a305b346a0936e17c251c4b,60,True,0.06324087918585664,OK
D9,correct_cd_modulated,0,432,20260906090001432,bootstrap_seed_v1,81857728b78095013779b4d61403f621,d104c1d83b03f23f78fb739081c20d2d,9a1382acd6535dcc00f71c1b5a3fc316,a46c50b9aa50097c39c2300728790209,84,True,0.08013966930096877,OK
D9,correct_cd_modulated,0,433,20260906090001433,bootstrap_seed_v1,81857728b78095013779b4d61403f621,d104c1d83b03f23f78fb739081c20d2d,aa7f6f3707fa71fdab8c62c1b69c9bce,9ed0e5ffd753f7bfc01d13e07baacdbe,50,True,0.06798987137954116,OK
D9,correct_cd_modulated,0,434,20260906090001434,bootstrap_seed_v1,81857728b78095013779b4d61403f621,d104c1d83b03f23f78fb739081c20d2d,13de9869218449775d19c746b5a7a0ba,c5d3da0671d88e1827d06c017c4a6d4f,76,True,0.05182657386950873,OK
D9,correct_cd_modulated,0,435,20260906090001435,bootstrap_seed_v1,81857728b78095013779b4d61403f621,d104c1d83b03f23f78fb739081c20d2d,dc113e82d74fa0694c17541043cc5356,1463b4d661d7f3c4a1c67a71af64bc54,87,True,0.0675321590617673,OK
D9,correct_cd_modulated,0,436,20260906090001436,bootstrap_seed_v1,81857728b78095013779b4d61403f621,d104c1d83b03f23f78fb739081c20d2d,67bd8c0c120933bae2af742eb9c564cb,96b0fe2a56fa81ff18633ad6409993ad,91,True,0.08616442788307122,OK
D9,correct_cd_modulated,0,437,20260906090001437,bootstrap_seed_v1,81857728b78095013779b4d61403f621,d104c1d83b03f23f78fb739081c20d2d,360a50ddaf80dae37b71e2c851b18a66,acc9229bd2c0d0750ef6fc3642ae6417,51,True,0.07631542890333531,OK
D9,correct_cd_modulated,0,438,20260906090001438,bootstrap_seed_v1,81857728b78095013779b4d61403f621,d104c1d83b03f23f78fb739081c20d2d,b3883422c6903a693841b59a588fb3a5,40cd68b6ef29b6ff839d8f8bf9e69859,66,True,0.06948396032316972,OK
D9,correct_cd_modulated,0,439,20260906090001439,bootstrap_seed_v1,81857728b78095013779b4d61403f621,d104c1d83b03f23f78fb739081c20d2d,ea5ee8815897870343cfd358b5b85a8b,e28e6b8499d5728c5ccf3e541e8982c6,89,True,0.0562781190807381,OK
D9,correct_cd_modulated,0,440,20260906090001440,bootstrap_seed_v1,81857728b78095013779b4d61403f621,d104c1d83b03f23f78fb739081c20d2d,bd3f3d132e9a1b6499e6d850b0312318,f72c79a61e0fe6de697e95924d27d1d4,73,True,0.11344795689342269,OK
D9,correct_cd_modulated,0,441,20260906090001441,bootstrap_seed_v1,81857728b78095013779b4d61403f621,d104c1d83b03f23f78fb739081c20d2d,92124b9bc0a47c5c7a890ea9c5be3f19,799be2812f6cb9b34c533a7748d33188,75,True,0.05812113358773874,OK
D9,correct_cd_modulated,0,442,20260906090001442,bootstrap_seed_v1,81857728b78095013779b4d61403f621,d104c1d83b03f23f78fb739081c20d2d,2e0cd0809852842d729f719c72ada207,be4eddb3bbeff900f80841ca44e4edcc,55,True,0.09713428723178408,OK
D9,correct_cd_modulated,0,443,20260906090001443,bootstrap_seed_v1,81857728b78095013779b4d61403f621,d104c1d83b03f23f78fb739081c20d2d,b47b1d073718cf5c6d3645e57ecc764a,05e0e63d72ac448b55b1fd3a63b6e5b8,67,True,0.07278404052836451,OK
D9,correct_cd_modulated,0,444,20260906090001444,bootstrap_seed_v1,81857728b78095013779b4d61403f621,d104c1d83b03f23f78fb739081c20d2d,31abdcd41f6280c3ba1e14b65978880f,e935795eea43b440d6a54fce01d66561,83,True,0.0888047106051488,OK
D9,correct_cd_modulated,0,445,20260906090001445,bootstrap_seed_v1,81857728b78095013779b4d61403f621,d104c1d83b03f23f78fb739081c20d2d,db89a8143b0380f3a7b8585824fc3f52,a9e0ff2b865d473a4198636974685935,67,True,0.08179060328418442,OK
D9,correct_cd_modulated,0,446,20260906090001446,bootstrap_seed_v1,81857728b78095013779b4d61403f621,d104c1d83b03f23f78fb739081c20d2d,b18b2574674c338908f599631e1f8249,3bad6d8bf0e2f3a12bb68c57a00d4b75,55,True,0.08489416924694104,OK
D9,correct_cd_modulated,0,447,20260906090001447,bootstrap_seed_v1,81857728b78095013779b4d61403f621,d104c1d83b03f23f78fb739081c20d2d,7415ef401a20a5b2048d7991d2058f53,37cce308e8d16a2241030c0174b452bf,37,True,0.10872805910350009,OK
D9,correct_cd_modulated,0,448,20260906090001448,bootstrap_seed_v1,81857728b78095013779b4d61403f621,d104c1d83b03f23f78fb739081c20d2d,639fa059376ec9484be182b8b13b58d8,6b3aee5efda41d615cbd76cbf0834f52,101,True,0.059311878624114356,OK
D9,correct_cd_modulated,0,449,20260906090001449,bootstrap_seed_v1,81857728b78095013779b4d61403f621,d104c1d83b03f23f78fb739081c20d2d,f2e05afb7cf76379e272f60be9d661cf,fedf79cc202451c24f837ec24ac06e02,39,True,0.09662093492326834,OK
D9,correct_cd_modulated,0,450,20260906090001450,bootstrap_seed_v1,81857728b78095013779b4d61403f621,d104c1d83b03f23f78fb739081c20d2d,340222841d29ffcacac0cd24c90e3ef2,677500feaf0fdaea4474a5c98cf8d119,49,True,0.08077279285717454,OK
D9,correct_cd_modulated,0,451,20260906090001451,bootstrap_seed_v1,81857728b78095013779b4d61403f621,d104c1d83b03f23f78fb739081c20d2d,07a9dec2d1762a0f4424a2b91d394512,1a527e8083e8adb26d1776366d24c395,82,True,0.04171727002519196,OK
D9,correct_cd_modulated,0,452,20260906090001452,bootstrap_seed_v1,81857728b78095013779b4d61403f621,d104c1d83b03f23f78fb739081c20d2d,0cafceccd8b3688f6f5e5e617df947f2,49bc1d2ce6f0b6724d46ee0aff509bf7,96,True,0.09785541324331548,OK
D9,correct_cd_modulated,0,453,20260906090001453,bootstrap_seed_v1,81857728b78095013779b4d61403f621,d104c1d83b03f23f78fb739081c20d2d,1a46b8c8391bb230734c792a15754fbe,84def05bfb252b91eda139100bdda0fd,87,True,0.04874967288920229,OK
D9,correct_cd_modulated,0,454,20260906090001454,bootstrap_seed_v1,81857728b78095013779b4d61403f621,d104c1d83b03f23f78fb739081c20d2d,bc1e85f1206570e846ecdae06b9ece40,db162e7ddd0507b3dc2f93e47566c552,55,True,0.08639785045398718,OK
D9,correct_cd_modulated,0,455,20260906090001455,bootstrap_seed_v1,81857728b78095013779b4d61403f621,d104c1d83b03f23f78fb739081c20d2d,eb1868a5a28fbb826e759d4dfdf077bd,1db12743e7e40fbc4fb6726f593c7c41,59,True,0.0746076387645066,OK
D9,correct_cd_modulated,0,456,20260906090001456,bootstrap_seed_v1,81857728b78095013779b4d61403f621,d104c1d83b03f23f78fb739081c20d2d,a3af9ff5e3498a84f3b7ebf7db9834e5,24b3a6b3b74287e30db12b97da1f1a4e,49,True,0.06689595639588297,OK
D9,correct_cd_modulated,0,457,20260906090001457,bootstrap_seed_v1,81857728b78095013779b4d61403f621,d104c1d83b03f23f78fb739081c20d2d,97a92b87684bacd213ac1ac7d8e78b07,64dfd35056e2127ee34f161976eac03d,77,True,0.08487234096646212,OK
D9,correct_cd_modulated,0,458,20260906090001458,bootstrap_seed_v1,81857728b78095013779b4d61403f621,d104c1d83b03f23f78fb739081c20d2d,1315a5f1c0456dfa3dfa2dd429e69593,0c5f465bc21554ef0330f986a11830f6,86,True,0.07923554840973374,OK
D9,correct_cd_modulated,0,459,20260906090001459,bootstrap_seed_v1,81857728b78095013779b4d61403f621,d104c1d83b03f23f78fb739081c20d2d,8772365e3503c4c040a3c9de7b4caf9b,4d6b86668321d701fd88f5bbdad8a962,107,True,0.06951983271394069,OK
D9,correct_cd_modulated,0,460,20260906090001460,bootstrap_seed_v1,81857728b78095013779b4d61403f621,d104c1d83b03f23f78fb739081c20d2d,5c125e61f39b75eabbd08ac2becce7aa,9ebc2a7a89359f2123f0bc1c6394165d,78,True,0.09230764970981575,OK
D9,correct_cd_modulated,0,461,20260906090001461,bootstrap_seed_v1,81857728b78095013779b4d61403f621,d104c1d83b03f23f78fb739081c20d2d,10fe1d9d8e8befad2e88440029b6bccd,eccda783097753b5ba28a59671142560,45,True,0.10685431566143089,OK
D9,correct_cd_modulated,0,462,20260906090001462,bootstrap_seed_v1,81857728b78095013779b4d61403f621,d104c1d83b03f23f78fb739081c20d2d,0c728253e405e238288102e344ec1af8,d9bae68f9d4871bfbe6c5afab48337b7,110,True,0.07364553061817083,OK
D9,correct_cd_modulated,0,463,20260906090001463,bootstrap_seed_v1,81857728b78095013779b4d61403f621,d104c1d83b03f23f78fb739081c20d2d,425753bb270054c4f0c956313fac27ee,8c6482086aa21e7cb7dfdd6009349ff6,72,True,0.07209824886671082,OK
D9,correct_cd_modulated,0,464,20260906090001464,bootstrap_seed_v1,81857728b78095013779b4d61403f621,d104c1d83b03f23f78fb739081c20d2d,418f19a11ff2426029fa98c8b36434aa,78df199371451115859540180e82d7e6,55,True,0.0854795610747478,OK
D9,correct_cd_modulated,0,465,20260906090001465,bootstrap_seed_v1,81857728b78095013779b4d61403f621,d104c1d83b03f23f78fb739081c20d2d,ef6bb567fee330dcdf975635d9a81870,150fe54ceb3908b99607595e9efc67b8,83,True,0.058815474080379126,OK
D9,correct_cd_modulated,0,466,20260906090001466,bootstrap_seed_v1,81857728b78095013779b4d61403f621,d104c1d83b03f23f78fb739081c20d2d,2172bef1a2d8f8475f72ccea677f76ee,4217df649a60631db021a707e4a295db,86,True,0.06285348597166818,OK
D9,correct_cd_modulated,0,467,20260906090001467,bootstrap_seed_v1,81857728b78095013779b4d61403f621,d104c1d83b03f23f78fb739081c20d2d,84da9d78a88ea0bbac6ee57bc8315afe,e45db0df437b83ba149fc88888f038bc,46,True,0.11844570258093522,OK
D9,correct_cd_modulated,0,468,20260906090001468,bootstrap_seed_v1,81857728b78095013779b4d61403f621,d104c1d83b03f23f78fb739081c20d2d,d83a09c48ccfa3f65c372334304ced1b,72c41352dd29ae24728aaa900b7c8864,77,True,0.06264902743808831,OK
D9,correct_cd_modulated,0,469,20260906090001469,bootstrap_seed_v1,81857728b78095013779b4d61403f621,d104c1d83b03f23f78fb739081c20d2d,6ad4e78a7c1917be79e7e342aee41f08,e56811110ed5f5b4eee8bcedd0ed1a60,47,True,0.08729059745049211,OK
D9,correct_cd_modulated,0,470,20260906090001470,bootstrap_seed_v1,81857728b78095013779b4d61403f621,d104c1d83b03f23f78fb739081c20d2d,aa50d89e88c6bf67c1e54583a17e3a20,c967b0814be8f34c54485425bd365a39,100,True,0.07885270227423014,OK
D9,correct_cd_modulated,0,471,20260906090001471,bootstrap_seed_v1,81857728b78095013779b4d61403f621,d104c1d83b03f23f78fb739081c20d2d,893abaf07647cc650727c86835c7d422,52cb399cb8f03696e3db208c91b3fa1c,78,True,0.06858975042961435,OK
D9,correct_cd_modulated,0,472,20260906090001472,bootstrap_seed_v1,81857728b78095013779b4d61403f621,d104c1d83b03f23f78fb739081c20d2d,4ac33d0ac23fe04c028e86c2dc7ca396,282e9357528a5deee13516490388d342,62,True,0.07840573926775601,OK
D9,correct_cd_modulated,0,473,20260906090001473,bootstrap_seed_v1,81857728b78095013779b4d61403f621,d104c1d83b03f23f78fb739081c20d2d,954d300aa5ccb79cb1c37154f5c1fa20,4b250fa357778bd618002e17aa66f46c,68,True,0.07590292726547876,OK
D9,correct_cd_modulated,0,474,20260906090001474,bootstrap_seed_v1,81857728b78095013779b4d61403f621,d104c1d83b03f23f78fb739081c20d2d,5ea4e0a67e2f136f49cb7c0354cfbaa0,eda35d9be1a2fc8d7681ea95d67b4b2a,71,True,0.05434717806530659,OK
D9,correct_cd_modulated,0,475,20260906090001475,bootstrap_seed_v1,81857728b78095013779b4d61403f621,d104c1d83b03f23f78fb739081c20d2d,cfe46c002c2005caf76e198defea6b9a,4f2f04be5edfe9a9af0f6a6b82f09d86,74,True,0.08197827341680633,OK
D9,correct_cd_modulated,0,476,20260906090001476,bootstrap_seed_v1,81857728b78095013779b4d61403f621,d104c1d83b03f23f78fb739081c20d2d,96f23c260f04b30188af555542f874af,93f5d705cfdd1ce628c5c0f7be37e478,145,True,0.04932834440248429,OK
D9,correct_cd_modulated,0,477,20260906090001477,bootstrap_seed_v1,81857728b78095013779b4d61403f621,d104c1d83b03f23f78fb739081c20d2d,d0ff6e8294119aeaa91167b456321e89,ef7f3631747cc8e7fcd4c9d535a2e9f7,96,True,0.06916955105940159,OK
D9,correct_cd_modulated,0,478,20260906090001478,bootstrap_seed_v1,81857728b78095013779b4d61403f621,d104c1d83b03f23f78fb739081c20d2d,16ccfdb9d17dd7058c1966188a4ad086,d6754cd9af1037c7f267b42b52e5070b,19,True,0.10840963836019757,OK
D9,correct_cd_modulated,0,479,20260906090001479,bootstrap_seed_v1,81857728b78095013779b4d61403f621,d104c1d83b03f23f78fb739081c20d2d,923f560730acb4f07480bf0d699d2806,9d8716e7d1deab332f3ab8d2d30cc5ef,77,True,0.07175515713924019,OK
D9,correct_cd_modulated,0,480,20260906090001480,bootstrap_seed_v1,81857728b78095013779b4d61403f621,d104c1d83b03f23f78fb739081c20d2d,8340b56900257aba4c267e6b82494669,a20d2260e9c31d3c97672b19450291f3,101,True,0.07072727175536131,OK
D9,correct_cd_modulated,0,481,20260906090001481,bootstrap_seed_v1,81857728b78095013779b4d61403f621,d104c1d83b03f23f78fb739081c20d2d,30fe64c039775bdacc37011c517670b5,9a6189880098429f7ca8f001041c730a,41,True,0.09902871492127963,OK
D9,correct_cd_modulated,0,482,20260906090001482,bootstrap_seed_v1,81857728b78095013779b4d61403f621,d104c1d83b03f23f78fb739081c20d2d,8e3eb864b0169a7cd711ae6e00ecf5f0,5233f531727ed0f3e2bac0fb1767075f,114,True,0.10327748115188115,OK
D9,correct_cd_modulated,0,483,20260906090001483,bootstrap_seed_v1,81857728b78095013779b4d61403f621,d104c1d83b03f23f78fb739081c20d2d,570963e6bc46edf5f4eef522556f1cf1,a9775bc8953713636b4ef4c62e36c742,96,True,0.049736084209302256,OK
D9,correct_cd_modulated,0,484,20260906090001484,bootstrap_seed_v1,81857728b78095013779b4d61403f621,d104c1d83b03f23f78fb739081c20d2d,6d3106b0ac0c65cfdfc1e63eb5923e22,5c874fe37350f72fb6cdda51b4040a15,71,True,0.07881768454758997,OK
D9,correct_cd_modulated,0,485,20260906090001485,bootstrap_seed_v1,81857728b78095013779b4d61403f621,d104c1d83b03f23f78fb739081c20d2d,4a9a1385b2692d176c82da0bfc2e76bf,2d15a9ee3b02e654c84343784bc1bead,72,True,0.07311605942347199,OK
D9,correct_cd_modulated,0,486,20260906090001486,bootstrap_seed_v1,81857728b78095013779b4d61403f621,d104c1d83b03f23f78fb739081c20d2d,4b56fd6f0183357d67129371b18ac834,b1198dc48edfe6cafb6ff5f0304a0bed,80,True,0.07775158690883943,OK
D9,correct_cd_modulated,0,487,20260906090001487,bootstrap_seed_v1,81857728b78095013779b4d61403f621,d104c1d83b03f23f78fb739081c20d2d,f673469d1ed06ea031fb2b88ce82aa5c,9b385fdeb7645829afc86f8859763264,50,True,0.12351894578169953,OK
D9,correct_cd_modulated,0,488,20260906090001488,bootstrap_seed_v1,81857728b78095013779b4d61403f621,d104c1d83b03f23f78fb739081c20d2d,c6e22746bcf244f560d2ed1e6a2196de,28caeb395ad8ba33bc668cad10675b25,73,True,0.12802921393229405,OK
D9,correct_cd_modulated,0,489,20260906090001489,bootstrap_seed_v1,81857728b78095013779b4d61403f621,d104c1d83b03f23f78fb739081c20d2d,c3ad4075a91e968be951d943cfa0e640,8c7b3e6fbc951994a2243e8ae86c7917,58,True,0.08714870827216165,OK
D9,correct_cd_modulated,0,490,20260906090001490,bootstrap_seed_v1,81857728b78095013779b4d61403f621,d104c1d83b03f23f78fb739081c20d2d,52d0ef087402f57a744e502adfa84878,6bf451445abea0603ac6f8ced0611566,63,True,0.06778328719052429,OK
D9,correct_cd_modulated,0,491,20260906090001491,bootstrap_seed_v1,81857728b78095013779b4d61403f621,d104c1d83b03f23f78fb739081c20d2d,7b7c716992fc2e77edfc358997c7047f,7955af783403e4d21211a55b06155ea2,69,True,0.057465597201982965,OK
D9,correct_cd_modulated,0,492,20260906090001492,bootstrap_seed_v1,81857728b78095013779b4d61403f621,d104c1d83b03f23f78fb739081c20d2d,5ea54f1f7f21d7e11aeaf72a6a35ec1d,9eeceb8941fa7683f3bc78d38ec414bf,98,True,0.03918347656664428,OK
D9,correct_cd_modulated,0,493,20260906090001493,bootstrap_seed_v1,81857728b78095013779b4d61403f621,d104c1d83b03f23f78fb739081c20d2d,c75679280a9f5a0eb88b8aa1c4229ab5,d767702475ee377865567c525ed953af,81,True,0.06775365602777961,OK
D9,correct_cd_modulated,0,494,20260906090001494,bootstrap_seed_v1,81857728b78095013779b4d61403f621,d104c1d83b03f23f78fb739081c20d2d,0a94ad6946fedfbe2eae002749968ab7,06b8ebdbf8ffbebe8f4393e3e8c852af,67,True,0.06365798942853562,OK
D9,correct_cd_modulated,0,495,20260906090001495,bootstrap_seed_v1,81857728b78095013779b4d61403f621,d104c1d83b03f23f78fb739081c20d2d,10f8ed328dfba105e1a4c87bc7e87432,07d5d422e202c317a3d1ecc61577629a,106,True,0.05200241934980254,OK
D9,correct_cd_modulated,0,496,20260906090001496,bootstrap_seed_v1,81857728b78095013779b4d61403f621,d104c1d83b03f23f78fb739081c20d2d,c4f58b7863191735f751980e26cbe597,d73dbfb741d3bd5b20d7a44cc261d100,67,True,0.12449795989412549,OK
D9,correct_cd_modulated,0,497,20260906090001497,bootstrap_seed_v1,81857728b78095013779b4d61403f621,d104c1d83b03f23f78fb739081c20d2d,34df6550a5999978d47e887b087f31e6,4030432518237bb6ebac206e76c92cca,119,True,0.08317751646363841,OK
D9,correct_cd_modulated,0,498,20260906090001498,bootstrap_seed_v1,81857728b78095013779b4d61403f621,d104c1d83b03f23f78fb739081c20d2d,8d7eada9b98c63baa81c10ccda02dcc6,69680ff8a54be8b250d46917b6f2f7fa,103,True,0.08111432202030833,OK
D9,misspecified_constant_mu,0,0,20260906090002000,bootstrap_seed_v1,81857728b78095013779b4d61403f621,d104c1d83b03f23f78fb739081c20d2d,7ab866a0806233d6e3c00390bc3606bd,ec4ab03d62b28855f1e956d4abbff412,97,True,0.051865630613392166,OK
D9,misspecified_constant_mu,0,1,20260906090002001,bootstrap_seed_v1,81857728b78095013779b4d61403f621,d104c1d83b03f23f78fb739081c20d2d,fed389bff1ea2189498df64ef5473626,7d2c5f57d3e306d11aeca936d2219a6c,98,True,0.06034154486447274,OK
D9,misspecified_constant_mu,0,2,20260906090002002,bootstrap_seed_v1,81857728b78095013779b4d61403f621,d104c1d83b03f23f78fb739081c20d2d,7e7ca2505f8c93889b89bc55729cae06,a6e58070e4b0a8f5c2dbc05cc7fc514d,22,True,0.12125069369888974,OK
D9,misspecified_constant_mu,0,3,20260906090002003,bootstrap_seed_v1,81857728b78095013779b4d61403f621,d104c1d83b03f23f78fb739081c20d2d,94d3ffb5337347edae7850b0ab2a0b4a,2a4f91b475b151c4b5d9b95f3cb1f5b0,111,True,0.06352880037425401,OK
D9,misspecified_constant_mu,0,4,20260906090002004,bootstrap_seed_v1,81857728b78095013779b4d61403f621,d104c1d83b03f23f78fb739081c20d2d,ff21df120281a77fba7857158981ea20,22bc8c39dcf19f60706fb100003f7d61,62,True,0.08296885906424714,OK
D9,misspecified_constant_mu,0,5,20260906090002005,bootstrap_seed_v1,81857728b78095013779b4d61403f621,d104c1d83b03f23f78fb739081c20d2d,f3e3a39edd2b553e9f2b9feb3bfb5f8c,3dd750d96acba1a1990c70d7eaf80198,9,True,0.22057731866198638,OK
D9,misspecified_constant_mu,0,6,20260906090002006,bootstrap_seed_v1,81857728b78095013779b4d61403f621,d104c1d83b03f23f78fb739081c20d2d,ee92b1d476c006f07c6e5fc05698cb92,9fb6443cae3f0e7013dc4733d667371c,27,True,0.10174934134025493,OK
D9,misspecified_constant_mu,0,7,20260906090002007,bootstrap_seed_v1,81857728b78095013779b4d61403f621,d104c1d83b03f23f78fb739081c20d2d,a2b4795244e2a5cbbf472fe3984cdcf0,c2c0db077ccda9a7b30f723c95a9e50c,40,True,0.09571793934734085,OK
D9,misspecified_constant_mu,0,8,20260906090002008,bootstrap_seed_v1,81857728b78095013779b4d61403f621,d104c1d83b03f23f78fb739081c20d2d,6a6cbd91673203b3b84954a247701461,389fea9603e31a9f89c505afa0c9326e,46,True,0.05762923441084322,OK
D9,misspecified_constant_mu,0,9,20260906090002009,bootstrap_seed_v1,81857728b78095013779b4d61403f621,d104c1d83b03f23f78fb739081c20d2d,1a48f9fb0a5680c3d719a09aa458b5d4,45b7245055274ddc6ddc790e1badec76,131,True,0.09280840747189767,OK
D9,misspecified_constant_mu,0,10,20260906090002010,bootstrap_seed_v1,81857728b78095013779b4d61403f621,d104c1d83b03f23f78fb739081c20d2d,7b076a629964d62f6348e3dc84bd708f,4ea189227b090b163710eb2124ec1011,34,True,0.09832680934427018,OK
D9,misspecified_constant_mu,0,11,20260906090002011,bootstrap_seed_v1,81857728b78095013779b4d61403f621,d104c1d83b03f23f78fb739081c20d2d,bb6717485df411e23e64829306b68765,5ca3c8f877252bd643030753b284170b,57,True,0.07149092381067373,OK
D9,misspecified_constant_mu,0,12,20260906090002012,bootstrap_seed_v1,81857728b78095013779b4d61403f621,d104c1d83b03f23f78fb739081c20d2d,279e1284ccfcc7fa73521f759c2a9071,dd938e7d46248f6b7821c3a385d1c221,193,True,0.057824214913764105,OK
D9,misspecified_constant_mu,0,13,20260906090002013,bootstrap_seed_v1,81857728b78095013779b4d61403f621,d104c1d83b03f23f78fb739081c20d2d,18a07592ce1729902754c4822db88851,279b21064339fbcd6bd4e33454f30897,190,True,0.05255508539308218,OK
D9,misspecified_constant_mu,0,14,20260906090002014,bootstrap_seed_v1,81857728b78095013779b4d61403f621,d104c1d83b03f23f78fb739081c20d2d,89abb619a4512c73a67c6d5ff4112f6c,2eda93e110a7c2d77345cbe8db6d2aae,22,True,0.11926204686973696,OK
D9,misspecified_constant_mu,0,15,20260906090002015,bootstrap_seed_v1,81857728b78095013779b4d61403f621,d104c1d83b03f23f78fb739081c20d2d,a5e72d36685cb7a3133e2c791ec4f446,3b5c7b0f68c77bceab94362fa7e8ed19,164,True,0.05837672673461464,OK
D9,misspecified_constant_mu,0,16,20260906090002016,bootstrap_seed_v1,81857728b78095013779b4d61403f621,d104c1d83b03f23f78fb739081c20d2d,1e00de75777eec3392bf74a3042c9407,48ec5055b47bfc3361570fcefea9ddef,70,True,0.051186011339566906,OK
D9,misspecified_constant_mu,0,17,20260906090002017,bootstrap_seed_v1,81857728b78095013779b4d61403f621,d104c1d83b03f23f78fb739081c20d2d,51cb9064e7ef9800941f63df8433b397,e5601d104f010978d320830e2090c831,89,True,0.042019396072042525,OK
D9,misspecified_constant_mu,0,18,20260906090002018,bootstrap_seed_v1,81857728b78095013779b4d61403f621,d104c1d83b03f23f78fb739081c20d2d,a2394ca69195661a4285eb4efc73267d,d06cb340c3389a4a7bbb76d68c469183,59,True,0.07453390611292621,OK
D9,misspecified_constant_mu,0,19,20260906090002019,bootstrap_seed_v1,81857728b78095013779b4d61403f621,d104c1d83b03f23f78fb739081c20d2d,0988d152124e62bae78f4982fa0ecae6,9d75adc9d323b539737b71ab0bf79761,22,True,0.17404128250382783,OK
D9,misspecified_constant_mu,0,20,20260906090002020,bootstrap_seed_v1,81857728b78095013779b4d61403f621,d104c1d83b03f23f78fb739081c20d2d,7ae6bcb909834523519409faa17f520c,66881b2483b5ccebb27f327c61f5635b,79,True,0.0873697045656765,OK
D9,misspecified_constant_mu,0,21,20260906090002021,bootstrap_seed_v1,81857728b78095013779b4d61403f621,d104c1d83b03f23f78fb739081c20d2d,d324c947475fc35afa477dce21f72950,385450058f7d42ffe281e92dfb621d3c,214,True,0.03674356670598519,OK
D9,misspecified_constant_mu,0,22,20260906090002022,bootstrap_seed_v1,81857728b78095013779b4d61403f621,d104c1d83b03f23f78fb739081c20d2d,c2f52390480e427c490f8d8f2b60e809,5856245b3db00ffb180f0ab60fdc4c8b,23,True,0.12391982220906272,OK
D9,misspecified_constant_mu,0,23,20260906090002023,bootstrap_seed_v1,81857728b78095013779b4d61403f621,d104c1d83b03f23f78fb739081c20d2d,0b425f6bd0393c155a2430e0f8ec9b15,9a10e9eb528252ff998ee37323b33ea1,31,True,0.10175225113216252,OK
D9,misspecified_constant_mu,0,24,20260906090002024,bootstrap_seed_v1,81857728b78095013779b4d61403f621,d104c1d83b03f23f78fb739081c20d2d,e8bd782e88f72d930a774149aa63d81b,428cf93dee5d9e6904d97c20fb976baa,88,True,0.09404733481796435,OK
D9,misspecified_constant_mu,0,25,20260906090002025,bootstrap_seed_v1,81857728b78095013779b4d61403f621,d104c1d83b03f23f78fb739081c20d2d,cc8acb443c9b6bdcad7857600e5901c1,fa5b24894f3f031610cac789820c5c01,64,True,0.08364031572561648,OK
D9,misspecified_constant_mu,0,26,20260906090002026,bootstrap_seed_v1,81857728b78095013779b4d61403f621,d104c1d83b03f23f78fb739081c20d2d,fb50966580a7ff299426d73b5f3b11b5,af3c175c4a74be51928aeec7d9458089,132,True,0.05063381378051818,OK
D9,misspecified_constant_mu,0,27,20260906090002027,bootstrap_seed_v1,81857728b78095013779b4d61403f621,d104c1d83b03f23f78fb739081c20d2d,b5ca73d55ad73ef3d687d5d720f92501,63d4f0a490b13cb768ce094d24e3141a,19,True,0.12813648528669286,OK
D9,misspecified_constant_mu,0,28,20260906090002028,bootstrap_seed_v1,81857728b78095013779b4d61403f621,d104c1d83b03f23f78fb739081c20d2d,c1559250bd832026a36426b8f741f15e,ade908895a4ce15bc878c900f5204163,54,True,0.11235899207190247,OK
D9,misspecified_constant_mu,0,29,20260906090002029,bootstrap_seed_v1,81857728b78095013779b4d61403f621,d104c1d83b03f23f78fb739081c20d2d,0a147612232a150454ec16b0b6ed9545,f8b8d7e03ddf1558ac5c6454390cc9b2,21,True,0.1641986146299228,OK
D9,misspecified_constant_mu,0,30,20260906090002030,bootstrap_seed_v1,81857728b78095013779b4d61403f621,d104c1d83b03f23f78fb739081c20d2d,f15e8b9b7699f748e6587e4632a94262,5ad2078cc675a2b93c9f7b1c6084ee25,90,True,0.08044586287266131,OK
D9,misspecified_constant_mu,0,31,20260906090002031,bootstrap_seed_v1,81857728b78095013779b4d61403f621,d104c1d83b03f23f78fb739081c20d2d,1f125803b5af8979bd2478cf06ae1d5b,84276b2d53838efd83fe6217366c605a,50,True,0.11748970246558546,OK
D9,misspecified_constant_mu,0,32,20260906090002032,bootstrap_seed_v1,81857728b78095013779b4d61403f621,d104c1d83b03f23f78fb739081c20d2d,a32a52fcffec7537e986fb32dca53e35,88339ec10f0b9f3f9a8722546d8c2b62,86,True,0.09418267999874869,OK
D9,misspecified_constant_mu,0,33,20260906090002033,bootstrap_seed_v1,81857728b78095013779b4d61403f621,d104c1d83b03f23f78fb739081c20d2d,b21bda5f5f22acfd1ff663f2400bb234,3b382df6c5cd488469d7bbdf88e379bb,49,True,0.10644815621881942,OK
D9,misspecified_constant_mu,0,34,20260906090002034,bootstrap_seed_v1,81857728b78095013779b4d61403f621,d104c1d83b03f23f78fb739081c20d2d,55587093dbdfd9b71aedeb9b76813380,e28238b9f6c6587d17403c4972f09b7d,261,True,0.018932751910749834,OK
D9,misspecified_constant_mu,0,35,20260906090002035,bootstrap_seed_v1,81857728b78095013779b4d61403f621,d104c1d83b03f23f78fb739081c20d2d,92480a783b72644e5a6f2b33bb1e190f,15abc27ddb55b943906615fc6964547f,34,True,0.08228995392549507,OK
D9,misspecified_constant_mu,0,36,20260906090002036,bootstrap_seed_v1,81857728b78095013779b4d61403f621,d104c1d83b03f23f78fb739081c20d2d,05be95183d81540d92da14ba6902d3e2,58687765c3c5169cae8b946f06c32db9,102,True,0.09561459375932319,OK
D9,misspecified_constant_mu,0,37,20260906090002037,bootstrap_seed_v1,81857728b78095013779b4d61403f621,d104c1d83b03f23f78fb739081c20d2d,02a5ceed8250c23989efac5014e1cfcf,e705d67884e63bd25f13d4d7b2996afb,64,True,0.09296898783485663,OK
D9,misspecified_constant_mu,0,38,20260906090002038,bootstrap_seed_v1,81857728b78095013779b4d61403f621,d104c1d83b03f23f78fb739081c20d2d,78f8e02b798c0afc38bcef15d5bfcaa3,670c93f032dbf80c910a1d0e60b89ddb,51,True,0.0820398147588689,OK
D9,misspecified_constant_mu,0,39,20260906090002039,bootstrap_seed_v1,81857728b78095013779b4d61403f621,d104c1d83b03f23f78fb739081c20d2d,6921281b9949773e671f478bfc03385c,a9fa622371afca2391815e85387ff682,70,True,0.07802249135337264,OK
D9,misspecified_constant_mu,0,40,20260906090002040,bootstrap_seed_v1,81857728b78095013779b4d61403f621,d104c1d83b03f23f78fb739081c20d2d,b2162b79d2ffdbe7d207374f8e79a07a,2cb26c31ccc4f623b928bed46ab99bcd,84,True,0.04511521106877925,OK
D9,misspecified_constant_mu,0,41,20260906090002041,bootstrap_seed_v1,81857728b78095013779b4d61403f621,d104c1d83b03f23f78fb739081c20d2d,891f7056a4b4436772645aa1caeebc96,a6234d83d6f379819dd723b9162d2e0b,174,True,0.04689838519779649,OK
D9,misspecified_constant_mu,0,42,20260906090002042,bootstrap_seed_v1,81857728b78095013779b4d61403f621,d104c1d83b03f23f78fb739081c20d2d,5a6499ce7e73721ead3fe467a6b517e4,a1deb38a16f13c6623c4dc1a0c426f71,78,True,0.058038319520374526,OK
D9,misspecified_constant_mu,0,43,20260906090002043,bootstrap_seed_v1,81857728b78095013779b4d61403f621,d104c1d83b03f23f78fb739081c20d2d,93509623ba4a1fc28b9733abc85be3f8,0ffbcd9b8e339b21ae7e52fc2a98f52a,63,True,0.05734507539166345,OK
D9,misspecified_constant_mu,0,44,20260906090002044,bootstrap_seed_v1,81857728b78095013779b4d61403f621,d104c1d83b03f23f78fb739081c20d2d,7906f77512f9618a0a45318e06874c36,8fd8ba34b0854b4b9ab6f5ce7dccd70f,48,True,0.09512826765120785,OK
D9,misspecified_constant_mu,0,45,20260906090002045,bootstrap_seed_v1,81857728b78095013779b4d61403f621,d104c1d83b03f23f78fb739081c20d2d,f131d2376fe03c40093209f142e652c2,53d08b970fb4bfbe7ce49e28823cfeb1,72,True,0.1174100403219221,OK
D9,misspecified_constant_mu,0,46,20260906090002046,bootstrap_seed_v1,81857728b78095013779b4d61403f621,d104c1d83b03f23f78fb739081c20d2d,211085a7e1d2593b3852652eb2f67216,daa5f0448f9cb142fd95cf6d2c50faad,20,True,0.11986051826101907,OK
D9,misspecified_constant_mu,0,47,20260906090002047,bootstrap_seed_v1,81857728b78095013779b4d61403f621,d104c1d83b03f23f78fb739081c20d2d,dccdd5905b9e77465f985430e475a561,022fc9e71187c6d5d6f99a7135f860aa,25,True,0.0951000319548069,OK
D9,misspecified_constant_mu,0,48,20260906090002048,bootstrap_seed_v1,81857728b78095013779b4d61403f621,d104c1d83b03f23f78fb739081c20d2d,0704bffce6b8b44ecc40eb287a20cbb6,87faaae04e0111d57d499d72d69e1016,35,True,0.09453487551142759,OK
D9,misspecified_constant_mu,0,49,20260906090002049,bootstrap_seed_v1,81857728b78095013779b4d61403f621,d104c1d83b03f23f78fb739081c20d2d,d7257d915b66bde8663f0a1408052282,fac52cadb5f3c7557f5d92fb94e97d06,20,True,0.16819692512058504,OK
D9,misspecified_constant_mu,0,50,20260906090002050,bootstrap_seed_v1,81857728b78095013779b4d61403f621,d104c1d83b03f23f78fb739081c20d2d,6d5a229c0c0535194c1212495567a71f,5e3188123a45a3a140ed9b581aeff3f6,68,True,0.0798193387147007,OK
D9,misspecified_constant_mu,0,51,20260906090002051,bootstrap_seed_v1,81857728b78095013779b4d61403f621,d104c1d83b03f23f78fb739081c20d2d,94b2b8acd317126ecb346ec89b2c81c4,5cb130d13afc3d607fb7f2cfdfdbc9ea,41,True,0.0985394298915464,OK
D9,misspecified_constant_mu,0,52,20260906090002052,bootstrap_seed_v1,81857728b78095013779b4d61403f621,d104c1d83b03f23f78fb739081c20d2d,c43294c8e55c202d3486117a26535ae7,1aea4a3f86dbea94f6863cd0d99cad8b,38,True,0.11543424859422524,OK
D9,misspecified_constant_mu,0,53,20260906090002053,bootstrap_seed_v1,81857728b78095013779b4d61403f621,d104c1d83b03f23f78fb739081c20d2d,0870e0d19bbc50a01082fd843e06aab3,1e840842281c93036fad11116634910f,96,True,0.05687732885839192,OK
D9,misspecified_constant_mu,0,54,20260906090002054,bootstrap_seed_v1,81857728b78095013779b4d61403f621,d104c1d83b03f23f78fb739081c20d2d,e9f18380ffd0a8007e57c131b7a1070f,7e616dd6d63ee239e031f13154b0d7ff,25,True,0.1593131422349845,OK
D9,misspecified_constant_mu,0,55,20260906090002055,bootstrap_seed_v1,81857728b78095013779b4d61403f621,d104c1d83b03f23f78fb739081c20d2d,d6fa57e636343fecadc716237e4e70ed,ac58d7ea80edb6df4ef0821bd0481205,103,True,0.03879528894225204,OK
D9,misspecified_constant_mu,0,56,20260906090002056,bootstrap_seed_v1,81857728b78095013779b4d61403f621,d104c1d83b03f23f78fb739081c20d2d,19a29656005e30a72eda080e1e2c9daf,38538b91dda80306ed170335a843e168,150,True,0.060748002931349215,OK
D9,misspecified_constant_mu,0,57,20260906090002057,bootstrap_seed_v1,81857728b78095013779b4d61403f621,d104c1d83b03f23f78fb739081c20d2d,f9663bf8a879730688169fc6d83de528,2f873dde5e3c5f81b5cf9b9cb7d80e6c,79,True,0.0796353206704039,OK
D9,misspecified_constant_mu,0,58,20260906090002058,bootstrap_seed_v1,81857728b78095013779b4d61403f621,d104c1d83b03f23f78fb739081c20d2d,d1f52424d9c7a4834b819c0027869fd6,e806be1c88d7af12091693c9761eead3,71,True,0.06707623670321783,OK
D9,misspecified_constant_mu,0,59,20260906090002059,bootstrap_seed_v1,81857728b78095013779b4d61403f621,d104c1d83b03f23f78fb739081c20d2d,ab975979cd7ecfa365fa1b78c1d03785,1a626939ddd108f6ff4d0f30a9691752,52,True,0.06602556647883462,OK
D9,misspecified_constant_mu,0,60,20260906090002060,bootstrap_seed_v1,81857728b78095013779b4d61403f621,d104c1d83b03f23f78fb739081c20d2d,1315a318bcc5ea25c79083ba90bdc8a3,b50b1eb1e4d4da4b2e90fcbb2cd28083,153,True,0.051273861910084595,OK
D9,misspecified_constant_mu,0,61,20260906090002061,bootstrap_seed_v1,81857728b78095013779b4d61403f621,d104c1d83b03f23f78fb739081c20d2d,568b5ccdbaae584840662fb5aca36e06,9b50dbd223b0c3516045ded257c3f247,100,True,0.04806185413809577,OK
D9,misspecified_constant_mu,0,62,20260906090002062,bootstrap_seed_v1,81857728b78095013779b4d61403f621,d104c1d83b03f23f78fb739081c20d2d,c43a842e70603545331fa4c19e46d02d,ecb79d9c3c6cc316b251739bbbfdbfdb,20,True,0.10963907937232553,OK
D9,misspecified_constant_mu,0,63,20260906090002063,bootstrap_seed_v1,81857728b78095013779b4d61403f621,d104c1d83b03f23f78fb739081c20d2d,45af442d74ba5e480e1e898ad21147ae,cb6d88a8225767e0f2400c8a512dd19a,154,True,0.051964010498602775,OK
D9,misspecified_constant_mu,0,64,20260906090002064,bootstrap_seed_v1,81857728b78095013779b4d61403f621,d104c1d83b03f23f78fb739081c20d2d,7ff123d9122cf86a612601a818f11d1a,aeb4e820528cb0a12c27feab9e610672,173,True,0.03842248901321221,OK
D9,misspecified_constant_mu,0,65,20260906090002065,bootstrap_seed_v1,81857728b78095013779b4d61403f621,d104c1d83b03f23f78fb739081c20d2d,adbd2896cfc2485ac51ea2cd8e3c79e4,39d5fc416b6a84796f488169901d1b53,164,True,0.0772036821590345,OK
D9,misspecified_constant_mu,0,66,20260906090002066,bootstrap_seed_v1,81857728b78095013779b4d61403f621,d104c1d83b03f23f78fb739081c20d2d,8e2b7d58b45864473fb26116647ae17c,70db202772669b94bf8e1218a89037d8,80,True,0.074221685373982,OK
D9,misspecified_constant_mu,0,67,20260906090002067,bootstrap_seed_v1,81857728b78095013779b4d61403f621,d104c1d83b03f23f78fb739081c20d2d,c900ff1884f33a54f89d0a84c5a58121,e26e6b1f4c26145eafa701ac9f190876,54,True,0.08722011474832037,OK
D9,misspecified_constant_mu,0,68,20260906090002068,bootstrap_seed_v1,81857728b78095013779b4d61403f621,d104c1d83b03f23f78fb739081c20d2d,19ad507b3e1a025146ac46a7f1f1635d,deab34aa02cb8bff238ba13f20979d03,56,True,0.10890508158944157,OK
D9,misspecified_constant_mu,0,69,20260906090002069,bootstrap_seed_v1,81857728b78095013779b4d61403f621,d104c1d83b03f23f78fb739081c20d2d,2bbae80097e69d7cd12d4fee8467eba7,068def0878c410baacd840d2c3a9b0d8,96,True,0.047753144566907824,OK
D9,misspecified_constant_mu,0,70,20260906090002070,bootstrap_seed_v1,81857728b78095013779b4d61403f621,d104c1d83b03f23f78fb739081c20d2d,3762f9b87c7623dce935e23e48bd2b25,7c724086bfcedc9cab06fd95666ee27a,34,True,0.09438669464110828,OK
D9,misspecified_constant_mu,0,71,20260906090002071,bootstrap_seed_v1,81857728b78095013779b4d61403f621,d104c1d83b03f23f78fb739081c20d2d,f30580f146092d7eb1a6a3f37a29f7d6,a6ff5b8bbdfb099be9ea2e06800b8cd4,146,True,0.04965998291414625,OK
D9,misspecified_constant_mu,0,72,20260906090002072,bootstrap_seed_v1,81857728b78095013779b4d61403f621,d104c1d83b03f23f78fb739081c20d2d,4482a2d3c7adac8953badd322dc13f95,c2a7f94fd2bf1890d3d99b225705d834,19,True,0.19045435570212593,OK
D9,misspecified_constant_mu,0,73,20260906090002073,bootstrap_seed_v1,81857728b78095013779b4d61403f621,d104c1d83b03f23f78fb739081c20d2d,fed530a432baaf22a0e5c8ad4069ec96,f8636ce3a9d817f5187b8317c83ad826,65,True,0.05976432842222246,OK
D9,misspecified_constant_mu,0,74,20260906090002074,bootstrap_seed_v1,81857728b78095013779b4d61403f621,d104c1d83b03f23f78fb739081c20d2d,649de53ae1f3068c66328e45dae9b8ae,4a0fdf381a98c66cd77fb1870efe993b,44,True,0.09313181914785765,OK
D9,misspecified_constant_mu,0,75,20260906090002075,bootstrap_seed_v1,81857728b78095013779b4d61403f621,d104c1d83b03f23f78fb739081c20d2d,c6654c74729cccf3c208982da497ca30,4c6e28bda4df316d7d8a50b7b69ae472,27,True,0.11621330201008456,OK
D9,misspecified_constant_mu,0,76,20260906090002076,bootstrap_seed_v1,81857728b78095013779b4d61403f621,d104c1d83b03f23f78fb739081c20d2d,de9e9455b1545ada41743d9d2cd03e98,8c38643fdf3d09ab350470c31ba90fae,71,True,0.06293307186716368,OK
D9,misspecified_constant_mu,0,77,20260906090002077,bootstrap_seed_v1,81857728b78095013779b4d61403f621,d104c1d83b03f23f78fb739081c20d2d,d04ef431f4923c59c500b8da634feb35,6cc64b33bdb82e39f8e453e2b08e662e,65,True,0.12175137606975461,OK
D9,misspecified_constant_mu,0,78,20260906090002078,bootstrap_seed_v1,81857728b78095013779b4d61403f621,d104c1d83b03f23f78fb739081c20d2d,eae55c84eb9ae62b5d8c5765e9935aa2,2edc7afc26dcbc192b252af199b34ce8,96,True,0.043668896776237975,OK
D9,misspecified_constant_mu,0,79,20260906090002079,bootstrap_seed_v1,81857728b78095013779b4d61403f621,d104c1d83b03f23f78fb739081c20d2d,dce0d55aedd2da56b423d994b0d3af71,21eedd3c9c8c8c5f6660bf5bc79c7f56,35,True,0.09736034517430858,OK
D9,misspecified_constant_mu,0,80,20260906090002080,bootstrap_seed_v1,81857728b78095013779b4d61403f621,d104c1d83b03f23f78fb739081c20d2d,4a040a83b9158d4ea9b29cdbd512fc4b,a688d3f53e84518b5cf4a837fb977b2d,98,True,0.06466675759265073,OK
D9,misspecified_constant_mu,0,81,20260906090002081,bootstrap_seed_v1,81857728b78095013779b4d61403f621,d104c1d83b03f23f78fb739081c20d2d,b1384f3143d33674d0f23c94e2d88e28,d147b171da39ff66c019ad076ce1282e,34,True,0.09556792733005581,OK
D9,misspecified_constant_mu,0,82,20260906090002082,bootstrap_seed_v1,81857728b78095013779b4d61403f621,d104c1d83b03f23f78fb739081c20d2d,17daa2d4e42c61d3a1881504735c1c75,4936d4e8f8335f372a32330cedc934fa,44,True,0.11710753722256084,OK
D9,misspecified_constant_mu,0,83,20260906090002083,bootstrap_seed_v1,81857728b78095013779b4d61403f621,d104c1d83b03f23f78fb739081c20d2d,8d14df9439352b9d61757b5beefdc21e,31010ecbd0ad9ac30e976ea282c799c2,84,True,0.08239195364145549,OK
D9,misspecified_constant_mu,0,84,20260906090002084,bootstrap_seed_v1,81857728b78095013779b4d61403f621,d104c1d83b03f23f78fb739081c20d2d,070f2014c0fa204e8677d2e8898ecef0,2a34779a4c091c320d94c468a8b458fe,63,True,0.09421154286542444,OK
D9,misspecified_constant_mu,0,85,20260906090002085,bootstrap_seed_v1,81857728b78095013779b4d61403f621,d104c1d83b03f23f78fb739081c20d2d,e04a5928c81682b1bd933fd7c412e677,f0435aa02062590f7ba0a335b6b47868,138,True,0.05361498826855832,OK
D9,misspecified_constant_mu,0,86,20260906090002086,bootstrap_seed_v1,81857728b78095013779b4d61403f621,d104c1d83b03f23f78fb739081c20d2d,61a4107540a7de91f5ecf79e1775cffb,802b0165818b15daea0447856c70502d,137,True,0.039603300770124694,OK
D9,misspecified_constant_mu,0,87,20260906090002087,bootstrap_seed_v1,81857728b78095013779b4d61403f621,d104c1d83b03f23f78fb739081c20d2d,3ee551cba81feb1e419f668e1cfc1e6d,716f47a96901e5d9394273cb07afae38,36,True,0.08182385301456145,OK
D9,misspecified_constant_mu,0,88,20260906090002088,bootstrap_seed_v1,81857728b78095013779b4d61403f621,d104c1d83b03f23f78fb739081c20d2d,f49b7a13eea224efcf21ac8834438f8c,6a80fd7a46268c353dac326c23356891,52,True,0.07544712072539145,OK
D9,misspecified_constant_mu,0,89,20260906090002089,bootstrap_seed_v1,81857728b78095013779b4d61403f621,d104c1d83b03f23f78fb739081c20d2d,0faeee94f379cf6e54721e9e1d52e300,46294011d0b8db14a706a4c648d40953,94,True,0.059433361435976884,OK
D9,misspecified_constant_mu,0,90,20260906090002090,bootstrap_seed_v1,81857728b78095013779b4d61403f621,d104c1d83b03f23f78fb739081c20d2d,f5955e708cc148fb0982ee7395a888c6,bce1617ed20c9576b111521c742b6167,44,True,0.08345832847282397,OK
D9,misspecified_constant_mu,0,91,20260906090002091,bootstrap_seed_v1,81857728b78095013779b4d61403f621,d104c1d83b03f23f78fb739081c20d2d,883131a84fce8d6218d173334122a913,1bcd492d8dcd2dffcd4325b5e5c2b3f6,171,True,0.03848539760477532,OK
D9,misspecified_constant_mu,0,92,20260906090002092,bootstrap_seed_v1,81857728b78095013779b4d61403f621,d104c1d83b03f23f78fb739081c20d2d,7011895ce88d58c5e3a7b63b1bebc160,da03adf9f0afba17b79399c3a0b681a9,79,True,0.06687190498747475,OK
D9,misspecified_constant_mu,0,93,20260906090002093,bootstrap_seed_v1,81857728b78095013779b4d61403f621,d104c1d83b03f23f78fb739081c20d2d,1ae9a37c5013e524e4ded9732f3282cd,f25c3d54c4c54a6c2ca5de79da6599da,68,True,0.07989986166571406,OK
D9,misspecified_constant_mu,0,94,20260906090002094,bootstrap_seed_v1,81857728b78095013779b4d61403f621,d104c1d83b03f23f78fb739081c20d2d,e5f9f68d914386b8209530497a69b04e,2b6dcb9e4ae2de618ab76d2455dee515,59,True,0.08191211185747604,OK
D9,misspecified_constant_mu,0,95,20260906090002095,bootstrap_seed_v1,81857728b78095013779b4d61403f621,d104c1d83b03f23f78fb739081c20d2d,9db3b2b52ba8d2d35c2a09bb0c821bc0,b1abe35b23e25096ed9b73520175e103,235,True,0.06332065751068294,OK
D9,misspecified_constant_mu,0,96,20260906090002096,bootstrap_seed_v1,81857728b78095013779b4d61403f621,d104c1d83b03f23f78fb739081c20d2d,068827cbfe9435af6d5cf6d6438762d7,ba2a5673509a91639d2dc6d408516606,66,True,0.14387550173175478,OK
D9,misspecified_constant_mu,0,97,20260906090002097,bootstrap_seed_v1,81857728b78095013779b4d61403f621,d104c1d83b03f23f78fb739081c20d2d,624d12511a5189ba31c339b265dc9651,3de1a48272ef411e6c0f7e23640764cd,82,True,0.0685213291329305,OK
D9,misspecified_constant_mu,0,98,20260906090002098,bootstrap_seed_v1,81857728b78095013779b4d61403f621,d104c1d83b03f23f78fb739081c20d2d,5a73048fbb89c0b617d873aace49ca26,203d8b35c25c822cb2aa4d26f206a141,79,True,0.0737277431595027,OK
D9,misspecified_constant_mu,0,99,20260906090002099,bootstrap_seed_v1,81857728b78095013779b4d61403f621,d104c1d83b03f23f78fb739081c20d2d,6c758679aacfa2723bde09e780854fbc,2b9690ef85e7f48fc3386203be7ba91b,76,True,0.09973008025223801,OK
D9,misspecified_constant_mu,0,100,20260906090002100,bootstrap_seed_v1,81857728b78095013779b4d61403f621,d104c1d83b03f23f78fb739081c20d2d,cc481158c2f67ce3cf925ccd5c2c27c9,a6f3700e1f3e505b7acd416b32723ad6,50,True,0.056480449822310305,OK
D9,misspecified_constant_mu,0,101,20260906090002101,bootstrap_seed_v1,81857728b78095013779b4d61403f621,d104c1d83b03f23f78fb739081c20d2d,c40e69c8c9800fb326e1f648a13c3e06,9fff673eff42dbc7ed58544e291ded66,55,True,0.08116113054997964,OK
D9,misspecified_constant_mu,0,102,20260906090002102,bootstrap_seed_v1,81857728b78095013779b4d61403f621,d104c1d83b03f23f78fb739081c20d2d,34bc664eb71d7aa20ddb54e0145c54dc,ab4e9f70167401f10db18f0ee798bb73,79,True,0.07655549688795849,OK
D9,misspecified_constant_mu,0,103,20260906090002103,bootstrap_seed_v1,81857728b78095013779b4d61403f621,d104c1d83b03f23f78fb739081c20d2d,05659fac51efb71ed0721c764859e434,2c7ac02760c29dd4420076b35ac0de85,34,True,0.11148987098925878,OK
D9,misspecified_constant_mu,0,104,20260906090002104,bootstrap_seed_v1,81857728b78095013779b4d61403f621,d104c1d83b03f23f78fb739081c20d2d,b95db3de265aa7fda85f16867660cb1f,dd6995051e5741626b29c20f5c20e179,57,True,0.08478092696342543,OK
D9,misspecified_constant_mu,0,105,20260906090002105,bootstrap_seed_v1,81857728b78095013779b4d61403f621,d104c1d83b03f23f78fb739081c20d2d,5137d417d13706d1154493d642c7cb3f,a3bd90bf665de83dc91a2527fe1ee7f1,25,True,0.1669600988615541,OK
D9,misspecified_constant_mu,0,106,20260906090002106,bootstrap_seed_v1,81857728b78095013779b4d61403f621,d104c1d83b03f23f78fb739081c20d2d,b129db52228aedba52e236e6aca598f2,12e788301239274f0dba47056f6af302,94,True,0.07903359683462541,OK
D9,misspecified_constant_mu,0,107,20260906090002107,bootstrap_seed_v1,81857728b78095013779b4d61403f621,d104c1d83b03f23f78fb739081c20d2d,5c7aee403217f781b7b4a4526b0c2b48,a9ccf5e5b536a9e80ec206ab017720ca,100,True,0.05989297336027544,OK
D9,misspecified_constant_mu,0,108,20260906090002108,bootstrap_seed_v1,81857728b78095013779b4d61403f621,d104c1d83b03f23f78fb739081c20d2d,6cdda91f32775e3b76cbe27d0d82ea13,2c8b7328cd72e831171fa1b2e7001988,39,True,0.1111135068174055,OK
D9,misspecified_constant_mu,0,109,20260906090002109,bootstrap_seed_v1,81857728b78095013779b4d61403f621,d104c1d83b03f23f78fb739081c20d2d,64c0af291f89e66011b5a93fc84671c0,c5553ca30792779f2ffe584c7a3073fa,143,True,0.0497397326535864,OK
D9,misspecified_constant_mu,0,110,20260906090002110,bootstrap_seed_v1,81857728b78095013779b4d61403f621,d104c1d83b03f23f78fb739081c20d2d,1c0c160e467a4019aa52c75722e177b2,1d71b55febcf897ad35d745ddbde9ed8,90,True,0.04663134406171998,OK
D9,misspecified_constant_mu,0,111,20260906090002111,bootstrap_seed_v1,81857728b78095013779b4d61403f621,d104c1d83b03f23f78fb739081c20d2d,1ff4b5d767dd89d5cc41bd53b99e2e2a,c7b0c45c3622f9493b6b1396dd2c6704,129,True,0.05128692338922425,OK
D9,misspecified_constant_mu,0,112,20260906090002112,bootstrap_seed_v1,81857728b78095013779b4d61403f621,d104c1d83b03f23f78fb739081c20d2d,482299962f772fb67a8b8e84cfb44bfd,b708d990a675df751219801edfa174e2,22,True,0.14822406432976715,OK
D9,misspecified_constant_mu,0,113,20260906090002113,bootstrap_seed_v1,81857728b78095013779b4d61403f621,d104c1d83b03f23f78fb739081c20d2d,cab6cac66f9c08a4aa8235941a49c488,d11c5502552c483c15a89b22e553f824,9,True,0.23581850550604577,OK
D9,misspecified_constant_mu,0,114,20260906090002114,bootstrap_seed_v1,81857728b78095013779b4d61403f621,d104c1d83b03f23f78fb739081c20d2d,2802806c94940d0d73b23a0ed96a4d95,343bf4d5f222b625c3bacb280538d618,109,True,0.07219784069559748,OK
D9,misspecified_constant_mu,0,115,20260906090002115,bootstrap_seed_v1,81857728b78095013779b4d61403f621,d104c1d83b03f23f78fb739081c20d2d,640c16fd5ba51e819aba64dac78eaa89,16202e9d26b3f7d18a95afa88d91ba1c,119,True,0.06317710490611006,OK
D9,misspecified_constant_mu,0,116,20260906090002116,bootstrap_seed_v1,81857728b78095013779b4d61403f621,d104c1d83b03f23f78fb739081c20d2d,d2b78a2190858948bb07d12324385019,3c4b2176d4d2d3916750fb73dd099050,76,True,0.07544097428998275,OK
D9,misspecified_constant_mu,0,117,20260906090002117,bootstrap_seed_v1,81857728b78095013779b4d61403f621,d104c1d83b03f23f78fb739081c20d2d,d4ffd47eb613867ffd43cfbbebc40517,24e9d5bf3a05d8043b4e60d87afcc582,70,True,0.08114411377634473,OK
D9,misspecified_constant_mu,0,118,20260906090002118,bootstrap_seed_v1,81857728b78095013779b4d61403f621,d104c1d83b03f23f78fb739081c20d2d,cfe72a6e1c4f35a1358d2844a12fe3f8,10d9e2e1eeecf687e62a53190aa0da62,26,True,0.1541028696079115,OK
D9,misspecified_constant_mu,0,119,20260906090002119,bootstrap_seed_v1,81857728b78095013779b4d61403f621,d104c1d83b03f23f78fb739081c20d2d,a6e34d0effeb30fc8e44e2f22ada5493,e930c8d288dc1a8ba4c288fe54cd07ce,65,True,0.11867303859566886,OK
D9,misspecified_constant_mu,0,120,20260906090002120,bootstrap_seed_v1,81857728b78095013779b4d61403f621,d104c1d83b03f23f78fb739081c20d2d,be3610c1278bfd53b470e458d914f551,563fe1cb674e0e2f281652d977046439,13,True,0.16721069871883504,OK
D9,misspecified_constant_mu,0,121,20260906090002121,bootstrap_seed_v1,81857728b78095013779b4d61403f621,d104c1d83b03f23f78fb739081c20d2d,50bbdf1763021107ae9a8f9fb82bf726,d9446b7b8f8af04ce5ee1254f8dc6e8c,28,True,0.11926346763620893,OK
D9,misspecified_constant_mu,0,122,20260906090002122,bootstrap_seed_v1,81857728b78095013779b4d61403f621,d104c1d83b03f23f78fb739081c20d2d,8b6d78308ed549377aa60abc56321126,9445859c56bab18a5583a35547bb5027,56,True,0.08042194944562875,OK
D9,misspecified_constant_mu,0,123,20260906090002123,bootstrap_seed_v1,81857728b78095013779b4d61403f621,d104c1d83b03f23f78fb739081c20d2d,74667ae8653efe0628df5206632f5601,0f19a5f5633c0f6957c5f5c268adff86,41,True,0.0872937938386501,OK
D9,misspecified_constant_mu,0,124,20260906090002124,bootstrap_seed_v1,81857728b78095013779b4d61403f621,d104c1d83b03f23f78fb739081c20d2d,3bd1311c21747f6d59e781002c91dff8,b9f1c8fc43b1b4aec421c1f8a83bd8f2,30,True,0.09522153843780368,OK
D9,misspecified_constant_mu,0,125,20260906090002125,bootstrap_seed_v1,81857728b78095013779b4d61403f621,d104c1d83b03f23f78fb739081c20d2d,f3c69fb3743ae0c4d4d2fd8ad2bf5574,d173ea356c69a28446dbd6d809755ef0,124,True,0.03348665319410743,OK
D9,misspecified_constant_mu,0,126,20260906090002126,bootstrap_seed_v1,81857728b78095013779b4d61403f621,d104c1d83b03f23f78fb739081c20d2d,39ffe5eb5518ae78a41beb28b67eaa30,56d2c3f39132443a6fc4034ae0f4ba50,87,True,0.06840806896972529,OK
D9,misspecified_constant_mu,0,127,20260906090002127,bootstrap_seed_v1,81857728b78095013779b4d61403f621,d104c1d83b03f23f78fb739081c20d2d,c3288d95b7759ad3fe4e2c4a02d31c42,bd4f4beb7134f1921261bdebc75b76cf,53,True,0.08473662243233507,OK
D9,misspecified_constant_mu,0,128,20260906090002128,bootstrap_seed_v1,81857728b78095013779b4d61403f621,d104c1d83b03f23f78fb739081c20d2d,370c39fa0af3dc9e6be16ad49397bb90,bccf806fc787d7f8597b8595777f9212,25,True,0.11297008852378693,OK
D9,misspecified_constant_mu,0,129,20260906090002129,bootstrap_seed_v1,81857728b78095013779b4d61403f621,d104c1d83b03f23f78fb739081c20d2d,9e92cec6b8346b065a03cfe98fd032bc,f3d464460086cba9b90cc9f0f6e4389b,93,True,0.08716787744228921,OK
D9,misspecified_constant_mu,0,130,20260906090002130,bootstrap_seed_v1,81857728b78095013779b4d61403f621,d104c1d83b03f23f78fb739081c20d2d,5806a0c6c6e1c50edc1b3e82fd6fbac7,4656ae4b781699aa6d7ac25f02b2421e,24,True,0.16026572718074228,OK
D9,misspecified_constant_mu,0,131,20260906090002131,bootstrap_seed_v1,81857728b78095013779b4d61403f621,d104c1d83b03f23f78fb739081c20d2d,89a93176a08685f5112e984d0a1f683f,94d2c5f345a115e5d737912294ed905a,93,True,0.06473705028338239,OK
D9,misspecified_constant_mu,0,132,20260906090002132,bootstrap_seed_v1,81857728b78095013779b4d61403f621,d104c1d83b03f23f78fb739081c20d2d,c4f23448c4a1d109a47873a28bbaccf8,1e6d7693729f33adba9d94e9d696d6b6,55,True,0.047366264734659325,OK
D9,misspecified_constant_mu,0,133,20260906090002133,bootstrap_seed_v1,81857728b78095013779b4d61403f621,d104c1d83b03f23f78fb739081c20d2d,e84b5a4b60a9a72c0e32f2a8bce05795,98ff60987a4b3f6964848744e4f41eff,32,True,0.11311042755729672,OK
D9,misspecified_constant_mu,0,134,20260906090002134,bootstrap_seed_v1,81857728b78095013779b4d61403f621,d104c1d83b03f23f78fb739081c20d2d,8c059c29a1e3ae53ff337caf53a3117f,3775d5f8f5679c1444e9902c90c0bfb8,43,True,0.08386893286514552,OK
D9,misspecified_constant_mu,0,135,20260906090002135,bootstrap_seed_v1,81857728b78095013779b4d61403f621,d104c1d83b03f23f78fb739081c20d2d,97605a92ad09d876b1b226fea0cfaa7b,043048aa42408eeef6f840a50e329e50,73,True,0.08416167288903909,OK
D9,misspecified_constant_mu,0,136,20260906090002136,bootstrap_seed_v1,81857728b78095013779b4d61403f621,d104c1d83b03f23f78fb739081c20d2d,1ae55deb18a8295cca5e13887387ecf0,17c93cfbb11e3105bc11c86c802645bf,123,True,0.08007823199724728,OK
D9,misspecified_constant_mu,0,137,20260906090002137,bootstrap_seed_v1,81857728b78095013779b4d61403f621,d104c1d83b03f23f78fb739081c20d2d,e4a9d560531b49978a09a44bc50f3fed,5d64af0d4fdbdfbb562b59a55defccfe,39,True,0.06889023838962366,OK
D9,misspecified_constant_mu,0,138,20260906090002138,bootstrap_seed_v1,81857728b78095013779b4d61403f621,d104c1d83b03f23f78fb739081c20d2d,f4b6fa9b4be5100ff6c07fcfc2b196b5,edae3240cb7026dd79016e2fb88ba21e,71,True,0.07121979456050126,OK
D9,misspecified_constant_mu,0,139,20260906090002139,bootstrap_seed_v1,81857728b78095013779b4d61403f621,d104c1d83b03f23f78fb739081c20d2d,347e3007a0495ca8c75dbb21cdecf57a,9621669b32fa0ffc4814b116eeefc1ed,49,True,0.0540075122317179,OK
D9,misspecified_constant_mu,0,140,20260906090002140,bootstrap_seed_v1,81857728b78095013779b4d61403f621,d104c1d83b03f23f78fb739081c20d2d,cc89a71227cf18825d939e153ec973cb,cfb6b2a5f8f6083e62159e7b01a75840,42,True,0.10418773287768979,OK
D9,misspecified_constant_mu,0,141,20260906090002141,bootstrap_seed_v1,81857728b78095013779b4d61403f621,d104c1d83b03f23f78fb739081c20d2d,6ddd710a9669f5f24a1326d43b0afe40,75181d0a5fe7d9b1b1f2d6ffe45e2167,69,True,0.11020691757950543,OK
D9,misspecified_constant_mu,0,142,20260906090002142,bootstrap_seed_v1,81857728b78095013779b4d61403f621,d104c1d83b03f23f78fb739081c20d2d,e972d223487132695722040c067dc9e5,6371bf75f63cfd965e1749e92f9394db,98,True,0.04546647179142399,OK
D9,misspecified_constant_mu,0,143,20260906090002143,bootstrap_seed_v1,81857728b78095013779b4d61403f621,d104c1d83b03f23f78fb739081c20d2d,af4822e3cb1f15ab1395c85d2f24d444,faf088c680cfd0ecccd6668f92529ea7,21,True,0.14302086002683329,OK
D9,misspecified_constant_mu,0,144,20260906090002144,bootstrap_seed_v1,81857728b78095013779b4d61403f621,d104c1d83b03f23f78fb739081c20d2d,13b21a3e08130dffe29a4f90317f5b47,cb07e01ab6df481161b7502fb0f0c25e,62,True,0.05760679782095912,OK
D9,misspecified_constant_mu,0,145,20260906090002145,bootstrap_seed_v1,81857728b78095013779b4d61403f621,d104c1d83b03f23f78fb739081c20d2d,7ddc64f443a6f22b6717bc9af1d7623d,0afde56f8baac220ae2224dc7bdb1651,61,True,0.10058635826235451,OK
D9,misspecified_constant_mu,0,146,20260906090002146,bootstrap_seed_v1,81857728b78095013779b4d61403f621,d104c1d83b03f23f78fb739081c20d2d,c4671aa87c34254cde800c84316097a1,d23035fe9cc87cf2a932abe32bdf08e9,93,True,0.04201967263732892,OK
D9,misspecified_constant_mu,0,147,20260906090002147,bootstrap_seed_v1,81857728b78095013779b4d61403f621,d104c1d83b03f23f78fb739081c20d2d,c80b19fd990d4302f54e5d396a20342c,b46dacf05867ab6be2dca2d02ef36aaa,138,True,0.06124942978418202,OK
D9,misspecified_constant_mu,0,148,20260906090002148,bootstrap_seed_v1,81857728b78095013779b4d61403f621,d104c1d83b03f23f78fb739081c20d2d,0553edb0be354c6c7dfc5a89d6eddab7,a4ef20a27f6d6e69fbf28a862e44af6f,44,True,0.1061332903940232,OK
D9,misspecified_constant_mu,0,149,20260906090002149,bootstrap_seed_v1,81857728b78095013779b4d61403f621,d104c1d83b03f23f78fb739081c20d2d,1cb41ce687ecd5fe7e7bf189654f3239,c307f97af6bab9f43fd07a2af3c524e4,34,True,0.08418486271951209,OK
D9,misspecified_constant_mu,0,150,20260906090002150,bootstrap_seed_v1,81857728b78095013779b4d61403f621,d104c1d83b03f23f78fb739081c20d2d,c0bd6e65a5990efb3028e9c375cfc680,da88ad68dd8fa945c7cfe286034e655e,103,True,0.09383966594111781,OK
D9,misspecified_constant_mu,0,151,20260906090002151,bootstrap_seed_v1,81857728b78095013779b4d61403f621,d104c1d83b03f23f78fb739081c20d2d,20c833e482d2ca50ffd004c81796201a,9ca06dc664d0e49195e58872b6d4a6dc,48,True,0.11281191953880465,OK
D9,misspecified_constant_mu,0,152,20260906090002152,bootstrap_seed_v1,81857728b78095013779b4d61403f621,d104c1d83b03f23f78fb739081c20d2d,65b0e511255bf5071b0bf7c3eda2a99c,90195cd5c62787c799218585c045f063,150,True,0.05712163111670998,OK
D9,misspecified_constant_mu,0,153,20260906090002153,bootstrap_seed_v1,81857728b78095013779b4d61403f621,d104c1d83b03f23f78fb739081c20d2d,cd3b2a3b7808b358ebb6071e452902b9,39fc1c207bf2e3ea9b79040f7aafa387,50,True,0.12127139538404147,OK
D9,misspecified_constant_mu,0,154,20260906090002154,bootstrap_seed_v1,81857728b78095013779b4d61403f621,d104c1d83b03f23f78fb739081c20d2d,97309d2f7a9ec33786034ef28bcb0640,7628ce59489f59445ecb01a32d79c9db,118,True,0.04566724874775163,OK
D9,misspecified_constant_mu,0,155,20260906090002155,bootstrap_seed_v1,81857728b78095013779b4d61403f621,d104c1d83b03f23f78fb739081c20d2d,7e690fe066673153e341b9ee35f3f81b,88fe4266e3df5e12f618755af98ed244,94,True,0.05440081924276119,OK
D9,misspecified_constant_mu,0,156,20260906090002156,bootstrap_seed_v1,81857728b78095013779b4d61403f621,d104c1d83b03f23f78fb739081c20d2d,dac7d50a06e2c9e3f739e89fdfeca7c5,b3754e80b141993fec861ca193b19d00,41,True,0.10128750869525216,OK
D9,misspecified_constant_mu,0,157,20260906090002157,bootstrap_seed_v1,81857728b78095013779b4d61403f621,d104c1d83b03f23f78fb739081c20d2d,bf0f4f22b0a1f039138dedf62988c6e1,d46b9231741c888a65ee2e2985ef6bc7,28,True,0.08659064242338438,OK
D9,misspecified_constant_mu,0,158,20260906090002158,bootstrap_seed_v1,81857728b78095013779b4d61403f621,d104c1d83b03f23f78fb739081c20d2d,3c9828cc77837348cffa1c4a10ceb3c0,081ec41dc8b199bb9bc9449cd524154e,101,True,0.061976510449649067,OK
D9,misspecified_constant_mu,0,159,20260906090002159,bootstrap_seed_v1,81857728b78095013779b4d61403f621,d104c1d83b03f23f78fb739081c20d2d,295b0678828d80cc9c15261960167ca5,60affa947b3d7250114b90534fe661e6,56,True,0.11724498359074942,OK
D9,misspecified_constant_mu,0,160,20260906090002160,bootstrap_seed_v1,81857728b78095013779b4d61403f621,d104c1d83b03f23f78fb739081c20d2d,735c65f6778a29a99e6705f1616a256a,879d6cfd695bacffadf5b2f7978a1b62,109,True,0.054624654968756736,OK
D9,misspecified_constant_mu,0,161,20260906090002161,bootstrap_seed_v1,81857728b78095013779b4d61403f621,d104c1d83b03f23f78fb739081c20d2d,2e0173ea2464781a1c7a3a821a2ab91d,dbef7891399685bebe4cb80129c03f60,102,True,0.061429865645533765,OK
D9,misspecified_constant_mu,0,162,20260906090002162,bootstrap_seed_v1,81857728b78095013779b4d61403f621,d104c1d83b03f23f78fb739081c20d2d,fc9cb2be9913996fbefd41844d97288d,a73ca07fdc03caccb66a06a4f8cf112a,24,True,0.18359352486778047,OK
D9,misspecified_constant_mu,0,163,20260906090002163,bootstrap_seed_v1,81857728b78095013779b4d61403f621,d104c1d83b03f23f78fb739081c20d2d,9bfd59c9210d15ed10a333b36e0a8e95,2abe9ecb6d968014541c0bf7812e499c,17,True,0.19694675537131967,OK
D9,misspecified_constant_mu,0,164,20260906090002164,bootstrap_seed_v1,81857728b78095013779b4d61403f621,d104c1d83b03f23f78fb739081c20d2d,7521b6cd09a039d031004c0f9ae11943,dd007deb56603999d06b18144b7b9ab2,70,True,0.06929863199995379,OK
D9,misspecified_constant_mu,0,165,20260906090002165,bootstrap_seed_v1,81857728b78095013779b4d61403f621,d104c1d83b03f23f78fb739081c20d2d,94a8cef3750b70a1e0ac3262a55fa592,ee73cea753a5f0cd3cd15c03a2edab65,53,True,0.10206161087946251,OK
D9,misspecified_constant_mu,0,166,20260906090002166,bootstrap_seed_v1,81857728b78095013779b4d61403f621,d104c1d83b03f23f78fb739081c20d2d,9402846c77d21eaa45b8022dc9bb9704,019bc611e6fc917e28425d566ce83982,37,True,0.10182764979801473,OK
D9,misspecified_constant_mu,0,167,20260906090002167,bootstrap_seed_v1,81857728b78095013779b4d61403f621,d104c1d83b03f23f78fb739081c20d2d,9fdf6fe4e1f1ef827a82f66e0e970241,4c329090d53c6d8a9b44bef69a31bdc8,71,True,0.07691526241736886,OK
D9,misspecified_constant_mu,0,168,20260906090002168,bootstrap_seed_v1,81857728b78095013779b4d61403f621,d104c1d83b03f23f78fb739081c20d2d,c699162659300b25df969279b2797835,84e1f38606738fc787b5715e7242544c,76,True,0.08685258948199087,OK
D9,misspecified_constant_mu,0,169,20260906090002169,bootstrap_seed_v1,81857728b78095013779b4d61403f621,d104c1d83b03f23f78fb739081c20d2d,79fd2adcfa5d37a8523d6292a092c5c5,2fed276ba2187a51b2cca418741c136e,60,True,0.07321658230150485,OK
D9,misspecified_constant_mu,0,170,20260906090002170,bootstrap_seed_v1,81857728b78095013779b4d61403f621,d104c1d83b03f23f78fb739081c20d2d,88eb997eb36c91cee2bfa4614c79dc82,fbbe545f8fe32a1dc6ad6633507d769e,73,True,0.051504936258697676,OK
D9,misspecified_constant_mu,0,171,20260906090002171,bootstrap_seed_v1,81857728b78095013779b4d61403f621,d104c1d83b03f23f78fb739081c20d2d,6bd7714a8173310fb755685916dd14d4,d23ffec29bd3b3699677c3f8193e8786,109,True,0.07333197211556564,OK
D9,misspecified_constant_mu,0,172,20260906090002172,bootstrap_seed_v1,81857728b78095013779b4d61403f621,d104c1d83b03f23f78fb739081c20d2d,e1ac78b41ad3bc46b925198a397555f7,b43a0a4815c207f37a620eeb519512d8,24,True,0.140761114201271,OK
D9,misspecified_constant_mu,0,173,20260906090002173,bootstrap_seed_v1,81857728b78095013779b4d61403f621,d104c1d83b03f23f78fb739081c20d2d,8be6df334ba51ec82f2215a37cfa465a,9eb2b8e50f5c20fb37c82263b1345d39,54,True,0.08518987423520835,OK
D9,misspecified_constant_mu,0,174,20260906090002174,bootstrap_seed_v1,81857728b78095013779b4d61403f621,d104c1d83b03f23f78fb739081c20d2d,c756ae9f1499aff487b750fce20956c9,4cae5bb6d4b22b0dd98eec735aabc977,54,True,0.09021901433123236,OK
D9,misspecified_constant_mu,0,175,20260906090002175,bootstrap_seed_v1,81857728b78095013779b4d61403f621,d104c1d83b03f23f78fb739081c20d2d,142cfba84b11be1aef95af2d02bae513,aac4287f18f7a704c3500bf3a250413b,9,True,0.25228063569614523,OK
D9,misspecified_constant_mu,0,176,20260906090002176,bootstrap_seed_v1,81857728b78095013779b4d61403f621,d104c1d83b03f23f78fb739081c20d2d,9147554e7e0b6fa6bfb3d9f0f5b511b1,7caa21d4f2294ee6710664b342494754,80,True,0.08058357515821402,OK
D9,misspecified_constant_mu,0,177,20260906090002177,bootstrap_seed_v1,81857728b78095013779b4d61403f621,d104c1d83b03f23f78fb739081c20d2d,c8b90e07752284408477c6403b5a49db,6633dd82cda2afc2d7d41720741be36e,84,True,0.05596995521591923,OK
D9,misspecified_constant_mu,0,178,20260906090002178,bootstrap_seed_v1,81857728b78095013779b4d61403f621,d104c1d83b03f23f78fb739081c20d2d,87222386042d00938abb35966da2bb46,428cc136988bd7e81e8d7884f9648ad2,22,True,0.10285670757879706,OK
D9,misspecified_constant_mu,0,179,20260906090002179,bootstrap_seed_v1,81857728b78095013779b4d61403f621,d104c1d83b03f23f78fb739081c20d2d,a26b329edc52f475d53857f2a8c1b1bd,9d836b4b220ecb51c117fac09299f9c6,37,True,0.11047930362981018,OK
D9,misspecified_constant_mu,0,180,20260906090002180,bootstrap_seed_v1,81857728b78095013779b4d61403f621,d104c1d83b03f23f78fb739081c20d2d,f360980468c43d100051da52b40d4425,ce927d419add5a94324b8a02da4d41d5,120,True,0.06265745515565974,OK
D9,misspecified_constant_mu,0,181,20260906090002181,bootstrap_seed_v1,81857728b78095013779b4d61403f621,d104c1d83b03f23f78fb739081c20d2d,5002bee9a9398b223ddc1031826fbf0f,d20bc5930e4d3ad07437d4256552464d,148,True,0.058867475294209604,OK
D9,misspecified_constant_mu,0,182,20260906090002182,bootstrap_seed_v1,81857728b78095013779b4d61403f621,d104c1d83b03f23f78fb739081c20d2d,ffda370b45fdf1f94263313d43e1e57a,1386c7c877d4f5ceeb7fe8c2f3d1d622,19,True,0.1275991786188332,OK
D9,misspecified_constant_mu,0,183,20260906090002183,bootstrap_seed_v1,81857728b78095013779b4d61403f621,d104c1d83b03f23f78fb739081c20d2d,10312daac3435e1212026543a06ef9a9,4c67b0f3e25d46e51133a0d44d401938,157,True,0.06387592578487755,OK
D9,misspecified_constant_mu,0,184,20260906090002184,bootstrap_seed_v1,81857728b78095013779b4d61403f621,d104c1d83b03f23f78fb739081c20d2d,cfbe3029119e23a281e978b978194fa1,b9f5cb59b0e3ed570995748177f57dd6,90,True,0.1062860933049834,OK
D9,misspecified_constant_mu,0,185,20260906090002185,bootstrap_seed_v1,81857728b78095013779b4d61403f621,d104c1d83b03f23f78fb739081c20d2d,67e13a577ca7c0917359fc4bba108067,59457e86f20872bbe3134889b5a27421,37,True,0.07494415186719405,OK
D9,misspecified_constant_mu,0,186,20260906090002186,bootstrap_seed_v1,81857728b78095013779b4d61403f621,d104c1d83b03f23f78fb739081c20d2d,9a69985ab822626604b1b46cadb43b99,2ccac8c4cc1c8f22a2c34fa1a2e31ae5,57,True,0.08135463588404224,OK
D9,misspecified_constant_mu,0,187,20260906090002187,bootstrap_seed_v1,81857728b78095013779b4d61403f621,d104c1d83b03f23f78fb739081c20d2d,1918519b63b4d48cdd3a8a6792149007,90388b8478b47ef2247787b719a9fab1,35,True,0.08386857339092257,OK
D9,misspecified_constant_mu,0,188,20260906090002188,bootstrap_seed_v1,81857728b78095013779b4d61403f621,d104c1d83b03f23f78fb739081c20d2d,2b0bbcbcb455b6d5a855abbf97b21371,8e89ee3b420d9a21803e98cba825c7a1,64,True,0.08987462485272668,OK
D9,misspecified_constant_mu,0,189,20260906090002189,bootstrap_seed_v1,81857728b78095013779b4d61403f621,d104c1d83b03f23f78fb739081c20d2d,61086b1e01371a17ce17a3ac817f1025,08c7f142303b64885d67160c93b472ea,191,True,0.05232186241680781,OK
D9,misspecified_constant_mu,0,190,20260906090002190,bootstrap_seed_v1,81857728b78095013779b4d61403f621,d104c1d83b03f23f78fb739081c20d2d,c06f65cde3552f9cbfc563d3a0265a71,6a137384d02bb25ffa55b135c0959bee,91,True,0.08230991264257748,OK
D9,misspecified_constant_mu,0,191,20260906090002191,bootstrap_seed_v1,81857728b78095013779b4d61403f621,d104c1d83b03f23f78fb739081c20d2d,338e6a669bbd78da5cb497114ccff367,faeaeb173a70c07c0ef58c60cdbc0fd7,38,True,0.09504188352034448,OK
D9,misspecified_constant_mu,0,192,20260906090002192,bootstrap_seed_v1,81857728b78095013779b4d61403f621,d104c1d83b03f23f78fb739081c20d2d,4dc4a56f99d966873039972177c8fdd2,533cb03d8a2aed976af8fc6ae5267c1c,42,True,0.08960595495730084,OK
D9,misspecified_constant_mu,0,193,20260906090002193,bootstrap_seed_v1,81857728b78095013779b4d61403f621,d104c1d83b03f23f78fb739081c20d2d,e6cf391e67383522ee9d26960427ae11,01553417fe1515c01e34d068bc93202d,48,True,0.08054333677728909,OK
D9,misspecified_constant_mu,0,194,20260906090002194,bootstrap_seed_v1,81857728b78095013779b4d61403f621,d104c1d83b03f23f78fb739081c20d2d,151e52b30f5d9244356c07478a2f4e91,db722aa7fb3f599ac1623b8695861988,108,True,0.0666888784067029,OK
D9,misspecified_constant_mu,0,195,20260906090002195,bootstrap_seed_v1,81857728b78095013779b4d61403f621,d104c1d83b03f23f78fb739081c20d2d,56e7322b88b7825f053473e4f4620118,f8d3d7c99f1b1e927f4981022c41dded,22,True,0.09489820518958503,OK
D9,misspecified_constant_mu,0,196,20260906090002196,bootstrap_seed_v1,81857728b78095013779b4d61403f621,d104c1d83b03f23f78fb739081c20d2d,18ed002d029903197d76ebfa02c30bf2,5ffba7f66358bd8e7295cf25170d1440,145,True,0.06852564681064421,OK
D9,misspecified_constant_mu,0,197,20260906090002197,bootstrap_seed_v1,81857728b78095013779b4d61403f621,d104c1d83b03f23f78fb739081c20d2d,b1fac1309966df646d4a525f07b4f8d7,1aec470bef11cf66b2354c50e705591b,66,True,0.08058976082650954,OK
D9,misspecified_constant_mu,0,198,20260906090002198,bootstrap_seed_v1,81857728b78095013779b4d61403f621,d104c1d83b03f23f78fb739081c20d2d,84489be81726879ae8c67b04c71afc0b,872e70f0d4a17cbdce4b996f8b3ed643,34,True,0.11206267898627276,OK
D9,misspecified_constant_mu,0,199,20260906090002199,bootstrap_seed_v1,81857728b78095013779b4d61403f621,d104c1d83b03f23f78fb739081c20d2d,8f8e9605f1cf457dc5e64a1573a5e56e,54d70626c07816e9350c443810756ce8,126,True,0.05884091284560777,OK
D9,misspecified_constant_mu,0,200,20260906090002200,bootstrap_seed_v1,81857728b78095013779b4d61403f621,d104c1d83b03f23f78fb739081c20d2d,2449aa1aa309a99da0b11fac70041f5b,78800c4acb2d18719c2c568acc85eeb4,70,True,0.10652466319386689,OK
D9,misspecified_constant_mu,0,201,20260906090002201,bootstrap_seed_v1,81857728b78095013779b4d61403f621,d104c1d83b03f23f78fb739081c20d2d,2f6e8a25aa67beb961df38623b216127,bc5635c399c9bfd9471ae3d293a0c1de,84,True,0.09899755852522885,OK
D9,misspecified_constant_mu,0,202,20260906090002202,bootstrap_seed_v1,81857728b78095013779b4d61403f621,d104c1d83b03f23f78fb739081c20d2d,c50efa3ba8fb335291ce01487edf9afd,5f13dceec96011cd9884ac973c06a3ca,72,True,0.05964017230205598,OK
D9,misspecified_constant_mu,0,203,20260906090002203,bootstrap_seed_v1,81857728b78095013779b4d61403f621,d104c1d83b03f23f78fb739081c20d2d,3c8ddcf06c4851a0c3270b7838853aa4,1e81183021ae8e5db87bb0a23629ffc0,115,True,0.07065774694076762,OK
D9,misspecified_constant_mu,0,204,20260906090002204,bootstrap_seed_v1,81857728b78095013779b4d61403f621,d104c1d83b03f23f78fb739081c20d2d,cf6a68cc98e5247cb5f275055e0f928f,81b17e5d20634b6e49b5ec349f65e0b0,66,True,0.0662476327003933,OK
D9,misspecified_constant_mu,0,205,20260906090002205,bootstrap_seed_v1,81857728b78095013779b4d61403f621,d104c1d83b03f23f78fb739081c20d2d,ecbf490e083bc5d24cf994d7c81f477c,3b5ecd660587461d7d27a542e192928b,59,True,0.06637535684943946,OK
D9,misspecified_constant_mu,0,206,20260906090002206,bootstrap_seed_v1,81857728b78095013779b4d61403f621,d104c1d83b03f23f78fb739081c20d2d,27997875f6fdcf6ac1031fd4edc80aea,1686e9dca8b43a3667bca95495b585b0,213,True,0.07248045010386267,OK
D9,misspecified_constant_mu,0,207,20260906090002207,bootstrap_seed_v1,81857728b78095013779b4d61403f621,d104c1d83b03f23f78fb739081c20d2d,345bbf6f9089dcb0e5c506d1041d4157,40ff1545dee5661dc5e6f73ed50d1e62,34,True,0.1427242802967588,OK
D9,misspecified_constant_mu,0,208,20260906090002208,bootstrap_seed_v1,81857728b78095013779b4d61403f621,d104c1d83b03f23f78fb739081c20d2d,2a73f41900e349e18380dec849cbd24f,85bc77560ac090efa815c65c52abfa7a,69,True,0.07197776092711372,OK
D9,misspecified_constant_mu,0,209,20260906090002209,bootstrap_seed_v1,81857728b78095013779b4d61403f621,d104c1d83b03f23f78fb739081c20d2d,4d1a23c6357c48719f224c63cc82159b,e4558a4ca7224028a851cc248c4afc2f,15,True,0.20585281166639757,OK
D9,misspecified_constant_mu,0,210,20260906090002210,bootstrap_seed_v1,81857728b78095013779b4d61403f621,d104c1d83b03f23f78fb739081c20d2d,f1e2b240d3d9aff7cfff6b7955ea6c57,66c9bdf084a189270c44114089f26a7c,125,True,0.10688843892805389,OK
D9,misspecified_constant_mu,0,211,20260906090002211,bootstrap_seed_v1,81857728b78095013779b4d61403f621,d104c1d83b03f23f78fb739081c20d2d,b16d8a08d148bdcb856f1f0a271ee2a3,9f1f0b79b5b00815f313d31cd02af844,47,True,0.07845383981160603,OK
D9,misspecified_constant_mu,0,212,20260906090002212,bootstrap_seed_v1,81857728b78095013779b4d61403f621,d104c1d83b03f23f78fb739081c20d2d,37dd41b90b16600a1810f7123c6f4f50,74552d20b0eeb5f5e6994247594ea204,64,True,0.053428519979731304,OK
D9,misspecified_constant_mu,0,213,20260906090002213,bootstrap_seed_v1,81857728b78095013779b4d61403f621,d104c1d83b03f23f78fb739081c20d2d,f91115119e06c41608811ac9d28a757f,f235ce5a7461058b7ac9e98a2f455a7e,144,True,0.060450795511106936,OK
D9,misspecified_constant_mu,0,214,20260906090002214,bootstrap_seed_v1,81857728b78095013779b4d61403f621,d104c1d83b03f23f78fb739081c20d2d,b5990c5536f3aacf8de7ab7673fef05a,308e3693c3094e07195eb9b99ffae027,91,True,0.11193543787551358,OK
D9,misspecified_constant_mu,0,215,20260906090002215,bootstrap_seed_v1,81857728b78095013779b4d61403f621,d104c1d83b03f23f78fb739081c20d2d,3ee43efe23b2237083fca0a3372a86c5,1b2a713a0b3902da8532cbd4b408314b,105,True,0.08015252737461892,OK
D9,misspecified_constant_mu,0,216,20260906090002216,bootstrap_seed_v1,81857728b78095013779b4d61403f621,d104c1d83b03f23f78fb739081c20d2d,047c542a890593f1f028aabc1831d9e1,eaaaa5c5b036195249a6d15401ffcc55,95,True,0.06799538992216747,OK
D9,misspecified_constant_mu,0,217,20260906090002217,bootstrap_seed_v1,81857728b78095013779b4d61403f621,d104c1d83b03f23f78fb739081c20d2d,801a26d53f23b1f8e5454273714001d9,6e3c9834be4fc31fcb1c35aecdc6e260,74,True,0.06791502333261318,OK
D9,misspecified_constant_mu,0,218,20260906090002218,bootstrap_seed_v1,81857728b78095013779b4d61403f621,d104c1d83b03f23f78fb739081c20d2d,9d3e1894b54581d88c103791c9d16e99,778d8d82ac9541804e3992e30bf0a88c,80,True,0.07308754469376993,OK
D9,misspecified_constant_mu,0,219,20260906090002219,bootstrap_seed_v1,81857728b78095013779b4d61403f621,d104c1d83b03f23f78fb739081c20d2d,0856539a779f83e1f3367a1e1976201d,24f17169bd01481fa9bd5e6872f1e3f5,62,True,0.07594811269911494,OK
D9,misspecified_constant_mu,0,220,20260906090002220,bootstrap_seed_v1,81857728b78095013779b4d61403f621,d104c1d83b03f23f78fb739081c20d2d,58741338c2882d6ab6d67cc268397287,3244defc5f5431353123b188c07e988f,29,True,0.11386963071655831,OK
D9,misspecified_constant_mu,0,221,20260906090002221,bootstrap_seed_v1,81857728b78095013779b4d61403f621,d104c1d83b03f23f78fb739081c20d2d,d7717c97643feb283727446a63319eeb,32b45ca31efc8a60a438094babef7abc,12,True,0.1879421386660981,OK
D9,misspecified_constant_mu,0,222,20260906090002222,bootstrap_seed_v1,81857728b78095013779b4d61403f621,d104c1d83b03f23f78fb739081c20d2d,d1d5b4ca02017297cac502bf55b363a8,59cabe1de98a03c73cd53da15e487747,39,True,0.06010377932793998,OK
D9,misspecified_constant_mu,0,223,20260906090002223,bootstrap_seed_v1,81857728b78095013779b4d61403f621,d104c1d83b03f23f78fb739081c20d2d,448e22a38a5c39f6fb2290ce95902108,5c791b3c1828e885eeb726d2b07712a1,56,True,0.09142155414349384,OK
D9,misspecified_constant_mu,0,224,20260906090002224,bootstrap_seed_v1,81857728b78095013779b4d61403f621,d104c1d83b03f23f78fb739081c20d2d,f58e8f5a94836ea6448fae6f4a7ed92f,a98c8f660c94890ae3ae8c01dfd29d45,130,True,0.06618171295491793,OK
D9,misspecified_constant_mu,0,225,20260906090002225,bootstrap_seed_v1,81857728b78095013779b4d61403f621,d104c1d83b03f23f78fb739081c20d2d,bb2c5662c2074137f82e153e3703995b,6aba6a58068db84e32634922fbafde1b,87,True,0.048873292870115215,OK
D9,misspecified_constant_mu,0,226,20260906090002226,bootstrap_seed_v1,81857728b78095013779b4d61403f621,d104c1d83b03f23f78fb739081c20d2d,ee9293aed62f02e1b59c1a1969d5f0c0,dad80e5e9242ebf3a5d4a31bd5106859,25,True,0.1285702594737893,OK
D9,misspecified_constant_mu,0,227,20260906090002227,bootstrap_seed_v1,81857728b78095013779b4d61403f621,d104c1d83b03f23f78fb739081c20d2d,cda3251e6cf78f0e4fe924ea7f12c141,9756c5cf9798efdc6d7f60c02e6d955f,28,True,0.15021975727047132,OK
D9,misspecified_constant_mu,0,228,20260906090002228,bootstrap_seed_v1,81857728b78095013779b4d61403f621,d104c1d83b03f23f78fb739081c20d2d,809b598849cf4237b10110b051ba8c64,5c017de8bfeb66cb03aa5dcf2af1dbe9,129,True,0.035809631708281775,OK
D9,misspecified_constant_mu,0,229,20260906090002229,bootstrap_seed_v1,81857728b78095013779b4d61403f621,d104c1d83b03f23f78fb739081c20d2d,b8424e118d0f295983406ee5b962f528,fab1f6b390c2cc64771903dc1ac130fa,57,True,0.07957580282531973,OK
D9,misspecified_constant_mu,0,230,20260906090002230,bootstrap_seed_v1,81857728b78095013779b4d61403f621,d104c1d83b03f23f78fb739081c20d2d,daa1d8a9e33028b9600eba9a4a79d144,18a0f222fd920a72c96ad57f573a13e1,54,True,0.06803525740993774,OK
D9,misspecified_constant_mu,0,231,20260906090002231,bootstrap_seed_v1,81857728b78095013779b4d61403f621,d104c1d83b03f23f78fb739081c20d2d,5a1162bcc58df40315d991fd4425d3d1,a9dac7b759cb7724571142fe70d7ada4,75,True,0.08086945843717551,OK
D9,misspecified_constant_mu,0,232,20260906090002232,bootstrap_seed_v1,81857728b78095013779b4d61403f621,d104c1d83b03f23f78fb739081c20d2d,d37dfe850261e264d59e5712aa3caee4,0d6870a758b5713d8ad443b6f4bcbf56,123,True,0.042128875013985406,OK
D9,misspecified_constant_mu,0,233,20260906090002233,bootstrap_seed_v1,81857728b78095013779b4d61403f621,d104c1d83b03f23f78fb739081c20d2d,d2609ffc44820f7d3fad0715098eddc8,728d96b003c62aeb6cc13962f3e59db9,60,True,0.08972131992423996,OK
D9,misspecified_constant_mu,0,234,20260906090002234,bootstrap_seed_v1,81857728b78095013779b4d61403f621,d104c1d83b03f23f78fb739081c20d2d,d7d990f417c2b7faa176421e9c4cb039,da1c71ca1a10d169a3cd4b182a1805ef,43,True,0.07020459514523958,OK
D9,misspecified_constant_mu,0,235,20260906090002235,bootstrap_seed_v1,81857728b78095013779b4d61403f621,d104c1d83b03f23f78fb739081c20d2d,5688d957e7173516d98e9282b85f8004,dd2257af8d533971aa3ac6593027febf,65,True,0.07765184073434206,OK
D9,misspecified_constant_mu,0,236,20260906090002236,bootstrap_seed_v1,81857728b78095013779b4d61403f621,d104c1d83b03f23f78fb739081c20d2d,1300b82e009bdbad35061c64583fcfe6,5eeabee9dc1413cbe65a923a0a95a31a,54,True,0.059030346192763206,OK
D9,misspecified_constant_mu,0,237,20260906090002237,bootstrap_seed_v1,81857728b78095013779b4d61403f621,d104c1d83b03f23f78fb739081c20d2d,ed1ab95fc5fd9f997e91796d0e122bee,cd4dd28d392e16856f34dc088b8ccc1e,51,True,0.07404832519119864,OK
D9,misspecified_constant_mu,0,238,20260906090002238,bootstrap_seed_v1,81857728b78095013779b4d61403f621,d104c1d83b03f23f78fb739081c20d2d,67e50d0444b8de7de1307c4c68218383,ed3356adcfe119c6ea92d8ca4e6fe9b8,51,True,0.08236794993795826,OK
D9,misspecified_constant_mu,0,239,20260906090002239,bootstrap_seed_v1,81857728b78095013779b4d61403f621,d104c1d83b03f23f78fb739081c20d2d,b1a73075a6bd8f7626e7b36f5758958b,35eeaea2785b6d5caf73a39dcdb0e033,168,True,0.05779570455007921,OK
D9,misspecified_constant_mu,0,240,20260906090002240,bootstrap_seed_v1,81857728b78095013779b4d61403f621,d104c1d83b03f23f78fb739081c20d2d,4c8bc9ae7d49367a0693d138f7174e5f,e0200681babd2a141673437172e77b9a,31,True,0.10141496920445786,OK
D9,misspecified_constant_mu,0,241,20260906090002241,bootstrap_seed_v1,81857728b78095013779b4d61403f621,d104c1d83b03f23f78fb739081c20d2d,98a0ef23aeb62709627fb26c00245ce2,0799658951cb5e188f66eda6d1f0d7b4,56,True,0.06799568991502991,OK
D9,misspecified_constant_mu,0,242,20260906090002242,bootstrap_seed_v1,81857728b78095013779b4d61403f621,d104c1d83b03f23f78fb739081c20d2d,176a093dda59f9654cf3f453756a32fc,dbfff82293aff7108536778d658ef4df,76,True,0.05110325029519164,OK
D9,misspecified_constant_mu,0,243,20260906090002243,bootstrap_seed_v1,81857728b78095013779b4d61403f621,d104c1d83b03f23f78fb739081c20d2d,094c43366b883bce106af11dd05a63af,b97691a1a0e4cb9d090ccf333749c559,83,True,0.08765924808559872,OK
D9,misspecified_constant_mu,0,244,20260906090002244,bootstrap_seed_v1,81857728b78095013779b4d61403f621,d104c1d83b03f23f78fb739081c20d2d,da1e16f644cf20c1d874610cad1aec14,27505f8d1818611bc75f30b810957d0c,77,True,0.062360745809309726,OK
D9,misspecified_constant_mu,0,245,20260906090002245,bootstrap_seed_v1,81857728b78095013779b4d61403f621,d104c1d83b03f23f78fb739081c20d2d,20742b7dfadb2b8cd4ad38982ca2eaf8,388a5e9505aabf4dc4aa902d736e584f,105,True,0.06386073379941304,OK
D9,misspecified_constant_mu,0,246,20260906090002246,bootstrap_seed_v1,81857728b78095013779b4d61403f621,d104c1d83b03f23f78fb739081c20d2d,5e2e3e6c472c0a0c3d31cfd7d536a3e4,99fd7047c8d5a0ca249749c983226d40,80,True,0.06932731566250011,OK
D9,misspecified_constant_mu,0,247,20260906090002247,bootstrap_seed_v1,81857728b78095013779b4d61403f621,d104c1d83b03f23f78fb739081c20d2d,93f29ed52ef38a3fcc20916daeb45945,54c05ddf80273014e98f7545ca4577bb,139,True,0.062478734715673445,OK
D9,misspecified_constant_mu,0,248,20260906090002248,bootstrap_seed_v1,81857728b78095013779b4d61403f621,d104c1d83b03f23f78fb739081c20d2d,a9f502763d1a35f0a154683a4ed361ba,cfc27b81523200aa8baac5fe94333b0c,99,True,0.05985713900807821,OK
D9,misspecified_constant_mu,0,249,20260906090002249,bootstrap_seed_v1,81857728b78095013779b4d61403f621,d104c1d83b03f23f78fb739081c20d2d,748379a7d0cf0456b4c327b1c8fbef9a,ae9e5397dfa5522a437383dcb0562c07,81,True,0.07808504819812812,OK
D9,misspecified_constant_mu,0,250,20260906090002250,bootstrap_seed_v1,81857728b78095013779b4d61403f621,d104c1d83b03f23f78fb739081c20d2d,4dd97de03ea241bae542917197dec567,5d58d31d329bf379cbfbdbaa325a9e51,61,True,0.06175365132891908,OK
D9,misspecified_constant_mu,0,251,20260906090002251,bootstrap_seed_v1,81857728b78095013779b4d61403f621,d104c1d83b03f23f78fb739081c20d2d,90808973e2e0fbae075d7dc7a645056c,7c4e2d3760a4c85916ac0460b45786f7,40,True,0.12098094088009897,OK
D9,misspecified_constant_mu,0,252,20260906090002252,bootstrap_seed_v1,81857728b78095013779b4d61403f621,d104c1d83b03f23f78fb739081c20d2d,61ff421cd3507f9069092fbac5a5d20e,d118d8a3897cebbae2b9237aa88e50d4,69,True,0.08537756705811672,OK
D9,misspecified_constant_mu,0,253,20260906090002253,bootstrap_seed_v1,81857728b78095013779b4d61403f621,d104c1d83b03f23f78fb739081c20d2d,9065ac1ae3127b4670340dba51fbab00,893bdcb5aec48b19e75bd3271f79130c,14,True,0.11370716655113322,OK
D9,misspecified_constant_mu,0,254,20260906090002254,bootstrap_seed_v1,81857728b78095013779b4d61403f621,d104c1d83b03f23f78fb739081c20d2d,1859736806f6fa50e082615b46ff54fc,a26fce56ab876da122569c9aeea95b79,54,True,0.05859492095851648,OK
D9,misspecified_constant_mu,0,255,20260906090002255,bootstrap_seed_v1,81857728b78095013779b4d61403f621,d104c1d83b03f23f78fb739081c20d2d,e181d8218b7f6dcb725ff44215588a28,1ff5b249afbe606c9fd245e0cb2358d0,14,True,0.14997120799192792,OK
D9,misspecified_constant_mu,0,256,20260906090002256,bootstrap_seed_v1,81857728b78095013779b4d61403f621,d104c1d83b03f23f78fb739081c20d2d,2bed9b5bcc872fec0a5d9ea1d1e4937d,359b049b5fd9fe00ea4de2e4377e81d5,31,True,0.10690489535449244,OK
D9,misspecified_constant_mu,0,257,20260906090002257,bootstrap_seed_v1,81857728b78095013779b4d61403f621,d104c1d83b03f23f78fb739081c20d2d,9f70b76d3c56793fdb83ee911a8045de,2c5897abbd3113d4923aa6a1815667e4,33,True,0.10504962502111798,OK
D9,misspecified_constant_mu,0,258,20260906090002258,bootstrap_seed_v1,81857728b78095013779b4d61403f621,d104c1d83b03f23f78fb739081c20d2d,364fbc776468c9aff3272f0e94bcff5e,59d1f704c1308253855240d44744b61d,42,True,0.1321056574872675,OK
D9,misspecified_constant_mu,0,259,20260906090002259,bootstrap_seed_v1,81857728b78095013779b4d61403f621,d104c1d83b03f23f78fb739081c20d2d,f441a811700716988edb3901903231ec,0da91947e50797dbf5d720045af9d0ba,89,True,0.10341011920082169,OK
D9,misspecified_constant_mu,0,260,20260906090002260,bootstrap_seed_v1,81857728b78095013779b4d61403f621,d104c1d83b03f23f78fb739081c20d2d,5446078013c57aad681351dcb3419950,04e72062470f3e494ff066680022f29b,26,True,0.11022036862274309,OK
D9,misspecified_constant_mu,0,261,20260906090002261,bootstrap_seed_v1,81857728b78095013779b4d61403f621,d104c1d83b03f23f78fb739081c20d2d,cfad5f1054cda029bcdfeb01fb1573a5,8bdd35a22c2a3139d4470f11a70309a8,98,True,0.059480883158786746,OK
D9,misspecified_constant_mu,0,262,20260906090002262,bootstrap_seed_v1,81857728b78095013779b4d61403f621,d104c1d83b03f23f78fb739081c20d2d,b8db763ccfb394df4b11719d5cfeb8de,7313d77e0c5d68f331a59499c31838b1,38,True,0.11563300833078896,OK
D9,misspecified_constant_mu,0,263,20260906090002263,bootstrap_seed_v1,81857728b78095013779b4d61403f621,d104c1d83b03f23f78fb739081c20d2d,7dd9b0351d1c065a891fe304b4e3f6cd,22aaa32fead290c0cf5c5f6dc858283c,107,True,0.0433897925061667,OK
D9,misspecified_constant_mu,0,264,20260906090002264,bootstrap_seed_v1,81857728b78095013779b4d61403f621,d104c1d83b03f23f78fb739081c20d2d,bd182945a901355e333523b0c0d8e1c4,17ae7008c889fa3089ef7e18585017d2,56,True,0.08144648557430068,OK
D9,misspecified_constant_mu,0,265,20260906090002265,bootstrap_seed_v1,81857728b78095013779b4d61403f621,d104c1d83b03f23f78fb739081c20d2d,68d4917ba3c6ebf28fdb271da7b5a2d3,12df80cce0ca0aea90761e1cb8e894f6,168,True,0.059316847451485744,OK
D9,misspecified_constant_mu,0,266,20260906090002266,bootstrap_seed_v1,81857728b78095013779b4d61403f621,d104c1d83b03f23f78fb739081c20d2d,9bf4a5adad2c3b7d8c4e097d1bced0ac,2b6d83852ddc94dfe32d0d6266ea7c27,75,True,0.10618366066144003,OK
D9,misspecified_constant_mu,0,267,20260906090002267,bootstrap_seed_v1,81857728b78095013779b4d61403f621,d104c1d83b03f23f78fb739081c20d2d,d58c67d0f9adffe42d3094e43df3d63d,f1ba3a0442673309465b7983c59597ab,59,True,0.07965473129657424,OK
D9,misspecified_constant_mu,0,268,20260906090002268,bootstrap_seed_v1,81857728b78095013779b4d61403f621,d104c1d83b03f23f78fb739081c20d2d,3a89bf2d996f946449c5d6a63f3cfc4e,90a80c9c7b2a890830484d4c3aead722,137,True,0.06274372448405452,OK
D9,misspecified_constant_mu,0,269,20260906090002269,bootstrap_seed_v1,81857728b78095013779b4d61403f621,d104c1d83b03f23f78fb739081c20d2d,0d86fe68abf6be9d7de7f3f0eea68a9d,553834112efaf310111da490ba3c017a,60,True,0.059198919164090785,OK
D9,misspecified_constant_mu,0,270,20260906090002270,bootstrap_seed_v1,81857728b78095013779b4d61403f621,d104c1d83b03f23f78fb739081c20d2d,e054669f3b422571f8c9042c6cda6566,fe83842feeab9d8e14993041ce389fe9,24,True,0.12961482773825994,OK
D9,misspecified_constant_mu,0,271,20260906090002271,bootstrap_seed_v1,81857728b78095013779b4d61403f621,d104c1d83b03f23f78fb739081c20d2d,3f8938eb86d81b36809c7af187672532,0cf51ba68989f3d0aeb0ea94f9515383,58,True,0.1397620399507042,OK
D9,misspecified_constant_mu,0,272,20260906090002272,bootstrap_seed_v1,81857728b78095013779b4d61403f621,d104c1d83b03f23f78fb739081c20d2d,e8d04df3da52a3a757be62dd99c59a05,4395aa45e8e8fae531405fd6b53c1932,53,True,0.04710143632771857,OK
D9,misspecified_constant_mu,0,273,20260906090002273,bootstrap_seed_v1,81857728b78095013779b4d61403f621,d104c1d83b03f23f78fb739081c20d2d,5d8bcd2a4904c0a1f6b04a035cbc121f,61c7616b2b6b9e660fae8d7a8650b424,91,True,0.07671066271389088,OK
D9,misspecified_constant_mu,0,274,20260906090002274,bootstrap_seed_v1,81857728b78095013779b4d61403f621,d104c1d83b03f23f78fb739081c20d2d,d5e8bba5f5ef6fac9564e0aa06b51aff,7bc8ee189317679a26a83e451dcc4362,42,True,0.12332791210778288,OK
D9,misspecified_constant_mu,0,275,20260906090002275,bootstrap_seed_v1,81857728b78095013779b4d61403f621,d104c1d83b03f23f78fb739081c20d2d,0f8211dfc9b2d95a811fce9c614aec4d,28e5803394fb2b6366d4369633b8bf0f,61,True,0.085476594677653,OK
D9,misspecified_constant_mu,0,276,20260906090002276,bootstrap_seed_v1,81857728b78095013779b4d61403f621,d104c1d83b03f23f78fb739081c20d2d,9f0a1c8989e84d0de72fd3eed2fd787a,1598797a020b529be54d4a5bf0466e37,93,True,0.09050558328371872,OK
D9,misspecified_constant_mu,0,277,20260906090002277,bootstrap_seed_v1,81857728b78095013779b4d61403f621,d104c1d83b03f23f78fb739081c20d2d,6f7da2593eef2eb037b3aea1364849e2,ccf79d5f9a74976efd98473334875e7a,72,True,0.0862010122888614,OK
D9,misspecified_constant_mu,0,278,20260906090002278,bootstrap_seed_v1,81857728b78095013779b4d61403f621,d104c1d83b03f23f78fb739081c20d2d,062964720ab6a032619950ad0552ece4,e45924339f32400b42594e44bd0b0eac,68,True,0.08584184118858346,OK
D9,misspecified_constant_mu,0,279,20260906090002279,bootstrap_seed_v1,81857728b78095013779b4d61403f621,d104c1d83b03f23f78fb739081c20d2d,1eb7dcf55405402b78cceb8cd168b49b,68f22522ca042028f2a46d2eeef4d43e,73,True,0.04716111051359212,OK
D9,misspecified_constant_mu,0,280,20260906090002280,bootstrap_seed_v1,81857728b78095013779b4d61403f621,d104c1d83b03f23f78fb739081c20d2d,cebb0ed7c708aeb9126175c835ce145b,0f13f332a091127359d648bfe3b03927,19,True,0.15850340434875093,OK
D9,misspecified_constant_mu,0,281,20260906090002281,bootstrap_seed_v1,81857728b78095013779b4d61403f621,d104c1d83b03f23f78fb739081c20d2d,3ee76d214d738c3b52112f2f32960b1b,29185fd10955b68f7b4d85fdd4cc86c2,22,True,0.1775695013323435,OK
D9,misspecified_constant_mu,0,282,20260906090002282,bootstrap_seed_v1,81857728b78095013779b4d61403f621,d104c1d83b03f23f78fb739081c20d2d,34784f4da32369ca2402ff6d4c9ebc24,5c03692e4b16fc9a40776acc8a165e1c,67,True,0.12874226672780242,OK
D9,misspecified_constant_mu,0,283,20260906090002283,bootstrap_seed_v1,81857728b78095013779b4d61403f621,d104c1d83b03f23f78fb739081c20d2d,7dee4e6cd95e67895025c44142bdd711,d2658a27c5ea44c0b8fba438413d4800,94,True,0.07380543566509273,OK
D9,misspecified_constant_mu,0,284,20260906090002284,bootstrap_seed_v1,81857728b78095013779b4d61403f621,d104c1d83b03f23f78fb739081c20d2d,d0869a908951140482895c6027a389cd,bd4d7983802ae4fc32935a569d471b80,133,True,0.029833235554849236,OK
D9,misspecified_constant_mu,0,285,20260906090002285,bootstrap_seed_v1,81857728b78095013779b4d61403f621,d104c1d83b03f23f78fb739081c20d2d,098ec61a0bd0d861fd769a6d1bd3e19c,b4bd6f013d1baa800365a203993213e1,58,True,0.08616819055508618,OK
D9,misspecified_constant_mu,0,286,20260906090002286,bootstrap_seed_v1,81857728b78095013779b4d61403f621,d104c1d83b03f23f78fb739081c20d2d,c6335eec4849bf519797fe86df345d4c,d43cbf6a9c99d9d948e9738b67105654,54,True,0.059662653492117745,OK
D9,misspecified_constant_mu,0,287,20260906090002287,bootstrap_seed_v1,81857728b78095013779b4d61403f621,d104c1d83b03f23f78fb739081c20d2d,255609bcc1af239c87a4273f7685167c,356df77c95cb4a83bf32a41fca3f58d7,75,True,0.056383982289362033,OK
D9,misspecified_constant_mu,0,288,20260906090002288,bootstrap_seed_v1,81857728b78095013779b4d61403f621,d104c1d83b03f23f78fb739081c20d2d,b67640e8d227a4b0aa3916347a30e35a,11d844e76565746ecf353613251d3bac,47,True,0.08148241022635838,OK
D9,misspecified_constant_mu,0,289,20260906090002289,bootstrap_seed_v1,81857728b78095013779b4d61403f621,d104c1d83b03f23f78fb739081c20d2d,bc55a62d4a8da243f3125b3730b3eb2a,5d157878758b0fbcc2cd5fc5017a8cb0,51,True,0.10983832702153307,OK
D9,misspecified_constant_mu,0,290,20260906090002290,bootstrap_seed_v1,81857728b78095013779b4d61403f621,d104c1d83b03f23f78fb739081c20d2d,7e2ab503907c2d5e2f583c0c6fa92f04,26ea057da016b6d27dfb2ee997e178df,67,True,0.08286177060053729,OK
D9,misspecified_constant_mu,0,291,20260906090002291,bootstrap_seed_v1,81857728b78095013779b4d61403f621,d104c1d83b03f23f78fb739081c20d2d,ef24f0a839e353a3ee79da9528822616,f06cced90637fd8b01ba024c2954d126,30,True,0.09989046289491071,OK
D9,misspecified_constant_mu,0,292,20260906090002292,bootstrap_seed_v1,81857728b78095013779b4d61403f621,d104c1d83b03f23f78fb739081c20d2d,1752c00033167879a3354b59f4fe8f9f,46bc35de90d222a2b7db12d0a3aea766,40,True,0.11004371573304983,OK
D9,misspecified_constant_mu,0,293,20260906090002293,bootstrap_seed_v1,81857728b78095013779b4d61403f621,d104c1d83b03f23f78fb739081c20d2d,5dbc2a09e8fc1f8a5a56915e757489f4,d6b48f89f8818c0618fd6484021d4155,35,True,0.0878946465697239,OK
D9,misspecified_constant_mu,0,294,20260906090002294,bootstrap_seed_v1,81857728b78095013779b4d61403f621,d104c1d83b03f23f78fb739081c20d2d,241be2cad398adf8ebc245606c3ccada,9c285f9fa6a7054d0f29ca564894f315,82,True,0.06919247138948334,OK
D9,misspecified_constant_mu,0,295,20260906090002295,bootstrap_seed_v1,81857728b78095013779b4d61403f621,d104c1d83b03f23f78fb739081c20d2d,4112d5c853459370ca5a2d9a2a7dedf6,28a6f7b44df70e8eb6e64f3573776aef,63,True,0.09109657952586514,OK
D9,misspecified_constant_mu,0,296,20260906090002296,bootstrap_seed_v1,81857728b78095013779b4d61403f621,d104c1d83b03f23f78fb739081c20d2d,ae5009603645e84c6917fceac0eaed1a,e1fbd399b671d3f3985ec391f52c0bab,61,True,0.09100099067046669,OK
D9,misspecified_constant_mu,0,297,20260906090002297,bootstrap_seed_v1,81857728b78095013779b4d61403f621,d104c1d83b03f23f78fb739081c20d2d,6164c1313fd7611a85f6a9b0bca8509f,46b193db715e0c236fed6a88c5cf0e28,78,True,0.0925379584340274,OK
D9,misspecified_constant_mu,0,298,20260906090002298,bootstrap_seed_v1,81857728b78095013779b4d61403f621,d104c1d83b03f23f78fb739081c20d2d,7fbdee978953d0047f000598a643efbe,9cab3c9c36fb3fae705f2da009761d23,145,True,0.053184207826748375,OK
D9,misspecified_constant_mu,0,299,20260906090002299,bootstrap_seed_v1,81857728b78095013779b4d61403f621,d104c1d83b03f23f78fb739081c20d2d,0905da2f8c272de85f54fc6b06370aac,4e7171bc0c62ddb699c6f28114fe25e2,20,True,0.12021956034095127,OK
D9,misspecified_constant_mu,0,300,20260906090002300,bootstrap_seed_v1,81857728b78095013779b4d61403f621,d104c1d83b03f23f78fb739081c20d2d,15637515379d18bbce39a91f072ba7f5,b5ce0b0f984b98c3545c55804f43d4a4,46,True,0.10223263754634837,OK
D9,misspecified_constant_mu,0,301,20260906090002301,bootstrap_seed_v1,81857728b78095013779b4d61403f621,d104c1d83b03f23f78fb739081c20d2d,21629597c62de6e65bc6948a877218b6,b7af24d0e8f3f5ce3bf6dd4be8648a9b,168,True,0.03996557653313482,OK
D9,misspecified_constant_mu,0,302,20260906090002302,bootstrap_seed_v1,81857728b78095013779b4d61403f621,d104c1d83b03f23f78fb739081c20d2d,17536630be1b9cc9b6e1a76d2fa7dc98,a3d673520e6d3d8eff1cdc44b56cf50c,115,True,0.05463696802092691,OK
D9,misspecified_constant_mu,0,303,20260906090002303,bootstrap_seed_v1,81857728b78095013779b4d61403f621,d104c1d83b03f23f78fb739081c20d2d,2090a5e2a2598c18bae1e98649c08fd1,1b1d471639d83e199f4e518903e2a73a,86,True,0.0758584580982199,OK
D9,misspecified_constant_mu,0,304,20260906090002304,bootstrap_seed_v1,81857728b78095013779b4d61403f621,d104c1d83b03f23f78fb739081c20d2d,2d8ed545a1b7b0de71fc6b9b21a0cdb5,859e69f817ab072f4c8a236ed3bea827,28,True,0.11547367232815442,OK
D9,misspecified_constant_mu,0,305,20260906090002305,bootstrap_seed_v1,81857728b78095013779b4d61403f621,d104c1d83b03f23f78fb739081c20d2d,5c2fba86650f2d57151caf9659848efc,4185b79826238e5db68893caf9e1325f,36,True,0.08139796765279594,OK
D9,misspecified_constant_mu,0,306,20260906090002306,bootstrap_seed_v1,81857728b78095013779b4d61403f621,d104c1d83b03f23f78fb739081c20d2d,f40d3c30bc9e8b3813345339b3982d39,aa172fab84b0ad67c314081fac243fd9,84,True,0.10372952640720712,OK
D9,misspecified_constant_mu,0,307,20260906090002307,bootstrap_seed_v1,81857728b78095013779b4d61403f621,d104c1d83b03f23f78fb739081c20d2d,a0aecbbce62af434e91d7045f52e065d,fa246056f8c419c070cb598843677f31,92,True,0.07974402714545492,OK
D9,misspecified_constant_mu,0,308,20260906090002308,bootstrap_seed_v1,81857728b78095013779b4d61403f621,d104c1d83b03f23f78fb739081c20d2d,ed74f9e307785fd1217b032fb69935a8,6f6697a7e8f617f6d05e744a6fc3bea9,76,True,0.10404797823591223,OK
D9,misspecified_constant_mu,0,309,20260906090002309,bootstrap_seed_v1,81857728b78095013779b4d61403f621,d104c1d83b03f23f78fb739081c20d2d,9630ee6670d1f8bdf65a6c5ee5d3e8aa,0ab7c1f6cf0e36402adfef500f2888d2,94,True,0.0988874844389303,OK
D9,misspecified_constant_mu,0,310,20260906090002310,bootstrap_seed_v1,81857728b78095013779b4d61403f621,d104c1d83b03f23f78fb739081c20d2d,8e1cdd8f8741533b2adf553de8f72fb7,1651f0840eacb5cf9f0de771b14f3cca,25,True,0.1385166097830458,OK
D9,misspecified_constant_mu,0,311,20260906090002311,bootstrap_seed_v1,81857728b78095013779b4d61403f621,d104c1d83b03f23f78fb739081c20d2d,64ef8c5203bac3373a99051a9e756a11,c36ef9519df4cc3de15a15dbe1d68a08,147,True,0.06136876250675061,OK
D9,misspecified_constant_mu,0,312,20260906090002312,bootstrap_seed_v1,81857728b78095013779b4d61403f621,d104c1d83b03f23f78fb739081c20d2d,d0c51f74ac434b3a06ac85d16d0e1c7a,02f229e8ac5be23819cc10baf2c4e54a,43,True,0.09583351048179733,OK
D9,misspecified_constant_mu,0,313,20260906090002313,bootstrap_seed_v1,81857728b78095013779b4d61403f621,d104c1d83b03f23f78fb739081c20d2d,5b1f5b2c77e4291be2328a2f720da257,85de102127ed89bab6f092fcf5809bd5,19,True,0.11468102017224441,OK
D9,misspecified_constant_mu,0,314,20260906090002314,bootstrap_seed_v1,81857728b78095013779b4d61403f621,d104c1d83b03f23f78fb739081c20d2d,ba21ab340389545930ecc4a325d029ab,2ae52bdb2e2f8026e4f0ec8bbcdfb359,37,True,0.10064435129160826,OK
D9,misspecified_constant_mu,0,315,20260906090002315,bootstrap_seed_v1,81857728b78095013779b4d61403f621,d104c1d83b03f23f78fb739081c20d2d,d8de09c3ed46dd53f4b4d06d79bb503b,a3d4e26789de00631ff02aa792af9a24,100,True,0.07038230037689297,OK
D9,misspecified_constant_mu,0,316,20260906090002316,bootstrap_seed_v1,81857728b78095013779b4d61403f621,d104c1d83b03f23f78fb739081c20d2d,ddcb65c76ba9f3874ec0a8691d46a88f,eb3e96b1308b5beb7331091c947c6528,33,True,0.1742756051386406,OK
D9,misspecified_constant_mu,0,317,20260906090002317,bootstrap_seed_v1,81857728b78095013779b4d61403f621,d104c1d83b03f23f78fb739081c20d2d,aa6c771b80de917812ea13c0dd65a314,ef3daf3433c4e5b84a54f349fc59ae91,28,True,0.11117743830889437,OK
D9,misspecified_constant_mu,0,318,20260906090002318,bootstrap_seed_v1,81857728b78095013779b4d61403f621,d104c1d83b03f23f78fb739081c20d2d,f0affdd5df428aca81735bd429230e05,127dd49ae958bdc817c29165d9ee5dcd,44,True,0.0905837276011795,OK
D9,misspecified_constant_mu,0,319,20260906090002319,bootstrap_seed_v1,81857728b78095013779b4d61403f621,d104c1d83b03f23f78fb739081c20d2d,c59896eaeb2c611ce2bec480c958f35d,811c5d35fd4e78ca6d49e9ac266d83d6,54,True,0.06528943369795126,OK
D9,misspecified_constant_mu,0,320,20260906090002320,bootstrap_seed_v1,81857728b78095013779b4d61403f621,d104c1d83b03f23f78fb739081c20d2d,bdf0bac60d75b6839a4d29f27a431135,ca6659e486b6d22d33d2799f17f83151,52,True,0.057247721504122134,OK
D9,misspecified_constant_mu,0,321,20260906090002321,bootstrap_seed_v1,81857728b78095013779b4d61403f621,d104c1d83b03f23f78fb739081c20d2d,96870cf84a9c9a38489bc0989095aa2a,47f74f5610f2a8dc3f790afbaaa77246,59,True,0.10945369604174116,OK
D9,misspecified_constant_mu,0,322,20260906090002322,bootstrap_seed_v1,81857728b78095013779b4d61403f621,d104c1d83b03f23f78fb739081c20d2d,15f8368dddc882875ea862f6c6ddd3d1,f1e8e606a379ea51fa7747d2e9ad524e,149,True,0.03827776932538218,OK
D9,misspecified_constant_mu,0,323,20260906090002323,bootstrap_seed_v1,81857728b78095013779b4d61403f621,d104c1d83b03f23f78fb739081c20d2d,b5399e060ee7e6f987aa8d9bbfbb091f,020b88ff55d6b1551b68c7254f54bddb,88,True,0.09223691526701028,OK
D9,misspecified_constant_mu,0,324,20260906090002324,bootstrap_seed_v1,81857728b78095013779b4d61403f621,d104c1d83b03f23f78fb739081c20d2d,78a2b069f35baa17888affba1f29010b,900f2d4116ed7e086529d146e585a3a2,167,True,0.03184967465018951,OK
D9,misspecified_constant_mu,0,325,20260906090002325,bootstrap_seed_v1,81857728b78095013779b4d61403f621,d104c1d83b03f23f78fb739081c20d2d,5600abfcc5a7db287cbf9f531c217747,97a6a3a17aa5847dd4513f800213055b,87,True,0.09683892754084467,OK
D9,misspecified_constant_mu,0,326,20260906090002326,bootstrap_seed_v1,81857728b78095013779b4d61403f621,d104c1d83b03f23f78fb739081c20d2d,fb067bd70589be4430ae1ad4eacde330,33d57e401313eb7757b5f3c44a5c4831,64,True,0.079007416977391,OK
D9,misspecified_constant_mu,0,327,20260906090002327,bootstrap_seed_v1,81857728b78095013779b4d61403f621,d104c1d83b03f23f78fb739081c20d2d,7c77e047b6e34f5792071f53a9d9257e,ea28af0c1efbdb3978e2d1e8846c8b3a,64,True,0.07611025360931167,OK
D9,misspecified_constant_mu,0,328,20260906090002328,bootstrap_seed_v1,81857728b78095013779b4d61403f621,d104c1d83b03f23f78fb739081c20d2d,3c103f9429ef9e686d2555c324325d8f,c5a6eb51775ae1031afbb27179cf3fa7,29,True,0.09831098508667405,OK
D9,misspecified_constant_mu,0,329,20260906090002329,bootstrap_seed_v1,81857728b78095013779b4d61403f621,d104c1d83b03f23f78fb739081c20d2d,bc42ca91194375ed7ca993a20cbed43d,a1a68ed79d54e54bf3fa09d895c134ea,78,True,0.07824930894438495,OK
D9,misspecified_constant_mu,0,330,20260906090002330,bootstrap_seed_v1,81857728b78095013779b4d61403f621,d104c1d83b03f23f78fb739081c20d2d,1bda7d7a9efca779edaeeb340b3221c1,7a69902059a313cf3e49baf498a8967d,51,True,0.08934636376512717,OK
D9,misspecified_constant_mu,0,331,20260906090002331,bootstrap_seed_v1,81857728b78095013779b4d61403f621,d104c1d83b03f23f78fb739081c20d2d,007404bdf0dcb6d2374fb8be255b8812,9cf71fe3fabe7c7e8ab90b9d19153c1b,56,True,0.1081046892376637,OK
D9,misspecified_constant_mu,0,332,20260906090002332,bootstrap_seed_v1,81857728b78095013779b4d61403f621,d104c1d83b03f23f78fb739081c20d2d,2ab84f80ada6e8f045e8a6c0570203f1,9294f48e5953ed70afe1bdb752ff928e,94,True,0.04894733343131438,OK
D9,misspecified_constant_mu,0,333,20260906090002333,bootstrap_seed_v1,81857728b78095013779b4d61403f621,d104c1d83b03f23f78fb739081c20d2d,fca26b205444b09c227f517698bdc1b0,e90a725710b14c27b8091b1272773b81,45,True,0.08587976505471628,OK
D9,misspecified_constant_mu,0,334,20260906090002334,bootstrap_seed_v1,81857728b78095013779b4d61403f621,d104c1d83b03f23f78fb739081c20d2d,77e7bf8a1288a1efd93f800daa3719d3,d56f3a4298784b5f97b31f1057471004,53,True,0.10236119740168187,OK
D9,misspecified_constant_mu,0,335,20260906090002335,bootstrap_seed_v1,81857728b78095013779b4d61403f621,d104c1d83b03f23f78fb739081c20d2d,e0f10050e5396b63723f817d0433eff7,52368d45a08ac5c4eb07ef3c72296206,89,True,0.10431590223744919,OK
D9,misspecified_constant_mu,0,336,20260906090002336,bootstrap_seed_v1,81857728b78095013779b4d61403f621,d104c1d83b03f23f78fb739081c20d2d,973f9d9bf476dd55290fcdd67c72b7db,64795120e683617e8afce2fdc807ace1,61,True,0.0945078330161998,OK
D9,misspecified_constant_mu,0,337,20260906090002337,bootstrap_seed_v1,81857728b78095013779b4d61403f621,d104c1d83b03f23f78fb739081c20d2d,0e4de862a376c64f5b7976772286da37,ed0303567f03024ba0727a2f9b16bb17,38,True,0.09039969538808515,OK
D9,misspecified_constant_mu,0,338,20260906090002338,bootstrap_seed_v1,81857728b78095013779b4d61403f621,d104c1d83b03f23f78fb739081c20d2d,eac0260439dceb17fc30d45b9b49964e,872355ed3a6f0912d83e60e8cb9d81fa,38,True,0.10818809955048336,OK
D9,misspecified_constant_mu,0,339,20260906090002339,bootstrap_seed_v1,81857728b78095013779b4d61403f621,d104c1d83b03f23f78fb739081c20d2d,458dffb396efefadb17065650dec4f58,9bd64b75310e8423f16a140eeb3f674f,105,True,0.07289982571200943,OK
D9,misspecified_constant_mu,0,340,20260906090002340,bootstrap_seed_v1,81857728b78095013779b4d61403f621,d104c1d83b03f23f78fb739081c20d2d,fe0894d1911d223772dc47a720eb5c81,fcb5e90a67c14d09f678347cb2271212,178,True,0.04299581648147133,OK
D9,misspecified_constant_mu,0,341,20260906090002341,bootstrap_seed_v1,81857728b78095013779b4d61403f621,d104c1d83b03f23f78fb739081c20d2d,5ed17cc11e312dc495131d4956ca2332,13589c606b5d54a2dbda8e79e900ef20,31,True,0.08844862344662785,OK
D9,misspecified_constant_mu,0,342,20260906090002342,bootstrap_seed_v1,81857728b78095013779b4d61403f621,d104c1d83b03f23f78fb739081c20d2d,0a37412c59a48e76dd74959e41ba4438,c5bc8ccd18361241b9a2134e03ab8f0c,50,True,0.10897853650392375,OK
D9,misspecified_constant_mu,0,343,20260906090002343,bootstrap_seed_v1,81857728b78095013779b4d61403f621,d104c1d83b03f23f78fb739081c20d2d,420af799af1d6c3af666542e489ddbf1,533976f3caee0c53488861548393c0f8,29,True,0.1329707647965659,OK
D9,misspecified_constant_mu,0,344,20260906090002344,bootstrap_seed_v1,81857728b78095013779b4d61403f621,d104c1d83b03f23f78fb739081c20d2d,255d69864d95487a49e3531ac1060438,626130394b62083f6047e1cbe6a6dbf1,52,True,0.07199523208679526,OK
D9,misspecified_constant_mu,0,345,20260906090002345,bootstrap_seed_v1,81857728b78095013779b4d61403f621,d104c1d83b03f23f78fb739081c20d2d,b03a98279e396bf1858a5f854cfa630c,623fbd1512395a7e81b32d97f4972b03,31,True,0.08658254937125587,OK
D9,misspecified_constant_mu,0,346,20260906090002346,bootstrap_seed_v1,81857728b78095013779b4d61403f621,d104c1d83b03f23f78fb739081c20d2d,76c3fd7ffda8bf34a6a23a087196e8cc,fc357f386cd4ce3dd433455c5d8d3cd6,142,True,0.060137387438447876,OK
D9,misspecified_constant_mu,0,347,20260906090002347,bootstrap_seed_v1,81857728b78095013779b4d61403f621,d104c1d83b03f23f78fb739081c20d2d,c6083bf972c6654bf0fe780aaa6403a5,73917d8c28b885409e40d3f4bd899c71,36,True,0.12853643178724328,OK
D9,misspecified_constant_mu,0,348,20260906090002348,bootstrap_seed_v1,81857728b78095013779b4d61403f621,d104c1d83b03f23f78fb739081c20d2d,6521f4701e2d5ca3d16def16d9839265,a0f5dfca7e4aaee5a3de4238cff5e2e9,158,True,0.05263840871858644,OK
D9,misspecified_constant_mu,0,349,20260906090002349,bootstrap_seed_v1,81857728b78095013779b4d61403f621,d104c1d83b03f23f78fb739081c20d2d,ff0ca3d747e2d6fa169ba9a240dfc3d8,0641a188077f4bf8d77198ccf0073a25,32,True,0.1043828427587361,OK
D9,misspecified_constant_mu,0,350,20260906090002350,bootstrap_seed_v1,81857728b78095013779b4d61403f621,d104c1d83b03f23f78fb739081c20d2d,2cf87d026fdd6ca77bf2924471143a87,fedd65ec40a6484b28618ce12770930f,5,True,0.23713155274565922,OK
D9,misspecified_constant_mu,0,351,20260906090002351,bootstrap_seed_v1,81857728b78095013779b4d61403f621,d104c1d83b03f23f78fb739081c20d2d,2bf36646dd55cbc93ba70d597a86cef6,7c40a79d0492d9898425337b70e40e54,14,True,0.19298848377245262,OK
D9,misspecified_constant_mu,0,352,20260906090002352,bootstrap_seed_v1,81857728b78095013779b4d61403f621,d104c1d83b03f23f78fb739081c20d2d,32d9616e49615b4127633ac103de1f09,20cd2729e8443f664e501476acba9bf7,57,True,0.06119852747511023,OK
D9,misspecified_constant_mu,0,353,20260906090002353,bootstrap_seed_v1,81857728b78095013779b4d61403f621,d104c1d83b03f23f78fb739081c20d2d,6b7b39184ac3f016382e417828793b58,37b10e1956ac3d81f35b0972713573ce,108,True,0.0596859408168503,OK
D9,misspecified_constant_mu,0,354,20260906090002354,bootstrap_seed_v1,81857728b78095013779b4d61403f621,d104c1d83b03f23f78fb739081c20d2d,aa5c635103a5f8ccd8369145051c17c5,bfcbbe0c7844786c60271130f6eff20f,51,True,0.1029272109789866,OK
D9,misspecified_constant_mu,0,355,20260906090002355,bootstrap_seed_v1,81857728b78095013779b4d61403f621,d104c1d83b03f23f78fb739081c20d2d,418642dfe7d1e71c543c92e410bd37d2,0ce5ce89ecc6ca8d91ac4c4b322c813e,51,True,0.08950493608388566,OK
D9,misspecified_constant_mu,0,356,20260906090002356,bootstrap_seed_v1,81857728b78095013779b4d61403f621,d104c1d83b03f23f78fb739081c20d2d,3aaa2aa66877df4c22b47a11c415f565,3ca1ebb5ccfd22140d968a546b4ae5f4,73,True,0.06751539608269297,OK
D9,misspecified_constant_mu,0,357,20260906090002357,bootstrap_seed_v1,81857728b78095013779b4d61403f621,d104c1d83b03f23f78fb739081c20d2d,cfc876d9fee66b0df3725300ca6cd2c0,06519797400a72fc074c04767d598ff4,59,True,0.10106331127198287,OK
D9,misspecified_constant_mu,0,358,20260906090002358,bootstrap_seed_v1,81857728b78095013779b4d61403f621,d104c1d83b03f23f78fb739081c20d2d,aa006520573a1c93748fbad4090f4b16,9a9861257a6e60ceea78f6f3cc6a7cbb,76,True,0.06621793026713618,OK
D9,misspecified_constant_mu,0,359,20260906090002359,bootstrap_seed_v1,81857728b78095013779b4d61403f621,d104c1d83b03f23f78fb739081c20d2d,c6ba6d26965e212c464b30bd819221ae,2a0b3ad457eb5caca9de5d6ae0cfd067,85,True,0.07217613095744,OK
D9,misspecified_constant_mu,0,360,20260906090002360,bootstrap_seed_v1,81857728b78095013779b4d61403f621,d104c1d83b03f23f78fb739081c20d2d,8a0ebc6a6639800384d4e1f226b10d47,167e64222222b4775ab263bf128b0332,105,True,0.08595122714545356,OK
D9,misspecified_constant_mu,0,361,20260906090002361,bootstrap_seed_v1,81857728b78095013779b4d61403f621,d104c1d83b03f23f78fb739081c20d2d,03ed09c50039baf194e5af5600f1ce37,5a1153f087250a4e82d6b4df731d4e7f,106,True,0.09111151519550703,OK
D9,misspecified_constant_mu,0,362,20260906090002362,bootstrap_seed_v1,81857728b78095013779b4d61403f621,d104c1d83b03f23f78fb739081c20d2d,c83773bcc2999d0e0f6312b8ac5a940f,033f0447ef7dc83b2c7bebf152859107,33,True,0.08283819719301122,OK
D9,misspecified_constant_mu,0,363,20260906090002363,bootstrap_seed_v1,81857728b78095013779b4d61403f621,d104c1d83b03f23f78fb739081c20d2d,4d9b2ceecb560f38e1993fce490fb48a,f770f9dd5e3324622fd72e5628966d5b,55,True,0.08082793998810645,OK
D9,misspecified_constant_mu,0,364,20260906090002364,bootstrap_seed_v1,81857728b78095013779b4d61403f621,d104c1d83b03f23f78fb739081c20d2d,5a9aa290e317e0daa03e5f51f5f9febb,70ccc82e2a1cc86f174ef528a31144c3,33,True,0.1196211039685997,OK
D9,misspecified_constant_mu,0,365,20260906090002365,bootstrap_seed_v1,81857728b78095013779b4d61403f621,d104c1d83b03f23f78fb739081c20d2d,5b522fb578fb021128757cfa450eea1e,b098636aa991c2c0cef77c391b8ef0fe,48,True,0.11479241114576688,OK
D9,misspecified_constant_mu,0,366,20260906090002366,bootstrap_seed_v1,81857728b78095013779b4d61403f621,d104c1d83b03f23f78fb739081c20d2d,b0ab55344c9e3ec77d42d4516afcd723,25f96ba76e6da45cf963dab17dffb24d,66,True,0.0777099176128864,OK
D9,misspecified_constant_mu,0,367,20260906090002367,bootstrap_seed_v1,81857728b78095013779b4d61403f621,d104c1d83b03f23f78fb739081c20d2d,b53f86c6e7d21ece381035af38ea4ecd,242f0715640510616b63c7f349a14446,55,True,0.07974783941767422,OK
D9,misspecified_constant_mu,0,368,20260906090002368,bootstrap_seed_v1,81857728b78095013779b4d61403f621,d104c1d83b03f23f78fb739081c20d2d,5cae7215fdcc290f527caba526991b33,8a8982e8c03be844aab4a80484e81472,49,True,0.07153893035860404,OK
D9,misspecified_constant_mu,0,369,20260906090002369,bootstrap_seed_v1,81857728b78095013779b4d61403f621,d104c1d83b03f23f78fb739081c20d2d,6d8c849192c536a7a34a7381bde48abb,8fa7924d2ae8950485aca618cf933aff,49,True,0.07574638605579095,OK
D9,misspecified_constant_mu,0,370,20260906090002370,bootstrap_seed_v1,81857728b78095013779b4d61403f621,d104c1d83b03f23f78fb739081c20d2d,91b969cf6edb5dbc2f4f2ab15ede388f,af75672db2d8097ceb1a6db526b732ce,24,True,0.11424634473285702,OK
D9,misspecified_constant_mu,0,371,20260906090002371,bootstrap_seed_v1,81857728b78095013779b4d61403f621,d104c1d83b03f23f78fb739081c20d2d,fc919cfb50d0ecd49060cd0efef60861,8985aeacfbf5890ea1fe8acb2e198a46,26,True,0.17402701789366914,OK
D9,misspecified_constant_mu,0,372,20260906090002372,bootstrap_seed_v1,81857728b78095013779b4d61403f621,d104c1d83b03f23f78fb739081c20d2d,7cf87403f83d4285388572ffcfd6fd2e,f6f8d6a0ff43a2fbb6582e74117c4b39,32,True,0.09292126313393068,OK
D9,misspecified_constant_mu,0,373,20260906090002373,bootstrap_seed_v1,81857728b78095013779b4d61403f621,d104c1d83b03f23f78fb739081c20d2d,f7d0a3642e19961463d7571ea8031f36,dd74a93e5eb4b7c7bf7f2934013aaa22,53,True,0.08437493214297051,OK
D9,misspecified_constant_mu,0,374,20260906090002374,bootstrap_seed_v1,81857728b78095013779b4d61403f621,d104c1d83b03f23f78fb739081c20d2d,6728eba91bde761af0907e77a260da71,8f3ddcfb0483d4cac5b2ae2d065a2393,16,True,0.14869792938350435,OK
D9,misspecified_constant_mu,0,375,20260906090002375,bootstrap_seed_v1,81857728b78095013779b4d61403f621,d104c1d83b03f23f78fb739081c20d2d,9df8b8aee335f33d0fc3c4e9485443c9,79170f3c21d807c6a2744ab186eb82e8,58,True,0.09901507720677494,OK
D9,misspecified_constant_mu,0,376,20260906090002376,bootstrap_seed_v1,81857728b78095013779b4d61403f621,d104c1d83b03f23f78fb739081c20d2d,b5aa0c279da241b49ec35f56030b334a,1fe7372f4112c3b42d58d8afd31480a8,183,True,0.0761989313944963,OK
D9,misspecified_constant_mu,0,377,20260906090002377,bootstrap_seed_v1,81857728b78095013779b4d61403f621,d104c1d83b03f23f78fb739081c20d2d,b1e7ed0e130bdafdd423411cadf32b69,c200d2357e3d725c78b6121badf73589,157,True,0.08488446152878393,OK
D9,misspecified_constant_mu,0,378,20260906090002378,bootstrap_seed_v1,81857728b78095013779b4d61403f621,d104c1d83b03f23f78fb739081c20d2d,731b83d50886add40e7d716efa2731e2,27bd6e26fa5cdbea76e9d4f36a6e70e3,22,True,0.1039908386508322,OK
D9,misspecified_constant_mu,0,379,20260906090002379,bootstrap_seed_v1,81857728b78095013779b4d61403f621,d104c1d83b03f23f78fb739081c20d2d,8a1e0b263e1a3b0b6c595585ebf60502,e5aa72a94ead9c48f835b3e105da11cb,122,True,0.046519592797257925,OK
D9,misspecified_constant_mu,0,380,20260906090002380,bootstrap_seed_v1,81857728b78095013779b4d61403f621,d104c1d83b03f23f78fb739081c20d2d,6151757d0f794479e3bcc607b0b2ff7d,7cda22c3a786db5321cd9078be3d6f42,45,True,0.11786174382389841,OK
D9,misspecified_constant_mu,0,381,20260906090002381,bootstrap_seed_v1,81857728b78095013779b4d61403f621,d104c1d83b03f23f78fb739081c20d2d,cc7765fe622ce6baee4f08d5404c89a0,716dee2da64f44d5e713f536de05850b,23,True,0.14077482917978312,OK
D9,misspecified_constant_mu,0,382,20260906090002382,bootstrap_seed_v1,81857728b78095013779b4d61403f621,d104c1d83b03f23f78fb739081c20d2d,b510b72cedf6cf93a6c8991bbe6ebddc,fa05c7007eb9d6b6bada8e7f385fe911,27,True,0.15044958483221926,OK
D9,misspecified_constant_mu,0,383,20260906090002383,bootstrap_seed_v1,81857728b78095013779b4d61403f621,d104c1d83b03f23f78fb739081c20d2d,44310df8cb5ef185cb6bfe52d3950ee1,2a2cf5c3f16cbbfe15a67bd63ce219e8,42,True,0.11935506311528435,OK
D9,misspecified_constant_mu,0,384,20260906090002384,bootstrap_seed_v1,81857728b78095013779b4d61403f621,d104c1d83b03f23f78fb739081c20d2d,2c250297d47c1dc959b130ed855006c1,e4744775e4df8234ecfeabd1ac034d3c,70,True,0.11924641312577955,OK
D9,misspecified_constant_mu,0,385,20260906090002385,bootstrap_seed_v1,81857728b78095013779b4d61403f621,d104c1d83b03f23f78fb739081c20d2d,ffca76e7219c75662962203084ab7944,990c5d655f4d28e62522750980950895,96,True,0.060395496186151254,OK
D9,misspecified_constant_mu,0,386,20260906090002386,bootstrap_seed_v1,81857728b78095013779b4d61403f621,d104c1d83b03f23f78fb739081c20d2d,ff17d2cd50b9ab319f67f8b820d43a43,6ab0811e99d0351d7a247dd43bbb0ec3,21,True,0.21472892648525044,OK
D9,misspecified_constant_mu,0,387,20260906090002387,bootstrap_seed_v1,81857728b78095013779b4d61403f621,d104c1d83b03f23f78fb739081c20d2d,7939636123b4b91a26d3ba0698c95b59,7de7bbb6c30aad6948391a5ebf8cffa1,47,True,0.10310346463954123,OK
D9,misspecified_constant_mu,0,388,20260906090002388,bootstrap_seed_v1,81857728b78095013779b4d61403f621,d104c1d83b03f23f78fb739081c20d2d,b543d054e7135285d1af3f04d3705f27,9d5ad6f3be2e7ed4a02b8df3ed5933a1,36,True,0.10614858783803904,OK
D9,misspecified_constant_mu,0,389,20260906090002389,bootstrap_seed_v1,81857728b78095013779b4d61403f621,d104c1d83b03f23f78fb739081c20d2d,5adca874f41bc9df8e86ec06e394f9c3,a56e67bdc600aecaf67af248b322d263,45,True,0.08657917387867978,OK
D9,misspecified_constant_mu,0,390,20260906090002390,bootstrap_seed_v1,81857728b78095013779b4d61403f621,d104c1d83b03f23f78fb739081c20d2d,c50a66bcf1864d917ddf5756604a69f8,f6925cb5f354e21cbadc1535a22f16a8,78,True,0.05056428109560679,OK
D9,misspecified_constant_mu,0,391,20260906090002391,bootstrap_seed_v1,81857728b78095013779b4d61403f621,d104c1d83b03f23f78fb739081c20d2d,3b67caef5a19fd4d2d2ba1f3fd8f87f6,dd2392586e4b60421083e019cac513a1,40,True,0.12290386169046508,OK
D9,misspecified_constant_mu,0,392,20260906090002392,bootstrap_seed_v1,81857728b78095013779b4d61403f621,d104c1d83b03f23f78fb739081c20d2d,e24e8ad2b23749e1805b644e2b9de404,f908a2e84e6cd907f354439e3aea922e,79,True,0.0631738126359338,OK
D9,misspecified_constant_mu,0,393,20260906090002393,bootstrap_seed_v1,81857728b78095013779b4d61403f621,d104c1d83b03f23f78fb739081c20d2d,d68985c728d021dfaa0242597c5850db,2eb76afebfd221ba0a6905a7a4de23f9,80,True,0.08851516109719863,OK
D9,misspecified_constant_mu,0,394,20260906090002394,bootstrap_seed_v1,81857728b78095013779b4d61403f621,d104c1d83b03f23f78fb739081c20d2d,d98c81737a32ac75671bc49aa3b52086,1beb8ed5478a59625496277fd80c7e62,72,True,0.11954242431792744,OK
D9,misspecified_constant_mu,0,395,20260906090002395,bootstrap_seed_v1,81857728b78095013779b4d61403f621,d104c1d83b03f23f78fb739081c20d2d,1463844a78720a080f1a3154530245ce,1cf67faa45fba0432fc96cf48b661efc,81,True,0.061975468356409436,OK
D9,misspecified_constant_mu,0,396,20260906090002396,bootstrap_seed_v1,81857728b78095013779b4d61403f621,d104c1d83b03f23f78fb739081c20d2d,4b81d92c2c3dd4de49a71654ad63702d,87e1838477ae9ff87d7d0e5c68d3be29,29,True,0.13893179612824902,OK
D9,misspecified_constant_mu,0,397,20260906090002397,bootstrap_seed_v1,81857728b78095013779b4d61403f621,d104c1d83b03f23f78fb739081c20d2d,e8a8b087d0a21079b5d6df4b2388fde0,1911a16a26b3caf830d513a5339e037d,17,True,0.15400898544135222,OK
D9,misspecified_constant_mu,0,398,20260906090002398,bootstrap_seed_v1,81857728b78095013779b4d61403f621,d104c1d83b03f23f78fb739081c20d2d,2b4d65415f9966cb1776fd66de36f639,42a350d39bff6d53c84bb4acf06aedeb,73,True,0.11929483083651465,OK
D9,misspecified_constant_mu,0,399,20260906090002399,bootstrap_seed_v1,81857728b78095013779b4d61403f621,d104c1d83b03f23f78fb739081c20d2d,78afbad817ffa1c731af765b9eb3f624,2c54b0cf675ed3eaf62816a86520f0ad,49,True,0.08523287974590998,OK
D9,misspecified_constant_mu,0,400,20260906090002400,bootstrap_seed_v1,81857728b78095013779b4d61403f621,d104c1d83b03f23f78fb739081c20d2d,33066c2cf0737d2a8175b40e5058fe30,37f3a568721b209c05fb3e6f3cef1d91,75,True,0.06285937980912548,OK
D9,misspecified_constant_mu,0,401,20260906090002401,bootstrap_seed_v1,81857728b78095013779b4d61403f621,d104c1d83b03f23f78fb739081c20d2d,4fb237f8a41a7025bc1cd2445fc2c5af,775e796aeec1fd6702273465e75c69b1,69,True,0.06197513060577342,OK
D9,misspecified_constant_mu,0,402,20260906090002402,bootstrap_seed_v1,81857728b78095013779b4d61403f621,d104c1d83b03f23f78fb739081c20d2d,c4e2c12b1caf0b622217afb654674330,3e5e608c028add1039424a1620b3d2c9,82,True,0.05786925575487617,OK
D9,misspecified_constant_mu,0,403,20260906090002403,bootstrap_seed_v1,81857728b78095013779b4d61403f621,d104c1d83b03f23f78fb739081c20d2d,a5d1479e76be30ee7b7ebc497d45daec,af8266e420277f7b76aabdba59a77d2e,90,True,0.11307073635731096,OK
D9,misspecified_constant_mu,0,404,20260906090002404,bootstrap_seed_v1,81857728b78095013779b4d61403f621,d104c1d83b03f23f78fb739081c20d2d,7eddf70161157527180523e271c16407,a77840224dd8f82e52abc49bd97ccea5,158,True,0.049249692751399565,OK
D9,misspecified_constant_mu,0,405,20260906090002405,bootstrap_seed_v1,81857728b78095013779b4d61403f621,d104c1d83b03f23f78fb739081c20d2d,81e1b6cf6b896ada609f228caad5c706,208e2804b33cd0f1141adc89a171dcf4,30,True,0.11818237234999726,OK
D9,misspecified_constant_mu,0,406,20260906090002406,bootstrap_seed_v1,81857728b78095013779b4d61403f621,d104c1d83b03f23f78fb739081c20d2d,a44db1951b110c2a4aa2664f6fcee072,992cbd2bb137c5520fef78f4994d01e8,58,True,0.09380540938058729,OK
D9,misspecified_constant_mu,0,407,20260906090002407,bootstrap_seed_v1,81857728b78095013779b4d61403f621,d104c1d83b03f23f78fb739081c20d2d,1b3bfb127b06df173a8f862f24b25b90,bf799252aeb63bfe560174a3a99d647c,101,True,0.04502502257361944,OK
D9,misspecified_constant_mu,0,408,20260906090002408,bootstrap_seed_v1,81857728b78095013779b4d61403f621,d104c1d83b03f23f78fb739081c20d2d,6c0fa7163a64cc7ad3f409fe904b9881,2f1dd6b969887276a78719791e32ce66,32,True,0.12021646541287412,OK
D9,misspecified_constant_mu,0,409,20260906090002409,bootstrap_seed_v1,81857728b78095013779b4d61403f621,d104c1d83b03f23f78fb739081c20d2d,99088dbd9e961356408d1391369821ca,12e003edef84e7dcb2e70c980b2b9e9e,87,True,0.05126291874767447,OK
D9,misspecified_constant_mu,0,410,20260906090002410,bootstrap_seed_v1,81857728b78095013779b4d61403f621,d104c1d83b03f23f78fb739081c20d2d,ff685822f7e50cb2af005094898eec9d,337f8ead7bd7ad46f1da329dea592aea,114,True,0.05724640175530793,OK
D9,misspecified_constant_mu,0,411,20260906090002411,bootstrap_seed_v1,81857728b78095013779b4d61403f621,d104c1d83b03f23f78fb739081c20d2d,341549ced8acedbc93c8c9cb54f4b4da,a9aa4d95d43de56e7a01fd5143d4cbf2,54,True,0.08375401662571497,OK
D9,misspecified_constant_mu,0,412,20260906090002412,bootstrap_seed_v1,81857728b78095013779b4d61403f621,d104c1d83b03f23f78fb739081c20d2d,6032d1030ebcbbd360ed5de0b665fc2a,24f47d029628b565b4d73cf118a54fb0,52,True,0.08388741014834222,OK
D9,misspecified_constant_mu,0,413,20260906090002413,bootstrap_seed_v1,81857728b78095013779b4d61403f621,d104c1d83b03f23f78fb739081c20d2d,7663b83da6038b91d06a3e9eeac8fd82,2560bd850164a2e5bca44e56c78fac30,68,True,0.09594526232713607,OK
D9,misspecified_constant_mu,0,414,20260906090002414,bootstrap_seed_v1,81857728b78095013779b4d61403f621,d104c1d83b03f23f78fb739081c20d2d,e449c62d0dbf609bbf34dba2fbb62e3c,64285a744386827099891bcc1ab01f5f,54,True,0.08384757361102435,OK
D9,misspecified_constant_mu,0,415,20260906090002415,bootstrap_seed_v1,81857728b78095013779b4d61403f621,d104c1d83b03f23f78fb739081c20d2d,721767483592ce5f012ea275328aa457,8837bf2da7811a1cf64ff232f2399589,70,True,0.07612415996463329,OK
D9,misspecified_constant_mu,0,416,20260906090002416,bootstrap_seed_v1,81857728b78095013779b4d61403f621,d104c1d83b03f23f78fb739081c20d2d,7d2ed2b80c876193430bceb91eb7e414,7f7907fcbcb7599b2bc8be6d6a8d3d6c,20,True,0.13872060123685082,OK
D9,misspecified_constant_mu,0,417,20260906090002417,bootstrap_seed_v1,81857728b78095013779b4d61403f621,d104c1d83b03f23f78fb739081c20d2d,d602026047f1ecbc81b41660699a4880,c4ace82e406b7f42c076e922e9d120dd,47,True,0.08359179795697291,OK
D9,misspecified_constant_mu,0,418,20260906090002418,bootstrap_seed_v1,81857728b78095013779b4d61403f621,d104c1d83b03f23f78fb739081c20d2d,52623c0b13ec1b9fa3adaea68ac3cc01,54bc928d8bf16ca3c831f6b70e1eb635,45,True,0.11651862229014431,OK
D9,misspecified_constant_mu,0,419,20260906090002419,bootstrap_seed_v1,81857728b78095013779b4d61403f621,d104c1d83b03f23f78fb739081c20d2d,f9379cea76ccdb1e1d72c2ba615b6228,87dc0b968ec6ce0af12e3533df9510e0,67,True,0.10530485594100714,OK
D9,misspecified_constant_mu,0,420,20260906090002420,bootstrap_seed_v1,81857728b78095013779b4d61403f621,d104c1d83b03f23f78fb739081c20d2d,84c163adb082e19faa0f41e840946b20,0cdd80e7636452b576262b73728d9e40,103,True,0.07293365269655072,OK
D9,misspecified_constant_mu,0,421,20260906090002421,bootstrap_seed_v1,81857728b78095013779b4d61403f621,d104c1d83b03f23f78fb739081c20d2d,f0292f1da867a45cb69b3d55077be48f,d280efb3e67115d0a5d9cf448fada907,41,True,0.08599132398612837,OK
D9,misspecified_constant_mu,0,422,20260906090002422,bootstrap_seed_v1,81857728b78095013779b4d61403f621,d104c1d83b03f23f78fb739081c20d2d,dd02fa43fcba6568c968bd51c83ead54,19c40b37ca40499b08143b0a385cf3a8,92,True,0.0790456909536501,OK
D9,misspecified_constant_mu,0,423,20260906090002423,bootstrap_seed_v1,81857728b78095013779b4d61403f621,d104c1d83b03f23f78fb739081c20d2d,f1a9f15f5a5050ea406af32cd9c8e6e6,675e1f7299baf1d9e9482b4f18bfa29d,59,True,0.11825065919945338,OK
D9,misspecified_constant_mu,0,424,20260906090002424,bootstrap_seed_v1,81857728b78095013779b4d61403f621,d104c1d83b03f23f78fb739081c20d2d,0a170e1998b1a895b8db358d9237a37a,c3341913393ddd219e37332b43e32583,95,True,0.07785859767545278,OK
D9,misspecified_constant_mu,0,425,20260906090002425,bootstrap_seed_v1,81857728b78095013779b4d61403f621,d104c1d83b03f23f78fb739081c20d2d,b6d038cf9763f228cbd25ea7d3d929b3,2062eec58dd0faf7b069707ebd9f95a6,25,True,0.11084779749153784,OK
D9,misspecified_constant_mu,0,426,20260906090002426,bootstrap_seed_v1,81857728b78095013779b4d61403f621,d104c1d83b03f23f78fb739081c20d2d,bbbdf8962e68530247d2cc709b331a8f,9f3bf9321b7886119a0164a2efa384cc,85,True,0.08813969201508642,OK
D9,misspecified_constant_mu,0,427,20260906090002427,bootstrap_seed_v1,81857728b78095013779b4d61403f621,d104c1d83b03f23f78fb739081c20d2d,00b79d1de218e543efb1ed4c12c480c8,47281d8dfa321c09d6a9fb4f0bad484d,48,True,0.07956813496302204,OK
D9,misspecified_constant_mu,0,428,20260906090002428,bootstrap_seed_v1,81857728b78095013779b4d61403f621,d104c1d83b03f23f78fb739081c20d2d,0080d3f9af2b9c4fc168b4279d2b12ea,807126f29b4deacbccd9c6f17fdb17a5,54,True,0.0874411256631818,OK
D9,misspecified_constant_mu,0,429,20260906090002429,bootstrap_seed_v1,81857728b78095013779b4d61403f621,d104c1d83b03f23f78fb739081c20d2d,e8946ac0f4412ca85329e49d35cec0ab,56d2bb79e333b259a2c9cf49984fc811,81,True,0.046288386171567164,OK
D9,misspecified_constant_mu,0,430,20260906090002430,bootstrap_seed_v1,81857728b78095013779b4d61403f621,d104c1d83b03f23f78fb739081c20d2d,ae966f81467a9c3e0e34317828ff4ebe,b7e5888c4c3d82a4f31ddb1b5b5cabf6,101,True,0.08713081307518028,OK
D9,misspecified_constant_mu,0,431,20260906090002431,bootstrap_seed_v1,81857728b78095013779b4d61403f621,d104c1d83b03f23f78fb739081c20d2d,c783d9f209a42734738da3202764e7c2,9c3af0723bdf55b89ed6ab2ad28c9f86,71,True,0.0659068992078905,OK
D9,misspecified_constant_mu,0,432,20260906090002432,bootstrap_seed_v1,81857728b78095013779b4d61403f621,d104c1d83b03f23f78fb739081c20d2d,388c75b81501416939ebd4e233e0dc53,076d0f588ef7fac615c5a855c5e02359,79,True,0.10317981636390257,OK
D9,misspecified_constant_mu,0,433,20260906090002433,bootstrap_seed_v1,81857728b78095013779b4d61403f621,d104c1d83b03f23f78fb739081c20d2d,dc77935c5200f1f15dc56f334b4c5171,72d82222192c4da90d854f9b6104b34f,188,True,0.08804130344453742,OK
D9,misspecified_constant_mu,0,434,20260906090002434,bootstrap_seed_v1,81857728b78095013779b4d61403f621,d104c1d83b03f23f78fb739081c20d2d,895fbeae8a795dc54b7c3230c49eb6c9,3777f999109761656054a4ef3c9178a9,97,True,0.08269815699688088,OK
D9,misspecified_constant_mu,0,435,20260906090002435,bootstrap_seed_v1,81857728b78095013779b4d61403f621,d104c1d83b03f23f78fb739081c20d2d,687addac45088537c7e891a207bf8ac7,5d6322caf55e9cead46365ebfa68b90f,99,True,0.061419126881251174,OK
D9,misspecified_constant_mu,0,436,20260906090002436,bootstrap_seed_v1,81857728b78095013779b4d61403f621,d104c1d83b03f23f78fb739081c20d2d,50b38d9e05ec9cd6e727d5c9fecb01c7,e7a6524e8c634737a96e64da53d64d24,58,True,0.10086693437937844,OK
D9,misspecified_constant_mu,0,437,20260906090002437,bootstrap_seed_v1,81857728b78095013779b4d61403f621,d104c1d83b03f23f78fb739081c20d2d,8fa5df478231425d7f418bb333beb9b8,a814f88e268e3d2d707e7cf111356656,145,True,0.04978398865479838,OK
D9,misspecified_constant_mu,0,438,20260906090002438,bootstrap_seed_v1,81857728b78095013779b4d61403f621,d104c1d83b03f23f78fb739081c20d2d,71d0c709a0d8fd0625bfa12ce68332f5,6cb4ac312e9a316e8bb7690c43144785,124,True,0.07882199829114411,OK
D9,misspecified_constant_mu,0,439,20260906090002439,bootstrap_seed_v1,81857728b78095013779b4d61403f621,d104c1d83b03f23f78fb739081c20d2d,b2a50cda19f2300b3c522e8e04c51216,27c609c0fd66a90e0355f4f589dbc98e,66,True,0.12029160137643335,OK
D9,misspecified_constant_mu,0,440,20260906090002440,bootstrap_seed_v1,81857728b78095013779b4d61403f621,d104c1d83b03f23f78fb739081c20d2d,8f459b5c892770dfc165da5d26fed4c6,4a266d3b393395920f8781e145cbd016,16,True,0.11419453308650473,OK
D9,misspecified_constant_mu,0,441,20260906090002441,bootstrap_seed_v1,81857728b78095013779b4d61403f621,d104c1d83b03f23f78fb739081c20d2d,952476c9b9047c21fbc3858a2fb89bc7,dc4273f8e4d0900ac63948ec3dad607b,87,True,0.08570412801711413,OK
D9,misspecified_constant_mu,0,442,20260906090002442,bootstrap_seed_v1,81857728b78095013779b4d61403f621,d104c1d83b03f23f78fb739081c20d2d,567895a890c3203c5dff634b0757b6a4,64241fedabb2fcc3199ed56cd7c81325,92,True,0.05194758842851163,OK
D9,misspecified_constant_mu,0,443,20260906090002443,bootstrap_seed_v1,81857728b78095013779b4d61403f621,d104c1d83b03f23f78fb739081c20d2d,8a2242f3917eec34c67dd66867390d16,c3071ff68f1b1ed6c868a08a791178b6,14,True,0.179473228569332,OK
D9,misspecified_constant_mu,0,444,20260906090002444,bootstrap_seed_v1,81857728b78095013779b4d61403f621,d104c1d83b03f23f78fb739081c20d2d,b4d7e3e9e8e5a54e8d980a1a28ada6be,f6cbe429cd8427da466fed1204348568,65,True,0.09593271082274324,OK
D9,misspecified_constant_mu,0,445,20260906090002445,bootstrap_seed_v1,81857728b78095013779b4d61403f621,d104c1d83b03f23f78fb739081c20d2d,9ac362c658fe4b740449426203091a0a,4a1864b79b74f61c931ebda840608867,77,True,0.04982693387622855,OK
D9,misspecified_constant_mu,0,446,20260906090002446,bootstrap_seed_v1,81857728b78095013779b4d61403f621,d104c1d83b03f23f78fb739081c20d2d,3de82a80a8bfca604338dcebda7320ef,ef09208b207c39f35582ec0b90a1c98c,62,True,0.072592538417384,OK
D9,misspecified_constant_mu,0,447,20260906090002447,bootstrap_seed_v1,81857728b78095013779b4d61403f621,d104c1d83b03f23f78fb739081c20d2d,cda5f404e5907a7731949c30e07fa1a0,659a9fd22968cb403ac5c4f9cc3beb36,152,True,0.06891280248272152,OK
D9,misspecified_constant_mu,0,448,20260906090002448,bootstrap_seed_v1,81857728b78095013779b4d61403f621,d104c1d83b03f23f78fb739081c20d2d,cfb38c3ec0ad0d2a3da823483076105b,7214874905b606573470415f0f23b6aa,134,True,0.05312709161044843,OK
D9,misspecified_constant_mu,0,449,20260906090002449,bootstrap_seed_v1,81857728b78095013779b4d61403f621,d104c1d83b03f23f78fb739081c20d2d,76eca2bac1e0e7c2c30339c27a35dccc,684c3674e8c4aaa00bb7478408d06085,76,True,0.0667682428654256,OK
D9,misspecified_constant_mu,0,450,20260906090002450,bootstrap_seed_v1,81857728b78095013779b4d61403f621,d104c1d83b03f23f78fb739081c20d2d,ebde0bd3d70995610e923a42e133e232,d51315a0c94cda7552ace9a34f8be091,55,True,0.085213162739525,OK
D9,misspecified_constant_mu,0,451,20260906090002451,bootstrap_seed_v1,81857728b78095013779b4d61403f621,d104c1d83b03f23f78fb739081c20d2d,d0526fd4fd70bb94b64565eed6791aaa,4b82888d7b85a5b311b62174b1f7e38d,23,True,0.13333956734723157,OK
D9,misspecified_constant_mu,0,452,20260906090002452,bootstrap_seed_v1,81857728b78095013779b4d61403f621,d104c1d83b03f23f78fb739081c20d2d,b348fe7fb693bf0c4efcdf7b7f4a0010,17e50a47b840a6d2679fcb712fbd445a,143,True,0.05140669670466014,OK
D9,misspecified_constant_mu,0,453,20260906090002453,bootstrap_seed_v1,81857728b78095013779b4d61403f621,d104c1d83b03f23f78fb739081c20d2d,eeb6d1357c937591640155b2c0c77806,dda22b87688cad1726e9b36b19d4bec8,17,True,0.19603807779607862,OK
D9,misspecified_constant_mu,0,454,20260906090002454,bootstrap_seed_v1,81857728b78095013779b4d61403f621,d104c1d83b03f23f78fb739081c20d2d,8f012c464866864fffb41a330db380d0,7a4a07ee5c71fa9a9b75e5b84afb72b0,53,True,0.09059775559348238,OK
D9,misspecified_constant_mu,0,455,20260906090002455,bootstrap_seed_v1,81857728b78095013779b4d61403f621,d104c1d83b03f23f78fb739081c20d2d,4d6b3e6421def51e7a27a214952c77e8,a294cace97155e7176be3f42ba48301d,51,True,0.13417360829757274,OK
D9,misspecified_constant_mu,0,456,20260906090002456,bootstrap_seed_v1,81857728b78095013779b4d61403f621,d104c1d83b03f23f78fb739081c20d2d,f56cfd4d8bd2a26874255ad2c37d524b,a82cb33b1f3e2a63a8542588ee828a1f,61,True,0.055652863938343455,OK
D9,misspecified_constant_mu,0,457,20260906090002457,bootstrap_seed_v1,81857728b78095013779b4d61403f621,d104c1d83b03f23f78fb739081c20d2d,3d38a71769740fa16610b86804722512,baf8fe675d494ea13ae4455a075c20ab,109,True,0.06787311430100196,OK
D9,misspecified_constant_mu,0,458,20260906090002458,bootstrap_seed_v1,81857728b78095013779b4d61403f621,d104c1d83b03f23f78fb739081c20d2d,5d595eed78381e72c4b3673c03e35017,06ecd74bc01220062b54f40110138a3c,37,True,0.07971388707031557,OK
D9,misspecified_constant_mu,0,459,20260906090002459,bootstrap_seed_v1,81857728b78095013779b4d61403f621,d104c1d83b03f23f78fb739081c20d2d,6521472941d8bab56eb97f18729ba619,92c73ded300347358320a30677692558,34,True,0.14417190838303318,OK
D9,misspecified_constant_mu,0,460,20260906090002460,bootstrap_seed_v1,81857728b78095013779b4d61403f621,d104c1d83b03f23f78fb739081c20d2d,0265ffbf7084b71b1473bc7575da8405,ec90808bac6af534cff927ca9cf57b14,57,True,0.09212366044525871,OK
D9,misspecified_constant_mu,0,461,20260906090002461,bootstrap_seed_v1,81857728b78095013779b4d61403f621,d104c1d83b03f23f78fb739081c20d2d,28c68de64e6a051d43ebe79b4cbed024,7ffc4cdd18296edaac2a2f660ded38d3,57,True,0.09291050723713834,OK
D9,misspecified_constant_mu,0,462,20260906090002462,bootstrap_seed_v1,81857728b78095013779b4d61403f621,d104c1d83b03f23f78fb739081c20d2d,3b9d793299a1c5364673508c58204843,84e2efe710b6dc8bb5e3e0d7b4515354,80,True,0.06913361285871111,OK
D9,misspecified_constant_mu,0,463,20260906090002463,bootstrap_seed_v1,81857728b78095013779b4d61403f621,d104c1d83b03f23f78fb739081c20d2d,b6648e9949f8a43d93663060902a2ef2,c2b722d0e2a1e70e92642ed019a65d99,105,True,0.06975402704779207,OK
D9,misspecified_constant_mu,0,464,20260906090002464,bootstrap_seed_v1,81857728b78095013779b4d61403f621,d104c1d83b03f23f78fb739081c20d2d,4eed4bd6250fa772f8c74e59572398f6,c9d0e43f8a750f56e7169911451780d6,41,True,0.08053224839087142,OK
D9,misspecified_constant_mu,0,465,20260906090002465,bootstrap_seed_v1,81857728b78095013779b4d61403f621,d104c1d83b03f23f78fb739081c20d2d,106506155adaf47116412a360c7c7fdb,4d6c68f7be6578e9a7417d4717855cce,18,True,0.1644626698342108,OK
D9,misspecified_constant_mu,0,466,20260906090002466,bootstrap_seed_v1,81857728b78095013779b4d61403f621,d104c1d83b03f23f78fb739081c20d2d,aad514b7dfa40c14db9347c7175c230f,022205599ba0b63c22f353db2c5a93c6,27,True,0.13643638209354747,OK
D9,misspecified_constant_mu,0,467,20260906090002467,bootstrap_seed_v1,81857728b78095013779b4d61403f621,d104c1d83b03f23f78fb739081c20d2d,839d0f5d0dbd9303f5dbb55c5da1eb89,5f03b6b0cf15c33bdf996b6e3d29dbcf,185,True,0.07763612083704019,OK
D9,misspecified_constant_mu,0,468,20260906090002468,bootstrap_seed_v1,81857728b78095013779b4d61403f621,d104c1d83b03f23f78fb739081c20d2d,d732c21b20b2fd300f79a3b345eb8954,69cccfca5edf78d6bf733f2ebc0694c2,18,True,0.16890489424291044,OK
D9,misspecified_constant_mu,0,469,20260906090002469,bootstrap_seed_v1,81857728b78095013779b4d61403f621,d104c1d83b03f23f78fb739081c20d2d,f83ccc209979efe7e2d3edd2afb25837,dec4f62f2094a903f293774039f9bdab,62,True,0.0906760357388462,OK
D9,misspecified_constant_mu,0,470,20260906090002470,bootstrap_seed_v1,81857728b78095013779b4d61403f621,d104c1d83b03f23f78fb739081c20d2d,55dfaac4f9115092125b044c607d04f2,10f28ae90d90c250e8d9876654d17b2f,99,True,0.05428757558910596,OK
D9,misspecified_constant_mu,0,471,20260906090002471,bootstrap_seed_v1,81857728b78095013779b4d61403f621,d104c1d83b03f23f78fb739081c20d2d,ee6984d2d2af19e8f09f4a5eedb12776,5a3065b18a69f228c5eb7af2b9793f0a,166,True,0.04267963965138438,OK
D9,misspecified_constant_mu,0,472,20260906090002472,bootstrap_seed_v1,81857728b78095013779b4d61403f621,d104c1d83b03f23f78fb739081c20d2d,1ca1ee00ba30419a813ee99c21a2a408,4ae7de32d1c458b2f45b31b83398e263,53,True,0.0718511762357357,OK
D9,misspecified_constant_mu,0,473,20260906090002473,bootstrap_seed_v1,81857728b78095013779b4d61403f621,d104c1d83b03f23f78fb739081c20d2d,f753e38b101846b6ef5065a7f37665a5,8624311361e3e857e28b11f3397f7697,31,True,0.07816433455365335,OK
D9,misspecified_constant_mu,0,474,20260906090002474,bootstrap_seed_v1,81857728b78095013779b4d61403f621,d104c1d83b03f23f78fb739081c20d2d,d59423dc838ce35ecbe9299f753afc91,8f8648f72a19225513ae997ba4a0dc39,31,True,0.1476882614342495,OK
D9,misspecified_constant_mu,0,475,20260906090002475,bootstrap_seed_v1,81857728b78095013779b4d61403f621,d104c1d83b03f23f78fb739081c20d2d,28b1bb486b57a26685a560810e5f2a7c,0d36eafcde8b138554656328fb852221,58,True,0.09494693605673876,OK
D9,misspecified_constant_mu,0,476,20260906090002476,bootstrap_seed_v1,81857728b78095013779b4d61403f621,d104c1d83b03f23f78fb739081c20d2d,f583ed416b88bd3c76378e8eba393c82,8d4466f21b61ed650639c42016c62bba,108,True,0.06057939553286612,OK
D9,misspecified_constant_mu,0,477,20260906090002477,bootstrap_seed_v1,81857728b78095013779b4d61403f621,d104c1d83b03f23f78fb739081c20d2d,c1e82a7ddb88f82fcc418c849dd66c76,4dd148b1fe7defcc23cf50758135892d,109,True,0.05566202153210115,OK
D9,misspecified_constant_mu,0,478,20260906090002478,bootstrap_seed_v1,81857728b78095013779b4d61403f621,d104c1d83b03f23f78fb739081c20d2d,51539c2ef9b58c815b2b0e5100170097,26aea7ac32b6d5c8ae94744cbdec4c2d,39,True,0.06355365425289261,OK
D9,misspecified_constant_mu,0,479,20260906090002479,bootstrap_seed_v1,81857728b78095013779b4d61403f621,d104c1d83b03f23f78fb739081c20d2d,a4af28b8df2d25e350ecfbda229839f8,ab4440768f563fafdc455953c43b867a,56,True,0.07533658025045405,OK
D9,misspecified_constant_mu,0,480,20260906090002480,bootstrap_seed_v1,81857728b78095013779b4d61403f621,d104c1d83b03f23f78fb739081c20d2d,11f3ac10f7f1ba11e15d7edbf7f1677a,bf4e2471354407e1bd78fd8d3b1243ba,76,True,0.049299055551477844,OK
D9,misspecified_constant_mu,0,481,20260906090002481,bootstrap_seed_v1,81857728b78095013779b4d61403f621,d104c1d83b03f23f78fb739081c20d2d,7a3392ed0210c71fab1f7209e57dc599,c3bd1446bffa738d342aca4c69827ac9,144,True,0.0750652593272706,OK
D9,misspecified_constant_mu,0,482,20260906090002482,bootstrap_seed_v1,81857728b78095013779b4d61403f621,d104c1d83b03f23f78fb739081c20d2d,20d33ad66fc22243f915d89fa5fa3b21,2c15694b488c5dbad58158179c2ea715,93,True,0.0753293154405767,OK
D9,misspecified_constant_mu,0,483,20260906090002483,bootstrap_seed_v1,81857728b78095013779b4d61403f621,d104c1d83b03f23f78fb739081c20d2d,beffa2de39cf3e374ed9929ed893b1e8,af5884e3e847c1f94f5fdeb41f77c882,68,True,0.0824186463318301,OK
D9,misspecified_constant_mu,0,484,20260906090002484,bootstrap_seed_v1,81857728b78095013779b4d61403f621,d104c1d83b03f23f78fb739081c20d2d,7e9e5557bafec66731d7ec3dc8e3a5c5,72236e465248f54bfa149534a2f9437b,50,True,0.08712565968226388,OK
D9,misspecified_constant_mu,0,485,20260906090002485,bootstrap_seed_v1,81857728b78095013779b4d61403f621,d104c1d83b03f23f78fb739081c20d2d,40e2081d7376be364f28fdb10700c494,12e6ec4c9198c7e2b6a24c4375c647a4,86,True,0.08137890615286375,OK
D9,misspecified_constant_mu,0,486,20260906090002486,bootstrap_seed_v1,81857728b78095013779b4d61403f621,d104c1d83b03f23f78fb739081c20d2d,c5bc7d5898d87f77bfcc6dced5b0ef0a,864a35779ef5700450a5d8701de8323b,272,True,0.03830539502239594,OK
D9,misspecified_constant_mu,0,487,20260906090002487,bootstrap_seed_v1,81857728b78095013779b4d61403f621,d104c1d83b03f23f78fb739081c20d2d,982dbee5947c27adbb35b94e9a98641a,a23d1fad06c01f7c3532238d7c878b5b,24,True,0.11253337953470574,OK
D9,misspecified_constant_mu,0,488,20260906090002488,bootstrap_seed_v1,81857728b78095013779b4d61403f621,d104c1d83b03f23f78fb739081c20d2d,3dba564897a7e2c485c9d530c1e1e7d3,f8eb7f48f770efa9010e666f9d94a2db,151,True,0.06213320851164644,OK
D9,misspecified_constant_mu,0,489,20260906090002489,bootstrap_seed_v1,81857728b78095013779b4d61403f621,d104c1d83b03f23f78fb739081c20d2d,133389ec50bd7d3644323e1157626edd,99e4fc170f92ca7737ff3b30ead5cd53,50,True,0.09512483871635896,OK
D9,misspecified_constant_mu,0,490,20260906090002490,bootstrap_seed_v1,81857728b78095013779b4d61403f621,d104c1d83b03f23f78fb739081c20d2d,ddfb28cdd22205b2ba2378434cbe2345,db060cfb19a2afcae34ecbdd8305f899,141,True,0.07743241507251972,OK
D9,misspecified_constant_mu,0,491,20260906090002491,bootstrap_seed_v1,81857728b78095013779b4d61403f621,d104c1d83b03f23f78fb739081c20d2d,3053b72752da74f505b473a72a13f55c,f574a9f7b3808f07456bc7adde31cf4e,62,True,0.05406989258816536,OK
D9,misspecified_constant_mu,0,492,20260906090002492,bootstrap_seed_v1,81857728b78095013779b4d61403f621,d104c1d83b03f23f78fb739081c20d2d,843a2541664747c55dc90781caaeb379,1a6a4ee35b660936ab710acb1f3d6aff,131,True,0.045744029890644966,OK
D9,misspecified_constant_mu,0,493,20260906090002493,bootstrap_seed_v1,81857728b78095013779b4d61403f621,d104c1d83b03f23f78fb739081c20d2d,0121593d0f0170c5e35b6b82f2c4285e,7c94bd34a14496bfd43822965711913a,43,True,0.08818953038589628,OK
D9,misspecified_constant_mu,0,494,20260906090002494,bootstrap_seed_v1,81857728b78095013779b4d61403f621,d104c1d83b03f23f78fb739081c20d2d,c9d1b6c3287bf6e2340b434854d17f08,ae49ad46e8bc342b8aedb31154f79011,82,True,0.07087547352151696,OK
D9,misspecified_constant_mu,0,495,20260906090002495,bootstrap_seed_v1,81857728b78095013779b4d61403f621,d104c1d83b03f23f78fb739081c20d2d,43cddf94e24dd89dce233d09ddcacf0b,561c2022c9b5752559efa34828dda4c9,47,True,0.07626044611202168,OK
D9,misspecified_constant_mu,0,496,20260906090002496,bootstrap_seed_v1,81857728b78095013779b4d61403f621,d104c1d83b03f23f78fb739081c20d2d,f70be4ea4dc0763aeb2bd25784cb1ec3,2d3c7d509efa3eea2fa387711925237e,151,True,0.05313497808114387,OK
D9,misspecified_constant_mu,0,497,20260906090002497,bootstrap_seed_v1,81857728b78095013779b4d61403f621,d104c1d83b03f23f78fb739081c20d2d,b5609b68b05bcc3aec63c9058933a3f7,88c82417ee54dd80517d364312f1c178,86,True,0.08868493722761134,OK
D9,misspecified_constant_mu,0,498,20260906090002498,bootstrap_seed_v1,81857728b78095013779b4d61403f621,d104c1d83b03f23f78fb739081c20d2d,1c7609e736529a8df6b9e0f285ec0bbc,40214d2e7fe7994dd3bd228b372b7625,38,True,0.12613488577965404,OK
D10,primary,0,0,20260906100000000,bootstrap_seed_v1,81857728b78095013779b4d61403f621,36c9825d7c3c3009afb16fb4c6868c6b,660be35a7a9b0ade389f6c8d8137f47f,be8c66fbeada0988169fb8cf21abd887,106,True,0.06917529721061999,OK
D10,primary,0,1,20260906100000001,bootstrap_seed_v1,81857728b78095013779b4d61403f621,36c9825d7c3c3009afb16fb4c6868c6b,22ea2e1a82da35d0f4e0562e613598cf,4a07f5ed3dbb8680d9e055af9814b1fa,75,True,0.0458538606197581,OK
D10,primary,0,2,20260906100000002,bootstrap_seed_v1,81857728b78095013779b4d61403f621,36c9825d7c3c3009afb16fb4c6868c6b,6d611bb24612c02699312753ecb02a72,6014a4b2aa69f6992478e06553b7a655,155,True,0.03528556270526767,OK
D10,primary,0,3,20260906100000003,bootstrap_seed_v1,81857728b78095013779b4d61403f621,36c9825d7c3c3009afb16fb4c6868c6b,dff50eee5d02dac2e5ce138b20810ac0,45059b23e67b38330d047df233a5e807,105,True,0.07270107679957805,OK
D10,primary,0,4,20260906100000004,bootstrap_seed_v1,81857728b78095013779b4d61403f621,36c9825d7c3c3009afb16fb4c6868c6b,b9ceb3da40ceaa420ac0600b713c4b7b,9ffe757e59831e89ca217f0bd8274bf7,149,True,0.03526024121543059,OK
D10,primary,0,5,20260906100000005,bootstrap_seed_v1,81857728b78095013779b4d61403f621,36c9825d7c3c3009afb16fb4c6868c6b,66d4bcda4e1ea275c27fb00bb5b38119,fb257aad97e08bc9837c4ef10eaaf957,90,True,0.07826445379679262,OK
D10,primary,0,6,20260906100000006,bootstrap_seed_v1,81857728b78095013779b4d61403f621,36c9825d7c3c3009afb16fb4c6868c6b,e2354f359985bc4638bd8eef880670e4,ebc73306b80e0c374de32dd62c6be291,107,True,0.06724044616238745,OK
D10,primary,0,7,20260906100000007,bootstrap_seed_v1,81857728b78095013779b4d61403f621,36c9825d7c3c3009afb16fb4c6868c6b,84cf028551c19d3c9a2a33732c0b06dc,ec243c84db3781f06300f2d2610fd961,55,True,0.1059651014825641,OK
D10,primary,0,8,20260906100000008,bootstrap_seed_v1,81857728b78095013779b4d61403f621,36c9825d7c3c3009afb16fb4c6868c6b,406c748c36e4ee53bf3121aa55e1c4d9,d27aa9ccc0d9b696b926d188edc60474,62,True,0.13976225294470757,OK
D10,primary,0,9,20260906100000009,bootstrap_seed_v1,81857728b78095013779b4d61403f621,36c9825d7c3c3009afb16fb4c6868c6b,2f341115c7da573ad6124bdc8f35bb7d,cab32d26b2409e65238063ae5375a89e,78,True,0.0584103761965129,OK
D10,primary,0,10,20260906100000010,bootstrap_seed_v1,81857728b78095013779b4d61403f621,36c9825d7c3c3009afb16fb4c6868c6b,fb4558fa6cd79f59bdf95c2368c06217,e08de18c9a5cf1ac0a8dd5316b078686,84,True,0.05853030082887234,OK
D10,primary,0,11,20260906100000011,bootstrap_seed_v1,81857728b78095013779b4d61403f621,36c9825d7c3c3009afb16fb4c6868c6b,1b2892d3040317d8dbb61b60236aa2d6,c0be8e095e9fdc4c3d1160dcb829661e,143,True,0.07192983757716276,OK
D10,primary,0,12,20260906100000012,bootstrap_seed_v1,81857728b78095013779b4d61403f621,36c9825d7c3c3009afb16fb4c6868c6b,cac046e0a44fc6d0441af4389ec5053d,8e3ad8718fed70b9087c825c03a55611,80,True,0.07025008938155786,OK
D10,primary,0,13,20260906100000013,bootstrap_seed_v1,81857728b78095013779b4d61403f621,36c9825d7c3c3009afb16fb4c6868c6b,2c9ac809ce075eb77f4a2b1dd8082d34,a7a548e258a280c8bf98e9492baed39f,56,True,0.06494059463906346,OK
D10,primary,0,14,20260906100000014,bootstrap_seed_v1,81857728b78095013779b4d61403f621,36c9825d7c3c3009afb16fb4c6868c6b,0c897821042e06ec4ac05072104f01da,3a9c4c63e2522bde0e2174218859665e,121,True,0.04749600037921464,OK
D10,primary,0,15,20260906100000015,bootstrap_seed_v1,81857728b78095013779b4d61403f621,36c9825d7c3c3009afb16fb4c6868c6b,29dcc441da061912de25e8ce75fbe1f4,377e30c3bb912ffe4419a3c5aa9eaa88,96,True,0.0894837463195072,OK
D10,primary,0,16,20260906100000016,bootstrap_seed_v1,81857728b78095013779b4d61403f621,36c9825d7c3c3009afb16fb4c6868c6b,07c419574a2c9830ae7b97301d0ff695,e85d75e473ca18414fae2f7b847df124,152,True,0.0818828570575798,OK
D10,primary,0,17,20260906100000017,bootstrap_seed_v1,81857728b78095013779b4d61403f621,36c9825d7c3c3009afb16fb4c6868c6b,d17f9171fac0c89d71306199ed177b36,5caa192ca46597c09ce8b585cb4a641f,80,True,0.0678415740129984,OK
D10,primary,0,18,20260906100000018,bootstrap_seed_v1,81857728b78095013779b4d61403f621,36c9825d7c3c3009afb16fb4c6868c6b,1b7acefe8be8f64c3800738d7bade2bc,0fca0a76b91b71cde960f8d723da873a,80,True,0.056613870845987166,OK
D10,primary,0,19,20260906100000019,bootstrap_seed_v1,81857728b78095013779b4d61403f621,36c9825d7c3c3009afb16fb4c6868c6b,3a539a0a38e26696fd9899598f95cd19,88c5b2bfb6316bbe82a3dbc4b179659c,96,True,0.04432176337257343,OK
D10,primary,0,20,20260906100000020,bootstrap_seed_v1,81857728b78095013779b4d61403f621,36c9825d7c3c3009afb16fb4c6868c6b,8967b9a53439833c5e8fcb0ccad43b97,40e3f45c22eee9d693e5af35085974de,86,True,0.04226440848512031,OK
D10,primary,0,21,20260906100000021,bootstrap_seed_v1,81857728b78095013779b4d61403f621,36c9825d7c3c3009afb16fb4c6868c6b,7ca13a0d856aa705e4cad0745da7391f,98234baa088c660d42eb89a40eed08f2,113,True,0.07712489604684991,OK
D10,primary,0,22,20260906100000022,bootstrap_seed_v1,81857728b78095013779b4d61403f621,36c9825d7c3c3009afb16fb4c6868c6b,76ad4186cbfa7dd5f4a630ff0b46af90,0395a67cbd7b2ac66e81d4fe2b481ced,72,True,0.05498267901348264,OK
D10,primary,0,23,20260906100000023,bootstrap_seed_v1,81857728b78095013779b4d61403f621,36c9825d7c3c3009afb16fb4c6868c6b,9f34b3395f03e6d24e20d43cee63f63b,ce5ce989991a89eaab4c0e982ca62a3a,70,True,0.0590798325948404,OK
D10,primary,0,24,20260906100000024,bootstrap_seed_v1,81857728b78095013779b4d61403f621,36c9825d7c3c3009afb16fb4c6868c6b,6605780cfbfb1f3d8b53012571d62a03,e5d890abbd4eac2811948ec8e2a78d01,79,True,0.0604654643978233,OK
D10,primary,0,25,20260906100000025,bootstrap_seed_v1,81857728b78095013779b4d61403f621,36c9825d7c3c3009afb16fb4c6868c6b,f1c713f978356e569649581df78cfbb8,93b38404bcd734b34238288d466a67e5,77,True,0.0494708212827325,OK
D10,primary,0,26,20260906100000026,bootstrap_seed_v1,81857728b78095013779b4d61403f621,36c9825d7c3c3009afb16fb4c6868c6b,8913833113de3717bbae36b289f5996e,83b93ddbb2829cab6e03f867a8f3ee66,130,True,0.055984329353970574,OK
D10,primary,0,27,20260906100000027,bootstrap_seed_v1,81857728b78095013779b4d61403f621,36c9825d7c3c3009afb16fb4c6868c6b,82509193b9bc939577605548437d367a,60d3854474f4ccd439bb55a71bdd0563,139,True,0.06046543526909534,OK
D10,primary,0,28,20260906100000028,bootstrap_seed_v1,81857728b78095013779b4d61403f621,36c9825d7c3c3009afb16fb4c6868c6b,3dc6b5ac2a613eb7fef84712f491b9b3,ca9086634a77cbe7c93e05c11ab5ca3c,71,True,0.06630787514123584,OK
D10,primary,0,29,20260906100000029,bootstrap_seed_v1,81857728b78095013779b4d61403f621,36c9825d7c3c3009afb16fb4c6868c6b,279132c91d7344cb81b05343ea1d35a8,60781f317fb3bfc696e7b9574e4542cc,112,True,0.050040940040509185,OK
D10,primary,0,30,20260906100000030,bootstrap_seed_v1,81857728b78095013779b4d61403f621,36c9825d7c3c3009afb16fb4c6868c6b,874d9a901b430327d5c489bec0edd7de,7904232788e422688c53a97537cdbcaf,105,True,0.04936094976104077,OK
D10,primary,0,31,20260906100000031,bootstrap_seed_v1,81857728b78095013779b4d61403f621,36c9825d7c3c3009afb16fb4c6868c6b,96f56f3e540137d8da68696e2aba0ceb,314015773798afba1cac9366d1c7aef7,60,True,0.08429674992470873,OK
D10,primary,0,32,20260906100000032,bootstrap_seed_v1,81857728b78095013779b4d61403f621,36c9825d7c3c3009afb16fb4c6868c6b,b4e7509e09f3d48dad3f0928146ec42a,fec390a298fda388002066e913a00415,77,True,0.10300532822953379,OK
D10,primary,0,33,20260906100000033,bootstrap_seed_v1,81857728b78095013779b4d61403f621,36c9825d7c3c3009afb16fb4c6868c6b,923406e37b1ad1a3a6214a3bfe4c7fed,5f11ed1199cfb755210182ddbd4b661e,85,True,0.07536501113778271,OK
D10,primary,0,34,20260906100000034,bootstrap_seed_v1,81857728b78095013779b4d61403f621,36c9825d7c3c3009afb16fb4c6868c6b,b23f16218756cc9c6c7411250e8ba685,60407745bfaf296cf168521e1b92a79b,118,True,0.05909828578816659,OK
D10,primary,0,35,20260906100000035,bootstrap_seed_v1,81857728b78095013779b4d61403f621,36c9825d7c3c3009afb16fb4c6868c6b,2e8d438cb63e16bf7d4fc43417595ed0,ad05d9ba28bd59b3a07a2da2d197d80b,44,True,0.07867045760557723,OK
D10,primary,0,36,20260906100000036,bootstrap_seed_v1,81857728b78095013779b4d61403f621,36c9825d7c3c3009afb16fb4c6868c6b,6d7aa568521a3c66979cba2c9971a422,8cfb8b3d0392566bffa4ae1e4eed7f5f,85,True,0.06376764435287213,OK
D10,primary,0,37,20260906100000037,bootstrap_seed_v1,81857728b78095013779b4d61403f621,36c9825d7c3c3009afb16fb4c6868c6b,9b98a816a0dd595d5dc049ad0db7769a,acca4af7dad0c0c112116bddd7089d5b,100,True,0.06417962923315768,OK
D10,primary,0,38,20260906100000038,bootstrap_seed_v1,81857728b78095013779b4d61403f621,36c9825d7c3c3009afb16fb4c6868c6b,9b7838d84478cb458afcda41c5baeb85,764e9f0ee6db6ae480a18c9a136b9d94,78,True,0.05965508026899119,OK
D10,primary,0,39,20260906100000039,bootstrap_seed_v1,81857728b78095013779b4d61403f621,36c9825d7c3c3009afb16fb4c6868c6b,f8529c344f6f58eced5341deba358d4e,9e1176717b9a03a0f7059520fec8a0a2,109,True,0.08588639322983865,OK
D10,primary,0,40,20260906100000040,bootstrap_seed_v1,81857728b78095013779b4d61403f621,36c9825d7c3c3009afb16fb4c6868c6b,ecda9dcfbff8234e90b6422fff1f7cac,ae2685041d87adcb3280fbf318fdac6f,108,True,0.04456222343948191,OK
D10,primary,0,41,20260906100000041,bootstrap_seed_v1,81857728b78095013779b4d61403f621,36c9825d7c3c3009afb16fb4c6868c6b,be97d114f1714928916f2cf8a44c5678,c15c699b4125341fb16222f04144b528,92,True,0.06312075915988735,OK
D10,primary,0,42,20260906100000042,bootstrap_seed_v1,81857728b78095013779b4d61403f621,36c9825d7c3c3009afb16fb4c6868c6b,7c167458874185bb5fb1c31f3e350442,0252f8e55b03f9e175b8f7517260f5d8,53,True,0.09400993074476205,OK
D10,primary,0,43,20260906100000043,bootstrap_seed_v1,81857728b78095013779b4d61403f621,36c9825d7c3c3009afb16fb4c6868c6b,e1b94a21c0fd25d38678cb091787801e,cad620875b4fcb21cfaae875e387f9e5,70,True,0.08644024490621238,OK
D10,primary,0,44,20260906100000044,bootstrap_seed_v1,81857728b78095013779b4d61403f621,36c9825d7c3c3009afb16fb4c6868c6b,7d699781d12161f182ab047217c884f4,864c23d68a7e6fb017a4a5e64f31e050,87,True,0.050678631751083864,OK
D10,primary,0,45,20260906100000045,bootstrap_seed_v1,81857728b78095013779b4d61403f621,36c9825d7c3c3009afb16fb4c6868c6b,88ec1c1c57f38116a46bc32cfca9a714,6de36211ee289390986a7dec0d82248c,102,True,0.06154056741874847,OK
D10,primary,0,46,20260906100000046,bootstrap_seed_v1,81857728b78095013779b4d61403f621,36c9825d7c3c3009afb16fb4c6868c6b,d8a40d6a04a26d373d09230bb103eb14,0970d95ba038fc7eeb3cd4938c380280,74,True,0.10878340344684057,OK
D10,primary,0,47,20260906100000047,bootstrap_seed_v1,81857728b78095013779b4d61403f621,36c9825d7c3c3009afb16fb4c6868c6b,a8712fdb275d1a5c1cfb8234c07e3854,af2d5b4f89e1ced4c3b1c94661b9a276,158,True,0.06274707601764917,OK
D10,primary,0,48,20260906100000048,bootstrap_seed_v1,81857728b78095013779b4d61403f621,36c9825d7c3c3009afb16fb4c6868c6b,e5c74f572b14ca6e23b09bf375222543,0f7e1a1b0ff885faedb7b40b67100926,82,True,0.05546737921452988,OK
D10,primary,0,49,20260906100000049,bootstrap_seed_v1,81857728b78095013779b4d61403f621,36c9825d7c3c3009afb16fb4c6868c6b,901ea8cb4412a427fa7c9bf773bad1ab,7e21a5343e22173c5f8ab5eaf1f7c2ab,42,True,0.07954160953418749,OK
D10,primary,0,50,20260906100000050,bootstrap_seed_v1,81857728b78095013779b4d61403f621,36c9825d7c3c3009afb16fb4c6868c6b,efe74270a629b57e3a50199398e2cd07,2d12fabcc792f7a8d4261799f1cdff0d,74,True,0.0731365726987479,OK
D10,primary,0,51,20260906100000051,bootstrap_seed_v1,81857728b78095013779b4d61403f621,36c9825d7c3c3009afb16fb4c6868c6b,ab72e2cfb4c843032272068f728f0a46,d239dd29b91a56bbe5546922fb62cbfa,78,True,0.08652284852283015,OK
D10,primary,0,52,20260906100000052,bootstrap_seed_v1,81857728b78095013779b4d61403f621,36c9825d7c3c3009afb16fb4c6868c6b,22ad398293dee53b9dc0c1223776a27b,c436c0b8d68d9d20dd8cf661e449e1a4,59,True,0.07012433950893301,OK
D10,primary,0,53,20260906100000053,bootstrap_seed_v1,81857728b78095013779b4d61403f621,36c9825d7c3c3009afb16fb4c6868c6b,0ff4cb05156c65c9fb95ccbdaf36387a,a8a51e4db04514d045d5f44a72c476a3,77,True,0.08503841532939438,OK
D10,primary,0,54,20260906100000054,bootstrap_seed_v1,81857728b78095013779b4d61403f621,36c9825d7c3c3009afb16fb4c6868c6b,560085258c9fd47b0c8b05c378736c52,13c3e2f837d7d30ed5c218c1175d18eb,119,True,0.04625786911081865,OK
D10,primary,0,55,20260906100000055,bootstrap_seed_v1,81857728b78095013779b4d61403f621,36c9825d7c3c3009afb16fb4c6868c6b,27231655d1ebd5df489a9fabdede9e25,c14ed5015b68a347756bec4eccd784d1,29,True,0.17002890022560668,OK
D10,primary,0,56,20260906100000056,bootstrap_seed_v1,81857728b78095013779b4d61403f621,36c9825d7c3c3009afb16fb4c6868c6b,7193df52a9d2dfd065523986ffcff80f,04af0503fdd93eec1d4315f35db4db00,66,True,0.0710732116500652,OK
D10,primary,0,57,20260906100000057,bootstrap_seed_v1,81857728b78095013779b4d61403f621,36c9825d7c3c3009afb16fb4c6868c6b,ee53fd1499ed9cb20d0a5702d52bbcc3,55b9390e496b407ece8acdaf3590cde8,161,True,0.04436784858048165,OK
D10,primary,0,58,20260906100000058,bootstrap_seed_v1,81857728b78095013779b4d61403f621,36c9825d7c3c3009afb16fb4c6868c6b,977a3abf597de16bc44bfe433da3ac3d,4bca6e17e12d329c7d177f3ed06c2b71,50,True,0.07782324655703254,OK
D10,primary,0,59,20260906100000059,bootstrap_seed_v1,81857728b78095013779b4d61403f621,36c9825d7c3c3009afb16fb4c6868c6b,372a23534d20dcf277bd6e95834a0d37,bba8ed6e5292b333dedf6e4fcdd1d572,53,True,0.09773858005086655,OK
D10,primary,0,60,20260906100000060,bootstrap_seed_v1,81857728b78095013779b4d61403f621,36c9825d7c3c3009afb16fb4c6868c6b,d778ae966fb2bfe73d56c17db2170082,0aa8bc92531a4c00a45b44df1a9e8875,101,True,0.05902509283058244,OK
D10,primary,0,61,20260906100000061,bootstrap_seed_v1,81857728b78095013779b4d61403f621,36c9825d7c3c3009afb16fb4c6868c6b,92aa3934ed1ecf61715293999a19becc,ab591936f6359bc60904a61d69eaef94,125,True,0.046831507866171185,OK
D10,primary,0,62,20260906100000062,bootstrap_seed_v1,81857728b78095013779b4d61403f621,36c9825d7c3c3009afb16fb4c6868c6b,5e443229a3f8bef765c0574dc171ef23,6cb8ac76b598be7d3c4d9bafe35a4ebc,80,True,0.08915512745147453,OK
D10,primary,0,63,20260906100000063,bootstrap_seed_v1,81857728b78095013779b4d61403f621,36c9825d7c3c3009afb16fb4c6868c6b,13fc055a1abf6f732a01c87b9a80eb34,65c7ef5663dd89e7c302d760f61b9433,153,True,0.059699697860793266,OK
D10,primary,0,64,20260906100000064,bootstrap_seed_v1,81857728b78095013779b4d61403f621,36c9825d7c3c3009afb16fb4c6868c6b,1559ec9a993b8a587abbbd89cb55e330,b74b6e5b57d4982cec63dbca29ceedf9,83,True,0.054363269603861064,OK
D10,primary,0,65,20260906100000065,bootstrap_seed_v1,81857728b78095013779b4d61403f621,36c9825d7c3c3009afb16fb4c6868c6b,6138b9c622c8d08a24cab117642df5f8,2dc4fd1410397b4cb90f98db365e2402,44,True,0.10436613562938696,OK
D10,primary,0,66,20260906100000066,bootstrap_seed_v1,81857728b78095013779b4d61403f621,36c9825d7c3c3009afb16fb4c6868c6b,ac65bf44b4910e7d3fae892eb3d05d16,1488056b480570e1d3d6941fc780f4b2,62,True,0.0658679471027317,OK
D10,primary,0,67,20260906100000067,bootstrap_seed_v1,81857728b78095013779b4d61403f621,36c9825d7c3c3009afb16fb4c6868c6b,1ca795048f2cf73425a261857c48d559,5aff7dbecbc99e38be5bb1886957dbef,73,True,0.08827150218996371,OK
D10,primary,0,68,20260906100000068,bootstrap_seed_v1,81857728b78095013779b4d61403f621,36c9825d7c3c3009afb16fb4c6868c6b,1a6e2f573e7b241f6f1ce9ff8a285e71,1a55dc81dbd46c506b71c8e2918403d2,89,True,0.06768325834965838,OK
D10,primary,0,69,20260906100000069,bootstrap_seed_v1,81857728b78095013779b4d61403f621,36c9825d7c3c3009afb16fb4c6868c6b,081865ef51e64e1153e7eded7305a279,80ca0ce01619e7d5666bf6406f2b5a6a,55,True,0.0787108816728036,OK
D10,primary,0,70,20260906100000070,bootstrap_seed_v1,81857728b78095013779b4d61403f621,36c9825d7c3c3009afb16fb4c6868c6b,5fd9b3dab168434af1162dfa42c8f451,828a8eaef096596a1535d1cc5bf66e7d,66,True,0.056729984812662615,OK
D10,primary,0,71,20260906100000071,bootstrap_seed_v1,81857728b78095013779b4d61403f621,36c9825d7c3c3009afb16fb4c6868c6b,e888e2a87a1b701bb907660ced978eb4,41f2d619f36df256b1d26388495bafac,44,True,0.09571595478950157,OK
D10,primary,0,72,20260906100000072,bootstrap_seed_v1,81857728b78095013779b4d61403f621,36c9825d7c3c3009afb16fb4c6868c6b,a37086a578a5642800cf26f4d2c39462,d1f2be7db8fc503cc27e57bfa3ee971d,79,True,0.08143641641444624,OK
D10,primary,0,73,20260906100000073,bootstrap_seed_v1,81857728b78095013779b4d61403f621,36c9825d7c3c3009afb16fb4c6868c6b,9abb66964cf8e330e60522ea0fb57abb,c6de2f542ffce36d5d4352d80c0308f7,99,True,0.0471663165722056,OK
D10,primary,0,74,20260906100000074,bootstrap_seed_v1,81857728b78095013779b4d61403f621,36c9825d7c3c3009afb16fb4c6868c6b,19ddfbc1cdc7afbdaf611c8a8ad0cb92,da9b8b3f6137894c41125b12bf03750c,130,True,0.05487215609509788,OK
D10,primary,0,75,20260906100000075,bootstrap_seed_v1,81857728b78095013779b4d61403f621,36c9825d7c3c3009afb16fb4c6868c6b,533933e3028062625086450828511270,21a62ea88c91d97b144fd97a634fb77a,105,True,0.06727424295432242,OK
D10,primary,0,76,20260906100000076,bootstrap_seed_v1,81857728b78095013779b4d61403f621,36c9825d7c3c3009afb16fb4c6868c6b,f3e8e13519b2b4b3000459a0f6454455,e06915dc8da3aaa13aa0f4749bd87956,82,True,0.05590507669104161,OK
D10,primary,0,77,20260906100000077,bootstrap_seed_v1,81857728b78095013779b4d61403f621,36c9825d7c3c3009afb16fb4c6868c6b,ed07d0df60c8744548eae343dae26a17,82638df3cfa1e239f82e0d6d48db62e7,67,True,0.06526321206794816,OK
D10,primary,0,78,20260906100000078,bootstrap_seed_v1,81857728b78095013779b4d61403f621,36c9825d7c3c3009afb16fb4c6868c6b,8df6e1c9cb3438dead3c8fd528f5a650,0f3e10b2a234c205280b7503025506ce,53,True,0.0715617070296593,OK
D10,primary,0,79,20260906100000079,bootstrap_seed_v1,81857728b78095013779b4d61403f621,36c9825d7c3c3009afb16fb4c6868c6b,82972eebcc940268dc0b3bfaecfb3935,37cd1f30fe73f5dcc71bfd4e304abd1a,91,True,0.07695261003278697,OK
D10,primary,0,80,20260906100000080,bootstrap_seed_v1,81857728b78095013779b4d61403f621,36c9825d7c3c3009afb16fb4c6868c6b,a39236302a2ae46be86f4a33c8ff05c4,46c14663c6da528e52d2e7a22ffd02af,81,True,0.053205838602149336,OK
D10,primary,0,81,20260906100000081,bootstrap_seed_v1,81857728b78095013779b4d61403f621,36c9825d7c3c3009afb16fb4c6868c6b,cd3fe415bf21ec046630e5ceaeae36c4,36bdded900800f106a2dab7caa46bdc9,63,True,0.07304710230699019,OK
D10,primary,0,82,20260906100000082,bootstrap_seed_v1,81857728b78095013779b4d61403f621,36c9825d7c3c3009afb16fb4c6868c6b,fdeb61fcb0020cca41b8406b61baa88b,620ef58fe6ac17ddc9e0b2014e2bde8e,97,True,0.046477989684693966,OK
D10,primary,0,83,20260906100000083,bootstrap_seed_v1,81857728b78095013779b4d61403f621,36c9825d7c3c3009afb16fb4c6868c6b,585ce37dab913e96b0ea241e58d0de30,e19f301f8e296f090df2ab170813f3ff,123,True,0.05396891642555568,OK
D10,primary,0,84,20260906100000084,bootstrap_seed_v1,81857728b78095013779b4d61403f621,36c9825d7c3c3009afb16fb4c6868c6b,9ecd0c8effed1a5f68f7a5f648aec69c,b04c70d178a39ea612d775dfe260ece2,118,True,0.05674218084615812,OK
D10,primary,0,85,20260906100000085,bootstrap_seed_v1,81857728b78095013779b4d61403f621,36c9825d7c3c3009afb16fb4c6868c6b,4e9c40f4de2e6eca79f4c06440810281,71aaa188623861ec89cac2c1e2e34db3,78,True,0.04047625315177228,OK
D10,primary,0,86,20260906100000086,bootstrap_seed_v1,81857728b78095013779b4d61403f621,36c9825d7c3c3009afb16fb4c6868c6b,61c4e22b311136256f997a8aaef0f7b5,58b71d729b14135f7a50db501b956572,108,True,0.057471447288277466,OK
D10,primary,0,87,20260906100000087,bootstrap_seed_v1,81857728b78095013779b4d61403f621,36c9825d7c3c3009afb16fb4c6868c6b,594524c583ba45a0d5bc1bd13aa0c771,828a732fecee1bfaadaee33d6a76364e,97,True,0.06658191152566051,OK
D10,primary,0,88,20260906100000088,bootstrap_seed_v1,81857728b78095013779b4d61403f621,36c9825d7c3c3009afb16fb4c6868c6b,c2c02c7554f7f720a92b1ebc1b292203,8c3512af5282f04e88dff0155a02b758,98,True,0.06360399862953114,OK
D10,primary,0,89,20260906100000089,bootstrap_seed_v1,81857728b78095013779b4d61403f621,36c9825d7c3c3009afb16fb4c6868c6b,09ef3182c8ddb852833ba7bb7aa93252,b4e8341040ab9c646fed6eee6d95351c,119,True,0.09222119081444446,OK
D10,primary,0,90,20260906100000090,bootstrap_seed_v1,81857728b78095013779b4d61403f621,36c9825d7c3c3009afb16fb4c6868c6b,10e7af6a0a437c15b1336b64ec73c055,4b5d674d57ddc1d884932b953bd814ab,127,True,0.04931597298504453,OK
D10,primary,0,91,20260906100000091,bootstrap_seed_v1,81857728b78095013779b4d61403f621,36c9825d7c3c3009afb16fb4c6868c6b,99da0df0852784ffddd1cf1648bd7dfd,0f55faa3a913cf04bbb84fbeee5664a9,92,True,0.09193263751898084,OK
D10,primary,0,92,20260906100000092,bootstrap_seed_v1,81857728b78095013779b4d61403f621,36c9825d7c3c3009afb16fb4c6868c6b,d8df43b4a8209f0c74cc362e6fe4fef0,2c1c24404b584d520415533af68e3794,109,True,0.0814690690411638,OK
D10,primary,0,93,20260906100000093,bootstrap_seed_v1,81857728b78095013779b4d61403f621,36c9825d7c3c3009afb16fb4c6868c6b,93f070a0c55030ad10ece39101d16ef2,eff899998dce87f33b14864e6e7cc5a2,71,True,0.06722303422823744,OK
D10,primary,0,94,20260906100000094,bootstrap_seed_v1,81857728b78095013779b4d61403f621,36c9825d7c3c3009afb16fb4c6868c6b,a64d8104aa3e206afe5a6cfb43478663,bd330126c64fc11ce8f8012695751eab,54,True,0.07329772273866009,OK
D10,primary,0,95,20260906100000095,bootstrap_seed_v1,81857728b78095013779b4d61403f621,36c9825d7c3c3009afb16fb4c6868c6b,6aacb6a4822734d2b006e7c4c2ac2350,aefd656fd3a73e9f6ad26f05f3d70aad,97,True,0.08721731102738914,OK
D10,primary,0,96,20260906100000096,bootstrap_seed_v1,81857728b78095013779b4d61403f621,36c9825d7c3c3009afb16fb4c6868c6b,d37b9396f0ed76dfc521261819fcda83,58468e8dabf25bd501433df8d49c3615,170,True,0.044151222520532274,OK
D10,primary,0,97,20260906100000097,bootstrap_seed_v1,81857728b78095013779b4d61403f621,36c9825d7c3c3009afb16fb4c6868c6b,2fa5b54647a0ebd5b8cdf9c138970964,c32edf9bd17b70426728e81395eac5db,53,True,0.06462819380841522,OK
D10,primary,0,98,20260906100000098,bootstrap_seed_v1,81857728b78095013779b4d61403f621,36c9825d7c3c3009afb16fb4c6868c6b,9db084f5db90568942563695c63c3ac6,5568d6cabfd0bc0f75f30fa3906a3a49,86,True,0.09416143229698057,OK
D10,primary,0,99,20260906100000099,bootstrap_seed_v1,81857728b78095013779b4d61403f621,36c9825d7c3c3009afb16fb4c6868c6b,a767dedd13d2688d4610ebaa708ed443,637fc335130ab0a4338868b22ca5abe6,145,True,0.06562634051615335,OK
D10,primary,0,100,20260906100000100,bootstrap_seed_v1,81857728b78095013779b4d61403f621,36c9825d7c3c3009afb16fb4c6868c6b,1e945f5696679daebed083af6fb8acc7,dc0117535d04abdf02c7366b71ad8024,75,True,0.05781567689880496,OK
D10,primary,0,101,20260906100000101,bootstrap_seed_v1,81857728b78095013779b4d61403f621,36c9825d7c3c3009afb16fb4c6868c6b,67eac10313144a7003feafc10e8e27bf,e8477f54744c35faea1c49663692207f,97,True,0.064292660134188,OK
D10,primary,0,102,20260906100000102,bootstrap_seed_v1,81857728b78095013779b4d61403f621,36c9825d7c3c3009afb16fb4c6868c6b,debd7218e09920abcc86c04de077b9ce,555608c4ac552303ca918b4c348ca6a2,52,True,0.06203666931176399,OK
D10,primary,0,103,20260906100000103,bootstrap_seed_v1,81857728b78095013779b4d61403f621,36c9825d7c3c3009afb16fb4c6868c6b,89d91d94c641611e0cb37056d4e998ce,3b8461c68bc8973b06ba7caa300b5ee4,76,True,0.06537221779359015,OK
D10,primary,0,104,20260906100000104,bootstrap_seed_v1,81857728b78095013779b4d61403f621,36c9825d7c3c3009afb16fb4c6868c6b,395a02774bcaf877bda8fd5f73587157,e3df386ec9da904e417bd719e30f0cbd,48,True,0.11157754605811404,OK
D10,primary,0,105,20260906100000105,bootstrap_seed_v1,81857728b78095013779b4d61403f621,36c9825d7c3c3009afb16fb4c6868c6b,ee8e7918d3863de11432ca93be7b0187,fdc9293119135542f7bbbe83adbe3203,58,True,0.06911058268701437,OK
D10,primary,0,106,20260906100000106,bootstrap_seed_v1,81857728b78095013779b4d61403f621,36c9825d7c3c3009afb16fb4c6868c6b,b0f38e56d5a2b8b177d59863589e9bad,d67de0fafcb584e33d9ea20aab0cb4ab,92,True,0.04265840885281302,OK
D10,primary,0,107,20260906100000107,bootstrap_seed_v1,81857728b78095013779b4d61403f621,36c9825d7c3c3009afb16fb4c6868c6b,adb237916cd3a948acf86518699e36f7,92d6f82526298e952ebc912d4692392c,113,True,0.07796770251238003,OK
D10,primary,0,108,20260906100000108,bootstrap_seed_v1,81857728b78095013779b4d61403f621,36c9825d7c3c3009afb16fb4c6868c6b,3f10c29f4b61a572a4920b8346b7c91a,fe7c6cb1f6aa88685b95080a96571829,102,True,0.06599794577842345,OK
D10,primary,0,109,20260906100000109,bootstrap_seed_v1,81857728b78095013779b4d61403f621,36c9825d7c3c3009afb16fb4c6868c6b,44d1367c7c913fe01d8bd1cca5fbd304,d2861ea05f02023f1df82be73c4c87bd,65,True,0.07848231027653851,OK
D10,primary,0,110,20260906100000110,bootstrap_seed_v1,81857728b78095013779b4d61403f621,36c9825d7c3c3009afb16fb4c6868c6b,2960edc79054cc38563ca32ae908cad5,4e60a03ee88c3215bccabc390c39d329,179,True,0.04425221815978031,OK
D10,primary,0,111,20260906100000111,bootstrap_seed_v1,81857728b78095013779b4d61403f621,36c9825d7c3c3009afb16fb4c6868c6b,a6089d5849363fced294c28f1a0700d1,6383fb9c1ec833add44e9f1c34504f52,57,True,0.09114260161613702,OK
D10,primary,0,112,20260906100000112,bootstrap_seed_v1,81857728b78095013779b4d61403f621,36c9825d7c3c3009afb16fb4c6868c6b,8e32088d0d8386fa89e50f4358b35fa3,addc1f63d6d72c4ac842254624ce4a05,152,True,0.02959394234359547,OK
D10,primary,0,113,20260906100000113,bootstrap_seed_v1,81857728b78095013779b4d61403f621,36c9825d7c3c3009afb16fb4c6868c6b,c7513ebd0022fc7663871e356f255c80,4a86221968b30895e7ddf2befc622c47,43,True,0.10843639587652715,OK
D10,primary,0,114,20260906100000114,bootstrap_seed_v1,81857728b78095013779b4d61403f621,36c9825d7c3c3009afb16fb4c6868c6b,23fe0e2412eb416d25a619c532ffab30,755402f8c638bb8024149f8ec8f391f1,77,True,0.0937024288980704,OK
D10,primary,0,115,20260906100000115,bootstrap_seed_v1,81857728b78095013779b4d61403f621,36c9825d7c3c3009afb16fb4c6868c6b,36aab14299582537f20c840a8b4822b3,add5a79e8f5e581a3b3f058a931e88c1,137,True,0.06242817553976432,OK
D10,primary,0,116,20260906100000116,bootstrap_seed_v1,81857728b78095013779b4d61403f621,36c9825d7c3c3009afb16fb4c6868c6b,bb8df630a53fcabb2f8ad814ea7b8857,21954c7ff99ac25d6b594e48ab8909d6,110,True,0.08631377707909643,OK
D10,primary,0,117,20260906100000117,bootstrap_seed_v1,81857728b78095013779b4d61403f621,36c9825d7c3c3009afb16fb4c6868c6b,5bc9a73bdae8857d7216c5d280fabd22,514a3b6cd627ffcdfe1f508973120431,69,True,0.06602952320265387,OK
D10,primary,0,118,20260906100000118,bootstrap_seed_v1,81857728b78095013779b4d61403f621,36c9825d7c3c3009afb16fb4c6868c6b,1e4da5a11a0375f050872c250a891844,63bc2076c83c24768582f52e7160478e,52,True,0.06128534269051514,OK
D10,primary,0,119,20260906100000119,bootstrap_seed_v1,81857728b78095013779b4d61403f621,36c9825d7c3c3009afb16fb4c6868c6b,c0f17566674fdc9577bf0cb78b311d2a,79d8f9dba33e4c671a571d72cb0bd53f,148,True,0.05071457397745027,OK
D10,primary,0,120,20260906100000120,bootstrap_seed_v1,81857728b78095013779b4d61403f621,36c9825d7c3c3009afb16fb4c6868c6b,859a45384cbedb60923fe57e3cc0a464,98c0caf5d3707cdbc233938190dc64fd,86,True,0.08408373984723902,OK
D10,primary,0,121,20260906100000121,bootstrap_seed_v1,81857728b78095013779b4d61403f621,36c9825d7c3c3009afb16fb4c6868c6b,24ec94b5575e36f6fef7ea221d5e1151,9b447085374cab725a703f09396d4e6d,84,True,0.08034800917529378,OK
D10,primary,0,122,20260906100000122,bootstrap_seed_v1,81857728b78095013779b4d61403f621,36c9825d7c3c3009afb16fb4c6868c6b,b0acdd225343b8a7abb6cf8fb9864809,b2804fe05982d4a0cfcc4e93bfc439ee,62,True,0.09834373870048652,OK
D10,primary,0,123,20260906100000123,bootstrap_seed_v1,81857728b78095013779b4d61403f621,36c9825d7c3c3009afb16fb4c6868c6b,e3541d3e9d3c2cac28e5c23da935ce1f,5d170012a6527510b82dcb01f57de733,28,True,0.11653785218435042,OK
D10,primary,0,124,20260906100000124,bootstrap_seed_v1,81857728b78095013779b4d61403f621,36c9825d7c3c3009afb16fb4c6868c6b,c7868e3aa3571d0d8ed57bfa4ecfbff9,53f49d0e0b051f2990d4974000c48163,109,True,0.04208914568564387,OK
D10,primary,0,125,20260906100000125,bootstrap_seed_v1,81857728b78095013779b4d61403f621,36c9825d7c3c3009afb16fb4c6868c6b,72f527eeeb1621bceecfd79a4db4a62d,dce203b7b4a1df400052ed1763485bfb,53,True,0.05959795714334992,OK
D10,primary,0,126,20260906100000126,bootstrap_seed_v1,81857728b78095013779b4d61403f621,36c9825d7c3c3009afb16fb4c6868c6b,7e4d0ef9c6ff3c942c3b6f4085c76f4d,d357a5048f73923e5f6b7597e968090e,59,True,0.0466716249532787,OK
D10,primary,0,127,20260906100000127,bootstrap_seed_v1,81857728b78095013779b4d61403f621,36c9825d7c3c3009afb16fb4c6868c6b,8cfc2a24bc36a6bd0feb6cb4e54fc614,0b3837c45f411563b5810e4be43292f6,169,True,0.05217118354689354,OK
D10,primary,0,128,20260906100000128,bootstrap_seed_v1,81857728b78095013779b4d61403f621,36c9825d7c3c3009afb16fb4c6868c6b,891634e623191a4bc4cdbf838f0dc86a,832b27388af3140447ec8f182b199071,89,True,0.08619397393544612,OK
D10,primary,0,129,20260906100000129,bootstrap_seed_v1,81857728b78095013779b4d61403f621,36c9825d7c3c3009afb16fb4c6868c6b,33a680a1a3831095cc799b5057679c66,1355e22a61fd807ff09785c83b8bff21,43,True,0.06425038360024415,OK
D10,primary,0,130,20260906100000130,bootstrap_seed_v1,81857728b78095013779b4d61403f621,36c9825d7c3c3009afb16fb4c6868c6b,f3839e74ceab5ed180ec7688cf38ed11,f0cc780fb2e9fac7f035ae26dcb7bb6b,88,True,0.052274071169189695,OK
D10,primary,0,131,20260906100000131,bootstrap_seed_v1,81857728b78095013779b4d61403f621,36c9825d7c3c3009afb16fb4c6868c6b,72e0a0b13bb43fb3c8c80283758f5bf7,f957939b60d16ed0e81ad8f4d5d611fb,68,True,0.09117981703569805,OK
D10,primary,0,132,20260906100000132,bootstrap_seed_v1,81857728b78095013779b4d61403f621,36c9825d7c3c3009afb16fb4c6868c6b,bb4f4207d80377b3d990eb08fe11c511,b6afb785b122514c5ae1c1b7fd1edb0e,75,True,0.07246880263248509,OK
D10,primary,0,133,20260906100000133,bootstrap_seed_v1,81857728b78095013779b4d61403f621,36c9825d7c3c3009afb16fb4c6868c6b,3ff69668b5a88fd35955e600677b978c,47fab4af15d926138350faa160f4b7cc,127,True,0.07670829235717702,OK
D10,primary,0,134,20260906100000134,bootstrap_seed_v1,81857728b78095013779b4d61403f621,36c9825d7c3c3009afb16fb4c6868c6b,8ff7365eacb83d93c8167825a6101e4c,90977ed68178a669931594ddf70e7673,52,True,0.11122771327725323,OK
D10,primary,0,135,20260906100000135,bootstrap_seed_v1,81857728b78095013779b4d61403f621,36c9825d7c3c3009afb16fb4c6868c6b,19f5db3dce07bd77ece949f8d011b6ee,0422e2fd44209d6e93311b4bd3681db0,56,True,0.06612920853505799,OK
D10,primary,0,136,20260906100000136,bootstrap_seed_v1,81857728b78095013779b4d61403f621,36c9825d7c3c3009afb16fb4c6868c6b,1f74f849ac6d06f0abb36c36eab2747a,02c4bdc8d39e95e97d9aa65e2d0fa408,41,True,0.09351114948516526,OK
D10,primary,0,137,20260906100000137,bootstrap_seed_v1,81857728b78095013779b4d61403f621,36c9825d7c3c3009afb16fb4c6868c6b,e5a27ce36c9ae38b6b1bc7346a439b27,1817478c02f5f23f080a7022769a8842,68,True,0.07022547654231648,OK
D10,primary,0,138,20260906100000138,bootstrap_seed_v1,81857728b78095013779b4d61403f621,36c9825d7c3c3009afb16fb4c6868c6b,037e8600aa0c0def2d99d1337ff25d5c,87a5ea6d261c1180fdf2378e768ef2ce,111,True,0.06649769240811987,OK
D10,primary,0,139,20260906100000139,bootstrap_seed_v1,81857728b78095013779b4d61403f621,36c9825d7c3c3009afb16fb4c6868c6b,e6cdedf02c0a59020afd4ae8637236e1,18d020894007cba7310ddd57f302b40d,112,True,0.037786420680471,OK
D10,primary,0,140,20260906100000140,bootstrap_seed_v1,81857728b78095013779b4d61403f621,36c9825d7c3c3009afb16fb4c6868c6b,15e6f3f890d8cb21f5de5d9539aeca77,078bece5d918fbd669b024fc00f5db1c,68,True,0.08924133912736887,OK
D10,primary,0,141,20260906100000141,bootstrap_seed_v1,81857728b78095013779b4d61403f621,36c9825d7c3c3009afb16fb4c6868c6b,e9fd999e5b12b288af239853f2e0b7b9,ae7dcbd382fd15e55a6b7639cbc46035,60,True,0.0823183243038964,OK
D10,primary,0,142,20260906100000142,bootstrap_seed_v1,81857728b78095013779b4d61403f621,36c9825d7c3c3009afb16fb4c6868c6b,2e9f2ca962c5da9e87d23d77718f40e0,fb1f60082b4f0958efb9c5f5cf1d4482,134,True,0.058817193023766534,OK
D10,primary,0,143,20260906100000143,bootstrap_seed_v1,81857728b78095013779b4d61403f621,36c9825d7c3c3009afb16fb4c6868c6b,5b5dddb4eb58475f4f65bd6c7cebce2b,ebf8af7b22d4825ff7607f0a566f859b,88,True,0.06916303477250227,OK
D10,primary,0,144,20260906100000144,bootstrap_seed_v1,81857728b78095013779b4d61403f621,36c9825d7c3c3009afb16fb4c6868c6b,6c6f9d87123d807d5967f0f5c104d991,58d4fa5b3f0274461f1c13045473afef,69,True,0.0607728429637405,OK
D10,primary,0,145,20260906100000145,bootstrap_seed_v1,81857728b78095013779b4d61403f621,36c9825d7c3c3009afb16fb4c6868c6b,32bdf90e0c1ce173b9c27073e00cbffe,3bfee9c897e78e5f0da41e9189d2e362,102,True,0.064520269547097,OK
D10,primary,0,146,20260906100000146,bootstrap_seed_v1,81857728b78095013779b4d61403f621,36c9825d7c3c3009afb16fb4c6868c6b,2a17bcb4f63bc2ef1c3707751f110a73,482f8d718ff1c597c6f5df0a6aa64eeb,115,True,0.0570596981566735,OK
D10,primary,0,147,20260906100000147,bootstrap_seed_v1,81857728b78095013779b4d61403f621,36c9825d7c3c3009afb16fb4c6868c6b,ee33c865306699e7c03b9328279d0e01,422d8e3c3de13ed0a2830fcff25b8677,105,True,0.049464562605475604,OK
D10,primary,0,148,20260906100000148,bootstrap_seed_v1,81857728b78095013779b4d61403f621,36c9825d7c3c3009afb16fb4c6868c6b,ab9d4d20d65f8147ca5373cd911ad092,dbe7615446ba1845232718b1f73698f1,100,True,0.071729589877704,OK
D10,primary,0,149,20260906100000149,bootstrap_seed_v1,81857728b78095013779b4d61403f621,36c9825d7c3c3009afb16fb4c6868c6b,bd1de360a1ae8829d309aeb900e33081,87150945725130e64360c01bb4b70052,108,True,0.08385028164799924,OK
D10,primary,0,150,20260906100000150,bootstrap_seed_v1,81857728b78095013779b4d61403f621,36c9825d7c3c3009afb16fb4c6868c6b,759eb050d3030c06a9dadafe12922014,a3f3c099039a2ca99305664d4d293c8d,37,True,0.10111303694681317,OK
D10,primary,0,151,20260906100000151,bootstrap_seed_v1,81857728b78095013779b4d61403f621,36c9825d7c3c3009afb16fb4c6868c6b,757d61654054f9c4c1a8bb2204e62a08,559c9b910b85f3ef32e7241292b13f13,34,True,0.12089835393562431,OK
D10,primary,0,152,20260906100000152,bootstrap_seed_v1,81857728b78095013779b4d61403f621,36c9825d7c3c3009afb16fb4c6868c6b,e48cb068126f6b1e6d1349805d60f901,5c4543e012537b848f3ed8e2e714b78c,51,True,0.09714585043037838,OK
D10,primary,0,153,20260906100000153,bootstrap_seed_v1,81857728b78095013779b4d61403f621,36c9825d7c3c3009afb16fb4c6868c6b,d8a6b1efa514371b97f805e0cdfd0949,f92cbf87371cd867d75be10b38933367,73,True,0.0828701829646179,OK
D10,primary,0,154,20260906100000154,bootstrap_seed_v1,81857728b78095013779b4d61403f621,36c9825d7c3c3009afb16fb4c6868c6b,523de7e3fb0497f737593c57ed48dfee,1977f130dcaea7e2db6c9d6a90dff97a,107,True,0.06655089736268494,OK
D10,primary,0,155,20260906100000155,bootstrap_seed_v1,81857728b78095013779b4d61403f621,36c9825d7c3c3009afb16fb4c6868c6b,d42e1219f340628cd6788753f40890ba,b5d29178c97f726779956bc09d86458c,98,True,0.09909570814787644,OK
D10,primary,0,156,20260906100000156,bootstrap_seed_v1,81857728b78095013779b4d61403f621,36c9825d7c3c3009afb16fb4c6868c6b,2e5d021ea282ec2f94b1d159a535ec51,3139983aaa02f7a72a0d05d183fdc881,91,True,0.05828450180613082,OK
D10,primary,0,157,20260906100000157,bootstrap_seed_v1,81857728b78095013779b4d61403f621,36c9825d7c3c3009afb16fb4c6868c6b,2a26288d284f8c5fc061f06e1fd71c41,df15877d955500f6854f1eee23a440ea,81,True,0.06102617732261428,OK
D10,primary,0,158,20260906100000158,bootstrap_seed_v1,81857728b78095013779b4d61403f621,36c9825d7c3c3009afb16fb4c6868c6b,6d93669fbb5beb69944b78444b4c6602,e3d06693974249fdf2ffd8b465ba7c21,112,True,0.05630533247351588,OK
D10,primary,0,159,20260906100000159,bootstrap_seed_v1,81857728b78095013779b4d61403f621,36c9825d7c3c3009afb16fb4c6868c6b,d7bbcda6b0afffdb45f550de30e64393,667777cf448a5d724f16610e185f4fdb,72,True,0.05246307103253667,OK
D10,primary,0,160,20260906100000160,bootstrap_seed_v1,81857728b78095013779b4d61403f621,36c9825d7c3c3009afb16fb4c6868c6b,f3f4cbf162ae743db227fcad257fde26,2e1d7138c84b43f3c106ecb7f3d875c8,157,True,0.07000754127205866,OK
D10,primary,0,161,20260906100000161,bootstrap_seed_v1,81857728b78095013779b4d61403f621,36c9825d7c3c3009afb16fb4c6868c6b,d738b56bcfb21f2fc103ac4748f8e103,09d9ca915fc09bce0ae129fbb32d484a,63,True,0.07772815535503158,OK
D10,primary,0,162,20260906100000162,bootstrap_seed_v1,81857728b78095013779b4d61403f621,36c9825d7c3c3009afb16fb4c6868c6b,2a0310ee7ec7bb5964066f4050e62a2c,6ada3816748f9e22754ff5db02dd92f0,60,True,0.07673134994992858,OK
D10,primary,0,163,20260906100000163,bootstrap_seed_v1,81857728b78095013779b4d61403f621,36c9825d7c3c3009afb16fb4c6868c6b,19ca28d0605cd5f2b51c815ce004f16f,5a5d1e3479963ce6e57d8b17f71be868,68,True,0.06615342891305673,OK
D10,primary,0,164,20260906100000164,bootstrap_seed_v1,81857728b78095013779b4d61403f621,36c9825d7c3c3009afb16fb4c6868c6b,3b477d59fdf487cc93085a56416c9210,e832e7f658cc5dfbd6e38ebb6569e7d5,37,True,0.11524539189665972,OK
D10,primary,0,165,20260906100000165,bootstrap_seed_v1,81857728b78095013779b4d61403f621,36c9825d7c3c3009afb16fb4c6868c6b,e96816d74ab1e0ff84c5e7306e9963ba,24042ba9cb1c027e289f395f233b672a,120,True,0.0448225720850568,OK
D10,primary,0,166,20260906100000166,bootstrap_seed_v1,81857728b78095013779b4d61403f621,36c9825d7c3c3009afb16fb4c6868c6b,3e8d8adbb67cb7c38eff7b04ef4670b8,0d68896865c64f770c7320be02319531,75,True,0.10896064750321094,OK
D10,primary,0,167,20260906100000167,bootstrap_seed_v1,81857728b78095013779b4d61403f621,36c9825d7c3c3009afb16fb4c6868c6b,09032076acec52280802f2bbedc9feb2,aaaad2de2883f5a65f3c1a0f8c9a8927,71,True,0.0628247571488672,OK
D10,primary,0,168,20260906100000168,bootstrap_seed_v1,81857728b78095013779b4d61403f621,36c9825d7c3c3009afb16fb4c6868c6b,2df6bae5b06eba93633f037ca13bc11f,700d02f04b7a6e90607b0d4400a8356d,72,True,0.07478905858446169,OK
D10,primary,0,169,20260906100000169,bootstrap_seed_v1,81857728b78095013779b4d61403f621,36c9825d7c3c3009afb16fb4c6868c6b,654f5224d5deda51953766b146b2be07,b760dedb407269181c1509dec01c6cce,59,True,0.09459910070790067,OK
D10,primary,0,170,20260906100000170,bootstrap_seed_v1,81857728b78095013779b4d61403f621,36c9825d7c3c3009afb16fb4c6868c6b,cd9a7913402b47b0b1e82d7f9b70fb27,1369c1abc2fefd671e57e938849b0fb1,94,True,0.057884334094723044,OK
D10,primary,0,171,20260906100000171,bootstrap_seed_v1,81857728b78095013779b4d61403f621,36c9825d7c3c3009afb16fb4c6868c6b,3757b230cd235be656dddec4dc4c2566,2fa8280a1c2f78e106976422551fc576,73,True,0.0872181433826894,OK
D10,primary,0,172,20260906100000172,bootstrap_seed_v1,81857728b78095013779b4d61403f621,36c9825d7c3c3009afb16fb4c6868c6b,2992c372555f1905bba9d70a64ba9084,a890089f1ef0202475db06dec9c4fc59,132,True,0.055853900197830764,OK
D10,primary,0,173,20260906100000173,bootstrap_seed_v1,81857728b78095013779b4d61403f621,36c9825d7c3c3009afb16fb4c6868c6b,78c060544f4566e1f647128064ff0864,873ff41c350e97064e045e8c852499bd,55,True,0.10101201383888991,OK
D10,primary,0,174,20260906100000174,bootstrap_seed_v1,81857728b78095013779b4d61403f621,36c9825d7c3c3009afb16fb4c6868c6b,7c5dfad9acea0a2ec644023e52ca858f,bd38ea7bddc850c5e6537271bc42f3ba,87,True,0.08154933351756699,OK
D10,primary,0,175,20260906100000175,bootstrap_seed_v1,81857728b78095013779b4d61403f621,36c9825d7c3c3009afb16fb4c6868c6b,fa6c01df2ba39ecf989b03eaaaad0332,f8332e2218cbdc57d3395ce5a7c313a7,84,True,0.060546914818418895,OK
D10,primary,0,176,20260906100000176,bootstrap_seed_v1,81857728b78095013779b4d61403f621,36c9825d7c3c3009afb16fb4c6868c6b,e837c1d6e9d0fe6b365a64a9448e4173,3ddde43daa25c2102df97358c495b88c,160,True,0.056405548237900616,OK
D10,primary,0,177,20260906100000177,bootstrap_seed_v1,81857728b78095013779b4d61403f621,36c9825d7c3c3009afb16fb4c6868c6b,ce9d5c48040c442f13df8c6b43f52de5,74a888849612ee65fad288e985496d9e,111,True,0.05182828029447417,OK
D10,primary,0,178,20260906100000178,bootstrap_seed_v1,81857728b78095013779b4d61403f621,36c9825d7c3c3009afb16fb4c6868c6b,369f833df7e084ff4a30bdd0ac4857e1,53f2d73226573d226c828accd9c3222d,101,True,0.07199781224401336,OK
D10,primary,0,179,20260906100000179,bootstrap_seed_v1,81857728b78095013779b4d61403f621,36c9825d7c3c3009afb16fb4c6868c6b,da5a206c82707e2e1105341c5c053a81,0d687d837dc7101c58b6e8501667b0b5,64,True,0.07078835072345269,OK
D10,primary,0,180,20260906100000180,bootstrap_seed_v1,81857728b78095013779b4d61403f621,36c9825d7c3c3009afb16fb4c6868c6b,32f7729b0a897809d70590f736eaa98f,4b50fb21573385adbd6666042ecfebdb,81,True,0.05648784468883783,OK
D10,primary,0,181,20260906100000181,bootstrap_seed_v1,81857728b78095013779b4d61403f621,36c9825d7c3c3009afb16fb4c6868c6b,966c756e8004887b145a65f6433d7c0e,a82d57f0988347bb036f780e7f9b4757,88,True,0.08609732801438552,OK
D10,primary,0,182,20260906100000182,bootstrap_seed_v1,81857728b78095013779b4d61403f621,36c9825d7c3c3009afb16fb4c6868c6b,fa90b04841d29affb0a1d6a432f19f14,9bfe3df0e9cbcdf7a2947e70efb17dfc,116,True,0.0664634710215517,OK
D10,primary,0,183,20260906100000183,bootstrap_seed_v1,81857728b78095013779b4d61403f621,36c9825d7c3c3009afb16fb4c6868c6b,11c8b7454e700fc433b9fe6a4b96471f,c0fef36f3843371233cf5495535840a0,34,True,0.06010621466489896,OK
D10,primary,0,184,20260906100000184,bootstrap_seed_v1,81857728b78095013779b4d61403f621,36c9825d7c3c3009afb16fb4c6868c6b,e82277cf0ef377bc3cc4025188f309ef,7677b5d68bad1075838ccb2268d93923,106,True,0.05680432791517054,OK
D10,primary,0,185,20260906100000185,bootstrap_seed_v1,81857728b78095013779b4d61403f621,36c9825d7c3c3009afb16fb4c6868c6b,d9aa020e9a590cecaaeccd7a7ceabcc1,d93a5cdd783df3d0ab0791226d8e40c8,57,True,0.093014536755818,OK
D10,primary,0,186,20260906100000186,bootstrap_seed_v1,81857728b78095013779b4d61403f621,36c9825d7c3c3009afb16fb4c6868c6b,491f71d90a856a900e57c1e164a6c531,5e8042f34cca3d99ab7857a74eb7fdc4,83,True,0.10141038500060207,OK
D10,primary,0,187,20260906100000187,bootstrap_seed_v1,81857728b78095013779b4d61403f621,36c9825d7c3c3009afb16fb4c6868c6b,13e4c4cbb0aee78f1503bdc1bcd2ed40,5c79b820d67d8ce3662b7eb9471c6981,99,True,0.07120929316047969,OK
D10,primary,0,188,20260906100000188,bootstrap_seed_v1,81857728b78095013779b4d61403f621,36c9825d7c3c3009afb16fb4c6868c6b,609f16a9844e3c35939f7a12af89cb11,d58a349948011c2294ed06b48d7ba7e0,52,True,0.04726569838851924,OK
D10,primary,0,189,20260906100000189,bootstrap_seed_v1,81857728b78095013779b4d61403f621,36c9825d7c3c3009afb16fb4c6868c6b,57c77bc2724c12d6dc755893c0eaba33,753f0e5c1fcfc219219314b8779356ca,115,True,0.037754095075330785,OK
D10,primary,0,190,20260906100000190,bootstrap_seed_v1,81857728b78095013779b4d61403f621,36c9825d7c3c3009afb16fb4c6868c6b,0b4122003f799fee66a9cf9038ba2328,f0f9aaf9c48b3b5950337d6db15252bc,120,True,0.05436905237823075,OK
D10,primary,0,191,20260906100000191,bootstrap_seed_v1,81857728b78095013779b4d61403f621,36c9825d7c3c3009afb16fb4c6868c6b,dc04fe690048ebf395886be4e65bf0c4,81a940b0c90cd1363100f3bd062d13b6,121,True,0.06644975489893379,OK
D10,primary,0,192,20260906100000192,bootstrap_seed_v1,81857728b78095013779b4d61403f621,36c9825d7c3c3009afb16fb4c6868c6b,665f357e3891701580d6f388910d67e4,7964f1f804081779c34a73880088c149,140,True,0.04731029759400829,OK
D10,primary,0,193,20260906100000193,bootstrap_seed_v1,81857728b78095013779b4d61403f621,36c9825d7c3c3009afb16fb4c6868c6b,89400fd24cac93aa7bf2e177ddf10600,3055e5ced97f821e184491dcbfe22973,86,True,0.08760890666701454,OK
D10,primary,0,194,20260906100000194,bootstrap_seed_v1,81857728b78095013779b4d61403f621,36c9825d7c3c3009afb16fb4c6868c6b,d702667e6066ef4f652232a48eab8669,2ec8bbbca914d0a99cf5d927d58d2944,55,True,0.08813175231679085,OK
D10,primary,0,195,20260906100000195,bootstrap_seed_v1,81857728b78095013779b4d61403f621,36c9825d7c3c3009afb16fb4c6868c6b,b9ac6ef8c76cb49e6b25da254b669a25,83f5bc125d03885ad01217bc6c512486,88,True,0.06385682208526877,OK
D10,primary,0,196,20260906100000196,bootstrap_seed_v1,81857728b78095013779b4d61403f621,36c9825d7c3c3009afb16fb4c6868c6b,8b2d9f05d8e80ae123a652f2f43edb91,09461e79cf3551ee8e819e075ca4aad3,49,True,0.11269932392813309,OK
D10,primary,0,197,20260906100000197,bootstrap_seed_v1,81857728b78095013779b4d61403f621,36c9825d7c3c3009afb16fb4c6868c6b,11c1ce38156dda246d67ee709661c323,16bc5eeefb22b7768f8b914ad489038b,71,True,0.04578140572993265,OK
D10,primary,0,198,20260906100000198,bootstrap_seed_v1,81857728b78095013779b4d61403f621,36c9825d7c3c3009afb16fb4c6868c6b,b04c9b2671b057514d41277250e6d71c,4094a36d713a226dc3c30ac281271d77,114,True,0.09232260744225396,OK
D10,primary,0,199,20260906100000199,bootstrap_seed_v1,81857728b78095013779b4d61403f621,36c9825d7c3c3009afb16fb4c6868c6b,c06bd25e125f62964292db0c8d9dbefc,e826e6accffef881b9a6a35c7e5815d3,96,True,0.07919185010999849,OK
D10,primary,0,200,20260906100000200,bootstrap_seed_v1,81857728b78095013779b4d61403f621,36c9825d7c3c3009afb16fb4c6868c6b,bcc707bfb2d382daa76829cd0cfbef80,d01ebb60161aac808c9fb377c33e82e5,129,True,0.07742483123555371,OK
D10,primary,0,201,20260906100000201,bootstrap_seed_v1,81857728b78095013779b4d61403f621,36c9825d7c3c3009afb16fb4c6868c6b,bbe1eee80e5bf2ce7dfed68e88ef141d,54db7cafd47fdaba6ce29448e7bc29f2,78,True,0.0556483728401741,OK
D10,primary,0,202,20260906100000202,bootstrap_seed_v1,81857728b78095013779b4d61403f621,36c9825d7c3c3009afb16fb4c6868c6b,b1c186bb8502f5344a69bd65c2f00082,666fc7af817f8210d11ec566a987231c,63,True,0.06483591757306467,OK
D10,primary,0,203,20260906100000203,bootstrap_seed_v1,81857728b78095013779b4d61403f621,36c9825d7c3c3009afb16fb4c6868c6b,2a0a78856002d7806175b31209e9888e,1d13476ac329a82a82aed78072e7cce4,142,True,0.06064771142655104,OK
D10,primary,0,204,20260906100000204,bootstrap_seed_v1,81857728b78095013779b4d61403f621,36c9825d7c3c3009afb16fb4c6868c6b,b845a1cb1dd5d627fa8dfa0e3c522932,91191e9c5798d3cd90c1d0b649fda926,94,True,0.04248508108524343,OK
D10,primary,0,205,20260906100000205,bootstrap_seed_v1,81857728b78095013779b4d61403f621,36c9825d7c3c3009afb16fb4c6868c6b,54fbcd7f3d7d75d23ac60594d890b2c9,0374c40b2c45409dc3716ef14769eb90,55,True,0.07875270206485463,OK
D10,primary,0,206,20260906100000206,bootstrap_seed_v1,81857728b78095013779b4d61403f621,36c9825d7c3c3009afb16fb4c6868c6b,c097845193c94f6aa475c13ec29a448f,c302efccaea1aefb4e5af2f323784c4f,67,True,0.061547222164564874,OK
D10,primary,0,207,20260906100000207,bootstrap_seed_v1,81857728b78095013779b4d61403f621,36c9825d7c3c3009afb16fb4c6868c6b,49c033b1c8f0e3f57d697d32aad2c76c,0984b333113653cbbb8c58641750d259,67,True,0.1083609496419762,OK
D10,primary,0,208,20260906100000208,bootstrap_seed_v1,81857728b78095013779b4d61403f621,36c9825d7c3c3009afb16fb4c6868c6b,c9c3f339e95b4cdd505c278796c2c0ac,d51f44636ec3445cc0380561db7fc69a,50,True,0.09913399347794782,OK
D10,primary,0,209,20260906100000209,bootstrap_seed_v1,81857728b78095013779b4d61403f621,36c9825d7c3c3009afb16fb4c6868c6b,f62829ec54bbea1c62421c4a6ec4b250,44f241934fdc2a6fae18655669998380,56,True,0.06432964903704502,OK
D10,primary,0,210,20260906100000210,bootstrap_seed_v1,81857728b78095013779b4d61403f621,36c9825d7c3c3009afb16fb4c6868c6b,1135e53c50c5d7df90fc08892b2ddf67,1177814323199c316ed661e1591d0e67,87,True,0.07955413445488044,OK
D10,primary,0,211,20260906100000211,bootstrap_seed_v1,81857728b78095013779b4d61403f621,36c9825d7c3c3009afb16fb4c6868c6b,05045e16ad79b30863a8198f65c13959,f2be3e5a6c66786b50557f1c9e242bdf,82,True,0.0563418342610042,OK
D10,primary,0,212,20260906100000212,bootstrap_seed_v1,81857728b78095013779b4d61403f621,36c9825d7c3c3009afb16fb4c6868c6b,e27f134a1d954aa9ff902ea1df758b25,72082addd95f8859799386f4994b6849,29,True,0.07442504613889345,OK
D10,primary,0,213,20260906100000213,bootstrap_seed_v1,81857728b78095013779b4d61403f621,36c9825d7c3c3009afb16fb4c6868c6b,4b874eb6b292c0ff06a627fba3b91d90,f0bda082b34fb77450f2c9377f598659,69,True,0.07447806235165888,OK
D10,primary,0,214,20260906100000214,bootstrap_seed_v1,81857728b78095013779b4d61403f621,36c9825d7c3c3009afb16fb4c6868c6b,d7cef5a813c603aa3cfc7e63dd370d18,fc8ea7cc9c03f0f4bc61f27ccd419704,163,True,0.037042767786285014,OK
D10,primary,0,215,20260906100000215,bootstrap_seed_v1,81857728b78095013779b4d61403f621,36c9825d7c3c3009afb16fb4c6868c6b,492667c3035accfde6bc8421c7b8e0d7,7ee217b5d5b1e0256297ce8282dc5a54,82,True,0.05891684015795421,OK
D10,primary,0,216,20260906100000216,bootstrap_seed_v1,81857728b78095013779b4d61403f621,36c9825d7c3c3009afb16fb4c6868c6b,9efa301c94dd13988d8cbec779098622,919692b8c6a5b160dd58ce083ae2ec5d,56,True,0.08123008220699396,OK
D10,primary,0,217,20260906100000217,bootstrap_seed_v1,81857728b78095013779b4d61403f621,36c9825d7c3c3009afb16fb4c6868c6b,00693659ca8906f8820c6eab79f43696,b31df0eda90dd311c40e664dd4ffd657,109,True,0.0549435167900324,OK
D10,primary,0,218,20260906100000218,bootstrap_seed_v1,81857728b78095013779b4d61403f621,36c9825d7c3c3009afb16fb4c6868c6b,e603afc4453360b30dbe9faa7aa7b16a,ff88fa205fbb74a2f32974a768480974,126,True,0.05174388948105746,OK
D10,primary,0,219,20260906100000219,bootstrap_seed_v1,81857728b78095013779b4d61403f621,36c9825d7c3c3009afb16fb4c6868c6b,68358e01f893f5e02af397cd71d77139,c4c5eb640d3fc37d770351e9330a61b9,102,True,0.06821100309661454,OK
D10,primary,0,220,20260906100000220,bootstrap_seed_v1,81857728b78095013779b4d61403f621,36c9825d7c3c3009afb16fb4c6868c6b,d89b492c0241d20441400a1ac60fdb88,7fedc6526f46ba81ac7e1b5142eef8f3,147,True,0.06427683654736599,OK
D10,primary,0,221,20260906100000221,bootstrap_seed_v1,81857728b78095013779b4d61403f621,36c9825d7c3c3009afb16fb4c6868c6b,e9cd2d097788cf62d54d61c15c668b16,76efaa701be7d7395f0c015ef868007d,46,True,0.07750256430148872,OK
D10,primary,0,222,20260906100000222,bootstrap_seed_v1,81857728b78095013779b4d61403f621,36c9825d7c3c3009afb16fb4c6868c6b,b45e2f99db4fbe50e34de93ab4e206b0,0b75d7cbb32983a30a9a89fad37d43f5,47,True,0.06842967500336401,OK
D10,primary,0,223,20260906100000223,bootstrap_seed_v1,81857728b78095013779b4d61403f621,36c9825d7c3c3009afb16fb4c6868c6b,33a38e0f1b535631a91944f0e08f35bf,550f7a7c291562892b868773592aff43,75,True,0.09042585160207045,OK
D10,primary,0,224,20260906100000224,bootstrap_seed_v1,81857728b78095013779b4d61403f621,36c9825d7c3c3009afb16fb4c6868c6b,10e5f329e74fc40ce0253a3b8cee510b,2ac61370ce01b1cdf02c730582eaa121,60,True,0.06590885129772667,OK
D10,primary,0,225,20260906100000225,bootstrap_seed_v1,81857728b78095013779b4d61403f621,36c9825d7c3c3009afb16fb4c6868c6b,48fa447575ba318b12abe9115c38c167,107c33b4f5b5d284e9c1a835f9ab2dd9,123,True,0.05701132494087702,OK
D10,primary,0,226,20260906100000226,bootstrap_seed_v1,81857728b78095013779b4d61403f621,36c9825d7c3c3009afb16fb4c6868c6b,ebd9e6cf1fef7e2caf1b7f6cbafa3c5a,825c1e9d7ec444651e9adbc337c0ccf4,95,True,0.06027915407463527,OK
D10,primary,0,227,20260906100000227,bootstrap_seed_v1,81857728b78095013779b4d61403f621,36c9825d7c3c3009afb16fb4c6868c6b,1bb241ddd52d9d7b34383aaaa1cef8ea,0468d4b891d4cd7d8bcb42991fed9e4f,50,True,0.12126845102229034,OK
D10,primary,0,228,20260906100000228,bootstrap_seed_v1,81857728b78095013779b4d61403f621,36c9825d7c3c3009afb16fb4c6868c6b,a2cdd9219dede3bc9fa99e117bc8cfa2,c7e41a08b8933826b49554514e6e8820,98,True,0.07887960884659506,OK
D10,primary,0,229,20260906100000229,bootstrap_seed_v1,81857728b78095013779b4d61403f621,36c9825d7c3c3009afb16fb4c6868c6b,13da6695ba3e64097754062661ae6cc5,d53e8e2d907092bf6adeff77bcabac10,64,True,0.0906354871210695,OK
D10,primary,0,230,20260906100000230,bootstrap_seed_v1,81857728b78095013779b4d61403f621,36c9825d7c3c3009afb16fb4c6868c6b,66664dc83eae2ef61ba58430de8f1146,be6b3e6306934f980b7d268fa6a0f391,72,True,0.05157198161129467,OK
D10,primary,0,231,20260906100000231,bootstrap_seed_v1,81857728b78095013779b4d61403f621,36c9825d7c3c3009afb16fb4c6868c6b,debe648f7f5c1f52cf0ccc1a292fa71b,7a4bf0e932576d3ee4a3b2654209e880,94,True,0.060087426691116774,OK
D10,primary,0,232,20260906100000232,bootstrap_seed_v1,81857728b78095013779b4d61403f621,36c9825d7c3c3009afb16fb4c6868c6b,52f71b9ab3904571db5b6e8c2cdeaeeb,3c55c8323b53003af7ce6fc84127148b,79,True,0.071917787873639,OK
D10,primary,0,233,20260906100000233,bootstrap_seed_v1,81857728b78095013779b4d61403f621,36c9825d7c3c3009afb16fb4c6868c6b,1ae97f556d88a1494f50645020df0cd9,fa0622d2220f74e85a84c542708aae01,109,True,0.06949833625773538,OK
D10,primary,0,234,20260906100000234,bootstrap_seed_v1,81857728b78095013779b4d61403f621,36c9825d7c3c3009afb16fb4c6868c6b,78362688cd587d88d7372bd5881b6863,5e085c896e5bd2a22ca4dd810c46517e,82,True,0.0708470981147099,OK
D10,primary,0,235,20260906100000235,bootstrap_seed_v1,81857728b78095013779b4d61403f621,36c9825d7c3c3009afb16fb4c6868c6b,062f9ca1cb3bc1d9345f4a02824507fc,de5fc43aa704d1ed55fc6f5d7ddeea47,162,True,0.050407182057591204,OK
D10,primary,0,236,20260906100000236,bootstrap_seed_v1,81857728b78095013779b4d61403f621,36c9825d7c3c3009afb16fb4c6868c6b,18381f07fff169b331a712f92d50c9e1,384c5c792f66d850c2fafb3a6983c788,62,True,0.055631825689472,OK
D10,primary,0,237,20260906100000237,bootstrap_seed_v1,81857728b78095013779b4d61403f621,36c9825d7c3c3009afb16fb4c6868c6b,288c0c05623bd99d67a302b342c6e638,021aafc28422636105703dcda30d3f10,91,True,0.06218025643320879,OK
D10,primary,0,238,20260906100000238,bootstrap_seed_v1,81857728b78095013779b4d61403f621,36c9825d7c3c3009afb16fb4c6868c6b,59a7a3baa01dd70a5cb0b665505da17b,851c40a4cb4bf4a58537bdb76f3f4e8a,85,True,0.05911159810905886,OK
D10,primary,0,239,20260906100000239,bootstrap_seed_v1,81857728b78095013779b4d61403f621,36c9825d7c3c3009afb16fb4c6868c6b,fd06698571c8bc3792f5fc2ec274e815,0d28137ee729a2a025c81edca9896a79,87,True,0.05990442262759488,OK
D10,primary,0,240,20260906100000240,bootstrap_seed_v1,81857728b78095013779b4d61403f621,36c9825d7c3c3009afb16fb4c6868c6b,ac64bae8cbfb52e5f7f5ce63aac0a1fb,d569aa41281894247ce63a6bf3da5118,29,True,0.1299728477276232,OK
D10,primary,0,241,20260906100000241,bootstrap_seed_v1,81857728b78095013779b4d61403f621,36c9825d7c3c3009afb16fb4c6868c6b,e5df759258b82d97af2212b99ec81491,3773a9d40671278420653690ba985bb4,161,True,0.050164376167166624,OK
D10,primary,0,242,20260906100000242,bootstrap_seed_v1,81857728b78095013779b4d61403f621,36c9825d7c3c3009afb16fb4c6868c6b,b172c3db67a5d8eca3471a7527c27d38,4bf93f5c69f8057520f3ededf5fcd437,97,True,0.04944031259810133,OK
D10,primary,0,243,20260906100000243,bootstrap_seed_v1,81857728b78095013779b4d61403f621,36c9825d7c3c3009afb16fb4c6868c6b,711ec597156f2f7738d10947917eddac,41f6639007207a138ab1ed20a6c2b6d8,53,True,0.13075204503506982,OK
D10,primary,0,244,20260906100000244,bootstrap_seed_v1,81857728b78095013779b4d61403f621,36c9825d7c3c3009afb16fb4c6868c6b,d0f3aaef2fe7ace47bafcbfe9a1446a3,2b0f95f274cb27201c25d110904605f6,45,True,0.07091584580713794,OK
D10,primary,0,245,20260906100000245,bootstrap_seed_v1,81857728b78095013779b4d61403f621,36c9825d7c3c3009afb16fb4c6868c6b,bb3ff852f8b81cac50135735fb8c42cf,3889a58d77d99ba9d191aa438b180c1b,104,True,0.06106716517876798,OK
D10,primary,0,246,20260906100000246,bootstrap_seed_v1,81857728b78095013779b4d61403f621,36c9825d7c3c3009afb16fb4c6868c6b,15d9253819e0d5362a92d7bd7028c13f,f5b9ba0b11d2e184ebb7dd31bd4f58b4,99,True,0.04630562691488871,OK
D10,primary,0,247,20260906100000247,bootstrap_seed_v1,81857728b78095013779b4d61403f621,36c9825d7c3c3009afb16fb4c6868c6b,480445453d040810ada6f9f13fc3b51f,482088c21ba919b280121a057ff85eff,85,True,0.04173761403356002,OK
D10,primary,0,248,20260906100000248,bootstrap_seed_v1,81857728b78095013779b4d61403f621,36c9825d7c3c3009afb16fb4c6868c6b,deaf92db42aebacc3705f292aa4758ad,590e0d951f9d09f37fb19e530d34d606,52,True,0.08627824803234019,OK
D10,primary,0,249,20260906100000249,bootstrap_seed_v1,81857728b78095013779b4d61403f621,36c9825d7c3c3009afb16fb4c6868c6b,0c1c00ccc457d2ab18ac1d1a982ff3dc,0f9d408fe66204440371c439f0d51cb4,70,True,0.09174290356932246,OK
D10,primary,0,250,20260906100000250,bootstrap_seed_v1,81857728b78095013779b4d61403f621,36c9825d7c3c3009afb16fb4c6868c6b,bd056e1651b9a2476f19563b50535d65,d6a3e495c3b3b0329ef57ccef03c9cdf,100,True,0.0640655866076636,OK
D10,primary,0,251,20260906100000251,bootstrap_seed_v1,81857728b78095013779b4d61403f621,36c9825d7c3c3009afb16fb4c6868c6b,d2c03fd0318975a58e8043424f6c1b74,5efce13c7add3aaf8de9c861b17e97a2,157,True,0.05302726231870908,OK
D10,primary,0,252,20260906100000252,bootstrap_seed_v1,81857728b78095013779b4d61403f621,36c9825d7c3c3009afb16fb4c6868c6b,847f5cc6e167744e4aae9bbe17950053,c3255be632f2498092ecb47d8903b2cc,66,True,0.10292875534261747,OK
D10,primary,0,253,20260906100000253,bootstrap_seed_v1,81857728b78095013779b4d61403f621,36c9825d7c3c3009afb16fb4c6868c6b,50050d0ad7ce843ca84048252ba1d1ef,941d0a855eb57452f29761386303df84,82,True,0.055063241378593905,OK
D10,primary,0,254,20260906100000254,bootstrap_seed_v1,81857728b78095013779b4d61403f621,36c9825d7c3c3009afb16fb4c6868c6b,68c05101910a2dec5cd9ed646a767744,96a43aaab1d6b6ef45d913efafb32029,98,True,0.09144957406879728,OK
D10,primary,0,255,20260906100000255,bootstrap_seed_v1,81857728b78095013779b4d61403f621,36c9825d7c3c3009afb16fb4c6868c6b,2b25000c1df9623e844a04356d6c20cb,23ae00ca2e2e2546d473b795e11fad5c,76,True,0.07426683440695264,OK
D10,primary,0,256,20260906100000256,bootstrap_seed_v1,81857728b78095013779b4d61403f621,36c9825d7c3c3009afb16fb4c6868c6b,2d53fe5a588a88210ce597ee68fbf591,af60dd9a1bdecc361884002bf079927d,95,True,0.05252748733956725,OK
D10,primary,0,257,20260906100000257,bootstrap_seed_v1,81857728b78095013779b4d61403f621,36c9825d7c3c3009afb16fb4c6868c6b,2253c3d298700b4b0928309f0a2b9c37,d0a912a2ca6bf7506af0aa22044de7de,82,True,0.08129903087379742,OK
D10,primary,0,258,20260906100000258,bootstrap_seed_v1,81857728b78095013779b4d61403f621,36c9825d7c3c3009afb16fb4c6868c6b,c18ec440e98e4d8f9e3f195e5e4cd43a,1a2985903c9ca234739995317a6577cd,87,True,0.10868474725447747,OK
D10,primary,0,259,20260906100000259,bootstrap_seed_v1,81857728b78095013779b4d61403f621,36c9825d7c3c3009afb16fb4c6868c6b,7f2a022f5245d8be7420276f805ae89a,b14a0eca79fad51d8b7c5d20ad023348,66,True,0.05929727867441417,OK
D10,primary,0,260,20260906100000260,bootstrap_seed_v1,81857728b78095013779b4d61403f621,36c9825d7c3c3009afb16fb4c6868c6b,a3ce3f5efce804b84f438d66505a5914,0d438a075f98a6dfc575e526ce45ddbd,128,True,0.056593616269542735,OK
D10,primary,0,261,20260906100000261,bootstrap_seed_v1,81857728b78095013779b4d61403f621,36c9825d7c3c3009afb16fb4c6868c6b,cf3c18357892573c08b6deefdc78d6a9,5c1669c235fa5191fe251a2f97fd9083,47,True,0.08265584611205101,OK
D10,primary,0,262,20260906100000262,bootstrap_seed_v1,81857728b78095013779b4d61403f621,36c9825d7c3c3009afb16fb4c6868c6b,cecc33a53a5e418a8de22554a3090bee,3ed3752d4474e59e24560d94c71eff1f,88,True,0.059851534296103764,OK
D10,primary,0,263,20260906100000263,bootstrap_seed_v1,81857728b78095013779b4d61403f621,36c9825d7c3c3009afb16fb4c6868c6b,0773bc16a6118432c88be8e005d6156c,9d2a0c6926c38ed6801b103bbea18784,89,True,0.08564451661205319,OK
D10,primary,0,264,20260906100000264,bootstrap_seed_v1,81857728b78095013779b4d61403f621,36c9825d7c3c3009afb16fb4c6868c6b,553978a025002fbb79dbaa53124ba300,ccba90e24829651944532b6dc271cbfd,145,True,0.05579595653786992,OK
D10,primary,0,265,20260906100000265,bootstrap_seed_v1,81857728b78095013779b4d61403f621,36c9825d7c3c3009afb16fb4c6868c6b,11da332f99c45c8e81ec20800413fee6,2ff80eb074cb88ac50291be67b262df8,102,True,0.05099015556615494,OK
D10,primary,0,266,20260906100000266,bootstrap_seed_v1,81857728b78095013779b4d61403f621,36c9825d7c3c3009afb16fb4c6868c6b,d36a4d329d092902ba954cdefe0c4197,974ffe3fb48be46e917cd04d5a15e07c,91,True,0.0443084851446946,OK
D10,primary,0,267,20260906100000267,bootstrap_seed_v1,81857728b78095013779b4d61403f621,36c9825d7c3c3009afb16fb4c6868c6b,11905a1b8b2ed8eda5c284fa8ac01b91,2a5044e1fd9e383dca58f37905041c70,54,True,0.07410844776570491,OK
D10,primary,0,268,20260906100000268,bootstrap_seed_v1,81857728b78095013779b4d61403f621,36c9825d7c3c3009afb16fb4c6868c6b,304f775dc52d70cf84ea2ec334d5d02a,c2c858b188ba7b7afd1a6aecd425e189,114,True,0.04323864154484658,OK
D10,primary,0,269,20260906100000269,bootstrap_seed_v1,81857728b78095013779b4d61403f621,36c9825d7c3c3009afb16fb4c6868c6b,7c5b302ecb480db0ca3493625e4bcb96,8e175c7311e86e55c1aa6a758f99c03b,101,True,0.07459773653387528,OK
D10,primary,0,270,20260906100000270,bootstrap_seed_v1,81857728b78095013779b4d61403f621,36c9825d7c3c3009afb16fb4c6868c6b,5ce358f9a9761c06ea21fdaa40bab2b5,8ad1c479b25f323db2a6571ef1a3fa73,75,True,0.08048636812892207,OK
D10,primary,0,271,20260906100000271,bootstrap_seed_v1,81857728b78095013779b4d61403f621,36c9825d7c3c3009afb16fb4c6868c6b,1a40232ea738b7725c37bf0d0bee6535,4ac3f11df30c14a7b43597cbd3ac3c31,83,True,0.05292963436779724,OK
D10,primary,0,272,20260906100000272,bootstrap_seed_v1,81857728b78095013779b4d61403f621,36c9825d7c3c3009afb16fb4c6868c6b,de5c18496e239fabfd7664da10d1b360,e8b2dd6c48586b87c15c2b8a150f15d8,129,True,0.043862693110812145,OK
D10,primary,0,273,20260906100000273,bootstrap_seed_v1,81857728b78095013779b4d61403f621,36c9825d7c3c3009afb16fb4c6868c6b,6ba5e4f0acb2ea1687f3d6d080d71401,e4048f86413413bd37234c9a7a101067,81,True,0.0668019821264797,OK
D10,primary,0,274,20260906100000274,bootstrap_seed_v1,81857728b78095013779b4d61403f621,36c9825d7c3c3009afb16fb4c6868c6b,dcf2dae9c86c8180906408ddfe41ab8a,6561b9a39b17beabeca27941e57474ea,67,True,0.09410465742287988,OK
D10,primary,0,275,20260906100000275,bootstrap_seed_v1,81857728b78095013779b4d61403f621,36c9825d7c3c3009afb16fb4c6868c6b,dc8a1e2a2f893b0fd226103a1ea0db2f,9ebcf89b651407d170707373f14d9131,66,True,0.057808309976265515,OK
D10,primary,0,276,20260906100000276,bootstrap_seed_v1,81857728b78095013779b4d61403f621,36c9825d7c3c3009afb16fb4c6868c6b,1112041e4dd9e699d872cef265455b52,2112036aff17044e3afca1485e097cfe,118,True,0.07668230388631636,OK
D10,primary,0,277,20260906100000277,bootstrap_seed_v1,81857728b78095013779b4d61403f621,36c9825d7c3c3009afb16fb4c6868c6b,f10699623c50040056becf602ae13149,ad5b63a67d9b6eca7d96b44e86535af7,49,True,0.07337747907296577,OK
D10,primary,0,278,20260906100000278,bootstrap_seed_v1,81857728b78095013779b4d61403f621,36c9825d7c3c3009afb16fb4c6868c6b,673113865226865e3c9f418529efb7b1,73223c92684ddd1579452e1a04c61f2f,105,True,0.061824253184601996,OK
D10,primary,0,279,20260906100000279,bootstrap_seed_v1,81857728b78095013779b4d61403f621,36c9825d7c3c3009afb16fb4c6868c6b,2bb5c152a0f22b4d7fe5289f023d89fc,9f35a65ae31bc63d18c263b5f99defdb,75,True,0.09096539884677474,OK
D10,primary,0,280,20260906100000280,bootstrap_seed_v1,81857728b78095013779b4d61403f621,36c9825d7c3c3009afb16fb4c6868c6b,7f8622074c352ec03ed6f9c4b7ce5e15,dbd95b49b33ecfefbb748fd320e2edb3,92,True,0.09458232266311171,OK
D10,primary,0,281,20260906100000281,bootstrap_seed_v1,81857728b78095013779b4d61403f621,36c9825d7c3c3009afb16fb4c6868c6b,64bc3172377d4bace7d0d2e05ae7722b,b2ea2cec6f9b75fce8bfff34dd4a9632,106,True,0.06237423987637414,OK
D10,primary,0,282,20260906100000282,bootstrap_seed_v1,81857728b78095013779b4d61403f621,36c9825d7c3c3009afb16fb4c6868c6b,759d0417f4db969aa6e5707a828b051b,96a24075510d09f16235abbf483fbc83,146,True,0.070764990985859,OK
D10,primary,0,283,20260906100000283,bootstrap_seed_v1,81857728b78095013779b4d61403f621,36c9825d7c3c3009afb16fb4c6868c6b,17f11dfb643d4af17a80ed3f5a128467,41ed6bf07a2443aae314f55acd2e9c2d,73,True,0.08826247429432466,OK
D10,primary,0,284,20260906100000284,bootstrap_seed_v1,81857728b78095013779b4d61403f621,36c9825d7c3c3009afb16fb4c6868c6b,338d015c96cb17e457ffb076b33fb69a,1f7e441b5ca437c1a6790ae48e074517,82,True,0.08857840640392639,OK
D10,primary,0,285,20260906100000285,bootstrap_seed_v1,81857728b78095013779b4d61403f621,36c9825d7c3c3009afb16fb4c6868c6b,94bbfff9584f80a882daac83ea8dc4a1,ef2d9d63b98f9bc00d99967d97458d71,96,True,0.05278968221196867,OK
D10,primary,0,286,20260906100000286,bootstrap_seed_v1,81857728b78095013779b4d61403f621,36c9825d7c3c3009afb16fb4c6868c6b,ad60b435fd2335158ab51a3ef3cb4ec3,51459518278536aec74990eb060dd9aa,71,True,0.06506463740548085,OK
D10,primary,0,287,20260906100000287,bootstrap_seed_v1,81857728b78095013779b4d61403f621,36c9825d7c3c3009afb16fb4c6868c6b,820624ddd046702946f0d58830f26280,7e817f190055fbc516d8f221d972f558,117,True,0.047874993802549726,OK
D10,primary,0,288,20260906100000288,bootstrap_seed_v1,81857728b78095013779b4d61403f621,36c9825d7c3c3009afb16fb4c6868c6b,591da2f4aadf57a6524081b91d499ce1,2380ead2941b75306d908508f7356f69,53,True,0.069809409579762,OK
D10,primary,0,289,20260906100000289,bootstrap_seed_v1,81857728b78095013779b4d61403f621,36c9825d7c3c3009afb16fb4c6868c6b,25bc7fdc4468dd98d602d91a241f3c46,f8c8d5bdbe9a0026f682f887d0c0bd97,53,True,0.09712720745454251,OK
D10,primary,0,290,20260906100000290,bootstrap_seed_v1,81857728b78095013779b4d61403f621,36c9825d7c3c3009afb16fb4c6868c6b,0ff5677719c03e2801d59890bf78fbdd,f6317726c1e8c470ae5b668b522d8ddf,62,True,0.08650246755554947,OK
D10,primary,0,291,20260906100000291,bootstrap_seed_v1,81857728b78095013779b4d61403f621,36c9825d7c3c3009afb16fb4c6868c6b,71f8a8d80de031201c1fcf0f15f4cd33,dd6fc2fb70ef7ebc262845cea2d5f697,80,True,0.05955433869880439,OK
D10,primary,0,292,20260906100000292,bootstrap_seed_v1,81857728b78095013779b4d61403f621,36c9825d7c3c3009afb16fb4c6868c6b,3a8b009ed31335f0a2517a02054d470f,409095b2f22d95730ff54457f2f4f6da,118,True,0.055538059078864,OK
D10,primary,0,293,20260906100000293,bootstrap_seed_v1,81857728b78095013779b4d61403f621,36c9825d7c3c3009afb16fb4c6868c6b,f34e8d05fda73ad606af7c7257ebc012,edd4f5879b89c96d4a41653baf6b2651,127,True,0.06288386768821042,OK
D10,primary,0,294,20260906100000294,bootstrap_seed_v1,81857728b78095013779b4d61403f621,36c9825d7c3c3009afb16fb4c6868c6b,aa9b3329b52bf269b0ec6dc8bf846416,7065995a7bf34790e375778b8f741703,73,True,0.07083853423238973,OK
D10,primary,0,295,20260906100000295,bootstrap_seed_v1,81857728b78095013779b4d61403f621,36c9825d7c3c3009afb16fb4c6868c6b,662d5c418a77ed5d8f6edbe627225f11,e4d62c8f1530ea609fa123f49a09355c,128,True,0.06305960555381018,OK
D10,primary,0,296,20260906100000296,bootstrap_seed_v1,81857728b78095013779b4d61403f621,36c9825d7c3c3009afb16fb4c6868c6b,e1faaab60f7e3d6c0f9e95d7f9a02d26,477f7d1ba4c544114aa576243e8addcd,150,True,0.03827393306061766,OK
D10,primary,0,297,20260906100000297,bootstrap_seed_v1,81857728b78095013779b4d61403f621,36c9825d7c3c3009afb16fb4c6868c6b,6b80eaff4c27b425bcfa265e60e93958,df1061804ff57eaee095bc95b39dfda4,58,True,0.08996842079716405,OK
D10,primary,0,298,20260906100000298,bootstrap_seed_v1,81857728b78095013779b4d61403f621,36c9825d7c3c3009afb16fb4c6868c6b,bf4e99163a69142b1613c41842052703,9d53c1740eb07ecd72c37c3d2793e35e,89,True,0.09310830778018298,OK
D10,primary,0,299,20260906100000299,bootstrap_seed_v1,81857728b78095013779b4d61403f621,36c9825d7c3c3009afb16fb4c6868c6b,686620342647e63dfdc3e3e2e525a677,eaeebf244fe1d320ae20dd96d361822a,45,True,0.05829617862957781,OK
D10,primary,0,300,20260906100000300,bootstrap_seed_v1,81857728b78095013779b4d61403f621,36c9825d7c3c3009afb16fb4c6868c6b,936c66d0f92e901ceb083e91f380169d,28acf0ac865fc19d8b51f68029f05bc2,98,True,0.07312579134260663,OK
D10,primary,0,301,20260906100000301,bootstrap_seed_v1,81857728b78095013779b4d61403f621,36c9825d7c3c3009afb16fb4c6868c6b,c9ceec16df150b3e2e5599d3b7a7b72f,652ef7b0d547772e629d8b6799c6618f,80,True,0.06400187992717199,OK
D10,primary,0,302,20260906100000302,bootstrap_seed_v1,81857728b78095013779b4d61403f621,36c9825d7c3c3009afb16fb4c6868c6b,e2ab49df291cd22b045c37bc3e03175d,7be0cbee76b63a93fb4823786a06c04c,92,True,0.05981519878141703,OK
D10,primary,0,303,20260906100000303,bootstrap_seed_v1,81857728b78095013779b4d61403f621,36c9825d7c3c3009afb16fb4c6868c6b,079711ebc6fbbe4b384d4587e3b2bd40,f826f3d3566eb1ba4607100a9e9c3530,64,True,0.06152969624768945,OK
D10,primary,0,304,20260906100000304,bootstrap_seed_v1,81857728b78095013779b4d61403f621,36c9825d7c3c3009afb16fb4c6868c6b,8559e04dc9dedf5b0709f7368ac34cf0,15f733159d00db169480d1a5e27691ba,65,True,0.06687189945628991,OK
D10,primary,0,305,20260906100000305,bootstrap_seed_v1,81857728b78095013779b4d61403f621,36c9825d7c3c3009afb16fb4c6868c6b,33effa8aff9e8661c8e9f62a134952a4,d191f841a8ecfa65ff31af51d422ea1f,113,True,0.059828589599437515,OK
D10,primary,0,306,20260906100000306,bootstrap_seed_v1,81857728b78095013779b4d61403f621,36c9825d7c3c3009afb16fb4c6868c6b,a7a6d7bbd7d0aaf6cf49d6da07c1c703,5408aa7f03ef7f0b2942a709d0dea484,81,True,0.08704266425312768,OK
D10,primary,0,307,20260906100000307,bootstrap_seed_v1,81857728b78095013779b4d61403f621,36c9825d7c3c3009afb16fb4c6868c6b,f69e7ee1b5deaa49d1059ab999e5dddb,07b772effc3ce366301d02d25de1b11e,57,True,0.12723684534936902,OK
D10,primary,0,308,20260906100000308,bootstrap_seed_v1,81857728b78095013779b4d61403f621,36c9825d7c3c3009afb16fb4c6868c6b,1bc5774e0f9f036d0a6af1d1be04654c,97f4d6e10ca97012c69dc1b071d0a592,94,True,0.09709429223325378,OK
D10,primary,0,309,20260906100000309,bootstrap_seed_v1,81857728b78095013779b4d61403f621,36c9825d7c3c3009afb16fb4c6868c6b,1be1a4c196d80e194c004eb00093f777,f86e8e4368c380c08fe48b5c33bd4481,84,True,0.06800357521662648,OK
D10,primary,0,310,20260906100000310,bootstrap_seed_v1,81857728b78095013779b4d61403f621,36c9825d7c3c3009afb16fb4c6868c6b,487097d8047538017e4f6837593925ea,eb2cbc3ca32de487f2952723006cb1f8,139,True,0.05800787284039699,OK
D10,primary,0,311,20260906100000311,bootstrap_seed_v1,81857728b78095013779b4d61403f621,36c9825d7c3c3009afb16fb4c6868c6b,b0c4ab8b6394bdabf9794ce0d930f5c4,f47713c8f4e789cda8f25d59bf25f72a,113,True,0.05079841019743081,OK
D10,primary,0,312,20260906100000312,bootstrap_seed_v1,81857728b78095013779b4d61403f621,36c9825d7c3c3009afb16fb4c6868c6b,48d5a7329fa306ea697cdbd8c09fe9e7,49e7b8a39e0d954b7c2749fb6211d597,106,True,0.05206642069916201,OK
D10,primary,0,313,20260906100000313,bootstrap_seed_v1,81857728b78095013779b4d61403f621,36c9825d7c3c3009afb16fb4c6868c6b,69b9d69fd5ca3af2675a977699982df5,60c311d022c40b84b81af88362e6c23a,69,True,0.060889411105052305,OK
D10,primary,0,314,20260906100000314,bootstrap_seed_v1,81857728b78095013779b4d61403f621,36c9825d7c3c3009afb16fb4c6868c6b,c1a0e82dc4c97f9733ed4756f3f9d3ee,7f7aeee95127f3337896f3cb653d5390,94,True,0.07243393288319322,OK
D10,primary,0,315,20260906100000315,bootstrap_seed_v1,81857728b78095013779b4d61403f621,36c9825d7c3c3009afb16fb4c6868c6b,e05633e6651422888f7ed357bea4c453,0ce718b4372fb3795fb2f55a413f08cc,100,True,0.0648830755927785,OK
D10,primary,0,316,20260906100000316,bootstrap_seed_v1,81857728b78095013779b4d61403f621,36c9825d7c3c3009afb16fb4c6868c6b,27504a45c20b0569ce89caed2092829a,281187c7e9b78fda6bc1f989ef21408c,100,True,0.10626027935356341,OK
D10,primary,0,317,20260906100000317,bootstrap_seed_v1,81857728b78095013779b4d61403f621,36c9825d7c3c3009afb16fb4c6868c6b,b358400c171274c3511180a771a80621,14147a386e982504c6890567c05bb477,121,True,0.06684284604260643,OK
D10,primary,0,318,20260906100000318,bootstrap_seed_v1,81857728b78095013779b4d61403f621,36c9825d7c3c3009afb16fb4c6868c6b,cecbc420cd48d7e513891705078d9e48,5b326c8030db46d71e5f02d683f8d841,115,True,0.08794458016396767,OK
D10,primary,0,319,20260906100000319,bootstrap_seed_v1,81857728b78095013779b4d61403f621,36c9825d7c3c3009afb16fb4c6868c6b,36f5f00e6d82a6701b91a5043a43b0f3,91ab0d49e98747f91dfe19f0f4a84e98,122,True,0.04133499254239997,OK
D10,primary,0,320,20260906100000320,bootstrap_seed_v1,81857728b78095013779b4d61403f621,36c9825d7c3c3009afb16fb4c6868c6b,f11e29899cf51c91655267c798a0bba3,2b7fecbb1ad55b0fe860268d0f337f34,64,True,0.07733882651881818,OK
D10,primary,0,321,20260906100000321,bootstrap_seed_v1,81857728b78095013779b4d61403f621,36c9825d7c3c3009afb16fb4c6868c6b,13e10cf66eb62028260da17e4550fb35,1d7dce2c03edbd0133331d89ad657e06,107,True,0.057365452252756355,OK
D10,primary,0,322,20260906100000322,bootstrap_seed_v1,81857728b78095013779b4d61403f621,36c9825d7c3c3009afb16fb4c6868c6b,20b8a457840d787f58afe5dda954a5c9,9d1b416f0e35d4f74dfb30c025d852d7,49,True,0.09942702498215897,OK
D10,primary,0,323,20260906100000323,bootstrap_seed_v1,81857728b78095013779b4d61403f621,36c9825d7c3c3009afb16fb4c6868c6b,600d995bb2b99484e6accac8c25fb98b,7d52c19dc8b59b5c335ef9d5703d51e2,112,True,0.05627644694556544,OK
D10,primary,0,324,20260906100000324,bootstrap_seed_v1,81857728b78095013779b4d61403f621,36c9825d7c3c3009afb16fb4c6868c6b,5c6277e25069c4d4f37133c85d1b524f,8f165a15e06848de6d7dfdabb7a2d470,72,True,0.065949988628006,OK
D10,primary,0,325,20260906100000325,bootstrap_seed_v1,81857728b78095013779b4d61403f621,36c9825d7c3c3009afb16fb4c6868c6b,b865689d060c7742205c109d0f4eeada,123cdb047bd8277ed9e82cb9630df487,100,True,0.07310935086094317,OK
D10,primary,0,326,20260906100000326,bootstrap_seed_v1,81857728b78095013779b4d61403f621,36c9825d7c3c3009afb16fb4c6868c6b,66fcff43073fd92ba6fbeb2d6e1daadc,2f2ec649bc83a7a79a6b2369f4b8e6ef,105,True,0.07781558831245128,OK
D10,primary,0,327,20260906100000327,bootstrap_seed_v1,81857728b78095013779b4d61403f621,36c9825d7c3c3009afb16fb4c6868c6b,96d890fa682bcac19aee344752424bc8,ce6236668cebf76ab49d4ce55bd4c754,89,True,0.1014033606398968,OK
D10,primary,0,328,20260906100000328,bootstrap_seed_v1,81857728b78095013779b4d61403f621,36c9825d7c3c3009afb16fb4c6868c6b,100c33848afc6496cc0f10c6e5d083e1,7951787bdf4bd498db93140ed47bd27e,95,True,0.07878899774210368,OK
D10,primary,0,329,20260906100000329,bootstrap_seed_v1,81857728b78095013779b4d61403f621,36c9825d7c3c3009afb16fb4c6868c6b,9b97bf01f39d33ed1d8616e450e01404,1b1c997932794dd45b3ca102061f4329,52,True,0.08316444585789107,OK
D10,primary,0,330,20260906100000330,bootstrap_seed_v1,81857728b78095013779b4d61403f621,36c9825d7c3c3009afb16fb4c6868c6b,1b68b57ae82824954974c8a6db8e3464,d30ad9197cbc32ff7393a21478bffc14,95,True,0.06179164985913377,OK
D10,primary,0,331,20260906100000331,bootstrap_seed_v1,81857728b78095013779b4d61403f621,36c9825d7c3c3009afb16fb4c6868c6b,98438163b15c87608952030473dd5e6b,9f1a0d6740139efcac8a2d578618bb00,75,True,0.05223102134841928,OK
D10,primary,0,332,20260906100000332,bootstrap_seed_v1,81857728b78095013779b4d61403f621,36c9825d7c3c3009afb16fb4c6868c6b,70c94948ce707464773dad78513f9ca4,4f65f11da18e154b9feb264bba100508,146,True,0.06092133113560355,OK
D10,primary,0,333,20260906100000333,bootstrap_seed_v1,81857728b78095013779b4d61403f621,36c9825d7c3c3009afb16fb4c6868c6b,1f387ae03dc02a344d05e408a894c8c7,080fa0e92095c8d5cba6d49c5cbfe831,58,True,0.08794102078150023,OK
D10,primary,0,334,20260906100000334,bootstrap_seed_v1,81857728b78095013779b4d61403f621,36c9825d7c3c3009afb16fb4c6868c6b,25e64215d72332ba242e150bd112fe6e,f7ff8b76e4247472de3e562bdcdd45a3,66,True,0.09274052064052124,OK
D10,primary,0,335,20260906100000335,bootstrap_seed_v1,81857728b78095013779b4d61403f621,36c9825d7c3c3009afb16fb4c6868c6b,e32f79172d8e96d44f3c8aa46f89d21e,65df4ffea520a60205a8515bd26bca0b,88,True,0.09784518308558388,OK
D10,primary,0,336,20260906100000336,bootstrap_seed_v1,81857728b78095013779b4d61403f621,36c9825d7c3c3009afb16fb4c6868c6b,d26ba60f39e501ea4c2f19922d8f61c0,cb2d43cbd6f878e71cb65d425ced37a4,82,True,0.08214003194159308,OK
D10,primary,0,337,20260906100000337,bootstrap_seed_v1,81857728b78095013779b4d61403f621,36c9825d7c3c3009afb16fb4c6868c6b,56810f5d8a852a350a94e10a0a6e92d2,ff4b4fe939847598c54dfc607ef09f7d,50,True,0.07884363939022276,OK
D10,primary,0,338,20260906100000338,bootstrap_seed_v1,81857728b78095013779b4d61403f621,36c9825d7c3c3009afb16fb4c6868c6b,56db79b73f658d80e6f5186f3407b348,2b77957a06f03abf7fb452b210614b74,200,True,0.05012723073186221,OK
D10,primary,0,339,20260906100000339,bootstrap_seed_v1,81857728b78095013779b4d61403f621,36c9825d7c3c3009afb16fb4c6868c6b,7ead25c828f7e882a7629bcf0e305350,3b364a73c33ec916365cfbdcf07cf1d1,136,True,0.04709912062981281,OK
D10,primary,0,340,20260906100000340,bootstrap_seed_v1,81857728b78095013779b4d61403f621,36c9825d7c3c3009afb16fb4c6868c6b,1505b1048c831ebc06efc169cbefa467,4f9237af41c900cbaca85849367b8719,78,True,0.08116296317210386,OK
D10,primary,0,341,20260906100000341,bootstrap_seed_v1,81857728b78095013779b4d61403f621,36c9825d7c3c3009afb16fb4c6868c6b,d909220c2b5a42a1533cfbafdf87b941,d08fcdc53cee8668b88be26b39bd7880,112,True,0.0581712469025768,OK
D10,primary,0,342,20260906100000342,bootstrap_seed_v1,81857728b78095013779b4d61403f621,36c9825d7c3c3009afb16fb4c6868c6b,4ffc6fda89335988ebd089e251746f2b,564cbcece88c1891b70904739153a4ff,66,True,0.08260845759749713,OK
D10,primary,0,343,20260906100000343,bootstrap_seed_v1,81857728b78095013779b4d61403f621,36c9825d7c3c3009afb16fb4c6868c6b,1271468220498c1258d881b0fe04609e,170acf45cb4a2d181326f49b27cd92f4,52,True,0.07137058895051845,OK
D10,primary,0,344,20260906100000344,bootstrap_seed_v1,81857728b78095013779b4d61403f621,36c9825d7c3c3009afb16fb4c6868c6b,c0acd0a6c946d0d404db0751eb0b00e1,d7f5c9baacf2b26c400ccc358d84bb4c,100,True,0.038657910043932764,OK
D10,primary,0,345,20260906100000345,bootstrap_seed_v1,81857728b78095013779b4d61403f621,36c9825d7c3c3009afb16fb4c6868c6b,1bfde93df94f444796904852ca4bf374,f13b7c6f1ce933e715176b80fd1dd598,91,True,0.06456647347594034,OK
D10,primary,0,346,20260906100000346,bootstrap_seed_v1,81857728b78095013779b4d61403f621,36c9825d7c3c3009afb16fb4c6868c6b,a25d75290775ee90b0e52e204cf3b8e1,2764847c9ac56aa474af398e812402fb,160,True,0.04890075230076418,OK
D10,primary,0,347,20260906100000347,bootstrap_seed_v1,81857728b78095013779b4d61403f621,36c9825d7c3c3009afb16fb4c6868c6b,9ecbb4fb25f7dbcff22737a321ee628b,7123f034871b6ae6db1c826d2952fa2f,123,True,0.06374272448528034,OK
D10,primary,0,348,20260906100000348,bootstrap_seed_v1,81857728b78095013779b4d61403f621,36c9825d7c3c3009afb16fb4c6868c6b,535d02bd9b590c286f6a248c85eaea42,4cb09a3745c6f2dce1a2234b38ff3f6d,100,True,0.08591254236159573,OK
D10,primary,0,349,20260906100000349,bootstrap_seed_v1,81857728b78095013779b4d61403f621,36c9825d7c3c3009afb16fb4c6868c6b,7f946af2588f77bf702642e52fa87b75,b4dd0f8bcfd35a54932d90562ae551c4,77,True,0.06658578884884347,OK
D10,primary,0,350,20260906100000350,bootstrap_seed_v1,81857728b78095013779b4d61403f621,36c9825d7c3c3009afb16fb4c6868c6b,f5b0503001e861edf6d1e3d169b2915a,67ca29c267136e92d8618fb8d30b1cda,111,True,0.07304522913629835,OK
D10,primary,0,351,20260906100000351,bootstrap_seed_v1,81857728b78095013779b4d61403f621,36c9825d7c3c3009afb16fb4c6868c6b,575778b755fc63a18f456405004ffaa7,82bda4e79b5580f74377222a2a853103,97,True,0.07284569893155102,OK
D10,primary,0,352,20260906100000352,bootstrap_seed_v1,81857728b78095013779b4d61403f621,36c9825d7c3c3009afb16fb4c6868c6b,f2845392897ee73fa0d8b09ded6c2f9a,7f48ff5581a857850c9d720b6cfbea21,137,True,0.06634677016857837,OK
D10,primary,0,353,20260906100000353,bootstrap_seed_v1,81857728b78095013779b4d61403f621,36c9825d7c3c3009afb16fb4c6868c6b,3a64b7ff3d6e9e4cea8f972b856e8f42,fe61e415bf295daa25ca9c6d48b9febc,78,True,0.04837588321070796,OK
D10,primary,0,354,20260906100000354,bootstrap_seed_v1,81857728b78095013779b4d61403f621,36c9825d7c3c3009afb16fb4c6868c6b,9754cad593a837fd0902dfa5fd01b841,d8bf27af6c2bcf68dbf45be13849c34c,110,True,0.056897748798225956,OK
D10,primary,0,355,20260906100000355,bootstrap_seed_v1,81857728b78095013779b4d61403f621,36c9825d7c3c3009afb16fb4c6868c6b,7395ae54ae6139c223ec894b14b3295b,2eada3bc957297840637b44491123a6b,75,True,0.0917440739852955,OK
D10,primary,0,356,20260906100000356,bootstrap_seed_v1,81857728b78095013779b4d61403f621,36c9825d7c3c3009afb16fb4c6868c6b,223ce392ec61cc2461f0c822be503915,8af1690027d6ce4c67308e427dd2f45c,74,True,0.06716061144203861,OK
D10,primary,0,357,20260906100000357,bootstrap_seed_v1,81857728b78095013779b4d61403f621,36c9825d7c3c3009afb16fb4c6868c6b,3bb8d7d94e222133edc4c65e79b0e3c4,e57212cf0cb079ca2760b4652a8e5b80,94,True,0.07267242901490314,OK
D10,primary,0,358,20260906100000358,bootstrap_seed_v1,81857728b78095013779b4d61403f621,36c9825d7c3c3009afb16fb4c6868c6b,363e43c50a9dc8c5cf61c4a18cb5d541,6638916a8eae8bf4c946af978d652246,44,True,0.06672249929840923,OK
D10,primary,0,359,20260906100000359,bootstrap_seed_v1,81857728b78095013779b4d61403f621,36c9825d7c3c3009afb16fb4c6868c6b,dd7b972dd05f5054b9516c214210c618,ace0561aec6a143e123d131577aaf47c,71,True,0.08100171670102319,OK
D10,primary,0,360,20260906100000360,bootstrap_seed_v1,81857728b78095013779b4d61403f621,36c9825d7c3c3009afb16fb4c6868c6b,37faf4c77c993b6ef63a23f14c037b23,22384d72b434a86bbfe759df3de9ca4b,103,True,0.08032503108299335,OK
D10,primary,0,361,20260906100000361,bootstrap_seed_v1,81857728b78095013779b4d61403f621,36c9825d7c3c3009afb16fb4c6868c6b,595cac7c2011d93ca0987de90b3ab186,bfe5c2b43675c08c541583d9f6534934,59,True,0.06123190921018459,OK
D10,primary,0,362,20260906100000362,bootstrap_seed_v1,81857728b78095013779b4d61403f621,36c9825d7c3c3009afb16fb4c6868c6b,21d8f17075d411ddf497538b41fa2bc5,b264507c163f397754cb32fb97ef6cdd,110,True,0.068252464043046,OK
D10,primary,0,363,20260906100000363,bootstrap_seed_v1,81857728b78095013779b4d61403f621,36c9825d7c3c3009afb16fb4c6868c6b,c5374a8545b09253ce729dfcff32b8d7,4d6b8f311f102e34b964dcb575237ff4,79,True,0.05834681939955053,OK
D10,primary,0,364,20260906100000364,bootstrap_seed_v1,81857728b78095013779b4d61403f621,36c9825d7c3c3009afb16fb4c6868c6b,d948deb28aa7a0aa2c4701f18284a134,2ae9b938dd523a238478d6f8b2bd8edc,135,True,0.06660955475187103,OK
D10,primary,0,365,20260906100000365,bootstrap_seed_v1,81857728b78095013779b4d61403f621,36c9825d7c3c3009afb16fb4c6868c6b,37dd99f094a0ee7b7bf9033589b8e701,8f85ec057d9f6d7762ff9d01f065dfa1,83,True,0.047888386644222125,OK
D10,primary,0,366,20260906100000366,bootstrap_seed_v1,81857728b78095013779b4d61403f621,36c9825d7c3c3009afb16fb4c6868c6b,dcabe79a3b69fe3702f0e6f348fe700b,5679387853f9bc16683458d06eb007b5,107,True,0.0688395128554184,OK
D10,primary,0,367,20260906100000367,bootstrap_seed_v1,81857728b78095013779b4d61403f621,36c9825d7c3c3009afb16fb4c6868c6b,e03d73d7a7695ec28e14f88dd59a6184,2a6453796f8d9d1beec58125cf058cf8,119,True,0.07675640110476134,OK
D10,primary,0,368,20260906100000368,bootstrap_seed_v1,81857728b78095013779b4d61403f621,36c9825d7c3c3009afb16fb4c6868c6b,3c1ca93d393702c16c31ebd4678260d9,e168a09cbe6d140e8106bbc245a352e7,85,True,0.07673592714193456,OK
D10,primary,0,369,20260906100000369,bootstrap_seed_v1,81857728b78095013779b4d61403f621,36c9825d7c3c3009afb16fb4c6868c6b,33d35387be92ea5206ea1d4dbc524ab6,97f8201fa70457522660cadb672f6039,141,True,0.0571899504206449,OK
D10,primary,0,370,20260906100000370,bootstrap_seed_v1,81857728b78095013779b4d61403f621,36c9825d7c3c3009afb16fb4c6868c6b,49f9358a43d8f85d32408d55f308d926,a3f3936cf352a1492762c117a963b06b,84,True,0.0879074218467904,OK
D10,primary,0,371,20260906100000371,bootstrap_seed_v1,81857728b78095013779b4d61403f621,36c9825d7c3c3009afb16fb4c6868c6b,b48f73efee8630217d679cd52ddbd5fc,3ade404d0a99eb8367c7ee69d59127f2,68,True,0.06650647943821109,OK
D10,primary,0,372,20260906100000372,bootstrap_seed_v1,81857728b78095013779b4d61403f621,36c9825d7c3c3009afb16fb4c6868c6b,50bcd82f1361c2df9bdb40d2d7377259,f0157d85b344a54681bb5d9bb57c018f,178,True,0.04983016383910366,OK
D10,primary,0,373,20260906100000373,bootstrap_seed_v1,81857728b78095013779b4d61403f621,36c9825d7c3c3009afb16fb4c6868c6b,db35a27c214047fbccb7a41a3a9e3aa0,905bd9d643f4f97f75dc80e36169eb27,75,True,0.04797957038110856,OK
D10,primary,0,374,20260906100000374,bootstrap_seed_v1,81857728b78095013779b4d61403f621,36c9825d7c3c3009afb16fb4c6868c6b,d8c808f45943783b5dee82bd2853b61e,3f774df57be0942ee27b6fdbdaf38aa8,121,True,0.055954958257943055,OK
D10,primary,0,375,20260906100000375,bootstrap_seed_v1,81857728b78095013779b4d61403f621,36c9825d7c3c3009afb16fb4c6868c6b,c9f33cad2644bb8731741bc2be47ce4c,f3126c462177186a602bb04d5d225789,142,True,0.044267746596707735,OK
D10,primary,0,376,20260906100000376,bootstrap_seed_v1,81857728b78095013779b4d61403f621,36c9825d7c3c3009afb16fb4c6868c6b,80e99da4fd0d6e39a863973b476d0193,6da031c3c2ea091fa8a91f820af9eee5,124,True,0.07183003643068521,OK
D10,primary,0,377,20260906100000377,bootstrap_seed_v1,81857728b78095013779b4d61403f621,36c9825d7c3c3009afb16fb4c6868c6b,41c781505bc01f1946980fe152431ede,a98cd9ce1be68bfd174c3cee240a77eb,71,True,0.06853421363652223,OK
D10,primary,0,378,20260906100000378,bootstrap_seed_v1,81857728b78095013779b4d61403f621,36c9825d7c3c3009afb16fb4c6868c6b,04f8ac58ba05e4b2454012c14b6d70e7,d999b046b1e28be103fdef59a09681f7,41,True,0.1013059506008408,OK
D10,primary,0,379,20260906100000379,bootstrap_seed_v1,81857728b78095013779b4d61403f621,36c9825d7c3c3009afb16fb4c6868c6b,163d9c458f91c68e6e4ca3ab21eaf2e2,3c40f5741574702a6e30d528598ec2dd,85,True,0.06629526762842908,OK
D10,primary,0,380,20260906100000380,bootstrap_seed_v1,81857728b78095013779b4d61403f621,36c9825d7c3c3009afb16fb4c6868c6b,f76b0da29a9ab44aeedc3b1a61e6951d,d4eb2fcd257556548fc9f73181d3f129,135,True,0.06543204449250994,OK
D10,primary,0,381,20260906100000381,bootstrap_seed_v1,81857728b78095013779b4d61403f621,36c9825d7c3c3009afb16fb4c6868c6b,03fc65eeebb59e311e4630a0984be8ce,5db1d56bde04147f7fbce5fcd5f743f9,129,True,0.066939425039688,OK
D10,primary,0,382,20260906100000382,bootstrap_seed_v1,81857728b78095013779b4d61403f621,36c9825d7c3c3009afb16fb4c6868c6b,799cff9c5082c811871e3542b4b63213,8510e335570f887a80ad24e0fa2374cd,82,True,0.05002485092421638,OK
D10,primary,0,383,20260906100000383,bootstrap_seed_v1,81857728b78095013779b4d61403f621,36c9825d7c3c3009afb16fb4c6868c6b,0bab39a04b1f7d7e3f34495750ead5dc,2103b0892bd1e7657dcfbcc54a2855d6,163,True,0.06161084991986776,OK
D10,primary,0,384,20260906100000384,bootstrap_seed_v1,81857728b78095013779b4d61403f621,36c9825d7c3c3009afb16fb4c6868c6b,3cac957d0674e8d9cc12491e3576a895,b3921d597545b94d25d77cb4abd98135,115,True,0.05413518100989129,OK
D10,primary,0,385,20260906100000385,bootstrap_seed_v1,81857728b78095013779b4d61403f621,36c9825d7c3c3009afb16fb4c6868c6b,ffca0d95851fb549dfa770535c02ddaf,f8cec47dcb81c199276c00fdabc83a9c,112,True,0.05029112522311596,OK
D10,primary,0,386,20260906100000386,bootstrap_seed_v1,81857728b78095013779b4d61403f621,36c9825d7c3c3009afb16fb4c6868c6b,f33a8befa966e945bfb1c4cdec852a54,2882c3fa8bb20e381d2f3e1734b9c308,97,True,0.04978547665010344,OK
D10,primary,0,387,20260906100000387,bootstrap_seed_v1,81857728b78095013779b4d61403f621,36c9825d7c3c3009afb16fb4c6868c6b,a543321620b01063ccec1f50c3310901,a5de19bd45042ed1a295821c4cf1891b,66,True,0.08041333097837311,OK
D10,primary,0,388,20260906100000388,bootstrap_seed_v1,81857728b78095013779b4d61403f621,36c9825d7c3c3009afb16fb4c6868c6b,1f3e7002b19ae15cd713b2fd96c1715c,7e984e87876757117bc46bb9decfe36b,95,True,0.07821810135583357,OK
D10,primary,0,389,20260906100000389,bootstrap_seed_v1,81857728b78095013779b4d61403f621,36c9825d7c3c3009afb16fb4c6868c6b,792710d267bcbdd30602431cb41da4e9,46937fac1126a1a76bc1f5ada5069f63,107,True,0.09021181965909736,OK
D10,primary,0,390,20260906100000390,bootstrap_seed_v1,81857728b78095013779b4d61403f621,36c9825d7c3c3009afb16fb4c6868c6b,f9e33f37ed914de77ab96d57fe265491,7d514aae122f7052d5503e1c70b09994,85,True,0.07142173629650571,OK
D10,primary,0,391,20260906100000391,bootstrap_seed_v1,81857728b78095013779b4d61403f621,36c9825d7c3c3009afb16fb4c6868c6b,c6a1f0d9e79b3e85ce32ac9e53846319,974e8dc568ed73bb6ab9e10afbc86230,46,True,0.04998761034601129,OK
D10,primary,0,392,20260906100000392,bootstrap_seed_v1,81857728b78095013779b4d61403f621,36c9825d7c3c3009afb16fb4c6868c6b,4ef63c5f7c707f99d0173aeafb562ea9,f2722c0365c1e2676562c1834c2462ee,97,True,0.050490321990157835,OK
D10,primary,0,393,20260906100000393,bootstrap_seed_v1,81857728b78095013779b4d61403f621,36c9825d7c3c3009afb16fb4c6868c6b,e7637a850e4463c16b0da668a3aa2d72,6841b19d27adc2a81829afd5d3e53223,47,True,0.08118346127738924,OK
D10,primary,0,394,20260906100000394,bootstrap_seed_v1,81857728b78095013779b4d61403f621,36c9825d7c3c3009afb16fb4c6868c6b,0948590f4c2c2f160a1b5537d937018e,b1ac841bbea9fbc5153033eb5753cb6f,88,True,0.07255907343370949,OK
D10,primary,0,395,20260906100000395,bootstrap_seed_v1,81857728b78095013779b4d61403f621,36c9825d7c3c3009afb16fb4c6868c6b,1b0acae066ca4bd5b5fcba1e431c7e04,2d646bb2f2c28fe98e29119f8be0aa33,60,True,0.07155522817967086,OK
D10,primary,0,396,20260906100000396,bootstrap_seed_v1,81857728b78095013779b4d61403f621,36c9825d7c3c3009afb16fb4c6868c6b,16da2080c8ba30338fe178e979d84650,747deee629c34d06f27404e3f2a5fda4,86,True,0.07961671234425793,OK
D10,primary,0,397,20260906100000397,bootstrap_seed_v1,81857728b78095013779b4d61403f621,36c9825d7c3c3009afb16fb4c6868c6b,004221d7c4f84275afb041a0275de6a7,238f5e28cc2176d4cfd920fe5f47f82e,43,True,0.09288356752234261,OK
D10,primary,0,398,20260906100000398,bootstrap_seed_v1,81857728b78095013779b4d61403f621,36c9825d7c3c3009afb16fb4c6868c6b,3ca4a9d5bd013b03343a55b7e7df2b74,bfc704b9229ce8f17fa74fea39501fbf,75,True,0.07686636449550899,OK
D10,primary,0,399,20260906100000399,bootstrap_seed_v1,81857728b78095013779b4d61403f621,36c9825d7c3c3009afb16fb4c6868c6b,9019133c5705ae23ce0dd761ea0deb6a,6b2899ea69d50fd04e41ee3dc5ee4053,128,True,0.049837424379197914,OK
D10,primary,0,400,20260906100000400,bootstrap_seed_v1,81857728b78095013779b4d61403f621,36c9825d7c3c3009afb16fb4c6868c6b,4e6c2495fa49e22f421ee96714b8a679,973d937d75903f2f39884c9a919cd07a,84,True,0.08067959589412499,OK
D10,primary,0,401,20260906100000401,bootstrap_seed_v1,81857728b78095013779b4d61403f621,36c9825d7c3c3009afb16fb4c6868c6b,62c2e2c8795713af4f402b4cc81e4d0d,43b0894a55dcd18da26f4fb3ae100fa2,76,True,0.07114445290681926,OK
D10,primary,0,402,20260906100000402,bootstrap_seed_v1,81857728b78095013779b4d61403f621,36c9825d7c3c3009afb16fb4c6868c6b,2f05a681f473a34114ae2691dcbb7dbc,31d7d348982a5be28032f3d912d477f7,93,True,0.08841663450258042,OK
D10,primary,0,403,20260906100000403,bootstrap_seed_v1,81857728b78095013779b4d61403f621,36c9825d7c3c3009afb16fb4c6868c6b,8cd4a7bc7693f535ef1ba13cebfca6a1,e45797810569282cfb8ce184ce1bcdc2,80,True,0.06853828708008997,OK
D10,primary,0,404,20260906100000404,bootstrap_seed_v1,81857728b78095013779b4d61403f621,36c9825d7c3c3009afb16fb4c6868c6b,e329cc81c6c837c9a1a8b019cce251fa,3e72038cbbe6bcca684d29f8145bbb7b,74,True,0.08898159824493246,OK
D10,primary,0,405,20260906100000405,bootstrap_seed_v1,81857728b78095013779b4d61403f621,36c9825d7c3c3009afb16fb4c6868c6b,9138ac5f7c859688d96537bfb9d6d31f,609767d713b404bc197a55bfe57b54dc,73,True,0.08526927044636778,OK
D10,primary,0,406,20260906100000406,bootstrap_seed_v1,81857728b78095013779b4d61403f621,36c9825d7c3c3009afb16fb4c6868c6b,0ed9bab529edd812a6e0b42c8c3e090e,4bf7a1f9b62aad9ac1a617c0b74f39fd,101,True,0.07974209406655342,OK
D10,primary,0,407,20260906100000407,bootstrap_seed_v1,81857728b78095013779b4d61403f621,36c9825d7c3c3009afb16fb4c6868c6b,c35563daafed9b8370ac2c2dd1e1264c,580855c14aaabf058539687668e9f27f,189,True,0.053397766260743385,OK
D10,primary,0,408,20260906100000408,bootstrap_seed_v1,81857728b78095013779b4d61403f621,36c9825d7c3c3009afb16fb4c6868c6b,862693f6b8a8f9ae238c9b78b68d8af1,b67551684db4c3817bcf89d15edc4f92,62,True,0.11391707696722375,OK
D10,primary,0,409,20260906100000409,bootstrap_seed_v1,81857728b78095013779b4d61403f621,36c9825d7c3c3009afb16fb4c6868c6b,eeffbcddba3201c958a4545b05e77cc5,4d09d4f0a7c3145082f93818fb7dee68,68,True,0.05794252087578406,OK
D10,primary,0,410,20260906100000410,bootstrap_seed_v1,81857728b78095013779b4d61403f621,36c9825d7c3c3009afb16fb4c6868c6b,fcad48e1733680d094af06f6690e9125,6a9e51d6ac9b018f0bf7572f7e0a34cd,106,True,0.05829770955967384,OK
D10,primary,0,411,20260906100000411,bootstrap_seed_v1,81857728b78095013779b4d61403f621,36c9825d7c3c3009afb16fb4c6868c6b,da407d6171e7305d3839dbbd07d7c821,b4fa42856b14fc700be3655e76ace92b,98,True,0.0800905716692488,OK
D10,primary,0,412,20260906100000412,bootstrap_seed_v1,81857728b78095013779b4d61403f621,36c9825d7c3c3009afb16fb4c6868c6b,6ce69f0375c42f353a95158c7c980c75,2cb0de346e7d35689c7663f10c6803aa,91,True,0.10203112276683363,OK
D10,primary,0,413,20260906100000413,bootstrap_seed_v1,81857728b78095013779b4d61403f621,36c9825d7c3c3009afb16fb4c6868c6b,05856990b9e7cc8764b93cb2b662cf50,fbc01ca60066af047aefcff309eb8020,41,True,0.08137135541395935,OK
D10,primary,0,414,20260906100000414,bootstrap_seed_v1,81857728b78095013779b4d61403f621,36c9825d7c3c3009afb16fb4c6868c6b,adb7e210857d02c8e1032a41741085c3,1533683a656fa6e1fa910af965766d26,42,True,0.08039746389670915,OK
D10,primary,0,415,20260906100000415,bootstrap_seed_v1,81857728b78095013779b4d61403f621,36c9825d7c3c3009afb16fb4c6868c6b,bfb2cfe460486e65ea300b99de11f9f4,61e9e8f6aefa3436b293d79da76a8e4e,81,True,0.09357311507689009,OK
D10,primary,0,416,20260906100000416,bootstrap_seed_v1,81857728b78095013779b4d61403f621,36c9825d7c3c3009afb16fb4c6868c6b,8db3a69669f5855abfa3950a4119709a,61844b34763c6c5014f67ae428eb1712,74,True,0.10498853687265686,OK
D10,primary,0,417,20260906100000417,bootstrap_seed_v1,81857728b78095013779b4d61403f621,36c9825d7c3c3009afb16fb4c6868c6b,578562358b1c31c463d806a8c7d6ce49,b580116ef313bc99cb913c10111d0bfc,52,True,0.07695804422002339,OK
D10,primary,0,418,20260906100000418,bootstrap_seed_v1,81857728b78095013779b4d61403f621,36c9825d7c3c3009afb16fb4c6868c6b,ba6c2ad767f44bd6aa8cb85b511dc59f,76553e5d561f9b2dc3d8662e40d1783e,113,True,0.041280379340907,OK
D10,primary,0,419,20260906100000419,bootstrap_seed_v1,81857728b78095013779b4d61403f621,36c9825d7c3c3009afb16fb4c6868c6b,3b997f20e5798a6f726f15d230d10c10,986908504f652b20f410c903569184db,102,True,0.06740568689352634,OK
D10,primary,0,420,20260906100000420,bootstrap_seed_v1,81857728b78095013779b4d61403f621,36c9825d7c3c3009afb16fb4c6868c6b,7ca6537ef35b686d98690832b49bad32,135202919b9230b06a395a8d56172bbd,85,True,0.047209453554135195,OK
D10,primary,0,421,20260906100000421,bootstrap_seed_v1,81857728b78095013779b4d61403f621,36c9825d7c3c3009afb16fb4c6868c6b,2bf6aaf2c6d632c71849110814c69b82,f80712dacb9c838f8020ab3918a9c207,52,True,0.10473826223861543,OK
D10,primary,0,422,20260906100000422,bootstrap_seed_v1,81857728b78095013779b4d61403f621,36c9825d7c3c3009afb16fb4c6868c6b,5ecba89ec458b95b2241011d5ea05143,9934a4d28529c1abce5142bb6a6644d3,79,True,0.0905519909334499,OK
D10,primary,0,423,20260906100000423,bootstrap_seed_v1,81857728b78095013779b4d61403f621,36c9825d7c3c3009afb16fb4c6868c6b,17473cf54d93ce9b3c866d74e22df106,611f037dd9e296a84427f04e057b5c39,104,True,0.04470961677691914,OK
D10,primary,0,424,20260906100000424,bootstrap_seed_v1,81857728b78095013779b4d61403f621,36c9825d7c3c3009afb16fb4c6868c6b,74bc51b04c5d2c8dee505ca8b7b1f51c,2efc8d21a35de10629ced6fb2803a5ef,165,True,0.049740757774352495,OK
D10,primary,0,425,20260906100000425,bootstrap_seed_v1,81857728b78095013779b4d61403f621,36c9825d7c3c3009afb16fb4c6868c6b,d065bf77bc16e7b5694cc6633003ac0d,796b1b55943669885ce84811d38cd222,91,True,0.06159064899945832,OK
D10,primary,0,426,20260906100000426,bootstrap_seed_v1,81857728b78095013779b4d61403f621,36c9825d7c3c3009afb16fb4c6868c6b,c910bc0693e2025d8bb4f992f03b2c94,777416c381b39c962cf9957601f5853f,82,True,0.07434966855523512,OK
D10,primary,0,427,20260906100000427,bootstrap_seed_v1,81857728b78095013779b4d61403f621,36c9825d7c3c3009afb16fb4c6868c6b,07a7663ac4fa4c5228f6198d91ace7d1,10d158e521f105ef0293e0741fde8b6e,109,True,0.05310071090060359,OK
D10,primary,0,428,20260906100000428,bootstrap_seed_v1,81857728b78095013779b4d61403f621,36c9825d7c3c3009afb16fb4c6868c6b,45704b6b2f97c7e42510b9ba847c891f,4afd36c7163075b958b2b0b1ffb93bff,193,True,0.06728009218136466,OK
D10,primary,0,429,20260906100000429,bootstrap_seed_v1,81857728b78095013779b4d61403f621,36c9825d7c3c3009afb16fb4c6868c6b,43258a108302f3095a1dd9f358a297ca,bfb1ef67939e1ff8a2e3b7759cd200ec,115,True,0.0540485905532726,OK
D10,primary,0,430,20260906100000430,bootstrap_seed_v1,81857728b78095013779b4d61403f621,36c9825d7c3c3009afb16fb4c6868c6b,3eee048ac74c127fe8923311bd569d95,c90b8c1e47c20b3460961197362c1032,91,True,0.041730793389050946,OK
D10,primary,0,431,20260906100000431,bootstrap_seed_v1,81857728b78095013779b4d61403f621,36c9825d7c3c3009afb16fb4c6868c6b,2b27aa88c86106e40def41d31d9b3ef1,ec348a3ff9bcce55a1c53fa14e318378,50,True,0.09969407893854842,OK
D10,primary,0,432,20260906100000432,bootstrap_seed_v1,81857728b78095013779b4d61403f621,36c9825d7c3c3009afb16fb4c6868c6b,85212346f269c62dc6218fb52889b630,4b87a35e0460fc3a02fe842c1566866a,53,True,0.0730551035341751,OK
D10,primary,0,433,20260906100000433,bootstrap_seed_v1,81857728b78095013779b4d61403f621,36c9825d7c3c3009afb16fb4c6868c6b,d57dc4d6bb094ec4375bf462540adefe,77d10ca0f72de7d3131a932c6b12c413,86,True,0.06419898114154998,OK
D10,primary,0,434,20260906100000434,bootstrap_seed_v1,81857728b78095013779b4d61403f621,36c9825d7c3c3009afb16fb4c6868c6b,254d261a21452ee9e63ca763128fd8ea,fe437f3e61651d310ab1d095ac178ff4,74,True,0.09710457262809158,OK
D10,primary,0,435,20260906100000435,bootstrap_seed_v1,81857728b78095013779b4d61403f621,36c9825d7c3c3009afb16fb4c6868c6b,6c3c090cd654a1c3191685681df494d8,584fa091fb4a6ce510c335352766a704,90,True,0.06116460375478544,OK
D10,primary,0,436,20260906100000436,bootstrap_seed_v1,81857728b78095013779b4d61403f621,36c9825d7c3c3009afb16fb4c6868c6b,bc2de5e0c70b0caf5c430d0d2846ae40,70a6da058358a82173a8b6acd3af450f,60,True,0.10703345888048854,OK
D10,primary,0,437,20260906100000437,bootstrap_seed_v1,81857728b78095013779b4d61403f621,36c9825d7c3c3009afb16fb4c6868c6b,333907910b9ae736c468402b6dec3730,a5ee16b5504ed762159829a06ebac6bd,112,True,0.04417018059775035,OK
D10,primary,0,438,20260906100000438,bootstrap_seed_v1,81857728b78095013779b4d61403f621,36c9825d7c3c3009afb16fb4c6868c6b,4da9b231ea80679b4255b828548d9f35,57de66c8fe1e71dcc0e0960b4e4fee26,105,True,0.06951034134925838,OK
D10,primary,0,439,20260906100000439,bootstrap_seed_v1,81857728b78095013779b4d61403f621,36c9825d7c3c3009afb16fb4c6868c6b,46673c2b660248786065eba196a0d50c,f6ad1d82699fda11467d8c3154718c32,51,True,0.0747870066216153,OK
D10,primary,0,440,20260906100000440,bootstrap_seed_v1,81857728b78095013779b4d61403f621,36c9825d7c3c3009afb16fb4c6868c6b,f29415ce9f731428d676c22cd3391c1d,d8aea3b2e78234fe78f739c62880b339,37,True,0.0995249265358571,OK
D10,primary,0,441,20260906100000441,bootstrap_seed_v1,81857728b78095013779b4d61403f621,36c9825d7c3c3009afb16fb4c6868c6b,0a6f3b8678a31972ddac832114581d67,110c20ce79ccea6c29f8dc33f0af76c7,122,True,0.05035568141702156,OK
D10,primary,0,442,20260906100000442,bootstrap_seed_v1,81857728b78095013779b4d61403f621,36c9825d7c3c3009afb16fb4c6868c6b,5e676f9a1a8b5d4e36f842e562c22fad,a024094cd73e7d68102eba8fad12f4ae,95,True,0.0604519216694262,OK
D10,primary,0,443,20260906100000443,bootstrap_seed_v1,81857728b78095013779b4d61403f621,36c9825d7c3c3009afb16fb4c6868c6b,41c06aaab8666df92e90b32991e183e5,57ea4d4dc1c34a332ccbcb4580e756a3,73,True,0.08249928630381886,OK
D10,primary,0,444,20260906100000444,bootstrap_seed_v1,81857728b78095013779b4d61403f621,36c9825d7c3c3009afb16fb4c6868c6b,4027d09209c67b8f7b8553e4b3cff27b,a36af2bcfbf29e26a02c695291def075,90,True,0.056980584885420266,OK
D10,primary,0,445,20260906100000445,bootstrap_seed_v1,81857728b78095013779b4d61403f621,36c9825d7c3c3009afb16fb4c6868c6b,f2a5d8ea36bfb1833a5a485b8333628d,44248dd7d3017cd934eee4ca8e949a16,121,True,0.05171105315968094,OK
D10,primary,0,446,20260906100000446,bootstrap_seed_v1,81857728b78095013779b4d61403f621,36c9825d7c3c3009afb16fb4c6868c6b,f15fd11a1e5c5248810c4ef03e874251,4bb8023c6b123955218a94b2fe13ebb5,167,True,0.04307942018900446,OK
D10,primary,0,447,20260906100000447,bootstrap_seed_v1,81857728b78095013779b4d61403f621,36c9825d7c3c3009afb16fb4c6868c6b,db02f7c67e507b61016f97196d2e46a2,59a2258e275072be08f76a3d7419095e,76,True,0.06131764542487084,OK
D10,primary,0,448,20260906100000448,bootstrap_seed_v1,81857728b78095013779b4d61403f621,36c9825d7c3c3009afb16fb4c6868c6b,d86ca7d0986782547017a9df747ea36b,17d83b2170985d6d2b75cfd617efe455,63,True,0.08413544718837795,OK
D10,primary,0,449,20260906100000449,bootstrap_seed_v1,81857728b78095013779b4d61403f621,36c9825d7c3c3009afb16fb4c6868c6b,0d51d82d64f58ccecb689d4e7a322d74,1f709b2e3dd76d76670af2f39d828766,130,True,0.0880452626256539,OK
D10,primary,0,450,20260906100000450,bootstrap_seed_v1,81857728b78095013779b4d61403f621,36c9825d7c3c3009afb16fb4c6868c6b,328fd1eec91dfe79d0f398a73ddf4a3e,bd32fdccab37d4eba2709cd17f7663d9,54,True,0.09958257075529953,OK
D10,primary,0,451,20260906100000451,bootstrap_seed_v1,81857728b78095013779b4d61403f621,36c9825d7c3c3009afb16fb4c6868c6b,59f7521259b737835e9ee15feb7c419d,126c29329cc214a9e79b4bdc69741f4f,61,True,0.0997045611268671,OK
D10,primary,0,452,20260906100000452,bootstrap_seed_v1,81857728b78095013779b4d61403f621,36c9825d7c3c3009afb16fb4c6868c6b,64b0a5a8f9a81f64e735af37ee15a314,e828d7f820490991a67efc0093330fc3,88,True,0.061055718195043074,OK
D10,primary,0,453,20260906100000453,bootstrap_seed_v1,81857728b78095013779b4d61403f621,36c9825d7c3c3009afb16fb4c6868c6b,f08d5cda1c2ee9da14c0c141f68dd9f1,a28379aff31c7cb1eec581633ca815cd,100,True,0.07245315075762476,OK
D10,primary,0,454,20260906100000454,bootstrap_seed_v1,81857728b78095013779b4d61403f621,36c9825d7c3c3009afb16fb4c6868c6b,f0f27a9e5fbbe1b0a075a140f1cbfe83,fe0442c60284001ef27e30ab689e28f1,73,True,0.06896436277144313,OK
D10,primary,0,455,20260906100000455,bootstrap_seed_v1,81857728b78095013779b4d61403f621,36c9825d7c3c3009afb16fb4c6868c6b,98bb2029c3995404cf63ea5bf59f0ccf,1dfb1ebcb0369e325908c39544f0a6d6,79,True,0.07960275717261178,OK
D10,primary,0,456,20260906100000456,bootstrap_seed_v1,81857728b78095013779b4d61403f621,36c9825d7c3c3009afb16fb4c6868c6b,5019b28f94247715031308e68945bd8a,39d9f47d2de084043c5fb23ab986720a,80,True,0.08895387666169877,OK
D10,primary,0,457,20260906100000457,bootstrap_seed_v1,81857728b78095013779b4d61403f621,36c9825d7c3c3009afb16fb4c6868c6b,c6925097386b47357ad2b3b97255a280,f5986d636e401b7244677fe7a72075d6,119,True,0.05080697417156048,OK
D10,primary,0,458,20260906100000458,bootstrap_seed_v1,81857728b78095013779b4d61403f621,36c9825d7c3c3009afb16fb4c6868c6b,b3fe18a469be7bd1c7a2b84eb7ae54cd,4fcd44ff4012dea6a03a43f5d234f1fb,60,True,0.08184809507524693,OK
D10,primary,0,459,20260906100000459,bootstrap_seed_v1,81857728b78095013779b4d61403f621,36c9825d7c3c3009afb16fb4c6868c6b,d6870e4e0fe15d31e2134e50fc615cb3,3c463748ddc006cf986fc57f47bb6c9f,81,True,0.08132840338647718,OK
D10,primary,0,460,20260906100000460,bootstrap_seed_v1,81857728b78095013779b4d61403f621,36c9825d7c3c3009afb16fb4c6868c6b,5346957a4510b9a064ccb627f409bcc8,c160ec72264880843777a0107002a0a7,69,True,0.07918151537230778,OK
D10,primary,0,461,20260906100000461,bootstrap_seed_v1,81857728b78095013779b4d61403f621,36c9825d7c3c3009afb16fb4c6868c6b,7b324b82fbdb106fd15949a4f02280b7,ee78b4fce018b86302d86141e63179b0,95,True,0.059274237759151416,OK
D10,primary,0,462,20260906100000462,bootstrap_seed_v1,81857728b78095013779b4d61403f621,36c9825d7c3c3009afb16fb4c6868c6b,c6ac48f4a1f11367c4ce1d344f0980da,ec58ebc7691f65151477be98fe4cd425,109,True,0.05130306599103007,OK
D10,primary,0,463,20260906100000463,bootstrap_seed_v1,81857728b78095013779b4d61403f621,36c9825d7c3c3009afb16fb4c6868c6b,3fd7a7039da65cb4d818edc37b246d49,c03787b039781d9d31191caddbc20969,100,True,0.04085794774975057,OK
D10,primary,0,464,20260906100000464,bootstrap_seed_v1,81857728b78095013779b4d61403f621,36c9825d7c3c3009afb16fb4c6868c6b,6cd7ba1997b9724780ce00465c6df0b4,b78918b7f01653bc46ef6cfefd68a408,97,True,0.03830166524387879,OK
D10,primary,0,465,20260906100000465,bootstrap_seed_v1,81857728b78095013779b4d61403f621,36c9825d7c3c3009afb16fb4c6868c6b,9052029f5e4e4a95bd3479e78cef556a,02bc2f5c1ecd6057ed05cc8cf18ec0f7,56,True,0.10091591878303563,OK
D10,primary,0,466,20260906100000466,bootstrap_seed_v1,81857728b78095013779b4d61403f621,36c9825d7c3c3009afb16fb4c6868c6b,8e1c435320d88706c4735e8bc54eb748,20a26af4e697071e1d4ce8ce5fdfbb5a,64,True,0.073702912912879,OK
D10,primary,0,467,20260906100000467,bootstrap_seed_v1,81857728b78095013779b4d61403f621,36c9825d7c3c3009afb16fb4c6868c6b,de8d1ad41f9a385d8e0b4d2c69131ebe,e8d22068c21f22971563fc814cb0a647,94,True,0.04314597867629233,OK
D10,primary,0,468,20260906100000468,bootstrap_seed_v1,81857728b78095013779b4d61403f621,36c9825d7c3c3009afb16fb4c6868c6b,16c1a61cd5907fe38ab32b6d0d81816e,fa6ee9b64e4ba08945ab3084e43ce330,60,True,0.10149214920491484,OK
D10,primary,0,469,20260906100000469,bootstrap_seed_v1,81857728b78095013779b4d61403f621,36c9825d7c3c3009afb16fb4c6868c6b,512058edd4a06ee0f0ef782e3ad4b6b8,709d044147843272518b088efcda83a2,80,True,0.083146375393025,OK
D10,primary,0,470,20260906100000470,bootstrap_seed_v1,81857728b78095013779b4d61403f621,36c9825d7c3c3009afb16fb4c6868c6b,5b2e7bf8cd0e6a6e3ef5899a906f8616,ca41e2de6ea1252db8ab9c7bfe7ff3dc,29,True,0.08447543407953262,OK
D10,primary,0,471,20260906100000471,bootstrap_seed_v1,81857728b78095013779b4d61403f621,36c9825d7c3c3009afb16fb4c6868c6b,66791bb4322ef30f9d7b3df980076ca6,e8ebb1678f0ecffa3ac9041f5eea306c,44,True,0.0699879296418362,OK
D10,primary,0,472,20260906100000472,bootstrap_seed_v1,81857728b78095013779b4d61403f621,36c9825d7c3c3009afb16fb4c6868c6b,266e70a15e5df0787a5101965fd08f7a,ecfd5e3c4ba84187dc5865c7addc7c27,96,True,0.07652172077182046,OK
D10,primary,0,473,20260906100000473,bootstrap_seed_v1,81857728b78095013779b4d61403f621,36c9825d7c3c3009afb16fb4c6868c6b,39544a868a8d52818004156af564285b,4d01836d7ebe718d04e943e7438122d5,33,True,0.13012026260013487,OK
D10,primary,0,474,20260906100000474,bootstrap_seed_v1,81857728b78095013779b4d61403f621,36c9825d7c3c3009afb16fb4c6868c6b,9e4be74d4c0b35fdb41f170c5028915c,3931df1ff705df94dcaa6b2ae0b4a833,79,True,0.06782849936636404,OK
D10,primary,0,475,20260906100000475,bootstrap_seed_v1,81857728b78095013779b4d61403f621,36c9825d7c3c3009afb16fb4c6868c6b,99f9a8d5e6211e8d1e9b36745a7033e5,beb9be4e4c8d712808c2eb21e33265cd,132,True,0.05815824817654952,OK
D10,primary,0,476,20260906100000476,bootstrap_seed_v1,81857728b78095013779b4d61403f621,36c9825d7c3c3009afb16fb4c6868c6b,693e5895db979587e2f222b0d6ebd719,5a7d358ebd425164724172e5223a538d,58,True,0.0733925038690435,OK
D10,primary,0,477,20260906100000477,bootstrap_seed_v1,81857728b78095013779b4d61403f621,36c9825d7c3c3009afb16fb4c6868c6b,72ddf2ab97c16afee8ed5c820203ea03,90ae6e204de457aab150b3b8c483856d,86,True,0.04678283438679831,OK
D10,primary,0,478,20260906100000478,bootstrap_seed_v1,81857728b78095013779b4d61403f621,36c9825d7c3c3009afb16fb4c6868c6b,02d5f9a3a905a8564b6e43d2715dbe42,a4baa2504d5f6309dcbcb8347397ae5c,98,True,0.07456393948884132,OK
D10,primary,0,479,20260906100000479,bootstrap_seed_v1,81857728b78095013779b4d61403f621,36c9825d7c3c3009afb16fb4c6868c6b,3e51efb3f8c0795b61d36f303da4a067,216aa944d15c831058ebe49f55fbe355,53,True,0.16085544299321408,OK
D10,primary,0,480,20260906100000480,bootstrap_seed_v1,81857728b78095013779b4d61403f621,36c9825d7c3c3009afb16fb4c6868c6b,d2c4d4c559f9df488045275514f57215,fe2d59ef2b5b0a326b05dd779f11c820,97,True,0.07033387210672253,OK
D10,primary,0,481,20260906100000481,bootstrap_seed_v1,81857728b78095013779b4d61403f621,36c9825d7c3c3009afb16fb4c6868c6b,86cbfdab9b1714db9f8d929702f9012a,518406c2cc9f83c5042f8dc19eb39303,64,True,0.0790998213490739,OK
D10,primary,0,482,20260906100000482,bootstrap_seed_v1,81857728b78095013779b4d61403f621,36c9825d7c3c3009afb16fb4c6868c6b,7866590d6c60259c66052ed12b3a0b64,5f340d601fd5d5c97a8eff15b6fff87e,106,True,0.08135763013552305,OK
D10,primary,0,483,20260906100000483,bootstrap_seed_v1,81857728b78095013779b4d61403f621,36c9825d7c3c3009afb16fb4c6868c6b,8474773dd774829ba62f63b88d4e1432,bfa0e449546e1c5e9e5cad1433a13776,63,True,0.07185626442491877,OK
D10,primary,0,484,20260906100000484,bootstrap_seed_v1,81857728b78095013779b4d61403f621,36c9825d7c3c3009afb16fb4c6868c6b,093c97fa4f7538c411da380b5360b879,34d11762010c0c6ebf9c90c55f9ab875,56,True,0.07751105712302309,OK
D10,primary,0,485,20260906100000485,bootstrap_seed_v1,81857728b78095013779b4d61403f621,36c9825d7c3c3009afb16fb4c6868c6b,2aa545c1f84a26834bb9d39411e1561f,8d3a38c40b89701ca33058aa3183e8b5,64,True,0.06053441673723181,OK
D10,primary,0,486,20260906100000486,bootstrap_seed_v1,81857728b78095013779b4d61403f621,36c9825d7c3c3009afb16fb4c6868c6b,f4d5af05f0109a18f23665fb54795c68,3ddc52dabc3efbde8e31e676700c5407,84,True,0.06410995898762734,OK
D10,primary,0,487,20260906100000487,bootstrap_seed_v1,81857728b78095013779b4d61403f621,36c9825d7c3c3009afb16fb4c6868c6b,3fd2c1760679670f90a0e38ce853c3b8,e256f60dc8e797b4ff50042d2d955785,198,True,0.04904767534665233,OK
D10,primary,0,488,20260906100000488,bootstrap_seed_v1,81857728b78095013779b4d61403f621,36c9825d7c3c3009afb16fb4c6868c6b,2180c0a030c0a232af9f4fb9bb878632,05b90c895879ec2b75280d0159939373,75,True,0.16951646641128137,OK
D10,primary,0,489,20260906100000489,bootstrap_seed_v1,81857728b78095013779b4d61403f621,36c9825d7c3c3009afb16fb4c6868c6b,844bd28e02add2864cb05ed058ea5477,885067d1caf70ecda0490c7d03697af4,110,True,0.0552429608906696,OK
D10,primary,0,490,20260906100000490,bootstrap_seed_v1,81857728b78095013779b4d61403f621,36c9825d7c3c3009afb16fb4c6868c6b,d9cce5223c41b49561b67224ee546646,80f61d99475bb06c93016157a40ebb48,73,True,0.05917085806022637,OK
D10,primary,0,491,20260906100000491,bootstrap_seed_v1,81857728b78095013779b4d61403f621,36c9825d7c3c3009afb16fb4c6868c6b,01b8f8b31ef790c645aeb263be577776,e251813fec0ba7c42992462efbc96003,97,True,0.06421242110910613,OK
D10,primary,0,492,20260906100000492,bootstrap_seed_v1,81857728b78095013779b4d61403f621,36c9825d7c3c3009afb16fb4c6868c6b,6ed3d20aed528544da8d5f3ff8007b18,9dfff9b59ba77cd254828559d586175b,68,True,0.07552233336869497,OK
D10,primary,0,493,20260906100000493,bootstrap_seed_v1,81857728b78095013779b4d61403f621,36c9825d7c3c3009afb16fb4c6868c6b,4d78f80ba05d92c4a6e3de4e101b8936,8a6b9f045bca61326a53427e4e92e185,88,True,0.08501450290600998,OK
D10,primary,0,494,20260906100000494,bootstrap_seed_v1,81857728b78095013779b4d61403f621,36c9825d7c3c3009afb16fb4c6868c6b,78ab20f731458289fbb9eba3a284961d,e4d6f541de63bf5d3feacda9985aee5d,56,True,0.07887660736914157,OK
D10,primary,0,495,20260906100000495,bootstrap_seed_v1,81857728b78095013779b4d61403f621,36c9825d7c3c3009afb16fb4c6868c6b,8a6a362c39a615df9ae40fd5c39434df,a58f1e0a5635fbd4f5043551ee4a3459,55,True,0.09462889505746874,OK
D10,primary,0,496,20260906100000496,bootstrap_seed_v1,81857728b78095013779b4d61403f621,36c9825d7c3c3009afb16fb4c6868c6b,e1efa7ef080ad81fa33eb52189b8751d,87df67397f19e4708579621c3eccdd20,74,True,0.06814721700441823,OK
D10,primary,0,497,20260906100000497,bootstrap_seed_v1,81857728b78095013779b4d61403f621,36c9825d7c3c3009afb16fb4c6868c6b,d1ce2a43878a893bc725e818156f705d,e8cde3200eb56e162e8987d9fad47d70,80,True,0.08658199335129368,OK
D10,primary,0,498,20260906100000498,bootstrap_seed_v1,81857728b78095013779b4d61403f621,36c9825d7c3c3009afb16fb4c6868c6b,b8dc361e2955f0e6598d1a7402780e0b,b5ce025423bc72122f6d5898de142545,43,True,0.09620246714757485,OK
