source_passage_id,docx_file,source_document_id,paragraph_index,style,text,review_status,image_verified
SP-00001,enklave-salido.docx,,1,Normal,"1.04.02 Inventaris van het archief van de Verenigde Oost-Indische Compagnie (VOC), 1602-1795 (1811)",researcher_docx,not_checked
SP-00002,enklave-salido.docx,,2,Normal,7964 1682 mrt. 12 - dec. 28,researcher_docx,not_checked
SP-00003,enklave-salido.docx,,3,Normal,Tambang Emas Sillida,researcher_docx,not_checked
SP-00004,enklave-salido.docx,,4,Normal,Tertanggal 12 Maret 1682,researcher_docx,not_checked
SP-00005,enklave-salido.docx,,5,Normal,Laporan hasil pengujian bijih,researcher_docx,not_checked
SP-00006,enklave-salido.docx,,6,Normal,"Laporan kepada Tuan Yang Terhormat Joan van Leene, pejabat sementara pemegang kekuasaan di Pantai Barat Sumatra ini, dan seterusnya, mengenai pengujian-pengujian yang telah dilakukan terhadap bijih yang disebutkan di bawah ini, yang berasal dari tambang emas Sillida, yaitu dari Zuijder-schagt, yang dikumpulkan dan diuji sejak tanggal 8 sampai 27 Desember 1681. Dalam setiap seratus pon mineral mentah ditemukan emas murni dan perak murni dalam jumlah sebagai berikut.",researcher_docx,not_checked
SP-00007,enklave-salido.docx,,7,Normal,Hasil pengujian kadar (Assaijen),researcher_docx,not_checked
SP-00008,enklave-salido.docx,,8,Normal,Pengujian tanggal 13 Desember 1681,researcher_docx,not_checked
SP-00009,enklave-salido.docx,,9,Normal,"Bijih yang diambil dari Zuijder-schagt, dihitung untuk setiap satu centenaar atau seratus pon mineral mentah, mengandung:",researcher_docx,not_checked
SP-00010,enklave-salido.docx,,10,Normal,perak murni: – : 14 : 16,researcher_docx,not_checked
SP-00011,enklave-salido.docx,,11,Normal,emas: – : 1 : 2,researcher_docx,not_checked
SP-00012,enklave-salido.docx,,12,Normal,jumlah keseluruhan: – : 15 : 18,researcher_docx,not_checked
SP-00013,enklave-salido.docx,,13,Normal,Pengujian tanggal 20 Desember 1681,researcher_docx,not_checked
SP-00014,enklave-salido.docx,,14,Normal,"Bijih yang diambil dari Zuijder-schagt, dihitung untuk setiap satu centenaar atau seratus pon mineral mentah, mengandung:",researcher_docx,not_checked
SP-00015,enklave-salido.docx,,15,Normal,perak murni: 1 : 5 : 9,researcher_docx,not_checked
SP-00016,enklave-salido.docx,,16,Normal,emas: – : 1 : 9,researcher_docx,not_checked
SP-00017,enklave-salido.docx,,17,Normal,jumlah keseluruhan: 1 : 7 : –,researcher_docx,not_checked
SP-00018,enklave-salido.docx,,18,Normal,Pengujian tanggal 27 Desember 1681,researcher_docx,not_checked
SP-00019,enklave-salido.docx,,19,Normal,"Bijih yang diambil dari Zuijder-schagt, dihitung untuk setiap satu centenaar atau seratus pon mineral mentah, mengandung:",researcher_docx,not_checked
SP-00020,enklave-salido.docx,,20,Normal,perak murni: 1 : 8 : 6,researcher_docx,not_checked
SP-00021,enklave-salido.docx,,21,Normal,emas: – : 1 : 12,researcher_docx,not_checked
SP-00022,enklave-salido.docx,,22,Normal,jumlah keseluruhan: 1 : 10 : –,researcher_docx,not_checked
SP-00023,enklave-salido.docx,,23,Normal,"Notasi kadar di atas dipertahankan sesuai naskah. Dokumen tidak menuliskan nama setiap unit secara lengkap pada tabel, tetapi notasi tersebut merupakan sistem bobot bertingkat untuk logam mulia.",researcher_docx,not_checked
SP-00024,enklave-salido.docx,,24,Normal,Perhitungan (Calculatie),researcher_docx,not_checked
SP-00025,enklave-salido.docx,,25,Normal,Bijih tanggal 13 Desember 1681,researcher_docx,not_checked
SP-00026,enklave-salido.docx,,26,Normal,Bijih yang berasal dari Zuijder-schagt memiliki berat bersih:,researcher_docx,not_checked
SP-00027,enklave-salido.docx,,27,Normal,85 pon,researcher_docx,not_checked
SP-00028,enklave-salido.docx,,28,Normal,Kandungan perak:,researcher_docx,not_checked
SP-00029,enklave-salido.docx,,29,Normal,"– : 12 : 11
senilai ƒ19:14:1",researcher_docx,not_checked
SP-00030,enklave-salido.docx,,30,Normal,Kandungan emas:,researcher_docx,not_checked
SP-00031,enklave-salido.docx,,31,Normal,"– : – : 17
senilai ƒ20:19:2",researcher_docx,not_checked
SP-00032,enklave-salido.docx,,32,Normal,Jumlah keseluruhan kandungan emas dan perak:,researcher_docx,not_checked
SP-00033,enklave-salido.docx,,33,Normal,"– : 13 : 10
senilai ƒ40:13:3",researcher_docx,not_checked
SP-00034,enklave-salido.docx,,34,Normal,Bijih tanggal 20 Desember 1681,researcher_docx,not_checked
SP-00035,enklave-salido.docx,,35,Normal,Bijih dari tempat yang sama memiliki berat bersih:,researcher_docx,not_checked
SP-00036,enklave-salido.docx,,36,Normal,90 pon,researcher_docx,not_checked
SP-00037,enklave-salido.docx,,37,Normal,Kandungan perak:,researcher_docx,not_checked
SP-00038,enklave-salido.docx,,38,Normal,"1 : 3 : 6
senilai ƒ30:4:2",researcher_docx,not_checked
SP-00039,enklave-salido.docx,,39,Normal,Kandungan emas:,researcher_docx,not_checked
SP-00040,enklave-salido.docx,,40,Normal,"– : 1 : 6
senilai ƒ29:11:10",researcher_docx,not_checked
SP-00041,enklave-salido.docx,,41,Normal,Jumlah keseluruhan kandungan emas dan perak:,researcher_docx,not_checked
SP-00042,enklave-salido.docx,,42,Normal,"1 : 4 : 12
senilai ƒ59:15:12",researcher_docx,not_checked
SP-00043,enklave-salido.docx,,43,Normal,Bijih tanggal 27 Desember 1681,researcher_docx,not_checked
SP-00044,enklave-salido.docx,,44,Normal,Bijih dari tempat yang sama memiliki berat bersih:,researcher_docx,not_checked
SP-00045,enklave-salido.docx,,45,Normal,56 pon,researcher_docx,not_checked
SP-00046,enklave-salido.docx,,46,Normal,Kandungan perak:,researcher_docx,not_checked
SP-00047,enklave-salido.docx,,47,Normal,"– : 13 : 11
senilai ƒ21:5:5",researcher_docx,not_checked
SP-00048,enklave-salido.docx,,48,Normal,Kandungan emas:,researcher_docx,not_checked
SP-00049,enklave-salido.docx,,49,Normal,"– : – : 16
senilai ƒ19:14:7",researcher_docx,not_checked
SP-00050,enklave-salido.docx,,50,Normal,Jumlah keseluruhan kandungan emas dan perak:,researcher_docx,not_checked
SP-00051,enklave-salido.docx,,51,Normal,"– : 14 : 9
senilai ƒ40:19:12",researcher_docx,not_checked
SP-00052,enklave-salido.docx,,52,Normal,Jumlah Keseluruhan,researcher_docx,not_checked
SP-00053,enklave-salido.docx,,53,Normal,Sebanyak:,researcher_docx,not_checked
SP-00054,enklave-salido.docx,,54,Normal,231 pon bijih,researcher_docx,not_checked
SP-00055,enklave-salido.docx,,55,Normal,menghasilkan kandungan emas dan perak dengan jumlah bobot:,researcher_docx,not_checked
SP-00056,enklave-salido.docx,,56,Normal,3 : – : 13,researcher_docx,not_checked
SP-00057,enklave-salido.docx,,57,Normal,dengan nilai keseluruhan:,researcher_docx,not_checked
SP-00058,enklave-salido.docx,,58,Normal,ƒ141:8:11,researcher_docx,not_checked
SP-00059,enklave-salido.docx,,59,Normal,Pengesahan,researcher_docx,not_checked
SP-00060,enklave-salido.docx,,60,Normal,Di bawah laporan tertulis:,researcher_docx,not_checked
SP-00061,enklave-salido.docx,,61,Normal,Pelayan Yang Mulia yang tunduk dan berkewajiban.,researcher_docx,not_checked
SP-00062,enklave-salido.docx,,62,Normal,Ditandatangani:,researcher_docx,not_checked
SP-00063,enklave-salido.docx,,63,Normal,J. S. Hoffman,researcher_docx,not_checked
SP-00064,enklave-salido.docx,,64,Normal,Di margin tertulis:,researcher_docx,not_checked
SP-00065,enklave-salido.docx,,65,Normal,"Tambang emas Sillida, 27 Desember 1681.",researcher_docx,not_checked
SP-00067,enklave-salido.docx,,67,Normal,Surat Benjamin Olitsch dari Tambang Emas Sillida,researcher_docx,not_checked
SP-00068,enklave-salido.docx,,68,Normal,30 April 1682,researcher_docx,not_checked
SP-00069,enklave-salido.docx,,69,Normal,Batavia,researcher_docx,not_checked
SP-00070,enklave-salido.docx,,70,Normal,"Aan Haar Hoog Edelen, den Edelen Heer Cornelis Speelman, Gouverneur-Generaal, en de Edele Heeren Raden van Nederlands India.",researcher_docx,not_checked
SP-00071,enklave-salido.docx,,71,Normal,"Hooge en Wel-Edele, Hooggebiedende Heeren en Patronen.",researcher_docx,not_checked
SP-00072,enklave-salido.docx,,72,Normal,"Ontfangen tot Batavia den 29 Junij 1682, per de chaloup De Neptunus.",researcher_docx,not_checked
SP-00073,enklave-salido.docx,,73,Normal,"U Hoog Edelens vertrouwen mijn jongste schrijven, in dato 12 Maart laatstleden, wel ontfangen, en de constitutie van d’E. Comp:s mijnwerken, ter selver tijt, daaruijt beoogt hebben.",researcher_docx,not_checked
SP-00074,enklave-salido.docx,,74,Normal,Een omstandiger relaas gelieven Haar Hoog Edelens uijt de hiernevens gaande papieren te beoogen.,researcher_docx,not_checked
SP-00075,enklave-salido.docx,,75,Normal,"Den tegenwoordigen toestand gemelter mijne behelzende, soo heeft men groote hope gestelt op de H: Z: Wester-daggang, die ’t sedert een geruijmen tijt de meeste quantiteijt aan erts gelevert.",researcher_docx,not_checked
SP-00076,enklave-salido.docx,,76,Normal,"Maar, als nu blijkt, sulx geheel contrarie, alsoo thans in denselven gang boven de ¼ vadem erts niet meer voorhanden is; en soo sulx uijtgeslagen is, wijders alle hope teniet.",researcher_docx,not_checked
SP-00077,enklave-salido.docx,,77,Normal,"Vermits soo in ’t hangende als ’t leggende en benedenwaarts overal de Maleijtse werken sig vertoonen, in dewelcke onmogelijk schijnt voort te komen, oversulx niet sien kan wat in ’t toekomende bij dese werken verder te doen sal sijn.",researcher_docx,not_checked
SP-00078,enklave-salido.docx,,78,Normal,"D’oude mijne betreffende, werd mede van dag tot dag slechter bevonden, en kan men d’uijtleveringe van dien beter een doofachtig hornsteen, op sijn Duijts genaamt, dan erts vergelijken, gelijk sulx den slechten inhoud uijt d’laatste assayrapporten vermeld.",researcher_docx,not_checked
SP-00079,enklave-salido.docx,,79,Normal,Uijt alle desen oordeele ’t seer qualijk gedaan te sijn d’E. Comp:e het wijder voortsetten deses seer kostbaren wercks aan te raden.,researcher_docx,not_checked
SP-00080,enklave-salido.docx,,80,Normal,Mondeling berigt staan U Hoog Edelens van den overkomenden Marcktscheijder Joan Plentnaer en van mij per naaster occasie ten overvloede te ontwaren.,researcher_docx,not_checked
SP-00081,enklave-salido.docx,,81,Normal,Boven desen bevinden alhier nog een merkelijke quantiteijt van des d’Graeffs overgebleven schlam.,researcher_docx,not_checked
SP-00082,enklave-salido.docx,,82,Normal,"Stelle het in Haar Hoog Edelens believen, of deselve genegen sijn gemelte schlam van de inlanders alhier ten voordele der E. Comp:e uijt te laten wasschen, opdat egter deselve bij verlatinge der mijnwerken gemelten inlanders niet te buijt mogten vallen.",researcher_docx,not_checked
SP-00083,enklave-salido.docx,,83,Normal,"Eijndelijk versoeke Haar Hoog Edelens onderdanigst, sulcker ontstentenis halven, mij grootgunstig te licentieren, als die buijten dien een swakken, kranken persoon sij, benevens den overigen rest van schier altemaal ongesonde berglieden, wiens meeste part ook haar verbonden tijt bijna geëxpireert is, van hier met de naast vertreckende bodem Batavia- en wijders Patriawaarts te laten keren.",researcher_docx,not_checked
SP-00084,enklave-salido.docx,,84,Normal,"U Hoog Edelens hiermede in Godes bescherminge bevelende, blijve.",researcher_docx,not_checked
SP-00085,enklave-salido.docx,,85,Normal,Onderstond:,researcher_docx,not_checked
SP-00086,enklave-salido.docx,,86,Normal,U Hoog Edelens onderdanigen dienaar.,researcher_docx,not_checked
SP-00087,enklave-salido.docx,,87,Normal,Was geteekent: Benjamin Olitsch.,researcher_docx,not_checked
SP-00088,enklave-salido.docx,,88,Normal,Catatan marginal,researcher_docx,not_checked
SP-00089,enklave-salido.docx,,89,Normal,"Actum Sillidase Goutmijne, adij 30 April 1682.",researcher_docx,not_checked
SP-00091,enklave-salido.docx,,91,Normal,Batavia,researcher_docx,not_checked
SP-00092,enklave-salido.docx,,92,Normal,"Kepada Yang Mulia Tuan Cornelis Speelman, Gubernur Jenderal, beserta Tuan-Tuan Anggota Dewan Hindia Belanda yang Mulia.",researcher_docx,not_checked
SP-00093,enklave-salido.docx,,93,Normal,"Tuan-Tuan Yang Tinggi, Sangat Mulia, Berkekuasaan Tinggi, dan Para Pelindung.",researcher_docx,not_checked
SP-00094,enklave-salido.docx,,94,Normal,Catatan penerimaan,researcher_docx,not_checked
SP-00095,enklave-salido.docx,,95,Normal,Diterima di Batavia pada tanggal 29 Juni 1682 dengan kapal kecil De Neptunus.,researcher_docx,not_checked
SP-00096,enklave-salido.docx,,96,Normal,Isi surat,researcher_docx,not_checked
SP-00097,enklave-salido.docx,,97,Normal,"Saya percaya bahwa Yang Mulia telah menerima dengan baik surat saya yang terakhir, tertanggal 12 Maret yang lalu, dan bahwa pada waktu itu Yang Mulia telah memperoleh gambaran darinya mengenai keadaan pekerjaan-pekerjaan tambang Kompeni Yang Terhormat.",researcher_docx,not_checked
SP-00098,enklave-salido.docx,,98,Normal,Kiranya Yang Mulia berkenan memperoleh suatu laporan yang lebih terperinci dari dokumen-dokumen yang turut dilampirkan bersama surat ini.,researcher_docx,not_checked
SP-00099,enklave-salido.docx,,99,Normal,"Mengenai keadaan tambang yang disebutkan tersebut pada saat ini, harapan yang besar sebelumnya telah diletakkan pada H: Z: Wester-daggang, yang selama beberapa waktu telah menghasilkan bijih dalam jumlah paling besar.",researcher_docx,not_checked
SP-00100,enklave-salido.docx,,100,Normal,"Namun, sebagaimana sekarang ternyata, keadaannya sama sekali berlawanan. Sebab, pada saat ini di dalam lorong tersebut tidak lagi terdapat bijih lebih dari ¼ vadem. Apabila bagian bijih tersebut telah ditambang habis, seluruh harapan selanjutnya akan lenyap.",researcher_docx,not_checked
SP-00101,enklave-salido.docx,,101,Normal,"Hal itu disebabkan karena, baik pada sisi hangende, pada sisi leggende, maupun ke arah bawah, di mana-mana tampak pekerjaan-pekerjaan Melayu. Di dalam pekerjaan-pekerjaan tersebut, tampaknya mustahil untuk meneruskan penggalian. Oleh karena itu, saya tidak dapat melihat pekerjaan apa lagi yang dapat dilakukan di tempat tersebut pada masa mendatang.",researcher_docx,not_checked
SP-00102,enklave-salido.docx,,102,Normal,"Mengenai tambang lama, keadaannya juga ditemukan semakin memburuk dari hari ke hari. Hasil yang diperoleh darinya lebih tepat dibandingkan dengan suatu doofachtig hornsteen, sebagaimana disebut dalam bahasa Jerman, daripada dengan bijih. Hal itu juga ditunjukkan oleh kandungannya yang buruk sebagaimana dinyatakan dalam laporan-laporan pengujian kadar yang terakhir.",researcher_docx,not_checked
SP-00103,enklave-salido.docx,,103,Normal,"Berdasarkan seluruh keadaan tersebut, saya menilai bahwa merupakan tindakan yang sangat tidak tepat untuk menganjurkan kepada Kompeni Yang Terhormat agar meneruskan lebih jauh pekerjaan yang sangat mahal ini.",researcher_docx,not_checked
SP-00104,enklave-salido.docx,,104,Normal,"Yang Mulia dapat memperoleh penjelasan lisan secara lebih dari cukup dari Marcktscheijder Joan Plentnaer, yang akan datang ke sana, dan dari saya sendiri pada kesempatan berikutnya.",researcher_docx,not_checked
SP-00105,enklave-salido.docx,,105,Normal,"Selain itu, di tempat ini masih terdapat sejumlah besar schlam peninggalan De Graeff.",researcher_docx,not_checked
SP-00106,enklave-salido.docx,,106,Normal,"Saya menyerahkan kepada keputusan Yang Mulia apakah Yang Mulia berkenan menyuruh penduduk pribumi di tempat ini mencuci kembali schlam yang telah disebutkan itu demi keuntungan Kompeni Yang Terhormat. Hal tersebut perlu dilakukan agar, apabila pekerjaan tambang ditinggalkan, schlam itu tidak jatuh sebagai keuntungan atau rampasan ke tangan penduduk pribumi yang telah disebutkan.",researcher_docx,not_checked
SP-00107,enklave-salido.docx,,107,Normal,"Akhirnya, dengan segala kerendahan hati saya memohon kepada Yang Mulia agar, karena tidak adanya prospek lebih lanjut tersebut, Yang Mulia berkenan memberikan izin kepada saya untuk meninggalkan tempat ini. Selain itu, saya sendiri merupakan orang yang lemah dan sakit.",researcher_docx,not_checked
SP-00108,enklave-salido.docx,,108,Normal,"Saya juga memohon agar para pekerja tambang yang masih tersisa, yang hampir semuanya berada dalam keadaan tidak sehat dan sebagian besar masa kontrak kerjanya juga hampir berakhir, diperbolehkan berangkat dari sini dengan kapal berikutnya menuju Batavia, dan selanjutnya kembali menuju Tanah Air.",researcher_docx,not_checked
SP-00109,enklave-salido.docx,,109,Normal,"Dengan ini saya menyerahkan Yang Mulia ke dalam perlindungan Tuhan, dan saya tetap menjadi,",researcher_docx,not_checked
SP-00110,enklave-salido.docx,,110,Normal,Pelayan Yang Mulia yang tunduk.,researcher_docx,not_checked
SP-00111,enklave-salido.docx,,111,Normal,Ditandatangani:,researcher_docx,not_checked
SP-00112,enklave-salido.docx,,112,Normal,Benjamin Olitsch,researcher_docx,not_checked
SP-00113,enklave-salido.docx,,113,Normal,Di margin tertulis:,researcher_docx,not_checked
SP-00114,enklave-salido.docx,,114,Normal,"Dibuat di Tambang Emas Sillida, pada tanggal 30 April 1682.",researcher_docx,not_checked
SP-00116,enklave-salido.docx,,116,Normal,Protokol Tambang Emas Sillida,researcher_docx,not_checked
SP-00117,enklave-salido.docx,,117,Normal,Awal Tahun 1682,researcher_docx,not_checked
SP-00118,enklave-salido.docx,,118,Normal,Judul dokumen,researcher_docx,not_checked
SP-00119,enklave-salido.docx,,119,Normal,"Protocol gehouden in de Sillidase goudmijne op de Sumatrase Westcust, van den Heer Doctor Benjamin Olitschen, des E. Comp:s Berghooftman aldaar, in den beginne des 1682:sten jaars.",researcher_docx,not_checked
SP-00120,enklave-salido.docx,,120,Normal,Terjemahan,researcher_docx,not_checked
SP-00121,enklave-salido.docx,,121,Normal,"Protokol yang diselenggarakan di Tambang Emas Sillida di Pantai Barat Sumatra oleh Tuan Doctor Benjamin Olitsch, Berghooftman Kompeni Yang Terhormat di tempat tersebut, pada awal tahun 1682.",researcher_docx,not_checked
SP-00122,enklave-salido.docx,,122,Normal,"Setelah, berdasarkan perintah Yang Mulia Tuan Rijckloff van Goens, Gubernur Jenderal, dan Tuan-Tuan Yang Mulia anggota Dewan Hindia, perjalanan saya menuju Pantai Barat luar Sumatra direncanakan, pada tanggal 12 November 1681 saya berangkat dari pelabuhan Batavia dengan kapal Nieuw Middelburgh, bersama armada yang digabungkan dengannya.",researcher_docx,not_checked
SP-00123,enklave-salido.docx,,123,Normal,"Pada tanggal 29 Desember tahun yang sama, saya tiba dengan selamat di Pulo Chinco. Di sana, kepada Tuan Commandeur Jan van Leene, saya menyerahkan armada yang telah disebutkan tersebut sesuai perintah Yang Mulia, beserta orang-orang yang berada di kapal-kapal itu dan segala perlengkapan lainnya yang menyertainya.",researcher_docx,not_checked
SP-00124,enklave-salido.docx,,124,Normal,"Karena pekerjaan Tambang Emas Sillida, yang dipercayakan kepada saya sebagai Berghooftman, harus diserahkan kepada saya, maka, berdasarkan keputusan Commandeur dan saya sendiri, dimulailah pemeriksaan terhadap perkakas dan perlengkapan yang berkaitan dengan tambang tersebut.",researcher_docx,not_checked
SP-00125,enklave-salido.docx,,125,Normal,"Namun, karena kelemahan tubuh yang terus berlangsung, saya tidak dapat menghadiri pemeriksaan itu secara pribadi. Oleh karena itu, beberapa orang tertentu ditunjuk sebagai komisaris untuk melaksanakannya, yaitu dari pihak saya:",researcher_docx,not_checked
SP-00126,enklave-salido.docx,,126,Normal,"Johann Pleitner, Marckscheider;",researcher_docx,not_checked
SP-00127,enklave-salido.docx,,127,Normal,"Johann Willem Vogel, Assaijeur.",researcher_docx,not_checked
SP-00128,enklave-salido.docx,,128,Normal,"Keduanya memeriksa mijn-proeparatorium atau fasilitas persiapan dan pengujian tambang tersebut pada tanggal 4 Januari 1682, sebagaimana ditunjukkan oleh salinannya dengan nomor yang disebutkan dalam dokumen.",researcher_docx,not_checked
SP-00129,enklave-salido.docx,,129,Normal,"Demikian pula turut disertakan daftar para pekerja tambang dan pekerja keterampilan yang ditemukan di sana, sebagaimana ditunjukkan dalam salinan bernomor 2 yang dilampirkan.",researcher_docx,not_checked
SP-00130,enklave-salido.docx,,130,Normal,"Kepada saya dilaporkan bahwa, karena budak-budak yang termasuk dalam tenaga kerja tambang digunakan dalam peperangan yang telah terjadi, selama kira-kira empat bulan orang terpaksa membiarkan tambang lama tidak beroperasi.",researcher_docx,not_checked
SP-00131,enklave-salido.docx,,131,Normal,Di dalam tambang lama itu hanya oorten atau muka-muka penggalian yang diteruskan.,researcher_docx,not_checked
SP-00132,enklave-salido.docx,,132,Normal,"Demikian pula, 7:e schagt dan J:L:W: daggang hanya sedikit dikerjakan. Sebaliknya, pekerjaan pada Princestolle diteruskan dengan lebih giat.",researcher_docx,not_checked
SP-00133,enklave-salido.docx,,133,Normal,"Karena dalam keadaan semacam itu sangat diperlukan agar saya sendiri datang ke tambang tersebut untuk menempatkannya dalam pengaturan yang lebih baik, maka, meskipun kelemahan tubuh saya terus berlangsung, pada tanggal 5 Januari saya menyuruh diri saya dibawa dari Pulo Chinco menuju Tambang Emas Sillida bersama Tuan Commandeur Jan van Leene.",researcher_docx,not_checked
SP-00134,enklave-salido.docx,,134,Normal,Di sana saya ditempatkan sebagaimana mestinya dan segala sesuatu ditangani sesuai dengan perintah Yang Mulia.,researcher_docx,not_checked
SP-00135,enklave-salido.docx,,135,Normal,"Tuan Van Leene kemudian ingin mengetahui siapa yang, karena tidak terdapat seorang Bergmeester di tempat itu, saya nilai paling cakap untuk memimpin pekerjaan tambang di bawah saya dan turut menandatangani dokumen-dokumen yang berkaitan dengannya.",researcher_docx,not_checked
SP-00136,enklave-salido.docx,,136,Normal,"Saya memilih Johan Pleitner, Marckscheider, untuk tugas tersebut.",researcher_docx,not_checked
SP-00137,enklave-salido.docx,,137,Normal,"Pekerjaan itu segera diserahkan kepadanya, setelah sebelumnya diambil alih dari Johan Hoffman, yang telah menjalankannya setelah meninggalnya [nama tidak terbaca pasti, kemungkinan pejabat tambang sebelumnya].",researcher_docx,not_checked
SP-00138,enklave-salido.docx,,138,Normal,"Johan Pleitner diperintahkan memasuki dan memeriksa tambang karena, akibat kelemahan tubuh yang terlalu besar, saya tidak mampu memeriksanya sendiri.",researcher_docx,not_checked
SP-00139,enklave-salido.docx,,139,Normal,"Setelah menerima perintah itu, Johan Pleitner melaksanakan pemeriksaan dan memberikan laporan bahwa:",researcher_docx,not_checked
SP-00140,enklave-salido.docx,,140,Normal,tambang lama;,researcher_docx,not_checked
SP-00141,enklave-salido.docx,,141,Normal,Z: schagt;,researcher_docx,not_checked
SP-00142,enklave-salido.docx,,142,Normal,"dan bagian lainnya,",researcher_docx,not_checked
SP-00143,enklave-salido.docx,,143,Normal,"harus diberi penyangga kayu kembali, karena sebagian besar konstruksi kayunya ditemukan telah membusuk.",researcher_docx,not_checked
SP-00144,enklave-salido.docx,,144,Normal,"Mengenai oude groeve atau tambang lama, sumurannya sampai kedalaman tertentu berada dalam keadaan penuh air.",researcher_docx,not_checked
SP-00145,enklave-salido.docx,,145,Normal,"Pada bovenste oort atau muka penggalian bagian atas ditemukan batuan yang sangat keras, tetapi tidak terdapat tanda-tanda bijih.",researcher_docx,not_checked
SP-00146,enklave-salido.docx,,146,Normal,Bijih yang berada pada sisi hangende merupakan bijih yang ditinggalkan oleh De Graeff. Bijih tersebut baru dapat diperoleh dengan peledakan setelah sumurannya terlebih dahulu diperkuat kembali dengan konstruksi kayu.,researcher_docx,not_checked
SP-00147,enklave-salido.docx,,147,Normal,"Di dalam 2:e schagt tidak ditemukan bijih pada bagian kedalamannya. Oleh karena itu, tidak diperlukan untuk menenggelamkan atau memperdalam sumuran tersebut lebih jauh.",researcher_docx,not_checked
SP-00148,enklave-salido.docx,,148,Normal,"Akan tetapi, mungkin akan berguna apabila ke arah N:N:W:, menuju E:L:W: daggang, dibuka sebuah lorong dan lorong tersebut kemudian diteruskan.",researcher_docx,not_checked
SP-00149,enklave-salido.docx,,149,Normal,"Namun, dapat dipertahankan sebagai suatu kepastian bahwa lorong itu akan mencapai E:W: daggang pada kedalaman atau jarak 3 lagter.",researcher_docx,not_checked
SP-00150,enklave-salido.docx,,150,Normal,"Mengenai Princestolle, ditemukan bahwa, berdasarkan petunjuk orang-orang yang sebelumnya pernah berada di tempat itu, lorong tersebut telah digerakkan terlalu jauh ke dalam sisi hangende.",researcher_docx,not_checked
SP-00151,enklave-salido.docx,,151,Normal,"Apabila arah tersebut terus dipertahankan, sumuran dapat terlewati atau meleset sejauh:",researcher_docx,not_checked
SP-00152,enklave-salido.docx,,152,Normal,2 lagter 5 duijmen,researcher_docx,not_checked
SP-00153,enklave-salido.docx,,153,Normal,Pada malam berikutnya saya memberikan perintah dan menunjukkan seberapa jauh lorong tersebut harus diarahkan menuju sisi leggende agar kembali memperoleh arah atau jalur yang semestinya.,researcher_docx,not_checked
SP-00154,enklave-salido.docx,,154,Normal,"Pada tanggal 6 Januari, atas permintaan Commandeur, diserahkan 40 budak lama yang diperlukan untuk rombongan atau tenaga kerja tambang.",researcher_docx,not_checked
SP-00155,enklave-salido.docx,,155,Normal,"Budak-budak yang datang dari Batavia, menurut teks terdiri atas:",researcher_docx,not_checked
SP-00156,enklave-salido.docx,,156,Normal,2 laki-laki;,researcher_docx,not_checked
SP-00157,enklave-salido.docx,,157,Normal,40 anak laki-laki atau pemuda;,researcher_docx,not_checked
SP-00158,enklave-salido.docx,,158,Normal,25 anak perempuan atau perempuan muda.,researcher_docx,not_checked
SP-00159,enklave-salido.docx,,159,Normal,Jumlah keseluruhannya:,researcher_docx,not_checked
SP-00160,enklave-salido.docx,,160,Normal,67 orang,researcher_docx,not_checked
SP-00161,enklave-salido.docx,,161,Normal,"Mereka diserahkan kepada saya oleh Jordan Tiding, pemegang buku di rumah Te Velsen.",researcher_docx,not_checked
SP-00162,enklave-salido.docx,,162,Normal,"Dalam kelompok tersebut termasuk pula dua budak milik Tuan Camphuijsen, yang telah dijatuhi hukuman.",researcher_docx,not_checked
SP-00163,enklave-salido.docx,,163,Normal,"Budak-budak tersebut kemudian segera dibagi ke dalam beberapa schigten atau giliran kerja, yaitu untuk:",researcher_docx,not_checked
SP-00164,enklave-salido.docx,,164,Normal,tambang lama;,researcher_docx,not_checked
SP-00165,enklave-salido.docx,,165,Normal,Z: schagt;,researcher_docx,not_checked
SP-00166,enklave-salido.docx,,166,Normal,Z:Z:W: daggang;,researcher_docx,not_checked
SP-00167,enklave-salido.docx,,167,Normal,Princestolle.,researcher_docx,not_checked
SP-00168,enklave-salido.docx,,168,Normal,"Setelah itu, pekerjaan tambang dimulai kembali. Pekerjaan untuk memperkuat sumuran lama dengan konstruksi kayu juga mulai dilakukan.",researcher_docx,not_checked
SP-00169,enklave-salido.docx,,169,Normal,"Karena terdapat kekurangan tempat tinggal bagi para budak, dianggap baik agar budak-budak yang menjalani giliran kerja malam dapat digunakan pada siang hari untuk membangun sebuah rumah budak yang baru.",researcher_docx,not_checked
SP-00170,enklave-salido.docx,,170,Normal,"Pembangunan rumah tersebut kemudian dilaksanakan, demikian pula beberapa pekerjaan perbaikan lainnya.",researcher_docx,not_checked
SP-00171,enklave-salido.docx,,171,Normal,"Pada tanggal 10 Januari, pekerjaan-pekerjaan tambang diperiksa oleh Marckscheider Jan van Pleitner.",researcher_docx,not_checked
SP-00172,enklave-salido.docx,,172,Normal,"Di dalam tambang lama ditemukan bahwa pada sisi hangende, melalui suatu bukaan atau hasil peledakan pada strosse, terdapat aliran air yang besar dan mengalir kuat keluar melalui mulut stolle.",researcher_docx,not_checked
SP-00173,enklave-salido.docx,,173,Normal,"Setelah itu, sumuran terdalam diperiksa. Ditemukan bahwa air telah masuk sampai lebih dari 1 lagter.",researcher_docx,not_checked
SP-00174,enklave-salido.docx,,174,Normal,Dari keadaan tersebut disimpulkan bahwa air memasuki sumuran melalui celah-celah yang terbentuk di dalam batuan dari arah sumuran menuju stolle.,researcher_docx,not_checked
SP-00175,enklave-salido.docx,,175,Normal,Turut diamati bahwa sejumlah aliran air tampak pada sisi leggende di tambang lama.,researcher_docx,not_checked
SP-00176,enklave-salido.docx,,176,Normal,"Oleh karena itu, di tempat tersebut dibuat sebuah traste atau instalasi penampung/pengalir, supaya air yang berada di sekelilingnya dapat ditampung dan dialirkan dengan lebih mudah.",researcher_docx,not_checked
SP-00177,enklave-salido.docx,,177,Normal,Diperkirakan bahwa untuk menyelesaikan pekerjaan penyanggaan kayu pada sumuran lama masih dibutuhkan waktu:,researcher_docx,not_checked
SP-00178,enklave-salido.docx,,178,Normal,5 minggu,researcher_docx,not_checked
SP-00179,enklave-salido.docx,,179,Normal,"Selama waktu tersebut, bijih belum dapat dikeluarkan dari tambang lama.",researcher_docx,not_checked
SP-00180,enklave-salido.docx,,180,Normal,Bijih yang terdapat pada Z:Z:W: daggang berasal dari berbagai jenis atau sifat.,researcher_docx,not_checked
SP-00181,enklave-salido.docx,,181,Normal,"Bijih tersebut berada seperti nesten atau urat-urat kecil, yang ditinggalkan oleh orang-orang Melayu.",researcher_docx,not_checked
SP-00182,enklave-salido.docx,,182,Normal,Hal itu tampak dari keadaan bahwa lapangan atau batuannya telah terpotong dan orang-orang Melayu sebelumnya telah bekerja pada sisi hangende.,researcher_docx,not_checked
SP-00183,enklave-salido.docx,,183,Normal,"Karena kebutuhan mendesak dan atas permintaan para Assaijeur, sebuah laboratorium juga harus dibangun.",researcher_docx,not_checked
SP-00184,enklave-salido.docx,,184,Normal,4 sampai 10 Januari 1682,researcher_docx,not_checked
SP-00185,enklave-salido.docx,,185,Normal,"Di Z:Z:W: daggang, dari tanggal 4 sampai 10 Januari, dilakukan:",researcher_docx,not_checked
SP-00186,enklave-salido.docx,,186,Normal,13 schooten atau 13 peledakan/penggalian tembak.,researcher_docx,not_checked
SP-00187,enklave-salido.docx,,187,Normal,"Di Princestolle, dalam periode yang sama, dilakukan:",researcher_docx,not_checked
SP-00188,enklave-salido.docx,,188,Normal,24 schooten,researcher_docx,not_checked
SP-00189,enklave-salido.docx,,189,Normal,Dari pekerjaan-pekerjaan tersebut pada minggu itu diperoleh:,researcher_docx,not_checked
SP-00190,enklave-salido.docx,,190,Normal,135 pon bijih,researcher_docx,not_checked
SP-00191,enklave-salido.docx,,191,Normal,Bijih itu diuji oleh para Assaijeur.,researcher_docx,not_checked
SP-00192,enklave-salido.docx,,192,Normal,"Menurut pengujian dan perhitungan yang dibuat oleh Johann Hoffman, kandungan emas dan peraknya adalah:",researcher_docx,not_checked
SP-00193,enklave-salido.docx,,193,Normal,"6 mark, 1 lood, 16 grein",researcher_docx,not_checked
SP-00194,enklave-salido.docx,,194,Normal,"Nilai uangnya, sebagaimana terbaca pada naskah:",researcher_docx,not_checked
SP-00195,enklave-salido.docx,,195,Normal,ƒ51:–:16,researcher_docx,not_checked
SP-00196,enklave-salido.docx,,196,Normal,"Menurut pengujian dan perhitungan Johan Willem Vogel, kandungan emas dan peraknya adalah:",researcher_docx,not_checked
SP-00197,enklave-salido.docx,,197,Normal,"6 mark, 3 lood, 3 grein",researcher_docx,not_checked
SP-00198,enklave-salido.docx,,198,Normal,Nilai uangnya:,researcher_docx,not_checked
SP-00199,enklave-salido.docx,,199,Normal,ƒ47:4:11,researcher_docx,not_checked
SP-00200,enklave-salido.docx,,200,Normal,Hasil tersebut ditunjukkan dalam surat-surat pengujian yang dilampirkan dengan nomor:,researcher_docx,not_checked
SP-00201,enklave-salido.docx,,201,Normal,3 dan 4,researcher_docx,not_checked
SP-00202,enklave-salido.docx,,202,Normal,"Catatan: Notasi angka nilai pertama pada hasil Johan Hoffman perlu dibandingkan langsung dengan lembar assay terkait, karena susunan angka pada hasil ekstraksi tidak sepenuhnya jelas.",researcher_docx,not_checked
SP-00203,enklave-salido.docx,,203,Normal,12 Januari 1682,researcher_docx,not_checked
SP-00204,enklave-salido.docx,,204,Normal,"Pada tanggal 12 Januari, saya mengutus orang-orang berikut untuk menemukan atau mencari beberapa gangen atau aderen:",researcher_docx,not_checked
SP-00205,enklave-salido.docx,,205,Normal,"Johann Pleitner, Marckscheider;",researcher_docx,not_checked
SP-00206,enklave-salido.docx,,206,Normal,"Johann Jürgen Lange, Oppersteiger;",researcher_docx,not_checked
SP-00207,enklave-salido.docx,,207,Normal,beberapa pekerja tambang;,researcher_docx,not_checked
SP-00208,enklave-salido.docx,,208,Normal,sejumlah budak yang ditambahkan kepada mereka.,researcher_docx,not_checked
SP-00209,enklave-salido.docx,,209,Normal,Mereka juga ditugaskan memeriksa kayu untuk menentukan apakah kayu tersebut sesuai:,researcher_docx,not_checked
SP-00210,enklave-salido.docx,,210,Normal,untuk keperluan pembangunan;,researcher_docx,not_checked
SP-00211,enklave-salido.docx,,211,Normal,untuk dibakar menjadi arang;,researcher_docx,not_checked
SP-00212,enklave-salido.docx,,212,Normal,untuk pekerjaan peleburan;,researcher_docx,not_checked
SP-00213,enklave-salido.docx,,213,Normal,dan keperluan lainnya.,researcher_docx,not_checked
SP-00214,enklave-salido.docx,,214,Normal,"Setelah kembali, Pleitner melaporkan bahwa mereka menemukan beberapa gangen, tetapi semuanya terdiri atas batuan yang disebut waterkiesen. Beberapa contoh batuan itu turut dibawa sebagai bukti.",researcher_docx,not_checked
SP-00215,enklave-salido.docx,,215,Normal,Hanya ditemukan sedikit sekali kayu yang sesuai untuk keperluan-keperluan tersebut.,researcher_docx,not_checked
SP-00216,enklave-salido.docx,,216,Normal,Pegunungan ke arah barat dan [arah berikutnya tidak terbaca pasti] tidak dapat diperiksa karena hutan yang terlalu lebat.,researcher_docx,not_checked
SP-00217,enklave-salido.docx,,217,Normal,"Pemeriksaan tersebut juga tidak dapat dilakukan tanpa biaya besar dan tambahan waktu. Kami telah meneruskan penyelidikan itu selama tiga hari, tetapi kemudian menghentikan pemeriksaan lebih lanjut.",researcher_docx,not_checked
SP-00218,enklave-salido.docx,,218,Normal,"Pada hari Sabtu, tanggal 17 Januari, tambang dimasuki dan diperiksa oleh Johann Pleitner.",researcher_docx,not_checked
SP-00219,enklave-salido.docx,,219,Normal,"Tidak ditemukan sesuatu yang penting. Namun, pekerjaan konstruksi kayu di tambang lama tetap dilanjutkan.",researcher_docx,not_checked
SP-00220,enklave-salido.docx,,220,Normal,11 sampai 17 Januari 1682,researcher_docx,not_checked
SP-00221,enklave-salido.docx,,221,Normal,"Di Z:Z:W: daggang, dari tanggal 11 sampai 17 Januari, dilakukan:",researcher_docx,not_checked
SP-00222,enklave-salido.docx,,222,Normal,25 schooten,researcher_docx,not_checked
SP-00223,enklave-salido.docx,,223,Normal,Di Princestolle dilakukan:,researcher_docx,not_checked
SP-00224,enklave-salido.docx,,224,Normal,17 schooten,researcher_docx,not_checked
SP-00225,enklave-salido.docx,,225,Normal,Dari pekerjaan di Zuijder-schagt pada minggu itu diperoleh:,researcher_docx,not_checked
SP-00226,enklave-salido.docx,,226,Normal,318 pon bijih,researcher_docx,not_checked
SP-00227,enklave-salido.docx,,227,Normal,"Menurut pengujian dan perhitungan Johann Hoffman, kandungan emas dan peraknya adalah:",researcher_docx,not_checked
SP-00228,enklave-salido.docx,,228,Normal,"4 mark, 12 lood, 5 grein",researcher_docx,not_checked
SP-00229,enklave-salido.docx,,229,Normal,Nilai uangnya:,researcher_docx,not_checked
SP-00230,enklave-salido.docx,,230,Normal,ƒ173:4:1,researcher_docx,not_checked
SP-00231,enklave-salido.docx,,231,Normal,"Menurut pengujian dan perhitungan Johan Willem Vogel, kandungan perak dan emasnya adalah:",researcher_docx,not_checked
SP-00232,enklave-salido.docx,,232,Normal,"4 mark, 10 lood, [angka grein kurang jelas]",researcher_docx,not_checked
SP-00233,enklave-salido.docx,,233,Normal,Nilai uangnya:,researcher_docx,not_checked
SP-00234,enklave-salido.docx,,234,Normal,ƒ163:11:2,researcher_docx,not_checked
SP-00235,enklave-salido.docx,,235,Normal,"Pada minggu ketiga bulan Januari, yaitu tanggal 23 Januari, laboresse Veronica Heijnemans datang menemui saya di tempat ini.",researcher_docx,not_checked
SP-00236,enklave-salido.docx,,236,Normal,"Veronica Heijnemans sebelumnya sibuk menjalankan pekerjaan laboratorium di Pulo Chinco. Akan tetapi, sampai waktu itu tidak ada sesuatu yang baik yang berhasil dicapainya, dan tidak pula terdapat tanda-tanda bahwa hasil yang baik dapat diharapkan selanjutnya.",researcher_docx,not_checked
SP-00237,enklave-salido.docx,,237,Normal,"Veronica Heijnemans datang dengan maksud agar saya memberikan bantuan kepadanya, termasuk meminta persetujuan atau pernyataan dari saya bahwa Veronica Heijnemans merupakan orang yang mampu membawa pekerjaan yang direncanakannya kepada hasil yang baik.",researcher_docx,not_checked
SP-00238,enklave-salido.docx,,238,Normal,"Dapat dipastikan bahwa seandainya Veronica Heijnemans berhadapan dengan seseorang yang tidak lebih mengetahui pekerjaan yang diklaimnya itu daripada Veronica Heijnemans sendiri, mungkin Veronica Heijnemans dapat dengan mudah membujuk orang tersebut.",researcher_docx,not_checked
SP-00239,enklave-salido.docx,,239,Normal,"Namun, karena Tuan Commandeur Van Leene sebelumnya telah membicarakan perkara Veronica Heijnemans dengan saya, saya dapat dengan lebih mudah mengetahui bahwa urusan yang diajukannya sangat berbelit-belit dan gelap. Perkara tersebut tidak dapat diterangi dengan cahaya kecil, tetapi harus dicari dengan sebuah obor besar.",researcher_docx,not_checked
SP-00240,enklave-salido.docx,,240,Normal,Pekerjaan itu akan menyebabkan Kompeni Yang Terhormat menanggung biaya sebesar kira-kira:,researcher_docx,not_checked
SP-00241,enklave-salido.docx,,241,Normal,½ cent lebih tinggi daripada harga emas,researcher_docx,not_checked
SP-00242,enklave-salido.docx,,242,Normal,yang menurut pengakuannya hendak dibuatnya.,researcher_docx,not_checked
SP-00243,enklave-salido.docx,,243,Normal,"Agar dua perkara buruk, yaitu:",researcher_docx,not_checked
SP-00244,enklave-salido.docx,,244,Normal,Tambang Emas Kompeni yang pada saat itu telah berada dalam keadaan buruk; dan,researcher_docx,not_checked
SP-00245,enklave-salido.docx,,245,Normal,"pekerjaan laboratorium yang sangat mahal tersebut,",researcher_docx,not_checked
SP-00246,enklave-salido.docx,,246,Normal,"tidak menimbulkan biaya yang semakin besar, Commandeur bersama saya memutuskan agar laboratorium milik Juffrouw Heijnemans di Chinco diperiksa.",researcher_docx,not_checked
SP-00247,enklave-salido.docx,,247,Normal,Dalam pemeriksaan tersebut hanya ditemukan:,researcher_docx,not_checked
SP-00248,enklave-salido.docx,,248,Normal,beberapa pecahan kaca;,researcher_docx,not_checked
SP-00249,enklave-salido.docx,,249,Normal,tidak ditemukan emas.,researcher_docx,not_checked
SP-00250,enklave-salido.docx,,250,Normal,"Pada hari Sabtu, tanggal 24 Januari, setelah tambang diperiksa, dilaporkan bahwa sejumlah bijih mulai tampak di dalam Princestolle.",researcher_docx,not_checked
SP-00251,enklave-salido.docx,,251,Normal,"Namun, belum dapat diketahui apakah bijih tersebut merupakan:",researcher_docx,not_checked
SP-00252,enklave-salido.docx,,252,Normal,suatu gang yang berlanjut; atau,researcher_docx,not_checked
SP-00253,enklave-salido.docx,,253,Normal,hanya sebuah bongkah atau bagian setempat.,researcher_docx,not_checked
SP-00254,enklave-salido.docx,,254,Normal,"Dengan pertolongan Tuhan, hal itu diperkirakan dapat diketahui dalam waktu:",researcher_docx,not_checked
SP-00255,enklave-salido.docx,,255,Normal,2 sampai 3 hari,researcher_docx,not_checked
SP-00256,enklave-salido.docx,,256,Normal,"Di Z:Z:W: daggang, dari tanggal 19 sampai 24 Januari, dilakukan:",researcher_docx,not_checked
SP-00257,enklave-salido.docx,,257,Normal,27 schooten,researcher_docx,not_checked
SP-00258,enklave-salido.docx,,258,Normal,Di Princestolle juga dilakukan:,researcher_docx,not_checked
SP-00259,enklave-salido.docx,,259,Normal,27 schooten,researcher_docx,not_checked
SP-00260,enklave-salido.docx,,260,Normal,Dari pekerjaan di Zuijderwerk pada minggu tersebut diperoleh:,researcher_docx,not_checked
SP-00261,enklave-salido.docx,,261,Normal,359 pon bijih,researcher_docx,not_checked
SP-00262,enklave-salido.docx,,262,Normal,"Menurut pengujian dan perhitungan Johann Hoffman, kandungan emas dan peraknya adalah:",researcher_docx,not_checked
SP-00263,enklave-salido.docx,,263,Normal,"6 mark, 6 lood, 5 grein",researcher_docx,not_checked
SP-00264,enklave-salido.docx,,264,Normal,Nilai uangnya terbaca:,researcher_docx,not_checked
SP-00265,enklave-salido.docx,,265,Normal,ƒ233:2:13,researcher_docx,not_checked
SP-00266,enklave-salido.docx,,266,Normal,"Menurut pengujian dan perhitungan Johan Willem Vogel, kandungan emas dan peraknya adalah:",researcher_docx,not_checked
SP-00267,enklave-salido.docx,,267,Normal,"6 mark, 4 lood, 7 grein",researcher_docx,not_checked
SP-00268,enklave-salido.docx,,268,Normal,Nilai uangnya:,researcher_docx,not_checked
SP-00269,enklave-salido.docx,,269,Normal,ƒ226:15:-,researcher_docx,not_checked
SP-00270,enklave-salido.docx,,270,Normal,Setelah itu teks berlanjut dengan:,researcher_docx,not_checked
SP-00271,enklave-salido.docx,,271,Normal,’twelck ...,researcher_docx,not_checked
SP-00272,enklave-salido.docx,,272,Normal,atau:,researcher_docx,not_checked
SP-00273,enklave-salido.docx,,273,Normal,“yang mana ...”,researcher_docx,not_checked
SP-00274,enklave-salido.docx,,274,Normal,"Namun, kalimat tersebut belum selesai karena halaman atau fragmen yang diberikan berhenti pada kata itu.",researcher_docx,not_checked
SP-00275,enklave-salido.docx,,275,Normal,"Hal tersebut ditunjukkan oleh surat-surat atau catatan hasil pengujian yang telah disebutkan, Nomor 3.",researcher_docx,not_checked
SP-00276,enklave-salido.docx,,276,Normal,"Pada minggu kedua yang sama, sebagaimana telah disebutkan sebelumnya, seorang Oppersteiger bernama Jurgen Dabilo, yang pernah bekerja di tambang, karena telah terjangkit penyakit lazarus, dibebaskan dari pekerjaannya agar tidak menulari orang lain dan diizinkan berangkat menuju Batavia dengan kapal De Voorsigtigheijt.",researcher_docx,not_checked
SP-00277,enklave-salido.docx,,277,Normal,"Pada tanggal 30 bulan yang sama, 90 budak yang pergi bersama Tuan Van Seene dalam rombongan tersebut kembali lagi.",researcher_docx,not_checked
SP-00278,enklave-salido.docx,,278,Normal,"Selain hal itu, tidak terjadi sesuatu yang lain, kecuali bahwa pada Sabtu malam tambang kembali diperiksa. Selama tanggal 26 sampai 31 Januari, telah dilakukan:",researcher_docx,not_checked
SP-00279,enklave-salido.docx,,279,Normal,19 schoten di Suijderwerck;,researcher_docx,not_checked
SP-00280,enklave-salido.docx,,280,Normal,25 schoten di Princestolle.,researcher_docx,not_checked
SP-00281,enklave-salido.docx,,281,Normal,"Dari Suijderwerck, pada minggu tersebut telah diserahkan 438 pon bijih. Setelah diuji oleh Joan Hoffman, menurut perhitungan yang dibuat, kandungan emas dan peraknya berjumlah:",researcher_docx,not_checked
SP-00282,enklave-salido.docx,,282,Normal,7 m:r 8 l:t 7 g:r,researcher_docx,not_checked
SP-00283,enklave-salido.docx,,283,Normal,"Jika diperhitungkan dalam uang, nilai emas dan perak tersebut mencapai:",researcher_docx,not_checked
SP-00284,enklave-salido.docx,,284,Normal,ƒ277:9:9,researcher_docx,not_checked
SP-00285,enklave-salido.docx,,285,Normal,"Menurut pengujian dan perhitungan yang dibuat oleh Joan Willem Vogel, kandungan emas dan peraknya berjumlah:",researcher_docx,not_checked
SP-00286,enklave-salido.docx,,286,Normal,6 m:r 12 l:t 7 g:r,researcher_docx,not_checked
SP-00287,enklave-salido.docx,,287,Normal,Nilainya dalam uang mencapai:,researcher_docx,not_checked
SP-00288,enklave-salido.docx,,288,Normal,ƒ240:6:5,researcher_docx,not_checked
SP-00289,enklave-salido.docx,,289,Normal,"Hal tersebut ditunjukkan oleh laporan-laporan pengujian yang telah disebutkan, Nomor 3 dan 4.",researcher_docx,not_checked
SP-00290,enklave-salido.docx,,290,Normal,"Dengan demikian, selama bulan Januari yang telah berlalu, telah dilakukan:",researcher_docx,not_checked
SP-00291,enklave-salido.docx,,291,Normal,84 schoten di Suijderwerck;,researcher_docx,not_checked
SP-00292,enklave-salido.docx,,292,Normal,93 schoten di Princestolle;,researcher_docx,not_checked
SP-00293,enklave-salido.docx,,293,Normal,sehingga keseluruhannya berjumlah:,researcher_docx,not_checked
SP-00294,enklave-salido.docx,,294,Normal,177 schoten,researcher_docx,not_checked
SP-00295,enklave-salido.docx,,295,Normal,"Dari Suijderwerck, selama bulan Januari yang telah disebutkan itu, telah diserahkan pula:",researcher_docx,not_checked
SP-00296,enklave-salido.docx,,296,Normal,1.250 pon bijih,researcher_docx,not_checked
SP-00297,enklave-salido.docx,,297,Normal,"Berdasarkan hasil pengujian dan perhitungan yang dibuat oleh Joan Hoffman, bijih tersebut mengandung emas dan perak sebanyak:",researcher_docx,not_checked
SP-00298,enklave-salido.docx,,298,Normal,20 m:r 1 l:t 15 g:r,researcher_docx,not_checked
SP-00299,enklave-salido.docx,,299,Normal,"Jika diperhitungkan dalam uang, keseluruhannya bernilai:",researcher_docx,not_checked
SP-00300,enklave-salido.docx,,300,Normal,ƒ735:9:2,researcher_docx,not_checked
SP-00301,enklave-salido.docx,,301,Normal,"Menurut perhitungan yang dibuat oleh Joan Willem Vogel, hasil untuk seluruh bulan Januari berjumlah:",researcher_docx,not_checked
SP-00302,enklave-salido.docx,,302,Normal,19 m:r 2 l:t 10 g:r,researcher_docx,not_checked
SP-00303,enklave-salido.docx,,303,Normal,Nilainya dalam uang mencapai:,researcher_docx,not_checked
SP-00304,enklave-salido.docx,,304,Normal,ƒ678:7:3,researcher_docx,not_checked
SP-00305,enklave-salido.docx,,305,Normal,"Pada minggu pertama bulan Februari, Senin tanggal 2 Februari, Tuan Commandeur Jan van Leene tiba di tambang ini dan menerima afrede mengenai tambang Bayang dan tambang Troesang.",researcher_docx,not_checked
SP-00306,enklave-salido.docx,,306,Normal,"Namun, karena banyaknya urusan Tuan Commandeur, tidak semuanya dapat langsung dilaksanakan.",researcher_docx,not_checked
SP-00307,enklave-salido.docx,,307,Normal,"Pada Sabtu tanggal 7 Februari, tambang kembali diperiksa pada seluruh bagian atau menurut segala cara. Pada minggu tersebut telah dilakukan:",researcher_docx,not_checked
SP-00308,enklave-salido.docx,,308,Normal,19 schoten di Suijderwerck;,researcher_docx,not_checked
SP-00309,enklave-salido.docx,,309,Normal,30 schoten di Princestolle.,researcher_docx,not_checked
SP-00310,enklave-salido.docx,,310,Normal,"Dari Suijderwerck, selama tanggal 2 sampai 7 Februari, telah diserahkan:",researcher_docx,not_checked
SP-00311,enklave-salido.docx,,311,Normal,334 pon bijih,researcher_docx,not_checked
SP-00312,enklave-salido.docx,,312,Normal,"Setelah diuji oleh Johan Hoffman, menurut perhitungan yang dibuat, kandungan emas dan peraknya berjumlah:",researcher_docx,not_checked
SP-00313,enklave-salido.docx,,313,Normal,3 m:r 12 l:t 2 g:r,researcher_docx,not_checked
SP-00314,enklave-salido.docx,,314,Normal,"Jika diperhitungkan dalam uang, nilainya mencapai:",researcher_docx,not_checked
SP-00315,enklave-salido.docx,,315,Normal,ƒ139:15:1,researcher_docx,not_checked
SP-00316,enklave-salido.docx,,316,Normal,"Menurut pengujian dan perhitungan yang dibuat oleh Johan Willem Vogel, kandungan emas dan peraknya berjumlah:",researcher_docx,not_checked
SP-00317,enklave-salido.docx,,317,Normal,3 m:r 12 l:t 1 g:r,researcher_docx,not_checked
SP-00318,enklave-salido.docx,,318,Normal,Nilainya dalam uang mencapai:,researcher_docx,not_checked
SP-00319,enklave-salido.docx,,319,Normal,ƒ131:12:15,researcher_docx,not_checked
SP-00320,enklave-salido.docx,,320,Normal,"Hal tersebut ditunjukkan oleh laporan-laporan pengujian yang telah disebutkan, Nomor 3 dan 4.",researcher_docx,not_checked
SP-00321,enklave-salido.docx,,321,Normal,"Pada minggu kedua bulan Februari, Senin tanggal 9 Februari, budak-budak yang tiba dari Madagaskar dengan kapal layar Sillida, berjumlah 64 orang, diserahkan kepada saya oleh Tuan Commandeur [...]",researcher_docx,not_checked
SP-00323,enklave-salido.docx,,323,Normal,Transkripsi yang dibersihkan,researcher_docx,not_checked
SP-00324,enklave-salido.docx,,324,Normal,"... aan Joan Pleijtner, en van dien aan mij getransporteert sijnde, daaronder 10 p:r volle en 8 halfwasse jongens, 30 volle en 10 halfwasse meijden, met 6 kleene kinders.",researcher_docx,not_checked
SP-00325,enklave-salido.docx,,325,Normal,Terjemahan,researcher_docx,not_checked
SP-00326,enklave-salido.docx,,326,Normal,"... [budak-budak tersebut] diserahkan kepada Joan Pleijtner, dan kemudian olehnya diserahkan kepada saya. Di antara mereka terdapat:",researcher_docx,not_checked
SP-00327,enklave-salido.docx,,327,Normal,10 anak laki-laki yang telah dewasa;,researcher_docx,not_checked
SP-00328,enklave-salido.docx,,328,Normal,8 anak laki-laki yang setengah dewasa;,researcher_docx,not_checked
SP-00329,enklave-salido.docx,,329,Normal,30 anak perempuan yang telah dewasa;,researcher_docx,not_checked
SP-00330,enklave-salido.docx,,330,Normal,10 anak perempuan yang setengah dewasa;,researcher_docx,not_checked
SP-00331,enklave-salido.docx,,331,Normal,6 anak kecil.,researcher_docx,not_checked
SP-00332,enklave-salido.docx,,332,Normal,Jumlahnya tepat:,researcher_docx,not_checked
SP-00333,enklave-salido.docx,,333,Normal,10 + 8 + 30 + 10 + 6 = 64 orang,researcher_docx,not_checked
SP-00334,enklave-salido.docx,,334,Normal,"Kata volle dalam klasifikasi ini kemungkinan menunjukkan individu yang telah dianggap cukup umur atau cukup berkembang untuk pekerjaan. Kata meijden secara literal berarti anak perempuan atau perempuan muda. Teks tidak memakai vrouwen, sehingga tidak tepat langsung menerjemahkannya sebagai perempuan dewasa yang telah menikah.",researcher_docx,not_checked
SP-00335,enklave-salido.docx,,335,Normal,"Pada Senin, 9 Februari, saya sendiri memeriksa Princestolle, dan pada tanggal 12 bulan yang sama memeriksa Oude Mijne.",researcher_docx,not_checked
SP-00336,enklave-salido.docx,,336,Normal,"Setelah menerima laporan, ditemukan bahwa aliran air yang kuat di dalam tambang tersebut telah mengalami perubahan yang sangat besar.",researcher_docx,not_checked
SP-00337,enklave-salido.docx,,337,Normal,"Bijih yang tampak di dalam Princestolle hanya terdapat dalam potongan-potongan terpisah, tanpa mengikuti jalur yang teratur. Setelah bijih tersebut diuji, hasilnya tidak lebih dari:",researcher_docx,not_checked
SP-00338,enklave-salido.docx,,338,Normal,1 l:t,researcher_docx,not_checked
SP-00339,enklave-salido.docx,,339,Normal,"Pada Sabtu, 14 Februari, setelah menerima laporan mengenai tambang, ditemukan bahwa air, baik di dalam Oude Mijne maupun di dalam Princestolle, sebagian telah menghilang. Dari keadaan itu dapat disimpulkan bahwa klugten telah menjadi lebih buruk.",researcher_docx,not_checked
SP-00340,enklave-salido.docx,,340,Normal,Pekerjaan tanggal 9 sampai 14 Februari,researcher_docx,not_checked
SP-00341,enklave-salido.docx,,341,Normal,Selama tanggal 9 sampai 14 Februari telah dilakukan:,researcher_docx,not_checked
SP-00342,enklave-salido.docx,,342,Normal,di Z:Z:W: daggang: 22 schoten;,researcher_docx,not_checked
SP-00343,enklave-salido.docx,,343,Normal,di Princestolle: 27 schoten.,researcher_docx,not_checked
SP-00344,enklave-salido.docx,,344,Normal,"Dari Suijderwerck, pada minggu tersebut telah diserahkan:",researcher_docx,not_checked
SP-00345,enklave-salido.docx,,345,Normal,397 lb bijih,researcher_docx,not_checked
SP-00346,enklave-salido.docx,,346,Normal,"Setelah diuji oleh Johan Hoffman, menurut kalkulasi yang dibuat, kandungan emas dan peraknya berjumlah:",researcher_docx,not_checked
SP-00347,enklave-salido.docx,,347,Normal,3 m:r 15 l:t 8 g:r,researcher_docx,not_checked
SP-00348,enklave-salido.docx,,348,Normal,Nilainya dalam uang:,researcher_docx,not_checked
SP-00349,enklave-salido.docx,,349,Normal,ƒ143:16:5,researcher_docx,not_checked
SP-00350,enklave-salido.docx,,350,Normal,"Menurut pengujian dan kalkulasi Johan Willem Vogel, kandungan emas dan peraknya berjumlah:",researcher_docx,not_checked
SP-00351,enklave-salido.docx,,351,Normal,3 m:r 13 l:t 8 g:r,researcher_docx,not_checked
SP-00352,enklave-salido.docx,,352,Normal,Nilainya dalam uang:,researcher_docx,not_checked
SP-00353,enklave-salido.docx,,353,Normal,ƒ136:2:3,researcher_docx,not_checked
SP-00354,enklave-salido.docx,,354,Normal,Hal tersebut ditunjukkan oleh laporan-laporan assay Nomor 3 dan 4.,researcher_docx,not_checked
SP-00356,enklave-salido.docx,,356,Normal,"Pada minggu ketiga bulan Februari, budak-budak yang baru tiba dibagi ke berbagai schichten, baik untuk giliran yang satu maupun yang lainnya.",researcher_docx,not_checked
SP-00357,enklave-salido.docx,,357,Normal,"Pada tanggal 17 Februari, pekerjaan penyanggaan atau pertukangan kayu pada schacht di Oude Mijne telah selesai.",researcher_docx,not_checked
SP-00358,enklave-salido.docx,,358,Normal,Pada tanggal 17 tersebut dilakukan:,researcher_docx,not_checked
SP-00359,enklave-salido.docx,,359,Normal,5 schoten,researcher_docx,not_checked
SP-00360,enklave-salido.docx,,360,Normal,"Pada tanggal 18 Februari, dalam tiga schichten, yaitu pada siang dan malam hari, dilakukan:",researcher_docx,not_checked
SP-00361,enklave-salido.docx,,361,Normal,27 schoten,researcher_docx,not_checked
SP-00362,enklave-salido.docx,,362,Normal,"Pekerjaan tersebut diteruskan dengan cara demikian. Sampai tanggal 21 Februari, di Oude Mijne telah dilakukan seluruhnya:",researcher_docx,not_checked
SP-00363,enklave-salido.docx,,363,Normal,113 schoten,researcher_docx,not_checked
SP-00364,enklave-salido.docx,,364,Normal,Dalam bagian yang selanjutnya disebutkan telah dilakukan:,researcher_docx,not_checked
SP-00365,enklave-salido.docx,,365,Normal,di Z:Z:W: daggang dalam Oude Mijne: 20 schoten;,researcher_docx,not_checked
SP-00366,enklave-salido.docx,,366,Normal,di Princestolle dalam Oude Mijne: 24 schoten.,researcher_docx,not_checked
SP-00367,enklave-salido.docx,,367,Normal,Bijih tanggal 18 sampai 21 Februari,researcher_docx,not_checked
SP-00368,enklave-salido.docx,,368,Normal,Dari Oude Mijne telah diserahkan:,researcher_docx,not_checked
SP-00369,enklave-salido.docx,,369,Normal,bijih jenis pertama: 13 lb;,researcher_docx,not_checked
SP-00370,enklave-salido.docx,,370,Normal,bijih jenis kedua: 90 lb.,researcher_docx,not_checked
SP-00371,enklave-salido.docx,,371,Normal,Dari Suijderwerck telah diserahkan:,researcher_docx,not_checked
SP-00372,enklave-salido.docx,,372,Normal,bijih jenis pertama: 326 lb.,researcher_docx,not_checked
SP-00373,enklave-salido.docx,,373,Normal,Jumlah keseluruhan:,researcher_docx,not_checked
SP-00374,enklave-salido.docx,,374,Normal,429 lb bijih,researcher_docx,not_checked
SP-00375,enklave-salido.docx,,375,Normal,"Setelah diuji oleh Johan Hoffman, menurut kalkulasi yang dibuat, kandungan emas dan peraknya berjumlah:",researcher_docx,not_checked
SP-00376,enklave-salido.docx,,376,Normal,4 m:r 5 l:t 5 g:r,researcher_docx,not_checked
SP-00377,enklave-salido.docx,,377,Normal,Nilainya dalam uang:,researcher_docx,not_checked
SP-00378,enklave-salido.docx,,378,Normal,ƒ160:18:15,researcher_docx,not_checked
SP-00379,enklave-salido.docx,,379,Normal,"Menurut pengujian dan kalkulasi Johan Willem Vogel, kandungan emas dan peraknya berjumlah:",researcher_docx,not_checked
SP-00380,enklave-salido.docx,,380,Normal,4 m:r 7 l:t [angka g:r tidak terbaca],researcher_docx,not_checked
SP-00381,enklave-salido.docx,,381,Normal,Nilainya dalam uang terbaca:,researcher_docx,not_checked
SP-00382,enklave-salido.docx,,382,Normal,ƒ159:1:[angka akhir tidak terbaca],researcher_docx,not_checked
SP-00383,enklave-salido.docx,,383,Normal,Hal tersebut ditunjukkan oleh laporan-laporan assay Nomor 3 dan 4.,researcher_docx,not_checked
SP-00384,enklave-salido.docx,,384,Normal,"Pada Senin, 23 Februari, yaitu permulaan minggu keempat, pekerjaan penyanggaan atau pertukangan kayu pada Suijderschacht mulai dilakukan.",researcher_docx,not_checked
SP-00385,enklave-salido.docx,,385,Normal,"Pada kesempatan itu dilaporkan bahwa dari dalam Princestolle, di luar Ort, suara pengeboran dari Oude Mijne dapat terdengar menuju Maleijtsen Ort.",researcher_docx,not_checked
SP-00386,enklave-salido.docx,,386,Normal,"Oleh karena itu, Johan Pleijtner memeriksa stolle tersebut. Menurut laporannya, keadaan itu memang ditemukan demikian.",researcher_docx,not_checked
SP-00387,enklave-salido.docx,,387,Normal,Dari hal tersebut diperkirakan bahwa jarak yang masih harus ditembus tidak lebih dari:,researcher_docx,not_checked
SP-00388,enklave-salido.docx,,388,Normal,6 lachter,researcher_docx,not_checked
SP-00389,enklave-salido.docx,,389,Normal,Hal itu juga ditemukan sesuai setelah diperiksa pada berghcaerte dengan menggunakan passer.,researcher_docx,not_checked
SP-00390,enklave-salido.docx,,390,Normal,Pekerjaan minggu tersebut,researcher_docx,not_checked
SP-00391,enklave-salido.docx,,391,Normal,Pada minggu tersebut dilakukan:,researcher_docx,not_checked
SP-00392,enklave-salido.docx,,392,Normal,di Oude Mijne: 162 schoten;,researcher_docx,not_checked
SP-00393,enklave-salido.docx,,393,Normal,di H:L:W: daggang: 19 schoten;,researcher_docx,not_checked
SP-00394,enklave-salido.docx,,394,Normal,di Princestolle: 17 schoten.,researcher_docx,not_checked
SP-00395,enklave-salido.docx,,395,Normal,Bijih tanggal 23 sampai 28 Februari,researcher_docx,not_checked
SP-00396,enklave-salido.docx,,396,Normal,Dari Oude Mijne telah diserahkan:,researcher_docx,not_checked
SP-00397,enklave-salido.docx,,397,Normal,jenis pertama: 58 lb;,researcher_docx,not_checked
SP-00398,enklave-salido.docx,,398,Normal,jenis kedua: 293 lb.,researcher_docx,not_checked
SP-00399,enklave-salido.docx,,399,Normal,Dari Suijderwerck telah diserahkan:,researcher_docx,not_checked
SP-00400,enklave-salido.docx,,400,Normal,329 lb.,researcher_docx,not_checked
SP-00401,enklave-salido.docx,,401,Normal,Jumlah keseluruhan:,researcher_docx,not_checked
SP-00402,enklave-salido.docx,,402,Normal,680 lb bijih,researcher_docx,not_checked
SP-00403,enklave-salido.docx,,403,Normal,"Menurut pengujian Johan Hoffman, kandungan emas dan peraknya berjumlah:",researcher_docx,not_checked
SP-00404,enklave-salido.docx,,404,Normal,11 m:r 5 l:t 9 g:r,researcher_docx,not_checked
SP-00405,enklave-salido.docx,,405,Normal,Nilainya dalam uang:,researcher_docx,not_checked
SP-00406,enklave-salido.docx,,406,Normal,ƒ462:6:12,researcher_docx,not_checked
SP-00407,enklave-salido.docx,,407,Normal,"Menurut pengujian dan kalkulasi Johan Willem Vogel, kandungan emas dan peraknya berjumlah:",researcher_docx,not_checked
SP-00408,enklave-salido.docx,,408,Normal,11 m:r 8 l:t 9 g:r,researcher_docx,not_checked
SP-00409,enklave-salido.docx,,409,Normal,Nilainya dalam uang dalam hasil ekstraksi hanya terbaca:,researcher_docx,not_checked
SP-00410,enklave-salido.docx,,410,Normal,ƒ459 [...],researcher_docx,not_checked
SP-00411,enklave-salido.docx,,411,Normal,Hal tersebut ditunjukkan oleh laporan-laporan assay Nomor 3 dan 4.,researcher_docx,not_checked
SP-00413,enklave-salido.docx,,413,Normal,"Selama bulan Februari yang telah berakhir, dengan catatan bahwa pekerjaan di Oude Mijne baru dihitung sejak tanggal 18 sampai 28 Februari, sedangkan pekerjaan di Suijderwerck dan Princestolle dihitung untuk seluruh bulan, telah dilakukan:",researcher_docx,not_checked
SP-00414,enklave-salido.docx,,414,Normal,453 schoten,researcher_docx,not_checked
SP-00415,enklave-salido.docx,,415,Normal,Jumlah bijih yang diserahkan:,researcher_docx,not_checked
SP-00416,enklave-salido.docx,,416,Normal,1.890 lb,researcher_docx,not_checked
SP-00417,enklave-salido.docx,,417,Normal,"Menurut pengujian dan kalkulasi Johan Hoffman, emas dan perak yang diperoleh berjumlah:",researcher_docx,not_checked
SP-00418,enklave-salido.docx,,418,Normal,[kemungkinan 23] m:r 6 l:t 6 g:r,researcher_docx,not_checked
SP-00419,enklave-salido.docx,,419,Normal,Nilai tunainya:,researcher_docx,not_checked
SP-00420,enklave-salido.docx,,420,Normal,ƒ906:17:1,researcher_docx,not_checked
SP-00421,enklave-salido.docx,,421,Normal,"Menurut perhitungan Johan Willem Vogel, hasil seluruh bulan Februari berjumlah:",researcher_docx,not_checked
SP-00422,enklave-salido.docx,,422,Normal,23 m:r 8 l:t [angka g:r tidak terbaca],researcher_docx,not_checked
SP-00423,enklave-salido.docx,,423,Normal,Nilai tunainya:,researcher_docx,not_checked
SP-00424,enklave-salido.docx,,424,Normal,ƒ885:16:7,researcher_docx,not_checked
SP-00425,enklave-salido.docx,,425,Normal,Catatan angka,researcher_docx,not_checked
SP-00426,enklave-salido.docx,,426,Normal,Hasil ekstraksi pada perhitungan Hoffman berbunyi:,researcher_docx,not_checked
SP-00427,enklave-salido.docx,,427,Normal,2e m:r 6 l:t 6 g:r,researcher_docx,not_checked
SP-00428,enklave-salido.docx,,428,Normal,"Kemungkinan terdapat angka 3 yang salah terbaca sebagai e, sehingga bentuknya mungkin 23 m:r 6 l:t 6 g:r. Namun, angka tersebut tidak boleh ditetapkan secara definitif tanpa citra manuskrip.",researcher_docx,not_checked
SP-00430,enklave-salido.docx,,430,Normal,"Pada tanggal 2 Maret, saya mengutus Johan Pleijtner, Markscheider, bersama Elias Hesse, berghschrijver, untuk berangkat menuju Padang.",researcher_docx,not_checked
SP-00431,enklave-salido.docx,,431,Normal,"Tujuannya adalah untuk meminta keterangan mengenai tambang emas Bayang dan Troesang, apabila telah diputuskan bahwa tambang-tambang tersebut akan diperiksa oleh Tuan Commandeur.",researcher_docx,not_checked
SP-00432,enklave-salido.docx,,432,Normal,Mereka kembali pada tanggal 7 Maret dengan jawaban bahwa Tuan Commandeur sendiri akan datang ke tempat ini dalam waktu:,researcher_docx,not_checked
SP-00433,enklave-salido.docx,,433,Normal,3 sampai 9 hari,researcher_docx,not_checked
SP-00434,enklave-salido.docx,,434,Normal,dan selanjutnya akan menyelesaikan persoalan tersebut secara lisan.,researcher_docx,not_checked
SP-00435,enklave-salido.docx,,435,Normal,"Pada hari kesepuluh minggu tersebut, pekerjaan penyanggaan atau pertukangan kayu pada Suijderschacht juga telah selesai.",researcher_docx,not_checked
SP-00436,enklave-salido.docx,,436,Normal,Pekerjaan tanggal 2 sampai 7 Maret,researcher_docx,not_checked
SP-00437,enklave-salido.docx,,437,Normal,Selama tanggal 2 sampai 7 Maret telah dilakukan:,researcher_docx,not_checked
SP-00438,enklave-salido.docx,,438,Normal,di Oude Mijne: 160 schoten;,researcher_docx,not_checked
SP-00439,enklave-salido.docx,,439,Normal,di Z:L:W: daggang: 36 schoten;,researcher_docx,not_checked
SP-00440,enklave-salido.docx,,440,Normal,di Princestolle: 28 schoten.,researcher_docx,not_checked
SP-00441,enklave-salido.docx,,441,Normal,Bijih yang dihasilkan,researcher_docx,not_checked
SP-00442,enklave-salido.docx,,442,Normal,Dari Oude Mijne:,researcher_docx,not_checked
SP-00443,enklave-salido.docx,,443,Normal,jenis pertama: 55 lb;,researcher_docx,not_checked
SP-00444,enklave-salido.docx,,444,Normal,jenis kedua: 405 lb.,researcher_docx,not_checked
SP-00445,enklave-salido.docx,,445,Normal,Jumlah dari Oude Mijne:,researcher_docx,not_checked
SP-00446,enklave-salido.docx,,446,Normal,460 lb,researcher_docx,not_checked
SP-00447,enklave-salido.docx,,447,Normal,Dari Suijderwerck:,researcher_docx,not_checked
SP-00448,enklave-salido.docx,,448,Normal,425 lb,researcher_docx,not_checked
SP-00449,enklave-salido.docx,,449,Normal,Jumlah seluruhnya:,researcher_docx,not_checked
SP-00450,enklave-salido.docx,,450,Normal,885 lb bijih,researcher_docx,not_checked
SP-00451,enklave-salido.docx,,451,Normal,"Menurut pengujian Johan Hoffman, kandungan emas dan peraknya berjumlah:",researcher_docx,not_checked
SP-00452,enklave-salido.docx,,452,Normal,10 m:r 4 l:t 5 g:r,researcher_docx,not_checked
SP-00453,enklave-salido.docx,,453,Normal,Nilainya dalam uang:,researcher_docx,not_checked
SP-00454,enklave-salido.docx,,454,Normal,ƒ905:12:11,researcher_docx,not_checked
SP-00455,enklave-salido.docx,,455,Normal,"Menurut kalkulasi Johan Willem Vogel, kandungan emas dan peraknya berjumlah:",researcher_docx,not_checked
SP-00456,enklave-salido.docx,,456,Normal,10 m:r 5 l:t 0 g:r,researcher_docx,not_checked
SP-00457,enklave-salido.docx,,457,Normal,Nilainya dalam uang:,researcher_docx,not_checked
SP-00458,enklave-salido.docx,,458,Normal,ƒ412:6:14,researcher_docx,not_checked
SP-00459,enklave-salido.docx,,459,Normal,"Hal tersebut ditunjukkan oleh laporan-laporan assay yang telah berkali-kali disebutkan, Nomor 3 dan 4.",researcher_docx,not_checked
SP-00460,enklave-salido.docx,,460,Normal,Anomali nilai,researcher_docx,not_checked
SP-00461,enklave-salido.docx,,461,Normal,"Angka ƒ905:12:11 untuk hasil Hoffman tampak tidak sebanding dengan kandungan 10 m:r 4 l:t 5 g:r, khususnya jika dibandingkan dengan hasil Vogel senilai ƒ412:6:14 dan angka-angka pekan lain. Sangat mungkin digit pertama nilai Hoffman salah terbaca, mungkin bukan 9. Karena naskah hasil ekstraksi secara eksplisit memberikan ƒ905:12:11, angka itu tetap dipertahankan sambil ditandai untuk pemeriksaan citra.",researcher_docx,not_checked
SP-00462,enklave-salido.docx,,462,Normal,"Pada tanggal 12 Maret, dengan kapal Middelburgh, dikirimkan kepada Pemerintahan Tinggi suatu laporan singkat mengenai urusan pertambangan, bersama pertimbangan atau judicium saya sejauh yang pada waktu itu dapat dilakukan.",researcher_docx,not_checked
SP-00463,enklave-salido.docx,,463,Normal,"Demikian pula, pada tanggal 13 Maret, saya mendengarkan pendapat seluruh Oppersteijgers. Pendapat-pendapat tersebut dicatat oleh berghschrijver, sebagaimana ditunjukkan dalam Lampiran Nomor 9.",researcher_docx,not_checked
SP-00464,enklave-salido.docx,,464,Normal,"Pada Sabtu, 14 Maret, tambang diperiksa oleh Johan Pleijtner.",researcher_docx,not_checked
SP-00465,enklave-salido.docx,,465,Normal,Pekerjaan minggu itu,researcher_docx,not_checked
SP-00466,enklave-salido.docx,,466,Normal,di Oude Mijne: 160 schoten;,researcher_docx,not_checked
SP-00467,enklave-salido.docx,,467,Normal,di H:H:W: daggang: 44 schoten;,researcher_docx,not_checked
SP-00468,enklave-salido.docx,,468,Normal,di Princestolle: 36 schoten.,researcher_docx,not_checked
SP-00469,enklave-salido.docx,,469,Normal,Bijih tanggal 9 sampai 14 Maret,researcher_docx,not_checked
SP-00470,enklave-salido.docx,,470,Normal,Dari Oude Mijne:,researcher_docx,not_checked
SP-00471,enklave-salido.docx,,471,Normal,jenis pertama: 69 lb;,researcher_docx,not_checked
SP-00472,enklave-salido.docx,,472,Normal,jenis kedua: 487 lb.,researcher_docx,not_checked
SP-00473,enklave-salido.docx,,473,Normal,Jumlah dari Oude Mijne:,researcher_docx,not_checked
SP-00474,enklave-salido.docx,,474,Normal,556 lb,researcher_docx,not_checked
SP-00475,enklave-salido.docx,,475,Normal,Dari Suijderwerck:,researcher_docx,not_checked
SP-00476,enklave-salido.docx,,476,Normal,531 lb,researcher_docx,not_checked
SP-00477,enklave-salido.docx,,477,Normal,Hasil ekstraksi mencatat total:,researcher_docx,not_checked
SP-00478,enklave-salido.docx,,478,Normal,1.017 lb bijih,researcher_docx,not_checked
SP-00479,enklave-salido.docx,,479,Normal,"Namun, penjumlahan matematisnya adalah:",researcher_docx,not_checked
SP-00480,enklave-salido.docx,,480,Normal,556 + 531 = 1.087 lb,researcher_docx,not_checked
SP-00481,enklave-salido.docx,,481,Normal,"Jadi, terdapat ketidaksesuaian antara rincian dan total naskah hasil ekstraksi. Angka 1.017 lb tidak boleh langsung dikoreksi menjadi 1.087 tanpa melihat manuskrip, karena salah satu angka rinci juga mungkin mengalami kesalahan pembacaan.",researcher_docx,not_checked
SP-00482,enklave-salido.docx,,482,Normal,"Menurut pengujian Johan Hoffman, kandungan emas dan peraknya berjumlah:",researcher_docx,not_checked
SP-00483,enklave-salido.docx,,483,Normal,11 m:r [angka l:t tidak terbaca] 0 g:r,researcher_docx,not_checked
SP-00484,enklave-salido.docx,,484,Normal,Nilainya dalam uang:,researcher_docx,not_checked
SP-00485,enklave-salido.docx,,485,Normal,ƒ468:12:13,researcher_docx,not_checked
SP-00486,enklave-salido.docx,,486,Normal,"Menurut pengujian dan kalkulasi Johan Willem Vogel, kandungan emas dan peraknya berjumlah:",researcher_docx,not_checked
SP-00487,enklave-salido.docx,,487,Normal,10 m:r 15 l:t 6 g:r,researcher_docx,not_checked
SP-00488,enklave-salido.docx,,488,Normal,Nilainya dalam uang:,researcher_docx,not_checked
SP-00489,enklave-salido.docx,,489,Normal,ƒ467:0:15,researcher_docx,not_checked
SP-00490,enklave-salido.docx,,490,Normal,Hal tersebut ditunjukkan oleh laporan-laporan assay Nomor 3 dan 5.,researcher_docx,not_checked
SP-00491,enklave-salido.docx,,491,Normal,"Pada minggu berikutnya dalam bulan Maret, pada tanggal [angka tanggal dalam ekstraksi terbaca 2, tetapi urutan kronologisnya tidak sesuai], tambang kembali diperiksa oleh Johan Pleijtner.",researcher_docx,not_checked
SP-00492,enklave-salido.docx,,492,Normal,"Pada saat yang sama, Princestolle diukur atau ditarik garis ukurannya. Ditemukan bahwa lorong tersebut masih harus diteruskan dalam panjangnya sejauh:",researcher_docx,not_checked
SP-00493,enklave-salido.docx,,493,Normal,5⅜ lachter,researcher_docx,not_checked
SP-00494,enklave-salido.docx,,494,Normal,Pekerjaan minggu tersebut,researcher_docx,not_checked
SP-00495,enklave-salido.docx,,495,Normal,di Oude Mijne: 164 schoten;,researcher_docx,not_checked
SP-00496,enklave-salido.docx,,496,Normal,di Z:Z:W: daggang: 48 schoten;,researcher_docx,not_checked
SP-00497,enklave-salido.docx,,497,Normal,di Princestolle: 32 schoten.,researcher_docx,not_checked
SP-00498,enklave-salido.docx,,498,Normal,Bijih,researcher_docx,not_checked
SP-00499,enklave-salido.docx,,499,Normal,Dari Oude Mijne:,researcher_docx,not_checked
SP-00500,enklave-salido.docx,,500,Normal,jenis pertama: 109 lb;,researcher_docx,not_checked
SP-00501,enklave-salido.docx,,501,Normal,jenis kedua: 529 lb.,researcher_docx,not_checked
SP-00502,enklave-salido.docx,,502,Normal,Dari Suijderwerck:,researcher_docx,not_checked
SP-00503,enklave-salido.docx,,503,Normal,558 lb,researcher_docx,not_checked
SP-00504,enklave-salido.docx,,504,Normal,Jumlah keseluruhan:,researcher_docx,not_checked
SP-00505,enklave-salido.docx,,505,Normal,1.196 lb bijih,researcher_docx,not_checked
SP-00506,enklave-salido.docx,,506,Normal,Angka ini konsisten:,researcher_docx,not_checked
SP-00507,enklave-salido.docx,,507,Normal,109 + 529 + 558 = 1.196 lb,researcher_docx,not_checked
SP-00508,enklave-salido.docx,,508,Normal,"Menurut pengujian Johan Hoffman, kandungan emas dan peraknya berjumlah:",researcher_docx,not_checked
SP-00509,enklave-salido.docx,,509,Normal,15 m:r 12 l:t 11 g:r,researcher_docx,not_checked
SP-00510,enklave-salido.docx,,510,Normal,Nilainya dalam uang:,researcher_docx,not_checked
SP-00511,enklave-salido.docx,,511,Normal,ƒ538:19:10,researcher_docx,not_checked
SP-00512,enklave-salido.docx,,512,Normal,"Menurut kalkulasi Johan Willem Vogel, kandungan emas dan peraknya dalam ekstraksi terbaca:",researcher_docx,not_checked
SP-00513,enklave-salido.docx,,513,Normal,6 m:r 6 l:t [angka g:r tidak terbaca],researcher_docx,not_checked
SP-00514,enklave-salido.docx,,514,Normal,Nilainya dalam uang:,researcher_docx,not_checked
SP-00515,enklave-salido.docx,,515,Normal,ƒ551:5:7,researcher_docx,not_checked
SP-00516,enklave-salido.docx,,516,Normal,"Hal tersebut ditunjukkan oleh laporan-laporan assay terlampir, Nomor 6 dan 7.",researcher_docx,not_checked
SP-00517,enklave-salido.docx,,517,Normal,Ketidakselarasan hasil Vogel,researcher_docx,not_checked
SP-00518,enklave-salido.docx,,518,Normal,"Kandungan 6 m:r 6 l:t tidak tampak sebanding dengan nilai ƒ551:5:7, bahkan nilai itu lebih tinggi daripada nilai Hoffman untuk 15 m:r 12 l:t 11 g:r. Kemungkinan angka awalnya bukan 6, melainkan 16, atau terjadi kehilangan digit lain. Bentuk hasil ekstraksi tidak boleh dinormalisasi tanpa pemeriksaan citra.",researcher_docx,not_checked
SP-00519,enklave-salido.docx,,519,Normal,"Pada minggu keempat bulan Maret, dari tanggal 22 sampai 28 Maret, tidak terjadi sesuatu yang patut dicatat. Tambang diperiksa oleh Johan Pleijtner.",researcher_docx,not_checked
SP-00520,enklave-salido.docx,,520,Normal,Pada minggu tersebut dilakukan:,researcher_docx,not_checked
SP-00521,enklave-salido.docx,,521,Normal,di Oude Mijne: 160 schoten;,researcher_docx,not_checked
SP-00522,enklave-salido.docx,,522,Normal,di Z:Z:W: daggang: 40 schoten;,researcher_docx,not_checked
SP-00523,enklave-salido.docx,,523,Normal,di Princestolle: 28 schoten.,researcher_docx,not_checked
SP-00524,enklave-salido.docx,,524,Normal,Bijih,researcher_docx,not_checked
SP-00525,enklave-salido.docx,,525,Normal,Dari Oude Mijne:,researcher_docx,not_checked
SP-00526,enklave-salido.docx,,526,Normal,jenis pertama: 34 lb;,researcher_docx,not_checked
SP-00527,enklave-salido.docx,,527,Normal,jenis kedua: 368 lb.,researcher_docx,not_checked
SP-00528,enklave-salido.docx,,528,Normal,Jumlah Oude Mijne:,researcher_docx,not_checked
SP-00529,enklave-salido.docx,,529,Normal,402 lb,researcher_docx,not_checked
SP-00530,enklave-salido.docx,,530,Normal,Dari Suijderwerck:,researcher_docx,not_checked
SP-00531,enklave-salido.docx,,531,Normal,533 lb,researcher_docx,not_checked
SP-00532,enklave-salido.docx,,532,Normal,Jumlah keseluruhan:,researcher_docx,not_checked
SP-00533,enklave-salido.docx,,533,Normal,935 lb bijih,researcher_docx,not_checked
SP-00534,enklave-salido.docx,,534,Normal,Angka ini konsisten:,researcher_docx,not_checked
SP-00535,enklave-salido.docx,,535,Normal,402 + 533 = 935 lb,researcher_docx,not_checked
SP-00536,enklave-salido.docx,,536,Normal,"Menurut pengujian dan kalkulasi Johan Hoffman, kandungan emas dan peraknya berjumlah:",researcher_docx,not_checked
SP-00537,enklave-salido.docx,,537,Normal,17 m:r 2 l:t 13 g:r,researcher_docx,not_checked
SP-00538,enklave-salido.docx,,538,Normal,Nilainya dalam uang:,researcher_docx,not_checked
SP-00539,enklave-salido.docx,,539,Normal,ƒ782:3:[angka akhir tidak terbaca],researcher_docx,not_checked
SP-00540,enklave-salido.docx,,540,Normal,"Menurut pengujian dan kalkulasi Johan Willem Vogel, kandungan emas dan peraknya berjumlah:",researcher_docx,not_checked
SP-00541,enklave-salido.docx,,541,Normal,15 m:r 15 l:t 9 g:r,researcher_docx,not_checked
SP-00542,enklave-salido.docx,,542,Normal,Nilainya dalam uang:,researcher_docx,not_checked
SP-00543,enklave-salido.docx,,543,Normal,ƒ753:5:8,researcher_docx,not_checked
SP-00544,enklave-salido.docx,,544,Normal,Hal tersebut ditunjukkan oleh laporan assay terlampir Nomor 8.,researcher_docx,not_checked
SP-00545,enklave-salido.docx,,545,Normal,Selama bulan Maret yang telah berakhir telah dilakukan:,researcher_docx,not_checked
SP-00546,enklave-salido.docx,,546,Normal,di Oude Mijne: 644 schoten;,researcher_docx,not_checked
SP-00547,enklave-salido.docx,,547,Normal,di Suijderwerck: 168 schoten;,researcher_docx,not_checked
SP-00548,enklave-salido.docx,,548,Normal,di Princestolle: 124 schoten.,researcher_docx,not_checked
SP-00549,enklave-salido.docx,,549,Normal,Jumlah keseluruhan:,researcher_docx,not_checked
SP-00550,enklave-salido.docx,,550,Normal,936 schoten,researcher_docx,not_checked
SP-00551,enklave-salido.docx,,551,Normal,Angka ini konsisten:,researcher_docx,not_checked
SP-00552,enklave-salido.docx,,552,Normal,644 + 168 + 124 = 936 schoten,researcher_docx,not_checked
SP-00553,enklave-salido.docx,,553,Normal,Jumlah bijih yang diserahkan selama bulan Maret:,researcher_docx,not_checked
SP-00554,enklave-salido.docx,,554,Normal,dari Oude Mijne: 2.056 lb;,researcher_docx,not_checked
SP-00555,enklave-salido.docx,,555,Normal,dari Suijderwerck: 2.047 lb.,researcher_docx,not_checked
SP-00556,enklave-salido.docx,,556,Normal,Jumlah keseluruhan:,researcher_docx,not_checked
SP-00557,enklave-salido.docx,,557,Normal,4.103 lb bijih,researcher_docx,not_checked
SP-00558,enklave-salido.docx,,558,Normal,Angka ini juga konsisten:,researcher_docx,not_checked
SP-00559,enklave-salido.docx,,559,Normal,2.056 + 2.047 = 4.103 lb,researcher_docx,not_checked
SP-00560,enklave-salido.docx,,560,Normal,"Menurut pengujian dan kalkulasi Johan Hoffman, kandungan emas dan peraknya berjumlah:",researcher_docx,not_checked
SP-00561,enklave-salido.docx,,561,Normal,54 m:r 3 l:t 11 g:r,researcher_docx,not_checked
SP-00562,enklave-salido.docx,,562,Normal,Jika diperhitungkan dalam uang:,researcher_docx,not_checked
SP-00563,enklave-salido.docx,,563,Normal,ƒ2.195:8:6,researcher_docx,not_checked
SP-00564,enklave-salido.docx,,564,Normal,"Menurut pengujian dan kalkulasi Johan Willem Vogel, kandungan emas dan peraknya berjumlah:",researcher_docx,not_checked
SP-00565,enklave-salido.docx,,565,Normal,53 m:r 9 l:t 15 g:r,researcher_docx,not_checked
SP-00566,enklave-salido.docx,,566,Normal,Nilainya dalam uang:,researcher_docx,not_checked
SP-00567,enklave-salido.docx,,567,Normal,ƒ2.184:13:12,researcher_docx,not_checked
SP-00568,enklave-salido.docx,,568,Normal,Selisih nilai kedua hasil assay:,researcher_docx,not_checked
SP-00569,enklave-salido.docx,,569,Normal,ƒ10:14:10,researcher_docx,not_checked
SP-00571,enklave-salido.docx,,571,Normal,"Selama pekan bulan April dari tanggal 29 Maret sampai 4 April, juga tidak terjadi sesuatu yang patut dicatat.",researcher_docx,not_checked
SP-00572,enklave-salido.docx,,572,Normal,Pada minggu tersebut telah dilakukan:,researcher_docx,not_checked
SP-00573,enklave-salido.docx,,573,Normal,di Oude Mijne: 162 schoten;,researcher_docx,not_checked
SP-00574,enklave-salido.docx,,574,Normal,di C:E:W: daggang: 36 schoten;,researcher_docx,not_checked
SP-00575,enklave-salido.docx,,575,Normal,di Princestolle: 18 schoten.,researcher_docx,not_checked
SP-00576,enklave-salido.docx,,576,Normal,Jumlah keseluruhan:,researcher_docx,not_checked
SP-00577,enklave-salido.docx,,577,Normal,216 schoten,researcher_docx,not_checked
SP-00578,enklave-salido.docx,,578,Normal,Angka ini konsisten:,researcher_docx,not_checked
SP-00579,enklave-salido.docx,,579,Normal,162 + 36 + 18 = 216 schoten,researcher_docx,not_checked
SP-00580,enklave-salido.docx,,580,Normal,Bijih yang diserahkan,researcher_docx,not_checked
SP-00581,enklave-salido.docx,,581,Normal,Dari Oude Mijne:,researcher_docx,not_checked
SP-00582,enklave-salido.docx,,582,Normal,jenis pertama: 28 lb;,researcher_docx,not_checked
SP-00583,enklave-salido.docx,,583,Normal,jenis kedua: 332 lb.,researcher_docx,not_checked
SP-00584,enklave-salido.docx,,584,Normal,Jumlah Oude Mijne:,researcher_docx,not_checked
SP-00585,enklave-salido.docx,,585,Normal,360 lb,researcher_docx,not_checked
SP-00586,enklave-salido.docx,,586,Normal,Dari Suijderwerck:,researcher_docx,not_checked
SP-00587,enklave-salido.docx,,587,Normal,541 lb,researcher_docx,not_checked
SP-00588,enklave-salido.docx,,588,Normal,Jumlah keseluruhan:,researcher_docx,not_checked
SP-00589,enklave-salido.docx,,589,Normal,901 lb bijih,researcher_docx,not_checked
SP-00590,enklave-salido.docx,,590,Normal,Angka ini konsisten:,researcher_docx,not_checked
SP-00591,enklave-salido.docx,,591,Normal,360 + 541 = 901 lb,researcher_docx,not_checked
SP-00592,enklave-salido.docx,,592,Normal,"Bijih yang sebelumnya disebutkan berjumlah 901 pon itu, berdasarkan pengujian dan perhitungan yang dibuat oleh Johan Hoffman, mengandung perak dan emas sebanyak:",researcher_docx,not_checked
SP-00593,enklave-salido.docx,,593,Normal,"16 m:r, 0 l:t, 5 g:r",researcher_docx,not_checked
SP-00594,enklave-salido.docx,,594,Normal,"Jika diperhitungkan dalam uang, nilainya adalah:",researcher_docx,not_checked
SP-00595,enklave-salido.docx,,595,Normal,ƒ709:–:8,researcher_docx,not_checked
SP-00596,enklave-salido.docx,,596,Normal,"Menurut pengujian dan perhitungan Johan Willem Vogel, kandungan perak dan emasnya berjumlah:",researcher_docx,not_checked
SP-00597,enklave-salido.docx,,597,Normal,"15 m:r, 1 l:t, 4 g:r",researcher_docx,not_checked
SP-00598,enklave-salido.docx,,598,Normal,Nilainya dalam uang:,researcher_docx,not_checked
SP-00599,enklave-salido.docx,,599,Normal,ƒ691:9:11,researcher_docx,not_checked
SP-00600,enklave-salido.docx,,600,Normal,"Hal tersebut ditunjukkan oleh laporan assay terlampir, Nomor 10.",researcher_docx,not_checked
SP-00602,enklave-salido.docx,,602,Normal,"Pada tanggal 6 April, sebuah querslag dibuat di dalam Oude Stolle, menuju sisi hangende. Tujuannya adalah agar melalui bukaan tersebut para pekerja dapat mencapai bijih.",researcher_docx,not_checked
SP-00603,enklave-salido.docx,,603,Normal,"Namun, yang ditemukan adalah suatu doorsneden veld atau pekerjaan tambang Melayu lama, dan di sana tidak terdapat bijih.",researcher_docx,not_checked
SP-00604,enklave-salido.docx,,604,Normal,Jumlah pekerjaan,researcher_docx,not_checked
SP-00605,enklave-salido.docx,,605,Normal,"Selama tanggal 5 sampai 11 April, dilakukan:",researcher_docx,not_checked
SP-00606,enklave-salido.docx,,606,Normal,di Oude Mijne: 162 schoten;,researcher_docx,not_checked
SP-00607,enklave-salido.docx,,607,Normal,di [Z:Z:W:] daggang: 40 schoten;,researcher_docx,not_checked
SP-00608,enklave-salido.docx,,608,Normal,di Princestolle: 23 schoten.,researcher_docx,not_checked
SP-00609,enklave-salido.docx,,609,Normal,Jumlah keseluruhan:,researcher_docx,not_checked
SP-00610,enklave-salido.docx,,610,Normal,225 schoten,researcher_docx,not_checked
SP-00611,enklave-salido.docx,,611,Normal,Bijih yang dihasilkan,researcher_docx,not_checked
SP-00612,enklave-salido.docx,,612,Normal,Dari Oude Mijne pada pekan tersebut diserahkan:,researcher_docx,not_checked
SP-00613,enklave-salido.docx,,613,Normal,bijih jenis pertama: 17 lb;,researcher_docx,not_checked
SP-00614,enklave-salido.docx,,614,Normal,bijih jenis kedua: 334 lb.,researcher_docx,not_checked
SP-00615,enklave-salido.docx,,615,Normal,Jumlah dari Oude Mijne:,researcher_docx,not_checked
SP-00616,enklave-salido.docx,,616,Normal,351 lb,researcher_docx,not_checked
SP-00617,enklave-salido.docx,,617,Normal,Dari Suijderwerck:,researcher_docx,not_checked
SP-00618,enklave-salido.docx,,618,Normal,595 lb,researcher_docx,not_checked
SP-00619,enklave-salido.docx,,619,Normal,Jumlah keseluruhan:,researcher_docx,not_checked
SP-00620,enklave-salido.docx,,620,Normal,946 lb bijih,researcher_docx,not_checked
SP-00621,enklave-salido.docx,,621,Normal,Perinciannya konsisten:,researcher_docx,not_checked
SP-00622,enklave-salido.docx,,622,Normal,17 + 334 + 595 = 946 lb,researcher_docx,not_checked
SP-00623,enklave-salido.docx,,623,Normal,Pengujian Johan Hoffman,researcher_docx,not_checked
SP-00624,enklave-salido.docx,,624,Normal,"Setelah diuji oleh Johan Hoffman, menurut perhitungan yang dibuat, kandungan perak dan emasnya tercatat:",researcher_docx,not_checked
SP-00625,enklave-salido.docx,,625,Normal,"11 m:r, 9 l:t, 16 g:r",researcher_docx,not_checked
SP-00626,enklave-salido.docx,,626,Normal,Jika diperhitungkan dalam uang:,researcher_docx,not_checked
SP-00627,enklave-salido.docx,,627,Normal,ƒ518:9:5,researcher_docx,not_checked
SP-00628,enklave-salido.docx,,628,Normal,Pengujian Johan Willem Vogel,researcher_docx,not_checked
SP-00629,enklave-salido.docx,,629,Normal,"Menurut pengujian dan perhitungan Johan Willem Vogel, kandungan perak dan emasnya dalam hasil ekstraksi terbaca:",researcher_docx,not_checked
SP-00630,enklave-salido.docx,,630,Normal,"1 m:r, 14 l:t, 7 g:r",researcher_docx,not_checked
SP-00631,enklave-salido.docx,,631,Normal,Nilainya dalam uang:,researcher_docx,not_checked
SP-00632,enklave-salido.docx,,632,Normal,ƒ621:11:15,researcher_docx,not_checked
SP-00633,enklave-salido.docx,,633,Normal,"Hal tersebut ditunjukkan oleh laporan assay terlampir, Nomor 11.",researcher_docx,not_checked
SP-00634,enklave-salido.docx,,634,Normal,Catatan pembacaan,researcher_docx,not_checked
SP-00635,enklave-salido.docx,,635,Normal,"Angka 1 m:r pada hasil Vogel hampir pasti kehilangan satu digit dalam ekstraksi. Nilai ƒ621:11:15 tidak mungkin sebanding dengan hanya 1 mark 14 lood 7 grein, sedangkan pengujian Hoffman memberikan 11 mark 9 lood 16 grein senilai ƒ518:9:5. Bentuk aslinya mungkin 11, 12, atau angka lain, tetapi tidak boleh dipastikan tanpa citra manuskrip.",researcher_docx,not_checked
SP-00637,enklave-salido.docx,,637,Normal,"Pada tanggal 13 April, melalui banyaknya peledakan pada strosse di dalam Princestolle, ditemukan aliran air yang besar.",researcher_docx,not_checked
SP-00638,enklave-salido.docx,,638,Normal,Air tersebut berasal dari schacht yang ke arahnya stolle tersebut sedang digerakkan.,researcher_docx,not_checked
SP-00639,enklave-salido.docx,,639,Normal,Bijih yang dihasilkan,researcher_docx,not_checked
SP-00640,enklave-salido.docx,,640,Normal,"Pada pekan tersebut, dari Oude Mijne diserahkan:",researcher_docx,not_checked
SP-00641,enklave-salido.docx,,641,Normal,bijih jenis pertama: 39 lb;,researcher_docx,not_checked
SP-00642,enklave-salido.docx,,642,Normal,bijih jenis kedua: 424 lb.,researcher_docx,not_checked
SP-00643,enklave-salido.docx,,643,Normal,Jumlah Oude Mijne:,researcher_docx,not_checked
SP-00644,enklave-salido.docx,,644,Normal,463 lb,researcher_docx,not_checked
SP-00645,enklave-salido.docx,,645,Normal,Dari Suijderwerck:,researcher_docx,not_checked
SP-00646,enklave-salido.docx,,646,Normal,519 lb,researcher_docx,not_checked
SP-00647,enklave-salido.docx,,647,Normal,Jumlah keseluruhan:,researcher_docx,not_checked
SP-00648,enklave-salido.docx,,648,Normal,982 lb bijih,researcher_docx,not_checked
SP-00649,enklave-salido.docx,,649,Normal,Perinciannya konsisten:,researcher_docx,not_checked
SP-00650,enklave-salido.docx,,650,Normal,39 + 424 + 519 = 982 lb,researcher_docx,not_checked
SP-00651,enklave-salido.docx,,651,Normal,Jumlah pekerjaan,researcher_docx,not_checked
SP-00652,enklave-salido.docx,,652,Normal,Di dalam pekan tersebut dilakukan:,researcher_docx,not_checked
SP-00653,enklave-salido.docx,,653,Normal,di Oude Mijne: 160 schoten;,researcher_docx,not_checked
SP-00654,enklave-salido.docx,,654,Normal,di Suijderwerck: 46 schoten;,researcher_docx,not_checked
SP-00655,enklave-salido.docx,,655,Normal,di Princestolle: 26 schoten.,researcher_docx,not_checked
SP-00656,enklave-salido.docx,,656,Normal,Jumlah keseluruhan:,researcher_docx,not_checked
SP-00657,enklave-salido.docx,,657,Normal,232 schoten,researcher_docx,not_checked
SP-00658,enklave-salido.docx,,658,Normal,Perinciannya konsisten:,researcher_docx,not_checked
SP-00659,enklave-salido.docx,,659,Normal,160 + 46 + 26 = 232 schoten,researcher_docx,not_checked
SP-00660,enklave-salido.docx,,660,Normal,Pengujian Johan Hoffman,researcher_docx,not_checked
SP-00661,enklave-salido.docx,,661,Normal,"Sebanyak 982 pon bijih tersebut, berdasarkan perhitungan Johan Hoffman, mengandung emas dan perak sebanyak:",researcher_docx,not_checked
SP-00662,enklave-salido.docx,,662,Normal,"12 m:r, 7 l:t, [grein tidak dicantumkan]",researcher_docx,not_checked
SP-00663,enklave-salido.docx,,663,Normal,Nilainya dalam uang:,researcher_docx,not_checked
SP-00664,enklave-salido.docx,,664,Normal,ƒ726:17:5,researcher_docx,not_checked
SP-00665,enklave-salido.docx,,665,Normal,Pengujian Johan Willem Vogel,researcher_docx,not_checked
SP-00666,enklave-salido.docx,,666,Normal,"Menurut perhitungan Johan Willem Vogel, kandungan perak dan emasnya berjumlah:",researcher_docx,not_checked
SP-00667,enklave-salido.docx,,667,Normal,"12 m:r, 8 l:t, [grein tidak dicantumkan]",researcher_docx,not_checked
SP-00668,enklave-salido.docx,,668,Normal,Jika diperhitungkan dalam uang:,researcher_docx,not_checked
SP-00669,enklave-salido.docx,,669,Normal,ƒ692:18:2,researcher_docx,not_checked
SP-00670,enklave-salido.docx,,670,Normal,"Hal tersebut ditunjukkan oleh laporan assay terlampir, Nomor 12.",researcher_docx,not_checked
SP-00671,enklave-salido.docx,,671,Normal,"Selama tanggal 19 sampai 25 April, dilakukan:",researcher_docx,not_checked
SP-00672,enklave-salido.docx,,672,Normal,di Oude Mijne: 162 schoten;,researcher_docx,not_checked
SP-00673,enklave-salido.docx,,673,Normal,di Suijderwerck: 36 schoten;,researcher_docx,not_checked
SP-00674,enklave-salido.docx,,674,Normal,di Princestolle: 24 schoten.,researcher_docx,not_checked
SP-00675,enklave-salido.docx,,675,Normal,Jumlah keseluruhan:,researcher_docx,not_checked
SP-00676,enklave-salido.docx,,676,Normal,222 schoten,researcher_docx,not_checked
SP-00677,enklave-salido.docx,,677,Normal,Perinciannya konsisten:,researcher_docx,not_checked
SP-00678,enklave-salido.docx,,678,Normal,162 + 36 + 24 = 222 schoten,researcher_docx,not_checked
SP-00679,enklave-salido.docx,,679,Normal,Bijih yang dihasilkan,researcher_docx,not_checked
SP-00680,enklave-salido.docx,,680,Normal,Dari Oude Mijne telah diserahkan:,researcher_docx,not_checked
SP-00681,enklave-salido.docx,,681,Normal,bijih jenis pertama: 35 lb;,researcher_docx,not_checked
SP-00682,enklave-salido.docx,,682,Normal,bijih jenis kedua: 607 lb.,researcher_docx,not_checked
SP-00683,enklave-salido.docx,,683,Normal,Dari Suijderwerck:,researcher_docx,not_checked
SP-00684,enklave-salido.docx,,684,Normal,507 lb,researcher_docx,not_checked
SP-00685,enklave-salido.docx,,685,Normal,Jumlah keseluruhan:,researcher_docx,not_checked
SP-00686,enklave-salido.docx,,686,Normal,1.149 lb bijih,researcher_docx,not_checked
SP-00687,enklave-salido.docx,,687,Normal,Perinciannya konsisten:,researcher_docx,not_checked
SP-00688,enklave-salido.docx,,688,Normal,35 + 607 + 507 = 1.149 lb,researcher_docx,not_checked
SP-00689,enklave-salido.docx,,689,Normal,Pengujian Johan Hoffman,researcher_docx,not_checked
SP-00690,enklave-salido.docx,,690,Normal,"Setelah diuji Johan Hoffman, kandungan perak dan emasnya menurut perhitungan yang dibuat berjumlah:",researcher_docx,not_checked
SP-00691,enklave-salido.docx,,691,Normal,"13 m:r, 13 l:t, 0 g:r",researcher_docx,not_checked
SP-00692,enklave-salido.docx,,692,Normal,Jika diperhitungkan dalam uang:,researcher_docx,not_checked
SP-00693,enklave-salido.docx,,693,Normal,ƒ629:14:11,researcher_docx,not_checked
SP-00694,enklave-salido.docx,,694,Normal,Pengujian Johan Willem Vogel,researcher_docx,not_checked
SP-00695,enklave-salido.docx,,695,Normal,"Menurut pengujian dan perhitungan Johan Willem Vogel, kandungan perak dan emasnya berjumlah:",researcher_docx,not_checked
SP-00696,enklave-salido.docx,,696,Normal,"13 m:r, 11 l:t, [grein tidak terbaca]",researcher_docx,not_checked
SP-00697,enklave-salido.docx,,697,Normal,Nilainya dalam uang:,researcher_docx,not_checked
SP-00698,enklave-salido.docx,,698,Normal,ƒ623:17:5,researcher_docx,not_checked
SP-00699,enklave-salido.docx,,699,Normal,"Hal tersebut ditunjukkan oleh laporan assay terlampir, Nomor 13.",researcher_docx,not_checked
SP-00701,enklave-salido.docx,,701,Normal,Jumlah schoten,researcher_docx,not_checked
SP-00702,enklave-salido.docx,,702,Normal,"Sejak dimulainya kembali pekerjaan sampai tanggal 25 April, telah dilakukan:",researcher_docx,not_checked
SP-00703,enklave-salido.docx,,703,Normal,"di Oude Mijne, dihitung sejak 18 Februari sampai 25 April: 1.565 schoten;",researcher_docx,not_checked
SP-00704,enklave-salido.docx,,704,Normal,"di Suijderwerck, dihitung sejak awal Januari sampai 25 April: 490 schoten;",researcher_docx,not_checked
SP-00705,enklave-salido.docx,,705,Normal,di Princestolle: 406 schoten.,researcher_docx,not_checked
SP-00706,enklave-salido.docx,,706,Normal,Teks mencatat jumlah keseluruhan:,researcher_docx,not_checked
SP-00707,enklave-salido.docx,,707,Normal,2.961 schoten,researcher_docx,not_checked
SP-00708,enklave-salido.docx,,708,Normal,"Namun, penjumlahan ketiga angka yang tersedia menghasilkan:",researcher_docx,not_checked
SP-00709,enklave-salido.docx,,709,Normal,1.565 + 490 + 406 = 2.461 schoten,researcher_docx,not_checked
SP-00710,enklave-salido.docx,,710,Normal,"Dengan demikian, terdapat selisih:",researcher_docx,not_checked
SP-00711,enklave-salido.docx,,711,Normal,500 schoten,researcher_docx,not_checked
SP-00712,enklave-salido.docx,,712,Normal,"Angka 2.961 atau salah satu angka komponennya kemungkinan mengalami kesalahan pembacaan. Karena hasil ekstraksi secara eksplisit memberikan Somma 2961 schooten, total tersebut tetap dipertahankan sebagai bacaan naskah sementara, tetapi tidak boleh dianggap terverifikasi sebelum dibandingkan dengan citra.",researcher_docx,not_checked
SP-00713,enklave-salido.docx,,713,Normal,Produksi bijih,researcher_docx,not_checked
SP-00714,enklave-salido.docx,,714,Normal,Bijih yang diserahkan dari Oude Mijne sejak 18 Februari sampai 25 April terdiri atas:,researcher_docx,not_checked
SP-00715,enklave-salido.docx,,715,Normal,bijih jenis pertama: 457 lb;,researcher_docx,not_checked
SP-00716,enklave-salido.docx,,716,Normal,bijih jenis kedua: 3.869 lb.,researcher_docx,not_checked
SP-00717,enklave-salido.docx,,717,Normal,Jumlah Oude Mijne:,researcher_docx,not_checked
SP-00718,enklave-salido.docx,,718,Normal,4.326 lb,researcher_docx,not_checked
SP-00719,enklave-salido.docx,,719,Normal,"Dari Suijderwerck, sejak awal Januari sampai 25 April:",researcher_docx,not_checked
SP-00720,enklave-salido.docx,,720,Normal,6.845 lb,researcher_docx,not_checked
SP-00721,enklave-salido.docx,,721,Normal,Jumlah keseluruhan:,researcher_docx,not_checked
SP-00722,enklave-salido.docx,,722,Normal,11.171 lb bijih,researcher_docx,not_checked
SP-00723,enklave-salido.docx,,723,Normal,Seluruh perhitungan berat ini konsisten:,researcher_docx,not_checked
SP-00724,enklave-salido.docx,,724,Normal,457 + 3.869 = 4.326 lb,researcher_docx,not_checked
SP-00725,enklave-salido.docx,,725,Normal,dan:,researcher_docx,not_checked
SP-00726,enklave-salido.docx,,726,Normal,4.326 + 6.845 = 11.171 lb,researcher_docx,not_checked
SP-00728,enklave-salido.docx,,728,Normal,Pengujian Johan Hoffman,researcher_docx,not_checked
SP-00729,enklave-salido.docx,,729,Normal,"Sebanyak 11.171 pon bijih tersebut, berdasarkan perhitungan Johan Hoffman, mengandung perak dan emas sebanyak:",researcher_docx,not_checked
SP-00730,enklave-salido.docx,,730,Normal,"151 m:r, 9 l:t, 17 g:r",researcher_docx,not_checked
SP-00731,enklave-salido.docx,,731,Normal,Jika diperhitungkan dalam uang:,researcher_docx,not_checked
SP-00732,enklave-salido.docx,,732,Normal,ƒ6.416:17:6,researcher_docx,not_checked
SP-00733,enklave-salido.docx,,733,Normal,Pengujian Johan Willem Vogel,researcher_docx,not_checked
SP-00734,enklave-salido.docx,,734,Normal,"Menurut pengujian dan perhitungan Johan Willem Vogel, kandungan perak dan emasnya berjumlah:",researcher_docx,not_checked
SP-00735,enklave-salido.docx,,735,Normal,"149 m:r, 14 l:t, 11 g:r",researcher_docx,not_checked
SP-00736,enklave-salido.docx,,736,Normal,Nilainya dalam uang:,researcher_docx,not_checked
SP-00737,enklave-salido.docx,,737,Normal,ƒ6.378:14:4,researcher_docx,not_checked
SP-00738,enklave-salido.docx,,738,Normal,Hal tersebut ditunjukkan oleh laporan-laporan assay yang telah disebutkan di atas.,researcher_docx,not_checked
SP-00739,enklave-salido.docx,,739,Normal,Perbedaan kedua hasil pengujian,researcher_docx,not_checked
SP-00740,enklave-salido.docx,,740,Normal,Perbedaan kandungan menurut kedua penguji adalah:,researcher_docx,not_checked
SP-00741,enklave-salido.docx,,741,Normal,Hoffman: 151 m:r 9 l:t 17 g:r,researcher_docx,not_checked
SP-00742,enklave-salido.docx,,742,Normal,Vogel: 149 m:r 14 l:t 11 g:r,researcher_docx,not_checked
SP-00743,enklave-salido.docx,,743,Normal,Perbedaan nilai uangnya:,researcher_docx,not_checked
SP-00744,enklave-salido.docx,,744,Normal,ƒ38:3:2,researcher_docx,not_checked
SP-00745,enklave-salido.docx,,745,Normal,"Dengan demikian, untuk akumulasi 11.171 pon bijih, nilai Hoffman masih lebih tinggi daripada nilai Vogel.",researcher_docx,not_checked
SP-00747,enklave-salido.docx,,747,Normal,Bersama dokumen ini dikirimkan dengan kapal Velsen:,researcher_docx,not_checked
SP-00748,enklave-salido.docx,,748,Normal,32 vaten erts,researcher_docx,not_checked
SP-00749,enklave-salido.docx,,749,Normal,atau:,researcher_docx,not_checked
SP-00750,enklave-salido.docx,,750,Normal,32 tong bijih,researcher_docx,not_checked
SP-00751,enklave-salido.docx,,751,Normal,Bijih tersebut merupakan hasil yang diproduksi dari Suijderwerck selama masa pengelolaan saya dan memiliki berat bersih:,researcher_docx,not_checked
SP-00752,enklave-salido.docx,,752,Normal,6.574 lb,researcher_docx,not_checked
SP-00753,enklave-salido.docx,,753,Normal,Pengujian umum Johan Hoffman,researcher_docx,not_checked
SP-00754,enklave-salido.docx,,754,Normal,"Menurut pengujian umum dan perhitungan Johan Hoffman, kandungan perak murni dan emasnya berjumlah:",researcher_docx,not_checked
SP-00755,enklave-salido.docx,,755,Normal,"104 m:r, 12 l:t, 6 g:r",researcher_docx,not_checked
SP-00756,enklave-salido.docx,,756,Normal,Nilainya dalam uang:,researcher_docx,not_checked
SP-00757,enklave-salido.docx,,757,Normal,ƒ5.330:6:3,researcher_docx,not_checked
SP-00758,enklave-salido.docx,,758,Normal,Pengujian umum Johan Willem Vogel,researcher_docx,not_checked
SP-00759,enklave-salido.docx,,759,Normal,"Menurut pengujian umum dan perhitungan Johan Willem Vogel, kandungan perak murni dan emasnya berjumlah:",researcher_docx,not_checked
SP-00760,enklave-salido.docx,,760,Normal,"106 m:r, 13 l:t, 3 g:r",researcher_docx,not_checked
SP-00761,enklave-salido.docx,,761,Normal,Nilainya dalam uang:,researcher_docx,not_checked
SP-00762,enklave-salido.docx,,762,Normal,ƒ5.381:16:4,researcher_docx,not_checked
SP-00763,enklave-salido.docx,,763,Normal,"Hal tersebut ditunjukkan oleh laporan assay terlampir, Nomor 14.",researcher_docx,not_checked
SP-00764,enklave-salido.docx,,764,Normal,Perbedaan penting,researcher_docx,not_checked
SP-00765,enklave-salido.docx,,765,Normal,"Untuk akumulasi bijih sebelumnya, hasil Hoffman umumnya lebih tinggi daripada Vogel. Namun, pada pengujian umum atas 32 tong atau 6.574 pon bijih, hasil Vogel justru lebih tinggi:",researcher_docx,not_checked
SP-00766,enklave-salido.docx,,766,Normal,Hoffman: ƒ5.330:6:3,researcher_docx,not_checked
SP-00767,enklave-salido.docx,,767,Normal,Vogel: ƒ5.381:16:4,researcher_docx,not_checked
SP-00768,enklave-salido.docx,,768,Normal,Selisihnya:,researcher_docx,not_checked
SP-00769,enklave-salido.docx,,769,Normal,ƒ51:10:1,researcher_docx,not_checked
SP-00770,enklave-salido.docx,,770,Normal,"Dalam pengujian umum ini, nilai Vogel lebih tinggi sebesar ƒ51:10:1.",researcher_docx,not_checked
SP-00772,enklave-salido.docx,,772,Normal,"Selain 32 tong bijih tersebut, masih terdapat beberapa tong yang telah diserahkan pada saat pemeriksaan awal tambang, dengan berat bersih:",researcher_docx,not_checked
SP-00773,enklave-salido.docx,,773,Normal,1.319 lb,researcher_docx,not_checked
SP-00774,enklave-salido.docx,,774,Normal,Teks kemudian berbunyi:,researcher_docx,not_checked
SP-00775,enklave-salido.docx,,775,Normal,sulx bedraagt ...,researcher_docx,not_checked
SP-00776,enklave-salido.docx,,776,Normal,"Sebanyak 1.319 pon bijih yang disebutkan pada bagian sebelumnya, menurut laporan pengujian umum yang dibuat oleh Johan Hoffman, mengandung emas dan perak murni sebanyak:",researcher_docx,not_checked
SP-00777,enklave-salido.docx,,777,Normal,"16 mark, 2 lood, dan 14 grein",researcher_docx,not_checked
SP-00778,enklave-salido.docx,,778,Normal,"Jika diperhitungkan dalam uang, nilainya mencapai:",researcher_docx,not_checked
SP-00779,enklave-salido.docx,,779,Normal,ƒ966:18:12,researcher_docx,not_checked
SP-00780,enklave-salido.docx,,780,Normal,Hal tersebut dapat dilihat dalam Laporan Pengujian Umum Nomor 15 yang telah disebutkan.,researcher_docx,not_checked
SP-00781,enklave-salido.docx,,781,Normal,Di bawahnya tertulis dan ditandatangani:,researcher_docx,not_checked
SP-00782,enklave-salido.docx,,782,Normal,Benjamin Olitsch,researcher_docx,not_checked
SP-00783,enklave-salido.docx,,783,Normal,Pada margin tertulis:,researcher_docx,not_checked
SP-00784,enklave-salido.docx,,784,Normal,"Tambang Emas Sillida di Pantai Barat Sumatra, 30 April 1682.",researcher_docx,not_checked
SP-00785,enklave-salido.docx,,785,Normal,Catatan penting,researcher_docx,not_checked
SP-00786,enklave-salido.docx,,786,Normal,"Untuk 1.319 pon bijih tambahan ini, fragmen hanya menyebut laporan pengujian umum Johan Hoffman. Tidak terdapat hasil tandingan Johan Willem Vogel dalam bagian yang diberikan.",researcher_docx,not_checked
SP-00787,enklave-salido.docx,,787,Normal,"Dengan demikian, protokol Benjamin Olitsch secara formal berakhir di sini, pada:",researcher_docx,not_checked
SP-00788,enklave-salido.docx,,788,Normal,30 April 1682,researcher_docx,not_checked
SP-00789,enklave-salido.docx,,789,Normal,Setelah itu dimulai dokumen baru berupa inventaris aset tambang.,researcher_docx,not_checked
SP-00791,enklave-salido.docx,,791,Normal,Inventaris Aset Tambang Emas Sillida,researcher_docx,not_checked
SP-00792,enklave-salido.docx,,792,Normal,"Opneminge en bevindinge van alle ’s E. Comp:s effecten in de Sillidase Goutmijne, &a., die uijt ordre van den E. Heer Commandeur Joan van Leene door ons, Hendrick Kemp, Guarnisoen-Boekhouder, en Jacob Ongenae, Boekhouder, als van Sijn E. hiertoe gecommitteerden, en die van den Berghopman, Heer Benjamin Olitsch, twee mede-gecommitteerdens, namentlijck Joan Pleijtnaer, Marckscheijder, en Johan Willem Vogel, Assaijeur, opgenomen en bevonden geworden als volgt.",researcher_docx,not_checked
SP-00794,enklave-salido.docx,,794,Normal,"Pemeriksaan dan pencatatan seluruh aset Kompeni Yang Terhormat di Tambang Emas Sillida, dan seterusnya, yang berdasarkan perintah Tuan Commandeur Yang Terhormat Joan van Leene telah diperiksa dan dicatat oleh kami:",researcher_docx,not_checked
SP-00795,enklave-salido.docx,,795,Normal,"Hendrick Kemp, pemegang buku garnisun;",researcher_docx,not_checked
SP-00796,enklave-salido.docx,,796,Normal,"Jacob Ongenae, pemegang buku;",researcher_docx,not_checked
SP-00797,enklave-salido.docx,,797,Normal,"yang ditunjuk oleh Tuan Commandeur untuk tugas tersebut, bersama dua orang komisaris yang ditunjuk oleh Tuan Berghopman Benjamin Olitsch, yaitu:",researcher_docx,not_checked
SP-00798,enklave-salido.docx,,798,Normal,"Joan Pleijtnaer, Marckscheijder;",researcher_docx,not_checked
SP-00799,enklave-salido.docx,,799,Normal,"Johan Willem Vogel, Assaijeur.",researcher_docx,not_checked
SP-00800,enklave-salido.docx,,800,Normal,Seluruh aset tersebut diperiksa dan ditemukan sebagaimana berikut.,researcher_docx,not_checked
SP-00801,enklave-salido.docx,,801,Normal,Peralatan milik Assaijeur yang berada di bagian atas tambang terdiri atas:,researcher_docx,not_checked
SP-00802,enklave-salido.docx,,802,Normal,"1 tungku pengujian dari besi, beserta instrumen atau perlengkapan apinya;",researcher_docx,not_checked
SP-00803,enklave-salido.docx,,803,Normal,1 sekop pendingin dari tembaga;,researcher_docx,not_checked
SP-00804,enklave-salido.docx,,804,Normal,"1 landasan kecil, beserta palu tangannya;",researcher_docx,not_checked
SP-00805,enklave-salido.docx,,805,Normal,1 ayakan dari pelat timah;,researcher_docx,not_checked
SP-00806,enklave-salido.docx,,806,Normal,12 berghmenten;,researcher_docx,not_checked
SP-00807,enklave-salido.docx,,807,Normal,"2 mortar besi, beserta penumbuknya;",researcher_docx,not_checked
SP-00808,enklave-salido.docx,,808,Normal,1 bak air raksa dari besi cor;,researcher_docx,not_checked
SP-00809,enklave-salido.docx,,809,Normal,1 tong kecil berisi moffels;,researcher_docx,not_checked
SP-00810,enklave-salido.docx,,810,Normal,1 tong kecil berisi pecahan atau wadah pengujian;,researcher_docx,not_checked
SP-00811,enklave-salido.docx,,811,Normal,"2 neraca pengujian halus, dalam keadaan tidak layak digunakan;",researcher_docx,not_checked
SP-00812,enklave-salido.docx,,812,Normal,"2 neraca penimbang, masing-masing berada di dalam kotaknya;",researcher_docx,not_checked
SP-00813,enklave-salido.docx,,813,Normal,2 pelat atau wadah pengujian;,researcher_docx,not_checked
SP-00814,enklave-salido.docx,,814,Normal,"3 gunting tangan, dua di antaranya tidak layak digunakan;",researcher_docx,not_checked
SP-00815,enklave-salido.docx,,815,Normal,1 tang pipih kecil;,researcher_docx,not_checked
SP-00816,enklave-salido.docx,,816,Normal,3 tang kecil untuk butiran atau koren;,researcher_docx,not_checked
SP-00817,enklave-salido.docx,,817,Normal,"2 perangkat anak timbangan dari tembaga, yaitu:",researcher_docx,not_checked
SP-00818,enklave-salido.docx,,818,Normal,"1 perangkat berbobot 4 lb, menurut ukuran Trooise;",researcher_docx,not_checked
SP-00819,enklave-salido.docx,,819,Normal,"1 perangkat berbobot ½ lb, menurut ukuran Ceulsch;",researcher_docx,not_checked
SP-00820,enklave-salido.docx,,820,Normal,9 jenis cetakan kapel dari tembaga;,researcher_docx,not_checked
SP-00821,enklave-salido.docx,,821,Normal,3 jenis cetakan cawan dari tembaga;,researcher_docx,not_checked
SP-00822,enklave-salido.docx,,822,Normal,13 jenis labu pemisahan;,researcher_docx,not_checked
SP-00823,enklave-salido.docx,,823,Normal,1 corong kaca;,researcher_docx,not_checked
SP-00824,enklave-salido.docx,,824,Normal,1 batang besi kecil;,researcher_docx,not_checked
SP-00825,enklave-salido.docx,,825,Normal,2 dudukan pengujian;,researcher_docx,not_checked
SP-00826,enklave-salido.docx,,826,Normal,1 alat pengembus tangan ganda;,researcher_docx,not_checked
SP-00827,enklave-salido.docx,,827,Normal,2 ayakan rambut dengan ukuran berbeda;,researcher_docx,not_checked
SP-00828,enklave-salido.docx,,828,Normal,"1 dovan dari kain halus, beserta penutup-penutupnya;",researcher_docx,not_checked
SP-00829,enklave-salido.docx,,829,Normal,1 rumah pengujian kecil dari kaca;,researcher_docx,not_checked
SP-00830,enklave-salido.docx,,830,Normal,2 anak timbangan assay dari perak;,researcher_docx,not_checked
SP-00831,enklave-salido.docx,,831,Normal,1 kaki tiga dari besi untuk proses pemisahan;,researcher_docx,not_checked
SP-00832,enklave-salido.docx,,832,Normal,1 neraca besi biasa dengan dua piringan cekung;,researcher_docx,not_checked
SP-00833,enklave-salido.docx,,833,Normal,2 baskom tembaga.,researcher_docx,not_checked
SP-00834,enklave-salido.docx,,834,Normal,Peralatan Assaijeur yang disimpan di Sillida terdiri atas:,researcher_docx,not_checked
SP-00835,enklave-salido.docx,,835,Normal,"3 batu maqueet, disimpan di dalam sebuah kotak;",researcher_docx,not_checked
SP-00836,enklave-salido.docx,,836,Normal,1 pelat atau wadah voorset;,researcher_docx,not_checked
SP-00837,enklave-salido.docx,,837,Normal,1 kompas penunjuk;,researcher_docx,not_checked
SP-00838,enklave-salido.docx,,838,Normal,"2 rumah pengujian kecil dari kaca, dalam keadaan tidak layak digunakan;",researcher_docx,not_checked
SP-00839,enklave-salido.docx,,839,Normal,6 besi berbentuk cincin;,researcher_docx,not_checked
SP-00840,enklave-salido.docx,,840,Normal,1 loodsevel;,researcher_docx,not_checked
SP-00841,enklave-salido.docx,,841,Normal,1 besi penusuk;,researcher_docx,not_checked
SP-00842,enklave-salido.docx,,842,Normal,1 kait gleth;,researcher_docx,not_checked
SP-00843,enklave-salido.docx,,843,Normal,1 keranjang berisi kain-kain pengujian;,researcher_docx,not_checked
SP-00844,enklave-salido.docx,,844,Normal,3 cetakan moffel;,researcher_docx,not_checked
SP-00845,enklave-salido.docx,,845,Normal,1 crominelheeft;,researcher_docx,not_checked
SP-00846,enklave-salido.docx,,846,Normal,1 garpu terak;,researcher_docx,not_checked
SP-00847,enklave-salido.docx,,847,Normal,sejumlah tembaga dalam bentuk potongan atau skrap;,researcher_docx,not_checked
SP-00848,enklave-salido.docx,,848,Normal,"sejumlah wijnsteen, atau tartar;",researcher_docx,not_checked
SP-00849,enklave-salido.docx,,849,Normal,sejumlah salpeter;,researcher_docx,not_checked
SP-00850,enklave-salido.docx,,850,Normal,"sejumlah coperrood, atau tembaga merah;",researcher_docx,not_checked
SP-00851,enklave-salido.docx,,851,Normal,"sejumlah Spaans groen, atau verdigris;",researcher_docx,not_checked
SP-00852,enklave-salido.docx,,852,Normal,"sejumlah quicksilver, atau air raksa;",researcher_docx,not_checked
SP-00853,enklave-salido.docx,,853,Normal,"sejumlah aluijn, atau tawas;",researcher_docx,not_checked
SP-00854,enklave-salido.docx,,854,Normal,"sejumlah arsenicum, atau arsenik;",researcher_docx,not_checked
SP-00855,enklave-salido.docx,,855,Normal,"sejumlah antimonium crudum, atau antimon mentah.",researcher_docx,not_checked
SP-00856,enklave-salido.docx,,856,Normal,"Satuan atau jumlah bahan kimia pada butir 13 sampai 21 tidak terbaca dalam hasil ekstraksi. Karena itu, saya tidak menambahkan berat atau kuantitasnya.",researcher_docx,not_checked
SP-00857,enklave-salido.docx,,857,Normal,Peralatan yang berada di Pulo Chinco di bawah tanggung jawab Assaijeur Willem Roelingh terdiri atas:,researcher_docx,not_checked
SP-00858,enklave-salido.docx,,858,Normal,"1 tungku pengujian dari besi, beserta perlengkapan apinya;",researcher_docx,not_checked
SP-00859,enklave-salido.docx,,859,Normal,1 rumah pengujian kecil dari kaca;,researcher_docx,not_checked
SP-00860,enklave-salido.docx,,860,Normal,"1 neraca assay halus, dengan dudukan kayu;",researcher_docx,not_checked
SP-00861,enklave-salido.docx,,861,Normal,1 perangkat anak timbangan perak untuk satu centenaar;,researcher_docx,not_checked
SP-00862,enklave-salido.docx,,862,Normal,"1 neraca timbang, dengan dudukan tembaga;",researcher_docx,not_checked
SP-00863,enklave-salido.docx,,863,Normal,"1 mortar tembaga, dengan penumbuk besi;",researcher_docx,not_checked
SP-00864,enklave-salido.docx,,864,Normal,1 sendok timbal dari besi;,researcher_docx,not_checked
SP-00865,enklave-salido.docx,,865,Normal,1 alat pengembus tangan tunggal;,researcher_docx,not_checked
SP-00866,enklave-salido.docx,,866,Normal,"1 tang pipih kecil, dengan sekrup tangan;",researcher_docx,not_checked
SP-00867,enklave-salido.docx,,867,Normal,1 kaki tiga dari besi untuk pemisahan;,researcher_docx,not_checked
SP-00868,enklave-salido.docx,,868,Normal,1 wadah penuang dari tembaga;,researcher_docx,not_checked
SP-00869,enklave-salido.docx,,869,Normal,4 labu pemisahan dari kaca;,researcher_docx,not_checked
SP-00870,enklave-salido.docx,,870,Normal,sejumlah moffel dan pecahan atau cawan pengujian;,researcher_docx,not_checked
SP-00871,enklave-salido.docx,,871,Normal,"5 lb antimonium crudum, atau antimon mentah;",researcher_docx,not_checked
SP-00872,enklave-salido.docx,,872,Normal,1 pelat atau wadah pengujian;,researcher_docx,not_checked
SP-00873,enklave-salido.docx,,873,Normal,1 ayakan dari bulu/rambut.,researcher_docx,not_checked
SP-00874,enklave-salido.docx,,874,Normal,Peralatan pada scheijdebanck di bagian atas tambang terdiri atas:,researcher_docx,not_checked
SP-00875,enklave-salido.docx,,875,Normal,"2 tali haspel, satu di antaranya tidak layak digunakan;",researcher_docx,not_checked
SP-00876,enklave-salido.docx,,876,Normal,5 palu pemisahan;,researcher_docx,not_checked
SP-00877,enklave-salido.docx,,877,Normal,3 palu tangan atau handhamers;,researcher_docx,not_checked
SP-00878,enklave-salido.docx,,878,Normal,1 kratse;,researcher_docx,not_checked
SP-00879,enklave-salido.docx,,879,Normal,3 penumbuk pochwerk;,researcher_docx,not_checked
SP-00880,enklave-salido.docx,,880,Normal,2 meja pemisahan berjeruji;,researcher_docx,not_checked
SP-00881,enklave-salido.docx,,881,Normal,"1 bak schlam, dilengkapi:",researcher_docx,not_checked
SP-00882,enklave-salido.docx,,882,Normal,1 jeruji besi;,researcher_docx,not_checked
SP-00883,enklave-salido.docx,,883,Normal,1 gembok;,researcher_docx,not_checked
SP-00884,enklave-salido.docx,,884,Normal,11 kereta dorong;,researcher_docx,not_checked
SP-00885,enklave-salido.docx,,885,Normal,2 ember air;,researcher_docx,not_checked
SP-00886,enklave-salido.docx,,886,Normal,1 tros baru untuk tali haspel;,researcher_docx,not_checked
SP-00887,enklave-salido.docx,,887,Normal,2 balai atau wadah air yang diperkuat;,researcher_docx,not_checked
SP-00888,enklave-salido.docx,,888,Normal,1 sekop besi;,researcher_docx,not_checked
SP-00889,enklave-salido.docx,,889,Normal,1 kapak.,researcher_docx,not_checked
SP-00890,enklave-salido.docx,,890,Normal,Fungsi scheijdebanck,researcher_docx,not_checked
SP-00891,enklave-salido.docx,,891,Normal,Scheijdebanck merupakan tempat pemisahan atau pemilahan bijih. Inventarisnya memperlihatkan tahapan kerja yang mencakup:,researcher_docx,not_checked
SP-00892,enklave-salido.docx,,892,Normal,pengangkutan material dengan kereta dorong;,researcher_docx,not_checked
SP-00893,enklave-salido.docx,,893,Normal,penghancuran dengan palu atau penumbuk;,researcher_docx,not_checked
SP-00894,enklave-salido.docx,,894,Normal,pemisahan material pada meja;,researcher_docx,not_checked
SP-00895,enklave-salido.docx,,895,Normal,pengumpulan lumpur bijih di dalam slamback;,researcher_docx,not_checked
SP-00896,enklave-salido.docx,,896,Normal,penggunaan air dalam proses pemisahan.,researcher_docx,not_checked
SP-00897,enklave-salido.docx,,897,Normal,Peralatan untuk instalasi penumbukan yang berada di pagger bawah tambang terdiri atas:,researcher_docx,not_checked
SP-00898,enklave-salido.docx,,898,Normal,1 balok persegi;,researcher_docx,not_checked
SP-00899,enklave-salido.docx,,899,Normal,"1 kumpulan pekerjaan kayu lama yang tidak layak digunakan, yang sebelumnya diperuntukkan bagi sebuah stampwerk;",researcher_docx,not_checked
SP-00900,enklave-salido.docx,,900,Normal,"6 penumbuk dari besi cor, sebagian besar telah aus;",researcher_docx,not_checked
SP-00901,enklave-salido.docx,,901,Normal,2 pelat bawah;,researcher_docx,not_checked
SP-00902,enklave-salido.docx,,902,Normal,4 pelat samping;,researcher_docx,not_checked
SP-00903,enklave-salido.docx,,903,Normal,4 bagian atau perlengkapan untuk poros roda air;,researcher_docx,not_checked
SP-00904,enklave-salido.docx,,904,Normal,1 palu besar;,researcher_docx,not_checked
SP-00905,enklave-salido.docx,,905,Normal,72 baut besi dalam berbagai ukuran;,researcher_docx,not_checked
SP-00906,enklave-salido.docx,,906,Normal,7 cincin besar untuk poros;,researcher_docx,not_checked
SP-00907,enklave-salido.docx,,907,Normal,4 cincin timbal tempat penumbuk masuk;,researcher_docx,not_checked
SP-00908,enklave-salido.docx,,908,Normal,3 penumbuk besi berukuran besar;,researcher_docx,not_checked
SP-00909,enklave-salido.docx,,909,Normal,4 penutup atau pengikat untuk poros roda air;,researcher_docx,not_checked
SP-00910,enklave-salido.docx,,910,Normal,2 peti berisi berbagai peralatan peleburan dan penumbukan.,researcher_docx,not_checked
SP-00911,enklave-salido.docx,,911,Normal,Nilai teknologis,researcher_docx,not_checked
SP-00912,enklave-salido.docx,,912,Normal,Daftar tersebut menunjukkan bahwa stampwerk Sillida merupakan instalasi mekanis yang setidaknya menggunakan:,researcher_docx,not_checked
SP-00913,enklave-salido.docx,,913,Normal,roda air;,researcher_docx,not_checked
SP-00914,enklave-salido.docx,,914,Normal,poros;,researcher_docx,not_checked
SP-00915,enklave-salido.docx,,915,Normal,penumbuk besi;,researcher_docx,not_checked
SP-00916,enklave-salido.docx,,916,Normal,pelat dasar dan pelat samping;,researcher_docx,not_checked
SP-00917,enklave-salido.docx,,917,Normal,cincin bantalan atau pengikat;,researcher_docx,not_checked
SP-00918,enklave-salido.docx,,918,Normal,komponen kayu;,researcher_docx,not_checked
SP-00919,enklave-salido.docx,,919,Normal,perlengkapan peleburan.,researcher_docx,not_checked
SP-00920,enklave-salido.docx,,920,Normal,"Dengan demikian, pengolahan bijih tidak hanya dilakukan secara manual. Terdapat instalasi mekanis berbasis tenaga air untuk menghancurkan batuan bijih sebelum pemisahan dan pengujian lebih lanjut.",researcher_docx,not_checked
SP-00922,enklave-salido.docx,,922,Normal,Perkakas tambang yang berada di Princestolle terdiri atas:,researcher_docx,not_checked
SP-00923,enklave-salido.docx,,923,Normal,15 lampu tambang;,researcher_docx,not_checked
SP-00924,enklave-salido.docx,,924,Normal,19 bor tambang;,researcher_docx,not_checked
SP-00925,enklave-salido.docx,,925,Normal,3 keilhanden;,researcher_docx,not_checked
SP-00926,enklave-salido.docx,,926,Normal,5 palu besar untuk bor;,researcher_docx,not_checked
SP-00927,enklave-salido.docx,,927,Normal,"1 koeijvoet, atau linggis besar;",researcher_docx,not_checked
SP-00928,enklave-salido.docx,,928,Normal,4 krutsen;,researcher_docx,not_checked
SP-00929,enklave-salido.docx,,929,Normal,7 palu tangan;,researcher_docx,not_checked
SP-00930,enklave-salido.docx,,930,Normal,2 setijsers;,researcher_docx,not_checked
SP-00931,enklave-salido.docx,,931,Normal,"112 bergijsers, atau besi/perkakas tambang;",researcher_docx,not_checked
SP-00932,enklave-salido.docx,,932,Normal,1 kereta dorong;,researcher_docx,not_checked
SP-00933,enklave-salido.docx,,933,Normal,1 alat pengembus ganda;,researcher_docx,not_checked
SP-00934,enklave-salido.docx,,934,Normal,4 alat yang dalam ekstraksi terbaca “Eijlen”.,researcher_docx,not_checked
SP-00935,enklave-salido.docx,,935,Normal,"Butir terakhir belum dapat diidentifikasi secara pasti tanpa citra manuskrip. Bentuknya dapat merujuk pada perkakas tertentu, tetapi tidak aman dikembangkan hanya berdasarkan OCR.",researcher_docx,not_checked
SP-00937,enklave-salido.docx,,937,Normal,Di dalam Zuijder-Schacht terdapat:,researcher_docx,not_checked
SP-00938,enklave-salido.docx,,938,Normal,6 lampu tambang;,researcher_docx,not_checked
SP-00939,enklave-salido.docx,,939,Normal,7 bor;,researcher_docx,not_checked
SP-00940,enklave-salido.docx,,940,Normal,"14 keilhanen, yaitu perkakas pemukul atau pembelah batu yang namanya dipertahankan;",researcher_docx,not_checked
SP-00941,enklave-salido.docx,,941,Normal,3 kratsen;,researcher_docx,not_checked
SP-00942,enklave-salido.docx,,942,Normal,"10 palu besar untuk pekerjaan awal, disebut voormoockers;",researcher_docx,not_checked
SP-00943,enklave-salido.docx,,943,Normal,12 palu tangan;,researcher_docx,not_checked
SP-00944,enklave-salido.docx,,944,Normal,"8 palu pemisah atau pemecah, scheijdhamers;",researcher_docx,not_checked
SP-00945,enklave-salido.docx,,945,Normal,3 hetijsers;,researcher_docx,not_checked
SP-00946,enklave-salido.docx,,946,Normal,"2 linggis besar, secara harfiah disebut koeijvoeten;",researcher_docx,not_checked
SP-00947,enklave-salido.docx,,947,Normal,"31 besi atau perkakas tambang, berghijsers;",researcher_docx,not_checked
SP-00948,enklave-salido.docx,,948,Normal,7 kapak;,researcher_docx,not_checked
SP-00949,enklave-salido.docx,,949,Normal,"2 berghkuwels, yaitu perkakas tambang yang nama teknisnya dipertahankan.",researcher_docx,not_checked
SP-00950,enklave-salido.docx,,950,Normal,"Catatan: Nama bagian tambang terbaca Zuijder-Schacht, bukan Juijder-Schacht. Artinya adalah sumuran atau poros selatan.",researcher_docx,not_checked
SP-00951,enklave-salido.docx,,951,Normal,Pada berbagai Orten atau muka penggalian di dalam tambang terdapat:,researcher_docx,not_checked
SP-00952,enklave-salido.docx,,952,Normal,53 besi atau perkakas tambang;,researcher_docx,not_checked
SP-00953,enklave-salido.docx,,953,Normal,3 palu tangan;,researcher_docx,not_checked
SP-00954,enklave-salido.docx,,954,Normal,4 kratsen;,researcher_docx,not_checked
SP-00955,enklave-salido.docx,,955,Normal,"1 haspel, yaitu perangkat gulung atau pengerek;",researcher_docx,not_checked
SP-00956,enklave-salido.docx,,956,Normal,4 ember air;,researcher_docx,not_checked
SP-00957,enklave-salido.docx,,957,Normal,1 kereta dorong;,researcher_docx,not_checked
SP-00958,enklave-salido.docx,,958,Normal,"3 wadah air yang tidak layak digunakan, disebut waterconnen;",researcher_docx,not_checked
SP-00959,enklave-salido.docx,,959,Normal,3 berghruwels;,researcher_docx,not_checked
SP-00960,enklave-salido.docx,,960,Normal,3 kapak;,researcher_docx,not_checked
SP-00961,enklave-salido.docx,,961,Normal,29 lampu tambang yang berada pada para budak;,researcher_docx,not_checked
SP-00962,enklave-salido.docx,,962,Normal,2 lampu serupa pada meester;,researcher_docx,not_checked
SP-00963,enklave-salido.docx,,963,Normal,1 lampu serupa pada Domine.,researcher_docx,not_checked
SP-00964,enklave-salido.docx,,964,Normal,Teks secara eksplisit menyatakan:,researcher_docx,not_checked
SP-00965,enklave-salido.docx,,965,Normal,29 berghlampen onder de slaven,researcher_docx,not_checked
SP-00966,enklave-salido.docx,,966,Normal,yang secara dekat berarti:,researcher_docx,not_checked
SP-00967,enklave-salido.docx,,967,Normal,29 lampu tambang berada di bawah penguasaan atau penggunaan para budak.,researcher_docx,not_checked
SP-00968,enklave-salido.docx,,968,Normal,"Kata Orten adalah bentuk jamak dari Ort, yaitu ujung atau muka penggalian aktif.",researcher_docx,not_checked
SP-00969,enklave-salido.docx,,969,Normal,"In ’t packhuijs boven, in de mijn onder, en [in de] opperhooftswoning",researcher_docx,not_checked
SP-00970,enklave-salido.docx,,970,Normal,Bagian ini tampaknya menggabungkan persediaan di:,researcher_docx,not_checked
SP-00971,enklave-salido.docx,,971,Normal,gudang atas;,researcher_docx,not_checked
SP-00972,enklave-salido.docx,,972,Normal,bagian bawah kompleks tambang;,researcher_docx,not_checked
SP-00973,enklave-salido.docx,,973,Normal,kediaman kepala atau pimpinan.,researcher_docx,not_checked
SP-00974,enklave-salido.docx,,974,Normal,Bahan bangunan dan persediaan umum,researcher_docx,not_checked
SP-00975,enklave-salido.docx,,975,Normal,87 papan panjang;,researcher_docx,not_checked
SP-00976,enklave-salido.docx,,976,Normal,50 papan pendek;,researcher_docx,not_checked
SP-00977,enklave-salido.docx,,977,Normal,100 keranjang balast;,researcher_docx,not_checked
SP-00978,enklave-salido.docx,,978,Normal,1 penggilingan tangan dari batu;,researcher_docx,not_checked
SP-00979,enklave-salido.docx,,979,Normal,"1 tenda lama dari kain layar, heijdoeckstent;",researcher_docx,not_checked
SP-00980,enklave-salido.docx,,980,Normal,67 bor;,researcher_docx,not_checked
SP-00981,enklave-salido.docx,,981,Normal,"2½ batang besi tempa berpenampang persegi, viercant campijser;",researcher_docx,not_checked
SP-00982,enklave-salido.docx,,982,Normal,11 batang baja;,researcher_docx,not_checked
SP-00983,enklave-salido.docx,,983,Normal,14 batang besi persegi;,researcher_docx,not_checked
SP-00984,enklave-salido.docx,,984,Normal,17 eijlen;,researcher_docx,not_checked
SP-00985,enklave-salido.docx,,985,Normal,20 ritsijsers;,researcher_docx,not_checked
SP-00986,enklave-salido.docx,,986,Normal,2 pelat besi;,researcher_docx,not_checked
SP-00987,enklave-salido.docx,,987,Normal,100 lb timbal pipih;,researcher_docx,not_checked
SP-00988,enklave-salido.docx,,988,Normal,"1 peti kecil, yang di dalamnya terdapat:",researcher_docx,not_checked
SP-00989,enklave-salido.docx,,989,Normal,2½ gulung kawat tembaga untuk ayakan;,researcher_docx,not_checked
SP-00990,enklave-salido.docx,,990,Normal,9 kikir kasar;,researcher_docx,not_checked
SP-00991,enklave-salido.docx,,991,Normal,"1 ragum meja dari besi, tidak layak digunakan.",researcher_docx,not_checked
SP-00992,enklave-salido.docx,,992,Normal,Kawat tembaga untuk ayakan,researcher_docx,not_checked
SP-00993,enklave-salido.docx,,993,Normal,Teksnya eksplisit:,researcher_docx,not_checked
SP-00994,enklave-salido.docx,,994,Normal,2½ rolle coperdraet tot zeeften,researcher_docx,not_checked
SP-00995,enklave-salido.docx,,995,Normal,Artinya:,researcher_docx,not_checked
SP-00996,enklave-salido.docx,,996,Normal,2½ gulung kawat tembaga untuk membuat atau memperbaiki ayakan.,researcher_docx,not_checked
SP-00997,enklave-salido.docx,,997,Normal,Bagian ini membantu membedakan haire zeeften dari ayakan kawat tembaga. Inventaris memang mengenal lebih dari satu jenis media penyaring.,researcher_docx,not_checked
SP-00998,enklave-salido.docx,,998,Normal,Perkakas kerja,researcher_docx,not_checked
SP-00999,enklave-salido.docx,,999,Normal,19 sekop;,researcher_docx,not_checked
SP-01000,enklave-salido.docx,,1000,Normal,20 keilhanen;,researcher_docx,not_checked
SP-01001,enklave-salido.docx,,1001,Normal,30 kratsen;,researcher_docx,not_checked
SP-01002,enklave-salido.docx,,1002,Normal,"8 tali haspel, haspelgorens;",researcher_docx,not_checked
SP-01003,enklave-salido.docx,,1003,Normal,23 palu tangan;,researcher_docx,not_checked
SP-01004,enklave-salido.docx,,1004,Normal,20 berghijsers;,researcher_docx,not_checked
SP-01005,enklave-salido.docx,,1005,Normal,5 palu pemisah;,researcher_docx,not_checked
SP-01006,enklave-salido.docx,,1006,Normal,2 garu;,researcher_docx,not_checked
SP-01007,enklave-salido.docx,,1007,Normal,"5 linggis besar, koeijvoeten;",researcher_docx,not_checked
SP-01008,enklave-salido.docx,,1008,Normal,"1 besi penggali Melayu, Maleijts grafijser;",researcher_docx,not_checked
SP-01009,enklave-salido.docx,,1009,Normal,"6 besi tambang Waal atau Walloon, Waelse berghijsers;",researcher_docx,not_checked
SP-01010,enklave-salido.docx,,1010,Normal,"43 palu besar dalam berbagai ukuran, sorteerde moockers;",researcher_docx,not_checked
SP-01011,enklave-salido.docx,,1011,Normal,5 kait kram;,researcher_docx,not_checked
SP-01012,enklave-salido.docx,,1012,Normal,1 kait kayu dari besi;,researcher_docx,not_checked
SP-01013,enklave-salido.docx,,1013,Normal,1 bor dari besi;,researcher_docx,not_checked
SP-01014,enklave-salido.docx,,1014,Normal,2 berghhuwels baru yang belum dipasangi perlengkapan besi;,researcher_docx,not_checked
SP-01015,enklave-salido.docx,,1015,Normal,1 ember air yang belum dipasangi penguat;,researcher_docx,not_checked
SP-01016,enklave-salido.docx,,1016,Normal,8 ikat atap atau bahan penutup yang disebut adap;,researcher_docx,not_checked
SP-01017,enklave-salido.docx,,1017,Normal,"1 [alat] kawat tembaga panjang, dalam teks terbaca “lange coperdrade heeft”;",researcher_docx,not_checked
SP-01018,enklave-salido.docx,,1018,Normal,100 lingkaran atau gelang besi;,researcher_docx,not_checked
SP-01019,enklave-salido.docx,,1019,Normal,3 barrings.,researcher_docx,not_checked
SP-01020,enklave-salido.docx,,1020,Normal,"Baris “1 lange Coperdrade heeft” tidak menghasilkan nama alat yang jelas. Karena itu, saya tidak mengubahnya menjadi ayakan atau benda lain tanpa melihat citra manuskrip.",researcher_docx,not_checked
SP-01021,enklave-salido.docx,,1021,Normal,Persediaan makanan,researcher_docx,not_checked
SP-01022,enklave-salido.docx,,1022,Normal,317 lb daging Belanda;,researcher_docx,not_checked
SP-01023,enklave-salido.docx,,1023,Normal,"1 tong bahan yang sama, belum dibuka;",researcher_docx,not_checked
SP-01024,enklave-salido.docx,,1024,Normal,55 lb daging babi asin Belanda;,researcher_docx,not_checked
SP-01025,enklave-salido.docx,,1025,Normal,2.880 lb bersih beras dalam 45 karung.,researcher_docx,not_checked
SP-01026,enklave-salido.docx,,1026,Normal,Frasa:,researcher_docx,not_checked
SP-01027,enklave-salido.docx,,1027,Normal,1 vat d:o ongeopent,researcher_docx,not_checked
SP-01028,enklave-salido.docx,,1028,Normal,berarti:,researcher_docx,not_checked
SP-01029,enklave-salido.docx,,1029,Normal,"1 tong dari barang yang sama, belum dibuka.",researcher_docx,not_checked
SP-01030,enklave-salido.docx,,1030,Normal,"Singkatan d:o merujuk kepada komoditas sebelumnya, kemungkinan Hollants vlees.",researcher_docx,not_checked
SP-01031,enklave-salido.docx,,1031,Normal,Bijih dalam tiga keranjang,researcher_docx,not_checked
SP-01032,enklave-salido.docx,,1032,Normal,Terdapat:,researcher_docx,not_checked
SP-01033,enklave-salido.docx,,1033,Normal,156 lb bijih dalam 3 keranjang,researcher_docx,not_checked
SP-01034,enklave-salido.docx,,1034,Normal,dengan perincian:,researcher_docx,not_checked
SP-01035,enklave-salido.docx,,1035,Normal,77 lb bijih jenis kedua dari Zuijder-Schacht;,researcher_docx,not_checked
SP-01036,enklave-salido.docx,,1036,Normal,48 lb bijih jenis pertama dari Oude Mijne;,researcher_docx,not_checked
SP-01037,enklave-salido.docx,,1037,Normal,"31 lb bijih jenis kedua dari tempat yang sama, yaitu Oude Mijne.",researcher_docx,not_checked
SP-01038,enklave-salido.docx,,1038,Normal,Jumlahnya konsisten:,researcher_docx,not_checked
SP-01039,enklave-salido.docx,,1039,Normal,77 + 48 + 31 = 156 lb bijih,researcher_docx,not_checked
SP-01040,enklave-salido.docx,,1040,Normal,Terdapat:,researcher_docx,not_checked
SP-01041,enklave-salido.docx,,1041,Normal,"7 tong kecil bernomor, berisi bijih yang belum disortir",researcher_docx,not_checked
SP-01042,enklave-salido.docx,,1042,Normal,Daftar hasil ekstraksi memuat rangkaian angka dan asal bijih sebagai berikut:,researcher_docx,not_checked
SP-01043,enklave-salido.docx,,1043,Normal,"78 – 185:13:172, bijih jenis kedua dari Oude Mijne;",researcher_docx,not_checked
SP-01044,enklave-salido.docx,,1044,Normal,"508 – 238:39:199, bijih jenis kedua dari Zuijder-Schacht;",researcher_docx,not_checked
SP-01045,enklave-salido.docx,,1045,Normal,"509 – 225:28:197, bijih jenis kedua dari Zuijder-Schacht;",researcher_docx,not_checked
SP-01046,enklave-salido.docx,,1046,Normal,"510 – 225:31:194, bijih jenis kedua dari Zuijder-Schacht;",researcher_docx,not_checked
SP-01047,enklave-salido.docx,,1047,Normal,"511 – 230:31:199, bijih jenis kedua dari Zuijder-Schacht;",researcher_docx,not_checked
SP-01048,enklave-salido.docx,,1048,Normal,"707 – 717:28:199, bijih jenis kedua dari [nama daggang tidak pasti];",researcher_docx,not_checked
SP-01049,enklave-salido.docx,,1049,Normal,"708 – 175:16:159, bijih jenis kedua dari [nama daggang tidak pasti].",researcher_docx,not_checked
SP-01050,enklave-salido.docx,,1050,Normal,"Deretan angka kemungkinan mencatat nomor tong dan beberapa tahap bobot, misalnya berat kotor, tara, serta berat bersih. Namun, kepala kolom tidak tersedia dalam fragmen. Karena itu, angka tersebut tidak saya beri label secara spekulatif.",researcher_docx,not_checked
SP-01051,enklave-salido.docx,,1051,Normal,n ’t packhuijs onder de bergwerckerswoning,researcher_docx,not_checked
SP-01052,enklave-salido.docx,,1052,Normal,Inventaris,researcher_docx,not_checked
SP-01053,enklave-salido.docx,,1053,Normal,21 lampu tambang Eropa;,researcher_docx,not_checked
SP-01054,enklave-salido.docx,,1054,Normal,19 lampu tambang Waal atau Walloon;,researcher_docx,not_checked
SP-01055,enklave-salido.docx,,1055,Normal,52 propboren;,researcher_docx,not_checked
SP-01056,enklave-salido.docx,,1056,Normal,"38 perkakas yang telah ditempa ulang untuk keperluan tersebut, ommeslagen hiertoe;",researcher_docx,not_checked
SP-01057,enklave-salido.docx,,1057,Normal,"1 dongkrak besar, dommekragt;",researcher_docx,not_checked
SP-01058,enklave-salido.docx,,1058,Normal,2 sniggen;,researcher_docx,not_checked
SP-01059,enklave-salido.docx,,1059,Normal,"[sejumlah] ketam dengan berbagai ukuran, gesorteerde schaaven;",researcher_docx,not_checked
SP-01060,enklave-salido.docx,,1060,Normal,"2 pahat lengkung, gutsen;",researcher_docx,not_checked
SP-01061,enklave-salido.docx,,1061,Normal,"3 tang depan, voortangen;",researcher_docx,not_checked
SP-01062,enklave-salido.docx,,1062,Normal,"6 alat ukur tambang dari besi, ijsere berglachters;",researcher_docx,not_checked
SP-01063,enklave-salido.docx,,1063,Normal,"2 peti kecil dari tembaga berisi paku, dengan berat kotor 106 lb;",researcher_docx,not_checked
SP-01064,enklave-salido.docx,,1064,Normal,"3 amen minyak, jenis minyaknya belum terbaca pasti;",researcher_docx,not_checked
SP-01065,enklave-salido.docx,,1065,Normal,"½ tong berisi paku, berat kotor 331 lb;",researcher_docx,not_checked
SP-01066,enklave-salido.docx,,1066,Normal,16 baji besi;,researcher_docx,not_checked
SP-01067,enklave-salido.docx,,1067,Normal,2 pelat voorset;,researcher_docx,not_checked
SP-01068,enklave-salido.docx,,1068,Normal,9 vaertboren;,researcher_docx,not_checked
SP-01069,enklave-salido.docx,,1069,Normal,"⅓ tong [barang] yang baik, pembacaannya belum lengkap;",researcher_docx,not_checked
SP-01070,enklave-salido.docx,,1070,Normal,15 eijlen;,researcher_docx,not_checked
SP-01071,enklave-salido.docx,,1071,Normal,"100 tong kecil berisi tulang kering, schenckels.",researcher_docx,not_checked
SP-01072,enklave-salido.docx,,1072,Normal,Lampu Eropa dan Waal,researcher_docx,not_checked
SP-01073,enklave-salido.docx,,1073,Normal,Teks secara eksplisit membedakan:,researcher_docx,not_checked
SP-01074,enklave-salido.docx,,1074,Normal,21 Europeaanse berghlampen;,researcher_docx,not_checked
SP-01075,enklave-salido.docx,,1075,Normal,19 Waelse dito.,researcher_docx,not_checked
SP-01076,enklave-salido.docx,,1076,Normal,Terjemahan paling aman:,researcher_docx,not_checked
SP-01077,enklave-salido.docx,,1077,Normal,21 lampu tambang Eropa;,researcher_docx,not_checked
SP-01078,enklave-salido.docx,,1078,Normal,19 lampu tambang Waal atau Walloon.,researcher_docx,not_checked
SP-01079,enklave-salido.docx,,1079,Normal,"Ini menunjukkan adanya klasifikasi bentuk atau asal teknis lampu, bukan sekadar jumlah lampu yang sama.",researcher_docx,not_checked
SP-01080,enklave-salido.docx,,1080,Normal,Bij de coolbrander,researcher_docx,not_checked
SP-01081,enklave-salido.docx,,1081,Normal,Pada pembakar arang terdapat:,researcher_docx,not_checked
SP-01082,enklave-salido.docx,,1082,Normal,3 gergaji tarik besar;,researcher_docx,not_checked
SP-01083,enklave-salido.docx,,1083,Normal,"1 gergaji [krenen?], pembacaannya belum pasti;",researcher_docx,not_checked
SP-01084,enklave-salido.docx,,1084,Normal,11 kapak;,researcher_docx,not_checked
SP-01085,enklave-salido.docx,,1085,Normal,6 palu besar;,researcher_docx,not_checked
SP-01086,enklave-salido.docx,,1086,Normal,4 klem besi;,researcher_docx,not_checked
SP-01087,enklave-salido.docx,,1087,Normal,8 baji;,researcher_docx,not_checked
SP-01088,enklave-salido.docx,,1088,Normal,2 kratsen;,researcher_docx,not_checked
SP-01089,enklave-salido.docx,,1089,Normal,1 keilhan;,researcher_docx,not_checked
SP-01090,enklave-salido.docx,,1090,Normal,3 palu tangan;,researcher_docx,not_checked
SP-01091,enklave-salido.docx,,1091,Normal,3 verpijckerzamers;,researcher_docx,not_checked
SP-01092,enklave-salido.docx,,1092,Normal,1 palu pemisah.,researcher_docx,not_checked
SP-01093,enklave-salido.docx,,1093,Normal,"Istilah coolbrander berarti petugas pembuat arang. Arang diperlukan untuk proses pemanasan, assay, penempaan, dan kemungkinan peleburan.",researcher_docx,not_checked
SP-01094,enklave-salido.docx,,1094,Normal,In de smitswinckel,researcher_docx,not_checked
SP-01095,enklave-salido.docx,,1095,Normal,Di bengkel pandai besi terdapat:,researcher_docx,not_checked
SP-01096,enklave-salido.docx,,1096,Normal,4 landasan;,researcher_docx,not_checked
SP-01097,enklave-salido.docx,,1097,Normal,"7 alat pengembus, empat di antaranya tidak layak digunakan;",researcher_docx,not_checked
SP-01098,enklave-salido.docx,,1098,Normal,2 kait berbentuk tombak;,researcher_docx,not_checked
SP-01099,enklave-salido.docx,,1099,Normal,"4 palu besar, voorhamers;",researcher_docx,not_checked
SP-01100,enklave-salido.docx,,1100,Normal,4 palu tangan;,researcher_docx,not_checked
SP-01101,enklave-salido.docx,,1101,Normal,1 ragum meja;,researcher_docx,not_checked
SP-01102,enklave-salido.docx,,1102,Normal,"8 tang tempa, kecil dan besar;",researcher_docx,not_checked
SP-01103,enklave-salido.docx,,1103,Normal,1 gantschroeff;,researcher_docx,not_checked
SP-01104,enklave-salido.docx,,1104,Normal,1 [perkakas besi] yang tidak layak digunakan;,researcher_docx,not_checked
SP-01105,enklave-salido.docx,,1105,Normal,"8 kikir, sebagian besar tidak layak digunakan;",researcher_docx,not_checked
SP-01106,enklave-salido.docx,,1106,Normal,4 doghijsers;,researcher_docx,not_checked
SP-01107,enklave-salido.docx,,1107,Normal,"300 berghijsers, baik yang lama maupun yang baru;",researcher_docx,not_checked
SP-01108,enklave-salido.docx,,1108,Normal,"60 bor tambang, kemungkinan terbaca berghborers.",researcher_docx,not_checked
SP-01109,enklave-salido.docx,,1109,Normal,"Bentuk ekstraksi baris terakhir adalah berghboters. Berdasarkan konteks bengkel dan peralatan tambang, pembacaan berghborers mungkin, tetapi belum boleh dipastikan tanpa citra asli.",researcher_docx,not_checked
SP-01111,enklave-salido.docx,,1111,Normal,in de paerdestall,researcher_docx,not_checked
SP-01112,enklave-salido.docx,,1112,Normal,Di kandang kuda terdapat:,researcher_docx,not_checked
SP-01113,enklave-salido.docx,,1113,Normal,"4 ekor kuda, satu di antaranya tidak layak digunakan;",researcher_docx,not_checked
SP-01114,enklave-salido.docx,,1114,Normal,"5 pelana tunggang, satu di antaranya tidak layak digunakan;",researcher_docx,not_checked
SP-01115,enklave-salido.docx,,1115,Normal,"2 pasang pistol kuda, satu pasangan berada di bawah penguasaan Tuan Hoffman;",researcher_docx,not_checked
SP-01116,enklave-salido.docx,,1116,Normal,4 comen;,researcher_docx,not_checked
SP-01117,enklave-salido.docx,,1117,Normal,3 sarung pistol kuda;,researcher_docx,not_checked
SP-01118,enklave-salido.docx,,1118,Normal,"3 karabin, satu di antaranya tidak layak digunakan;",researcher_docx,not_checked
SP-01119,enklave-salido.docx,,1119,Normal,4 kuda penarik kereta;,researcher_docx,not_checked
SP-01120,enklave-salido.docx,,1120,Normal,2 kereta angkut;,researcher_docx,not_checked
SP-01121,enklave-salido.docx,,1121,Normal,"1 badan kereta penumpang, tidak layak digunakan;",researcher_docx,not_checked
SP-01122,enklave-salido.docx,,1122,Normal,4 coomen.,researcher_docx,not_checked
SP-01123,enklave-salido.docx,,1123,Normal,"Kata onbequaem dalam bagian ini berarti tidak layak dipakai atau tidak mampu menjalankan fungsi yang dimaksud. Untuk seekor kuda, artinya kuda tersebut tidak layak digunakan untuk kerja atau tunggangan, bukan penilaian umum atas kondisi biologisnya.",researcher_docx,not_checked
SP-01125,enklave-salido.docx,,1125,Normal,Wagenmakers- en cuijsiersgereetschap,researcher_docx,not_checked
SP-01126,enklave-salido.docx,,1126,Normal,Peralatan pembuat kereta dan kusir terdiri atas:,researcher_docx,not_checked
SP-01127,enklave-salido.docx,,1127,Normal,1 kapak;,researcher_docx,not_checked
SP-01128,enklave-salido.docx,,1128,Normal,"2 gurdi, avegaers;",researcher_docx,not_checked
SP-01129,enklave-salido.docx,,1129,Normal,"2 pahat lengkung, gutsen;",researcher_docx,not_checked
SP-01130,enklave-salido.docx,,1130,Normal,"5 pisau pembentuk, swijmessen;",researcher_docx,not_checked
SP-01131,enklave-salido.docx,,1131,Normal,1 gergaji tangan;,researcher_docx,not_checked
SP-01132,enklave-salido.docx,,1132,Normal,"2 batu asah, satu di antaranya tidak layak digunakan;",researcher_docx,not_checked
SP-01133,enklave-salido.docx,,1133,Normal,"1 beliung kayu atau kapak penarah, dissel;",researcher_docx,not_checked
SP-01134,enklave-salido.docx,,1134,Normal,"1 cangkul atau beliung, houwel;",researcher_docx,not_checked
SP-01135,enklave-salido.docx,,1135,Normal,1 proos;,researcher_docx,not_checked
SP-01136,enklave-salido.docx,,1136,Normal,"1 meja kerja pembentuk, swijbanck;",researcher_docx,not_checked
SP-01137,enklave-salido.docx,,1137,Normal,1 gantschaeff.,researcher_docx,not_checked
SP-01138,enklave-salido.docx,,1138,Normal,Huijsmeubelen onder handen van Sr. Hoffman,researcher_docx,not_checked
SP-01139,enklave-salido.docx,,1139,Normal,Perabot rumah yang berada di bawah penguasaan Tuan Hoffman terdiri atas:,researcher_docx,not_checked
SP-01140,enklave-salido.docx,,1140,Normal,3 piring saji porselen besar;,researcher_docx,not_checked
SP-01141,enklave-salido.docx,,1141,Normal,3 piring porselen berukuran sedang;,researcher_docx,not_checked
SP-01142,enklave-salido.docx,,1142,Normal,14 piring porselen lain yang lebih kecil;,researcher_docx,not_checked
SP-01143,enklave-salido.docx,,1143,Normal,33 piring Jepang;,researcher_docx,not_checked
SP-01144,enklave-salido.docx,,1144,Normal,6 piring Tiongkok;,researcher_docx,not_checked
SP-01145,enklave-salido.docx,,1145,Normal,2 wadah air dari porselen;,researcher_docx,not_checked
SP-01146,enklave-salido.docx,,1146,Normal,1 [wadah] minyak;,researcher_docx,not_checked
SP-01147,enklave-salido.docx,,1147,Normal,1 kendi atau wadah kecil untuk cuka;,researcher_docx,not_checked
SP-01148,enklave-salido.docx,,1148,Normal,1 wadah kecil untuk moster dengan hiasan atau lapisan perak;,researcher_docx,not_checked
SP-01149,enklave-salido.docx,,1149,Normal,1 sendok kecil dari perak;,researcher_docx,not_checked
SP-01150,enklave-salido.docx,,1150,Normal,3 wadah kecil Jepang beserta penutupnya;,researcher_docx,not_checked
SP-01151,enklave-salido.docx,,1151,Normal,"2 ketel teh dari tembaga, satu di antaranya sama sekali tidak layak digunakan;",researcher_docx,not_checked
SP-01152,enklave-salido.docx,,1152,Normal,"2 peludahan, quispidoors;",researcher_docx,not_checked
SP-01153,enklave-salido.docx,,1153,Normal,"2 wajan tembaga, satu besar dan satu kecil;",researcher_docx,not_checked
SP-01154,enklave-salido.docx,,1154,Normal,1 tempat lampu kecil dari tembaga;,researcher_docx,not_checked
SP-01155,enklave-salido.docx,,1155,Normal,6 kursi;,researcher_docx,not_checked
SP-01156,enklave-salido.docx,,1156,Normal,1 pancuran atau wadah air dari pelat timah di kebun;,researcher_docx,not_checked
SP-01157,enklave-salido.docx,,1157,Normal,1 gunting berbentuk sengkang untuk mencukur domba;,researcher_docx,not_checked
SP-01158,enklave-salido.docx,,1158,Normal,1 kompas dari gading.,researcher_docx,not_checked
SP-01159,enklave-salido.docx,,1159,Normal,"Baris “1 olijen” tidak lengkap sebagai nama benda. Karena itu, saya mempertahankannya sebagai satu wadah atau persediaan minyak tanpa menentukan bentuk bendanya.",researcher_docx,not_checked
SP-01160,enklave-salido.docx,,1160,Normal,In de combuijs,researcher_docx,not_checked
SP-01161,enklave-salido.docx,,1161,Normal,Di dapur terdapat:,researcher_docx,not_checked
SP-01162,enklave-salido.docx,,1162,Normal,1 alat pemanggang dari besi beserta perangkatnya;,researcher_docx,not_checked
SP-01163,enklave-salido.docx,,1163,Normal,2 ketel tembaga biasa.,researcher_docx,not_checked
SP-01164,enklave-salido.docx,,1164,Normal,Judul asli,researcher_docx,not_checked
SP-01165,enklave-salido.docx,,1165,Normal,Weeghmaterialen,researcher_docx,not_checked
SP-01166,enklave-salido.docx,,1166,Normal,Terdapat:,researcher_docx,not_checked
SP-01167,enklave-salido.docx,,1167,Normal,1 neraca besi dengan dua piringan kayu;,researcher_docx,not_checked
SP-01168,enklave-salido.docx,,1168,Normal,"10 buah anak timbangan logam, dengan berat keseluruhan 173 lb, yaitu:",researcher_docx,not_checked
SP-01169,enklave-salido.docx,,1169,Normal,2 buah masing-masing 50 lb = 100 lb;,researcher_docx,not_checked
SP-01170,enklave-salido.docx,,1170,Normal,1 buah 25 lb = 25 lb;,researcher_docx,not_checked
SP-01171,enklave-salido.docx,,1171,Normal,1 buah 12 lb = 12 lb;,researcher_docx,not_checked
SP-01172,enklave-salido.docx,,1172,Normal,1 buah 10 lb = 10 lb;,researcher_docx,not_checked
SP-01173,enklave-salido.docx,,1173,Normal,1 buah 8 lb = 8 lb;,researcher_docx,not_checked
SP-01174,enklave-salido.docx,,1174,Normal,1 buah 6 lb = 6 lb;,researcher_docx,not_checked
SP-01175,enklave-salido.docx,,1175,Normal,1 buah 5 lb = 5 lb;,researcher_docx,not_checked
SP-01176,enklave-salido.docx,,1176,Normal,1 buah 4 lb = 4 lb;,researcher_docx,not_checked
SP-01177,enklave-salido.docx,,1177,Normal,1 buah 3 lb = 3 lb.,researcher_docx,not_checked
SP-01178,enklave-salido.docx,,1178,Normal,Jumlah tertulis:,researcher_docx,not_checked
SP-01179,enklave-salido.docx,,1179,Normal,"10 buah, dengan berat 173 lb sebagaimana tersebut di atas.",researcher_docx,not_checked
SP-01180,enklave-salido.docx,,1180,Normal,"Namun, terdapat masalah aritmetis:",researcher_docx,not_checked
SP-01181,enklave-salido.docx,,1181,Normal,2 + 1 + 1 + 1 + 1 + 1 + 1 + 1 + 1 = 10 buah,researcher_docx,not_checked
SP-01182,enklave-salido.docx,,1182,Normal,tetapi jumlah bobotnya:,researcher_docx,not_checked
SP-01183,enklave-salido.docx,,1183,Normal,100 + 25 + 12 + 10 + 8 + 6 + 5 + 4 + 3 = 173 lb,researcher_docx,not_checked
SP-01184,enklave-salido.docx,,1184,Normal,"Jadi, baik jumlah unit maupun berat totalnya konsisten.",researcher_docx,not_checked
SP-01185,enklave-salido.docx,,1185,Normal,In de meesterswinckel boven in de mijn,researcher_docx,not_checked
SP-01186,enklave-salido.docx,,1186,Normal,Inventarisnya terdiri atas:,researcher_docx,not_checked
SP-01187,enklave-salido.docx,,1187,Normal,"2 mortar tembaga, dengan sebuah penumbuk besi;",researcher_docx,not_checked
SP-01188,enklave-salido.docx,,1188,Normal,"1 trepan beserta perlengkapannya, terdiri atas 13 bagian;",researcher_docx,not_checked
SP-01189,enklave-salido.docx,,1189,Normal,"1 sekrup peluru, kogelschroef;",researcher_docx,not_checked
SP-01190,enklave-salido.docx,,1190,Normal,1 gergaji;,researcher_docx,not_checked
SP-01191,enklave-salido.docx,,1191,Normal,"1 pisau melengkung, kemungkinan krommes;",researcher_docx,not_checked
SP-01192,enklave-salido.docx,,1192,Normal,"1 [alat] bermata dua, teksnya belum pasti;",researcher_docx,not_checked
SP-01193,enklave-salido.docx,,1193,Normal,"5 besi pembakar atau kauter, brandijsers;",researcher_docx,not_checked
SP-01194,enklave-salido.docx,,1194,Normal,"1 sekrup bulat, rondschroef;",researcher_docx,not_checked
SP-01195,enklave-salido.docx,,1195,Normal,"1 tang mulut, mondtang;",researcher_docx,not_checked
SP-01196,enklave-salido.docx,,1196,Normal,2 pahat potong;,researcher_docx,not_checked
SP-01197,enklave-salido.docx,,1197,Normal,1 linggis kecil;,researcher_docx,not_checked
SP-01198,enklave-salido.docx,,1198,Normal,"3 tang gigi, tantlangen;",researcher_docx,not_checked
SP-01199,enklave-salido.docx,,1199,Normal,1 ketel dekoksi;,researcher_docx,not_checked
SP-01200,enklave-salido.docx,,1200,Normal,1 piring atau mangkuk kecil tanpa anak timbangan;,researcher_docx,not_checked
SP-01201,enklave-salido.docx,,1201,Normal,"1 alat suntik besar, kemungkinan spiering/siering;",researcher_docx,not_checked
SP-01202,enklave-salido.docx,,1202,Normal,1 alat suntik kecil;,researcher_docx,not_checked
SP-01203,enklave-salido.docx,,1203,Normal,3 cawan minum dari timah;,researcher_docx,not_checked
SP-01204,enklave-salido.docx,,1204,Normal,1 baskom cukur dari timah;,researcher_docx,not_checked
SP-01205,enklave-salido.docx,,1205,Normal,1 wajan tembaga kecil;,researcher_docx,not_checked
SP-01206,enklave-salido.docx,,1206,Normal,1 pisau cukur;,researcher_docx,not_checked
SP-01207,enklave-salido.docx,,1207,Normal,3 lanset;,researcher_docx,not_checked
SP-01208,enklave-salido.docx,,1208,Normal,20 wadah salep berbagai ukuran;,researcher_docx,not_checked
SP-01209,enklave-salido.docx,,1209,Normal,1 peti berisi obat-obatan.,researcher_docx,not_checked
SP-01210,enklave-salido.docx,,1210,Normal,Di Meesterswinckel yang berada dalam Beneden-Pagger tambang terdapat:,researcher_docx,not_checked
SP-01211,enklave-salido.docx,,1211,Normal,19 botol porselen berbentuk persegi;,researcher_docx,not_checked
SP-01212,enklave-salido.docx,,1212,Normal,44 wadah salep dalam berbagai ukuran atau jenis;,researcher_docx,not_checked
SP-01213,enklave-salido.docx,,1213,Normal,1 mortar tembaga dengan sebuah penumbuk besi;,researcher_docx,not_checked
SP-01214,enklave-salido.docx,,1214,Normal,"2 baskom timah, disebut ganghbecken;",researcher_docx,not_checked
SP-01215,enklave-salido.docx,,1215,Normal,"1 panci tembaga kecil, tidak layak digunakan;",researcher_docx,not_checked
SP-01216,enklave-salido.docx,,1216,Normal,"2 alat suntik klisma besar dari timah, tidak layak digunakan;",researcher_docx,not_checked
SP-01217,enklave-salido.docx,,1217,Normal,"3 alat suntik klisma kecil dari timah, tidak layak digunakan;",researcher_docx,not_checked
SP-01218,enklave-salido.docx,,1218,Normal,"2 neraca kecil beserta anak timbangannya, tidak layak digunakan;",researcher_docx,not_checked
SP-01219,enklave-salido.docx,,1219,Normal,10 [botol atau wadah] porselen;,researcher_docx,not_checked
SP-01220,enklave-salido.docx,,1220,Normal,10 botol porselen kecil berbentuk bulat;,researcher_docx,not_checked
SP-01221,enklave-salido.docx,,1221,Normal,1 sitbanck [bacaannya belum pasti];,researcher_docx,not_checked
SP-01222,enklave-salido.docx,,1222,Normal,"1 kursi berlengan atau kursi dengan penyangga, beugelstoel;",researcher_docx,not_checked
SP-01223,enklave-salido.docx,,1223,Normal,1 pelana beserta seluruh perlengkapannya;,researcher_docx,not_checked
SP-01224,enklave-salido.docx,,1224,Normal,"2 pasang pistol beserta sarungnya, satu pasang tidak layak digunakan;",researcher_docx,not_checked
SP-01225,enklave-salido.docx,,1225,Normal,2 lampu malam;,researcher_docx,not_checked
SP-01226,enklave-salido.docx,,1226,Normal,1 panci tembaga;,researcher_docx,not_checked
SP-01227,enklave-salido.docx,,1227,Normal,1 baskom cukur dari porselen;,researcher_docx,not_checked
SP-01228,enklave-salido.docx,,1228,Normal,1 sendok untuk menyiapkan atau memasukkan supositoria;,researcher_docx,not_checked
SP-01229,enklave-salido.docx,,1229,Normal,1 neraca kecil dari tembaga beserta seperangkat lengkap anak timbangannya;,researcher_docx,not_checked
SP-01230,enklave-salido.docx,,1230,Normal,1 alat suntik besar;,researcher_docx,not_checked
SP-01231,enklave-salido.docx,,1231,Normal,1 alat suntik kecil;,researcher_docx,not_checked
SP-01232,enklave-salido.docx,,1232,Normal,1 pisau cukur;,researcher_docx,not_checked
SP-01233,enklave-salido.docx,,1233,Normal,3 lanset;,researcher_docx,not_checked
SP-01234,enklave-salido.docx,,1234,Normal,3 cawan kecil untuk minuman atau ramuan obat.,researcher_docx,not_checked
SP-01236,enklave-salido.docx,,1236,Normal,Lijfeijgenen in de mijns Beneden-Pagger,researcher_docx,not_checked
SP-01237,enklave-salido.docx,,1237,Normal,"Istilah lijfeijgenen secara literal menunjuk orang-orang yang tubuh dan tenaganya dianggap sebagai milik pihak lain. Dalam konteks inventaris ini, padanannya adalah orang-orang yang diperbudak atau budak.",researcher_docx,not_checked
SP-01238,enklave-salido.docx,,1238,Normal,A. Budak laki-laki,researcher_docx,not_checked
SP-01239,enklave-salido.docx,,1239,Normal,"erdapat 150 budak laki-laki, terdiri atas:",researcher_docx,not_checked
SP-01240,enklave-salido.docx,,1240,Normal,8 mandoor;,researcher_docx,not_checked
SP-01241,enklave-salido.docx,,1241,Normal,1 voorslager;,researcher_docx,not_checked
SP-01242,enklave-salido.docx,,1242,Normal,121 budak laki-laki dewasa;,researcher_docx,not_checked
SP-01243,enklave-salido.docx,,1243,Normal,6 anak laki-laki kecil yang belum sepenuhnya dewasa;,researcher_docx,not_checked
SP-01244,enklave-salido.docx,,1244,Normal,4 anak laki-laki yang masih tergolong anak-anak dan memperoleh uang makan;,researcher_docx,not_checked
SP-01245,enklave-salido.docx,,1245,Normal,7 grasjongens di Sillida;,researcher_docx,not_checked
SP-01246,enklave-salido.docx,,1246,Normal,3 penduduk pribumi yang dijatuhi hukuman.,researcher_docx,not_checked
SP-01247,enklave-salido.docx,,1247,Normal,B. Budak perempuan dan anak-anak,researcher_docx,not_checked
SP-01248,enklave-salido.docx,,1248,Normal,"erdapat 94 budak perempuan beserta anak-anak yang dikelompokkan bersama mereka, yaitu:",researcher_docx,not_checked
SP-01249,enklave-salido.docx,,1249,Normal,3 mandores perempuan;,researcher_docx,not_checked
SP-01250,enklave-salido.docx,,1250,Normal,68 budak perempuan dewasa;,researcher_docx,not_checked
SP-01251,enklave-salido.docx,,1251,Normal,4 anak yang memperoleh uang makan;,researcher_docx,not_checked
SP-01252,enklave-salido.docx,,1252,Normal,"19 anak, baik anak perempuan maupun anak laki-laki, tanpa uang makan.",researcher_docx,not_checked
SP-01254,enklave-salido.docx,,1254,Normal,Ammunitie van oorlogh,researcher_docx,not_checked
SP-01255,enklave-salido.docx,,1255,Normal,Terjemahan inventaris,researcher_docx,not_checked
SP-01256,enklave-salido.docx,,1256,Normal,Amunisi dan perlengkapan perang yang tersedia terdiri atas:,researcher_docx,not_checked
SP-01257,enklave-salido.docx,,1257,Normal,"6 meriam logam, yaitu:",researcher_docx,not_checked
SP-01258,enklave-salido.docx,,1258,Normal,2 meriam berkaliber atau berbobot peluru 3 lb;,researcher_docx,not_checked
SP-01259,enklave-salido.docx,,1259,Normal,4 meriam berkaliber atau berbobot peluru 2 lb;,researcher_docx,not_checked
SP-01260,enklave-salido.docx,,1260,Normal,"3 sendok meriam dengan tangkai berbentuk ekor babi, satu di antaranya tidak layak digunakan;",researcher_docx,not_checked
SP-01261,enklave-salido.docx,,1261,Normal,5 pembersih laras beserta alat pendorongnya;,researcher_docx,not_checked
SP-01262,enklave-salido.docx,,1262,Normal,8 tongkat sumbu;,researcher_docx,not_checked
SP-01263,enklave-salido.docx,,1263,Normal,"1 tali atau sumbu mesiu, kruijtgoren;",researcher_docx,not_checked
SP-01264,enklave-salido.docx,,1264,Normal,"2 jarum pengorek lubang sulut, saadpriemen;",researcher_docx,not_checked
SP-01265,enklave-salido.docx,,1265,Normal,160 butir peluru bulat tajam;,researcher_docx,not_checked
SP-01266,enklave-salido.docx,,1266,Normal,48 butir peluru panjang;,researcher_docx,not_checked
SP-01267,enklave-salido.docx,,1267,Normal,1 belenggu dengan lima gelang dan satu kunci;,researcher_docx,not_checked
SP-01268,enklave-salido.docx,,1268,Normal,60 kantong peluru kecil atau kantong pecahan timah;,researcher_docx,not_checked
SP-01269,enklave-salido.docx,,1269,Normal,"1 jam, kemungkinan jam pasir atau alat pengukur waktu;",researcher_docx,not_checked
SP-01270,enklave-salido.docx,,1270,Normal,"8 tombak pendek, halve piecken;",researcher_docx,not_checked
SP-01271,enklave-salido.docx,,1271,Normal,1 lampu tambang;,researcher_docx,not_checked
SP-01272,enklave-salido.docx,,1272,Normal,"19 musket yang layak digunakan, dengan penempatan:",researcher_docx,not_checked
SP-01273,enklave-salido.docx,,1273,Normal,15 di rumah kepala;,researcher_docx,not_checked
SP-01274,enklave-salido.docx,,1274,Normal,3 di Zuijder-Schacht;,researcher_docx,not_checked
SP-01275,enklave-salido.docx,,1275,Normal,1 di Princestolle;,researcher_docx,not_checked
SP-01276,enklave-salido.docx,,1276,Normal,19 bandelier;,researcher_docx,not_checked
SP-01277,enklave-salido.docx,,1277,Normal,60 kartrid terisi;,researcher_docx,not_checked
SP-01278,enklave-salido.docx,,1278,Normal,20 kartrid kosong;,researcher_docx,not_checked
SP-01279,enklave-salido.docx,,1279,Normal,1 lonceng logam di lapangan;,researcher_docx,not_checked
SP-01280,enklave-salido.docx,,1280,Normal,3¼ tong kecil mesiu;,researcher_docx,not_checked
SP-01281,enklave-salido.docx,,1281,Normal,9 bessagaijen;,researcher_docx,not_checked
SP-01282,enklave-salido.docx,,1282,Normal,"33 ikat sumbu, terdiri atas sumbu Belanda, Benggala, dan sumbu jerami;",researcher_docx,not_checked
SP-01283,enklave-salido.docx,,1283,Normal,"4 palu perang, yaitu:",researcher_docx,not_checked
SP-01284,enklave-salido.docx,,1284,Normal,3 di rumah kepala;,researcher_docx,not_checked
SP-01285,enklave-salido.docx,,1285,Normal,1 pada Meester Pieter di Beneden-Pagger;,researcher_docx,not_checked
SP-01286,enklave-salido.docx,,1286,Normal,"6½ [lembar atau satuan] kulit samak, jucht/leerguijden;",researcher_docx,not_checked
SP-01287,enklave-salido.docx,,1287,Normal,⅞ [satuan] kulit sol;,researcher_docx,not_checked
SP-01288,enklave-salido.docx,,1288,Normal,78 lb bruto peluru musket berbagai ukuran dalam sebuah tong kecil;,researcher_docx,not_checked
SP-01289,enklave-salido.docx,,1289,Normal,"16 pedang berbagai jenis, dengan penempatan:",researcher_docx,not_checked
SP-01290,enklave-salido.docx,,1290,Normal,8 pada para mandoor;,researcher_docx,not_checked
SP-01291,enklave-salido.docx,,1291,Normal,1 di Princestolle;,researcher_docx,not_checked
SP-01292,enklave-salido.docx,,1292,Normal,3 di Zuijder-Schacht;,researcher_docx,not_checked
SP-01293,enklave-salido.docx,,1293,Normal,4 di rumah kepala;,researcher_docx,not_checked
SP-01294,enklave-salido.docx,,1294,Normal,1 kain terpal yang dilapisi tar.,researcher_docx,not_checked
SP-01295,enklave-salido.docx,,1295,Normal,"Pada butir kulit, angka dan satuannya perlu diperiksa dari citra. Hasil ekstraksi memberi 6½ jucht dan 2/8 sool.",researcher_docx,not_checked
SP-01296,enklave-salido.docx,,1296,Normal,"Demikianlah pemeriksaan dan penghitungan tersebut dilaksanakan. Seluruh aset Kompeni yang disebutkan di atas ditemukan benar-benar ada dan berada pada tempatnya masing-masing. Pemeriksaan dilakukan oleh kami yang bertanda tangan di bawah ini, yang secara khusus ditunjuk untuk tugas tersebut.",researcher_docx,not_checked
SP-01297,enklave-salido.docx,,1297,Normal,"Sebagai pengesahan atas kebenarannya, dokumen ini kami kukuhkan dengan tanda tangan kami di Kantor Belanda Pulo Chinco, di Pantai Barat Sumatra, pada tanggal 4 Januari 1682.",researcher_docx,not_checked
SP-01298,enklave-salido.docx,,1298,Normal,Ditandatangani oleh para komisaris:,researcher_docx,not_checked
SP-01299,enklave-salido.docx,,1299,Normal,Hendrick Kemp;,researcher_docx,not_checked
SP-01300,enklave-salido.docx,,1300,Normal,J. S. Ongena[e];,researcher_docx,not_checked
SP-01301,enklave-salido.docx,,1301,Normal,Johan Pleijtner;,researcher_docx,not_checked
SP-01302,enklave-salido.docx,,1302,Normal,Johan Willem Vogel.,researcher_docx,not_checked
SP-01303,enklave-salido.docx,,1303,Normal,Sebagai pihak yang menyerahkan:,researcher_docx,not_checked
SP-01304,enklave-salido.docx,,1304,Normal,J. S. Hoffman.,researcher_docx,not_checked
SP-01305,enklave-salido.docx,,1305,Normal,Sebagai pihak yang menerima:,researcher_docx,not_checked
SP-01306,enklave-salido.docx,,1306,Normal,Johan Pleijtner.,researcher_docx,not_checked
SP-01307,enklave-salido.docx,,1307,Normal,Di bagian bawah tertulis:,researcher_docx,not_checked
SP-01308,enklave-salido.docx,,1308,Normal,"Telah dikolasi dan dinyatakan sesuai. Tambang Emas Sillida, 22 April 1682.",researcher_docx,not_checked
SP-01309,enklave-salido.docx,,1309,Normal,Ditandatangani:,researcher_docx,not_checked
SP-01310,enklave-salido.docx,,1310,Normal,"Elias Hesse, Berghschrijver.",researcher_docx,not_checked
SP-01311,enklave-salido.docx,,1311,Normal,"erkakas tambang dan amunisi perang di Beneden-Pagger Tambang, yang diserahkan oleh Letnan Waker sebagaimana berikut.",researcher_docx,not_checked
SP-01312,enklave-salido.docx,,1312,Normal,A. Perkakas tambang,researcher_docx,not_checked
SP-01313,enklave-salido.docx,,1313,Normal,12 kapak;,researcher_docx,not_checked
SP-01314,enklave-salido.docx,,1314,Normal,1 sekop;,researcher_docx,not_checked
SP-01315,enklave-salido.docx,,1315,Normal,1 spade atau perkakas penggali;,researcher_docx,not_checked
SP-01316,enklave-salido.docx,,1316,Normal,4 parrings;,researcher_docx,not_checked
SP-01317,enklave-salido.docx,,1317,Normal,"13 cangkul atau beliung, houwelen;",researcher_docx,not_checked
SP-01318,enklave-salido.docx,,1318,Normal,16 keilhanen;,researcher_docx,not_checked
SP-01319,enklave-salido.docx,,1319,Normal,"1 besi penggali Melayu, Maleijts grafijser;",researcher_docx,not_checked
SP-01320,enklave-salido.docx,,1320,Normal,3 lampu tambang.,researcher_docx,not_checked
SP-01321,enklave-salido.docx,,1321,Normal,B. Amunisi perang,researcher_docx,not_checked
SP-01322,enklave-salido.docx,,1322,Normal,"5 meriam logam, yaitu:",researcher_docx,not_checked
SP-01323,enklave-salido.docx,,1323,Normal,1 meriam berkaliber atau berbobot peluru 4 lb;,researcher_docx,not_checked
SP-01324,enklave-salido.docx,,1324,Normal,1 meriam berkaliber atau berbobot peluru 3 lb;,researcher_docx,not_checked
SP-01325,enklave-salido.docx,,1325,Normal,3 meriam berkaliber atau berbobot peluru 2 lb;,researcher_docx,not_checked
SP-01326,enklave-salido.docx,,1326,Normal,24 granat tangan terisi;,researcher_docx,not_checked
SP-01327,enklave-salido.docx,,1327,Normal,3 musket yang layak digunakan;,researcher_docx,not_checked
SP-01328,enklave-salido.docx,,1328,Normal,1 bandelier;,researcher_docx,not_checked
SP-01329,enklave-salido.docx,,1329,Normal,"2 timbangan, satu di antaranya tidak layak digunakan;",researcher_docx,not_checked
SP-01330,enklave-salido.docx,,1330,Normal,1 tong mesiu sebanyak 100 lb;,researcher_docx,not_checked
SP-01331,enklave-salido.docx,,1331,Normal,"15 lb [bahan] lepas di dalam sebuah tong kecil, nama komoditas terbaca tidak pasti sebagai bawijt;",researcher_docx,not_checked
SP-01332,enklave-salido.docx,,1332,Normal,135 kartrid terisi;,researcher_docx,not_checked
SP-01333,enklave-salido.docx,,1333,Normal,9 karung berisi beras di dalam sebuah tong;,researcher_docx,not_checked
SP-01334,enklave-salido.docx,,1334,Normal,1 karung berisi kayu;,researcher_docx,not_checked
SP-01335,enklave-salido.docx,,1335,Normal,1 pedang Kompeni;,researcher_docx,not_checked
SP-01336,enklave-salido.docx,,1336,Normal,3 sendok meriam dengan tangkai ekor babi;,researcher_docx,not_checked
SP-01337,enklave-salido.docx,,1337,Normal,1 tangkai ekor babi;,researcher_docx,not_checked
SP-01338,enklave-salido.docx,,1338,Normal,1 pembersih laras;,researcher_docx,not_checked
SP-01339,enklave-salido.docx,,1339,Normal,1 tanduk mesiu beserta bor sulut dan jarum lubang sulutnya;,researcher_docx,not_checked
SP-01340,enklave-salido.docx,,1340,Normal,4 tongkat sumbu;,researcher_docx,not_checked
SP-01341,enklave-salido.docx,,1341,Normal,1.000 butir peluru musket tajam;,researcher_docx,not_checked
SP-01342,enklave-salido.docx,,1342,Normal,101 butir peluru [bulat?] tajam;,researcher_docx,not_checked
SP-01343,enklave-salido.docx,,1343,Normal,66 butir peluru panjang tajam;,researcher_docx,not_checked
SP-01344,enklave-salido.docx,,1344,Normal,1 belenggu dengan tiga gelang dan satu kunci;,researcher_docx,not_checked
SP-01345,enklave-salido.docx,,1345,Normal,1 jam pasir;,researcher_docx,not_checked
SP-01346,enklave-salido.docx,,1346,Normal,12 bessagaijen.,researcher_docx,not_checked
SP-01347,enklave-salido.docx,,1347,Normal,"Demikianlah pemeriksaan dan penghitungan tersebut dilakukan, dan barang-barang itu ditemukan benar-benar ada oleh kami yang bertanda tangan di bawah ini, yang secara khusus ditunjuk untuk tugas tersebut, di Beneden-Pagger tambang, pada tanggal 6 Januari 1682.",researcher_docx,not_checked
SP-01348,enklave-salido.docx,,1348,Normal,Ditandatangani:,researcher_docx,not_checked
SP-01349,enklave-salido.docx,,1349,Normal,Sebagai pihak yang menyerahkan:,researcher_docx,not_checked
SP-01350,enklave-salido.docx,,1350,Normal,Johan Hoffman.,researcher_docx,not_checked
SP-01351,enklave-salido.docx,,1351,Normal,Sebagai pihak yang menerima:,researcher_docx,not_checked
SP-01352,enklave-salido.docx,,1352,Normal,Johan Pleijtner.,researcher_docx,not_checked
SP-01353,enklave-salido.docx,,1353,Normal,Di bawahnya tertulis:,researcher_docx,not_checked
SP-01354,enklave-salido.docx,,1354,Normal,"Telah dikolasi dan dinyatakan sesuai. Tambang Emas Sillida, 22 April 1682.",researcher_docx,not_checked
SP-01355,enklave-salido.docx,,1355,Normal,Ditandatangani:,researcher_docx,not_checked
SP-01356,enklave-salido.docx,,1356,Normal,"Elias Hesse, Berghschrijver.",researcher_docx,not_checked
SP-01357,enklave-salido.docx,,1357,Normal,Daftar para pegawai Kompeni dan orang-orang yang diperbudak yang ditemukan pada waktu pemeriksaan di Boven-Pagger Tambang Emas Sillida. Pemeriksaan tersebut dilakukan pada tanggal 9 Januari 1682.,researcher_docx,not_checked
SP-01358,enklave-salido.docx,,1358,Normal,Nama-nama yang mulai dicatat,researcher_docx,not_checked
SP-01359,enklave-salido.docx,,1359,Normal,"Johan Hoffman, Assaijeur;",researcher_docx,not_checked
SP-01360,enklave-salido.docx,,1360,Normal,"Willem Roelingh, juga Assaijeur;",researcher_docx,not_checked
SP-01361,enklave-salido.docx,,1361,Normal,"Pieter van Raden, Oppermeester di rumah sakit;",researcher_docx,not_checked
SP-01362,enklave-salido.docx,,1362,Normal,"Johan Frederick Schildt, Oppermeester di Boven-Pagger tambang;",researcher_docx,not_checked
SP-01363,enklave-salido.docx,,1363,Normal,"Gedion Schats, Jongen Chirurgijn atau ahli bedah muda/asisten ahli bedah;",researcher_docx,not_checked
SP-01364,enklave-salido.docx,,1364,Normal,"Gabriel Helbort, pembantu gudang;",researcher_docx,not_checked
SP-01365,enklave-salido.docx,,1365,Normal,Coppens per transport [...],researcher_docx,not_checked
SP-01366,enklave-salido.docx,,1366,Normal,"Jürgen Darbilo, Oppersteijger;",researcher_docx,not_checked
SP-01367,enklave-salido.docx,,1367,Normal,"Michiel Guntjer, jabatan yang sama;",researcher_docx,not_checked
SP-01368,enklave-salido.docx,,1368,Normal,"Hans Remer, jabatan yang sama;",researcher_docx,not_checked
SP-01369,enklave-salido.docx,,1369,Normal,"Pieter Schaffer, jabatan yang sama;",researcher_docx,not_checked
SP-01370,enklave-salido.docx,,1370,Normal,"Hans Jürgen Lange, jabatan yang sama;",researcher_docx,not_checked
SP-01371,enklave-salido.docx,,1371,Normal,Christian Streijt.,researcher_docx,not_checked
SP-01372,enklave-salido.docx,,1372,Normal,Pada akhir kelompok tercatat:,researcher_docx,not_checked
SP-01373,enklave-salido.docx,,1373,Normal,12 orang,researcher_docx,not_checked
SP-01374,enklave-salido.docx,,1374,Normal,"Namun, dalam fragmen ini hanya tampak enam nama. Karena terdapat subtotal “6 coppen per transport” pada awal halaman, pembacaan paling masuk akal adalah:",researcher_docx,not_checked
SP-01375,enklave-salido.docx,,1375,Normal,6 orang dari halaman sebelumnya + 6 orang pada fragmen ini = 12 orang.,researcher_docx,not_checked
SP-01376,enklave-salido.docx,,1376,Normal,"Jadi, 12 coppen kemungkinan merupakan total kumulatif dua bagian daftar, bukan jumlah enam nama yang baru terlihat.",researcher_docx,not_checked
SP-01377,enklave-salido.docx,,1377,Normal,Pekerja tambang,researcher_docx,not_checked
SP-01378,enklave-salido.docx,,1378,Normal,Jacob Egler;,researcher_docx,not_checked
SP-01379,enklave-salido.docx,,1379,Normal,Andries Etter;,researcher_docx,not_checked
SP-01380,enklave-salido.docx,,1380,Normal,Gabriel Gieber;,researcher_docx,not_checked
SP-01381,enklave-salido.docx,,1381,Normal,Christoffel Crentsigh;,researcher_docx,not_checked
SP-01382,enklave-salido.docx,,1382,Normal,Hendrick Smidt;,researcher_docx,not_checked
SP-01383,enklave-salido.docx,,1383,Normal,Pieter Mercker;,researcher_docx,not_checked
SP-01384,enklave-salido.docx,,1384,Normal,Jürgen Caphaardt;,researcher_docx,not_checked
SP-01385,enklave-salido.docx,,1385,Normal,Hans Ciliax Keller;,researcher_docx,not_checked
SP-01386,enklave-salido.docx,,1386,Normal,Christoffel Hinckel;,researcher_docx,not_checked
SP-01387,enklave-salido.docx,,1387,Normal,Michel Wiesner;,researcher_docx,not_checked
SP-01388,enklave-salido.docx,,1388,Normal,Jürgen Wiesner;,researcher_docx,not_checked
SP-01389,enklave-salido.docx,,1389,Normal,Philip Jacob Bretsnijder;,researcher_docx,not_checked
SP-01390,enklave-salido.docx,,1390,Normal,Roelof Coelosse;,researcher_docx,not_checked
SP-01391,enklave-salido.docx,,1391,Normal,Hendrick Carl Ecker;,researcher_docx,not_checked
SP-01392,enklave-salido.docx,,1392,Normal,Hendrick Weijmer;,researcher_docx,not_checked
SP-01393,enklave-salido.docx,,1393,Normal,Pieter Rockman.,researcher_docx,not_checked
SP-01394,enklave-salido.docx,,1394,Normal,Jumlah:,researcher_docx,not_checked
SP-01395,enklave-salido.docx,,1395,Normal,16 orang pekerja tambang,researcher_docx,not_checked
SP-01396,enklave-salido.docx,,1396,Normal,Jumlah tersebut konsisten dengan enam belas nama yang tercantum.,researcher_docx,not_checked
SP-01397,enklave-salido.docx,,1397,Normal,Pekerja keterampilan,researcher_docx,not_checked
SP-01398,enklave-salido.docx,,1398,Normal,"Dirck Gerritse, kepala pandai besi;",researcher_docx,not_checked
SP-01399,enklave-salido.docx,,1399,Normal,"Emant Willemse, pandai besi;",researcher_docx,not_checked
SP-01400,enklave-salido.docx,,1400,Normal,"Tobias Claessen, pandai besi;",researcher_docx,not_checked
SP-01401,enklave-salido.docx,,1401,Normal,"Harmen Jansen, pandai besi;",researcher_docx,not_checked
SP-01402,enklave-salido.docx,,1402,Normal,"Barent Viltman, pandai besi;",researcher_docx,not_checked
SP-01403,enklave-salido.docx,,1403,Normal,"Crijn Jansen, tukang kayu;",researcher_docx,not_checked
SP-01404,enklave-salido.docx,,1404,Normal,"Maurits Stevensen, pembuat kereta;",researcher_docx,not_checked
SP-01405,enklave-salido.docx,,1405,Normal,"Michel Rademaecker, pembuat kereta.",researcher_docx,not_checked
SP-01406,enklave-salido.docx,,1406,Normal,Jumlah:,researcher_docx,not_checked
SP-01407,enklave-salido.docx,,1407,Normal,8 orang,researcher_docx,not_checked
SP-01408,enklave-salido.docx,,1408,Normal,"Kata d:o berarti dito, yaitu “jabatan yang sama dengan yang disebutkan sebelumnya”.",researcher_docx,not_checked
SP-01409,enklave-salido.docx,,1409,Normal,Dengan demikian:,researcher_docx,not_checked
SP-01410,enklave-salido.docx,,1410,Normal,Emant Willemse sampai Barent Viltman kemungkinan berjabatan sebagai pandai besi;,researcher_docx,not_checked
SP-01411,enklave-salido.docx,,1411,Normal,"Michel Rademaecker berjabatan sama dengan Maurits Stevensen, yaitu pembuat kereta.",researcher_docx,not_checked
SP-01412,enklave-salido.docx,,1412,Normal,"Jürgen Stolts, kusir atau pengemudi kereta;",researcher_docx,not_checked
SP-01413,enklave-salido.docx,,1413,Normal,"Hans Joost Watsenburg, jabatan yang sama;",researcher_docx,not_checked
SP-01414,enklave-salido.docx,,1414,Normal,"Willem Strelant, prajurit berkuda;",researcher_docx,not_checked
SP-01415,enklave-salido.docx,,1415,Normal,"Caspar Broethagen, jabatan yang sama;",researcher_docx,not_checked
SP-01416,enklave-salido.docx,,1416,Normal,"David Willemse, petugas perawatan orang sakit atau pengelola rumah sakit;",researcher_docx,not_checked
SP-01417,enklave-salido.docx,,1417,Normal,"Sijmon Jacobsen, tukang kayu pribumi.",researcher_docx,not_checked
SP-01418,enklave-salido.docx,,1418,Normal,Jumlah:,researcher_docx,not_checked
SP-01419,enklave-salido.docx,,1419,Normal,6 orang,researcher_docx,not_checked
SP-01420,enklave-salido.docx,,1420,Normal,Istilah jabatan,researcher_docx,not_checked
SP-01421,enklave-salido.docx,,1421,Normal,"Voerman: kusir, pengemudi kereta, atau pengangkut dengan kendaraan dan hewan.",researcher_docx,not_checked
SP-01422,enklave-salido.docx,,1422,Normal,Ruijter: prajurit berkuda.,researcher_docx,not_checked
SP-01423,enklave-salido.docx,,1423,Normal,Sieckenvader: petugas yang mengurus orang sakit dan pengelolaan sehari-hari rumah sakit. Jabatan ini bukan dokter.,researcher_docx,not_checked
SP-01424,enklave-salido.docx,,1424,Normal,Inlands timmerman: tukang kayu pribum,researcher_docx,not_checked
SP-01425,enklave-salido.docx,,1425,Normal,eks mencatat:,researcher_docx,not_checked
SP-01426,enklave-salido.docx,,1426,Normal,42 coppen samen per transport,researcher_docx,not_checked
SP-01427,enklave-salido.docx,,1427,Normal,Terjemahannya:,researcher_docx,not_checked
SP-01428,enklave-salido.docx,,1428,Normal,Jumlah sementara yang dipindahkan: 42 orang.,researcher_docx,not_checked
SP-01429,enklave-salido.docx,,1429,Normal,Angka tersebut dapat direkonstruksi dengan hati-hati sebagai berikut:,researcher_docx,not_checked
SP-01430,enklave-salido.docx,,1430,Normal,subtotal dari halaman sebelumnya: 6 orang;,researcher_docx,not_checked
SP-01431,enklave-salido.docx,,1431,Normal,kelompok Oppersteijgers yang tampak pada halaman ini: 6 orang;,researcher_docx,not_checked
SP-01432,enklave-salido.docx,,1432,Normal,pekerja tambang: 16 orang;,researcher_docx,not_checked
SP-01433,enklave-salido.docx,,1433,Normal,pekerja keterampilan: 8 orang;,researcher_docx,not_checked
SP-01434,enklave-salido.docx,,1434,Normal,"transportasi, kavaleri, rumah sakit, dan tukang kayu: 6 orang.",researcher_docx,not_checked
SP-01435,enklave-salido.docx,,1435,Normal,Jumlahnya:,researcher_docx,not_checked
SP-01436,enklave-salido.docx,,1436,Normal,6 + 6 + 16 + 8 + 6 = 42 orang,researcher_docx,not_checked
SP-01437,enklave-salido.docx,,1437,Normal,"Dengan demikian, angka 42 coppen konsisten jika subtotal enam orang dari halaman sebelumnya dimasukkan.",researcher_docx,not_checked
SP-01439,enklave-salido.docx,,1439,Normal,Orang Eropa yang dijatuhi hukuman atau pembuangan,researcher_docx,not_checked
SP-01440,enklave-salido.docx,,1440,Normal,Jan de Baar;,researcher_docx,not_checked
SP-01441,enklave-salido.docx,,1441,Normal,Coenraed Pietersen;,researcher_docx,not_checked
SP-01442,enklave-salido.docx,,1442,Normal,Claes Croon.,researcher_docx,not_checked
SP-01443,enklave-salido.docx,,1443,Normal,Jumlah:,researcher_docx,not_checked
SP-01444,enklave-salido.docx,,1444,Normal,3 orang,researcher_docx,not_checked
SP-01445,enklave-salido.docx,,1445,Normal,"Kata banditen dalam administrasi kolonial tidak harus berarti “bandit” dalam pengertian perampok. Istilah ini dapat menunjuk kepada orang yang dijatuhi hukuman pembuangan, pengasingan, atau kerja paksa. Karena itu, padanan yang lebih aman adalah:",researcher_docx,not_checked
SP-01446,enklave-salido.docx,,1446,Normal,orang-orang Eropa yang dijatuhi hukuman atau dibuang.,researcher_docx,not_checked
SP-01448,enklave-salido.docx,,1448,Normal,"Ditambahkan pula para pegawai Kompeni yang tiba dari Batavia pada tanggal 29 Desember 1681, yaitu:",researcher_docx,not_checked
SP-01449,enklave-salido.docx,,1449,Normal,"Johan Pleijtner, Marckscheijder;",researcher_docx,not_checked
SP-01450,enklave-salido.docx,,1450,Normal,"Johan Willem Vogel, Assaijeur;",researcher_docx,not_checked
SP-01451,enklave-salido.docx,,1451,Normal,"Elias Hesse, Berghschrijver.",researcher_docx,not_checked
SP-01452,enklave-salido.docx,,1452,Normal,Jumlah:,researcher_docx,not_checked
SP-01453,enklave-salido.docx,,1453,Normal,3 orang,researcher_docx,not_checked
SP-01454,enklave-salido.docx,,1454,Normal,Jumlah keseluruhan:,researcher_docx,not_checked
SP-01455,enklave-salido.docx,,1455,Normal,48 orang,researcher_docx,not_checked
SP-01456,enklave-salido.docx,,1456,Normal,Pemeriksaan jumlah,researcher_docx,not_checked
SP-01457,enklave-salido.docx,,1457,Normal,subtotal personel: 42 orang;,researcher_docx,not_checked
SP-01458,enklave-salido.docx,,1458,Normal,orang Eropa yang dijatuhi hukuman: 3 orang;,researcher_docx,not_checked
SP-01459,enklave-salido.docx,,1459,Normal,pegawai baru dari Batavia: 3 orang.,researcher_docx,not_checked
SP-01460,enklave-salido.docx,,1460,Normal,Jumlahnya:,researcher_docx,not_checked
SP-01461,enklave-salido.docx,,1461,Normal,42 + 3 + 3 = 48 orang,researcher_docx,not_checked
SP-01462,enklave-salido.docx,,1462,Normal,"Jadi, total 48 coppen in ’t geheel konsisten.",researcher_docx,not_checked
SP-01463,enklave-salido.docx,,1463,Normal,"Di Beneden-Pagger Tambang terdapat 150 budak laki-laki, terdiri atas:",researcher_docx,not_checked
SP-01464,enklave-salido.docx,,1464,Normal,8 mandoor;,researcher_docx,not_checked
SP-01465,enklave-salido.docx,,1465,Normal,1 voorslager;,researcher_docx,not_checked
SP-01466,enklave-salido.docx,,1466,Normal,121 budak laki-laki dewasa;,researcher_docx,not_checked
SP-01467,enklave-salido.docx,,1467,Normal,6 anak laki-laki kecil yang belum sepenuhnya dewasa;,researcher_docx,not_checked
SP-01468,enklave-salido.docx,,1468,Normal,4 anak laki-laki yang memperoleh uang makan;,researcher_docx,not_checked
SP-01469,enklave-salido.docx,,1469,Normal,7 grasjongens di Sillida;,researcher_docx,not_checked
SP-01470,enklave-salido.docx,,1470,Normal,3 penduduk pribumi yang dijatuhi hukuman.,researcher_docx,not_checked
SP-01471,enklave-salido.docx,,1471,Normal,Jumlahnya:,researcher_docx,not_checked
SP-01472,enklave-salido.docx,,1472,Normal,8 + 1 + 121 + 6 + 4 + 7 + 3 = 150 orang,researcher_docx,not_checked
SP-01473,enklave-salido.docx,,1473,Normal,Budak perempuan dan anak-anak,researcher_docx,not_checked
SP-01474,enklave-salido.docx,,1474,Normal,Hasil ekstraksi berbunyi:,researcher_docx,not_checked
SP-01475,enklave-salido.docx,,1475,Normal,"94 coppen slavinnen, namentlijck:",researcher_docx,not_checked
SP-01476,enklave-salido.docx,,1476,Normal,"3 mandoressen
68 volwassen slavinnen
4 kinderen soo kostgelt genieten
9 kinderen, soo meijsjes als jongens, sonder kostgelt",researcher_docx,not_checked
SP-01477,enklave-salido.docx,,1477,Normal,94 coppen als voren,researcher_docx,not_checked
SP-01478,enklave-salido.docx,,1478,Normal,Masalah tekstual,researcher_docx,not_checked
SP-01479,enklave-salido.docx,,1479,Normal,"Jika angka terakhir benar-benar 9, jumlahnya hanya:",researcher_docx,not_checked
SP-01480,enklave-salido.docx,,1480,Normal,3 + 68 + 4 + 9 = 84 orang,researcher_docx,not_checked
SP-01481,enklave-salido.docx,,1481,Normal,Padahal teks dua kali menyatakan total:,researcher_docx,not_checked
SP-01482,enklave-salido.docx,,1482,Normal,94 orang,researcher_docx,not_checked
SP-01483,enklave-salido.docx,,1483,Normal,"Dalam salinan inventaris sebelumnya yang Anda berikan, bagian paralelnya terbaca:",researcher_docx,not_checked
SP-01484,enklave-salido.docx,,1484,Normal,"19 kinderen, soo meijsjens als jongens, sonder kostgelt",researcher_docx,not_checked
SP-01485,enklave-salido.docx,,1485,Normal,"Jika angkanya 19, jumlahnya menjadi:",researcher_docx,not_checked
SP-01486,enklave-salido.docx,,1486,Normal,3 + 68 + 4 + 19 = 94 orang,researcher_docx,not_checked
SP-01487,enklave-salido.docx,,1487,Normal,"Dengan demikian, bacaan yang sangat mungkin adalah:",researcher_docx,not_checked
SP-01488,enklave-salido.docx,,1488,Normal,19 kinderen,researcher_docx,not_checked
SP-01489,enklave-salido.docx,,1489,Normal,bukan:,researcher_docx,not_checked
SP-01490,enklave-salido.docx,,1490,Normal,9 kinderen,researcher_docx,not_checked
SP-01491,enklave-salido.docx,,1491,Normal,"Namun, koreksi tersebut tetap harus ditandai sebagai bacaan berdasarkan salinan paralel, bukan diubah diam-diam.",researcher_docx,not_checked
SP-01492,enklave-salido.docx,,1492,Normal,Terjemahan yang diperbaiki,researcher_docx,not_checked
SP-01493,enklave-salido.docx,,1493,Normal,"Terdapat 94 budak perempuan beserta anak-anak yang dikelompokkan bersama mereka, yaitu:",researcher_docx,not_checked
SP-01494,enklave-salido.docx,,1494,Normal,3 mandores perempuan;,researcher_docx,not_checked
SP-01495,enklave-salido.docx,,1495,Normal,68 budak perempuan dewasa;,researcher_docx,not_checked
SP-01496,enklave-salido.docx,,1496,Normal,4 anak yang memperoleh uang makan;,researcher_docx,not_checked
SP-01497,enklave-salido.docx,,1497,Normal,"19 anak, baik anak perempuan maupun anak laki-laki, tanpa uang makan.",researcher_docx,not_checked
SP-01498,enklave-salido.docx,,1498,Normal,Jumlah:,researcher_docx,not_checked
SP-01499,enklave-salido.docx,,1499,Normal,3 + 68 + 4 + 19 = 94 orang,researcher_docx,not_checked
SP-01502,enklave-salido.docx,,1502,Normal,Teks berbunyi:,researcher_docx,not_checked
SP-01503,enklave-salido.docx,,1503,Normal,"244 coppen, soo slaven als slavinnen",researcher_docx,not_checked
SP-01504,enklave-salido.docx,,1504,Normal,Terjemahannya:,researcher_docx,not_checked
SP-01505,enklave-salido.docx,,1505,Normal,"244 orang, terdiri atas budak laki-laki serta budak perempuan dan anak-anak yang dikelompokkan bersama mereka.",researcher_docx,not_checked
SP-01506,enklave-salido.docx,,1506,Normal,Perhitungannya:,researcher_docx,not_checked
SP-01507,enklave-salido.docx,,1507,Normal,kelompok budak laki-laki: 150 orang;,researcher_docx,not_checked
SP-01508,enklave-salido.docx,,1508,Normal,kelompok budak perempuan dan anak-anak: 94 orang.,researcher_docx,not_checked
SP-01509,enklave-salido.docx,,1509,Normal,Jumlah:,researcher_docx,not_checked
SP-01510,enklave-salido.docx,,1510,Normal,150 + 94 = 244 orang,researcher_docx,not_checked
SP-01511,enklave-salido.docx,,1511,Normal,Di bawahnya tertulis:,researcher_docx,not_checked
SP-01512,enklave-salido.docx,,1512,Normal,"Dibuat di Tambang Emas Sillida, pada tanggal 6 Januari 1682.",researcher_docx,not_checked
SP-01513,enklave-salido.docx,,1513,Normal,Ditandatangani:,researcher_docx,not_checked
SP-01514,enklave-salido.docx,,1514,Normal,"Elias Hesse, Berghschrijver.",researcher_docx,not_checked
